date,day_of_week,day_of_week_num,week_of_year,month,season,is_weekend,public_holiday,festival_flag,weekly_market_day,vaccination_camp_flag,maternal_clinic_day,local_event_intensity,rainfall_mm,temperature_max_c,temperature_min_c,humidity_pct,outbreak_type,outbreak_severity_0_5,surveillance_alert,affected_villages,general_opd_arrivals,fever_infectious_arrivals,maternal_child_arrivals,trauma_emergency_arrivals,expected_admissions,total_patient_arrivals,patients_lag_1,patients_lag_2,patients_lag_7,rolling_mean_7,rolling_std_7,patients_lag_14,rolling_mean_14,emergency_scenario_type,emergency_scenario_severity_0_5,vector_borne_cases,respiratory_cases,gastrointestinal_cases,other_fever_cases,severe_respiratory_cases,pediatric_cases,antenatal_cases,obstetric_emergency_cases,immunization_visits,oxygen_support_cases,required_oxygen_cylinders,available_oxygen_cylinders,oxygen_shortage_units,oxygen_shortage_flag,total_general_beds,occupied_general_beds,expected_general_discharges,out_of_service_general_beds,available_general_beds,projected_general_occupancy,overflow_general_patients,required_general_beds,total_emergency_beds,occupied_emergency_beds,expected_emergency_discharges,out_of_service_emergency_beds,available_emergency_beds,projected_emergency_occupancy,overflow_emergency_patients,required_emergency_beds,total_isolation_beds,occupied_isolation_beds,expected_isolation_discharges,out_of_service_isolation_beds,available_isolation_beds,projected_isolation_occupancy,overflow_isolation_patients,required_isolation_beds,overflow_patients,opening_stock_iv_fluids,received_iv_fluids,used_iv_fluids,expired_iv_fluids,closing_stock_iv_fluids,required_iv_fluids,iv_fluids_shortage_units,iv_fluids_reorder_flag,opening_stock_ors,received_ors,used_ors,expired_ors,closing_stock_ors,required_ors,ors_shortage_units,ors_reorder_flag,opening_stock_diagnostic_test_kits,received_diagnostic_test_kits,used_diagnostic_test_kits,expired_diagnostic_test_kits,closing_stock_diagnostic_test_kits,required_diagnostic_test_kits,diagnostic_test_kits_shortage_units,diagnostic_test_kits_reorder_flag,opening_stock_antipyretics,received_antipyretics,used_antipyretics,expired_antipyretics,closing_stock_antipyretics,required_antipyretics,antipyretics_shortage_units,antipyretics_reorder_flag,opening_stock_ppe_kits,received_ppe_kits,used_ppe_kits,expired_ppe_kits,closing_stock_ppe_kits,required_ppe_kits,ppe_kits_shortage_units,ppe_kits_reorder_flag,minimum_obgyn_coverage,required_obgyn_duty_hours,obgyn_on_call_required,obgyn_shortage_flag,minimum_pediatrician_coverage,required_pediatrician_duty_hours,pediatrician_on_call_required,pediatrician_shortage_flag,required_general_doctors,required_physicians,required_emergency_doctors,required_pediatricians,required_obgyn_doctors,required_senior_nursing_officers,required_nursing_officers,required_anm_staff,required_lab_technicians,required_pharmacists,required_ambulance_crew,required_ambulances,available_ambulances,ambulance_shortage_units,ambulance_shortage_flag,resource_shortage_count,emergency_risk_level
2020-01-01,Wednesday,3,1,1,Winter,0,0,0,1,0,0,1,0.0,22.1,13.3,48.1,,0,0,0,93,13,6,14,6,126,,,,,,,,None,0,4,6,1,2,0,3,2,0,1,1,3,6,0,0,28,19,2,1,8,19,0,19,10,3,2,1,6,3,0,3,28,10,3,0,18,10,0,10,0,400,0,9,1,390,9,0,0,300,0,2,1,297,2,0,0,350,0,10,0,340,10,0,0,900,0,18,2,880,18,0,0,500,0,3,0,497,3,0,0,2,8,0,0,1,8,0,0,2,1,2,1,1,2,6,1,1,1,2,2,3,0,0,0,Normal
2020-01-02,Thursday,4,1,1,Winter,0,0,0,0,1,1,0,0.0,19.6,12.7,59.4,,0,0,0,82,19,15,8,8,124,126.0,,,,,,,None,0,5,8,4,2,2,7,2,0,6,3,5,7,0,0,28,23,2,0,5,23,0,23,10,3,1,1,6,3,0,3,28,7,4,2,19,7,0,7,0,390,0,14,1,375,14,0,0,297,0,6,1,290,6,0,0,340,0,12,0,328,12,0,0,880,0,22,2,856,22,0,0,497,0,8,0,489,8,0,0,2,16,1,1,1,20,1,1,2,1,1,2,2,2,6,2,1,1,1,1,4,0,0,2,Watch
2020-01-03,Friday,5,1,1,Winter,0,0,0,0,0,0,0,0.0,22.7,14.5,47.4,,0,0,0,83,18,5,4,5,110,124.0,126.0,,,,,,None,0,6,7,4,1,0,1,3,0,1,1,3,7,0,0,28,23,4,2,3,23,0,23,10,1,2,1,8,1,0,1,28,7,1,0,21,7,0,7,0,375,0,10,1,364,10,0,0,290,0,5,1,284,5,0,0,328,0,12,0,316,12,0,0,856,0,21,2,833,21,0,0,489,0,6,0,483,6,0,0,2,8,0,0,1,8,0,0,2,1,1,1,1,2,6,1,1,1,1,1,3,0,0,0,Normal
2020-01-04,Saturday,6,1,1,Winter,1,0,0,0,0,0,0,0.0,23.8,13.6,49.4,,0,0,0,70,14,9,14,9,107,110.0,124.0,,,,,,None,0,2,3,3,6,0,6,1,0,2,1,3,6,0,0,28,22,3,0,6,22,0,22,10,1,1,2,7,1,0,1,28,12,1,1,15,12,0,12,0,364,0,14,1,349,14,0,0,284,0,4,1,279,4,0,0,316,0,9,0,307,9,0,0,833,0,17,2,814,17,0,0,483,0,14,0,469,14,0,0,2,8,0,0,1,20,1,1,2,1,2,2,1,2,6,1,1,1,2,2,3,0,0,1,Watch
2020-01-05,Sunday,7,1,1,Winter,1,0,0,0,0,0,0,0.0,20.7,11.6,60.5,,0,0,0,69,20,7,8,7,104,107.0,110.0,,,,,,None,0,7,8,1,4,1,3,3,0,1,2,4,7,0,0,28,15,9,1,12,15,0,15,10,2,1,0,8,2,0,2,28,14,1,2,12,14,0,14,0,349,0,12,1,336,12,0,0,279,0,3,1,275,3,0,0,307,0,12,0,295,12,0,0,814,0,22,2,790,22,0,0,469,0,11,0,458,11,0,0,2,8,0,0,1,8,0,0,2,1,1,1,1,2,6,1,1,1,1,1,3,0,0,0,Normal
2020-01-06,Monday,1,2,1,Winter,0,0,0,0,0,0,0,0.0,21.3,14.9,60.4,Respiratory,3,1,5,107,39,7,5,9,158,104.0,107.0,,,,,,None,0,7,22,6,4,8,3,2,1,1,9,10,6,4,1,28,17,5,1,10,17,0,17,10,2,2,0,8,2,0,2,28,11,3,0,17,11,0,11,0,336,0,18,1,317,18,0,0,275,0,9,1,265,9,0,0,295,0,20,0,275,20,0,0,790,0,40,2,748,40,0,0,458,0,20,0,438,20,0,0,2,12,1,0,1,8,0,0,3,2,1,1,1,2,6,1,1,1,1,1,4,0,0,1,Watch
2020-01-07,Tuesday,2,2,1,Winter,0,0,0,0,0,1,0,0.0,22.4,16.0,61.3,Respiratory,3,1,5,101,40,12,7,9,160,158.0,104.0,,,,,,None,0,4,30,2,4,13,6,6,0,0,14,14,5,9,1,28,17,5,1,10,17,0,17,10,4,0,2,4,4,0,4,28,9,4,3,16,9,0,9,0,317,0,17,1,299,17,0,0,265,0,6,1,258,6,0,0,275,0,20,0,255,20,0,0,748,0,40,1,707,40,0,0,438,0,32,0,406,32,0,0,2,8,1,0,1,20,1,1,3,2,1,2,1,3,6,2,1,1,1,1,3,0,0,2,Watch
2020-01-08,Wednesday,3,2,1,Winter,0,0,0,1,0,0,1,0.0,22.1,15.0,53.9,Respiratory,3,1,3,112,41,7,11,9,171,160.0,158.0,126.0,127.0,21.64,,,None,0,5,29,4,3,9,4,3,0,0,11,11,6,5,1,28,14,6,0,14,14,0,14,10,0,4,0,10,0,0,0,28,12,3,2,14,12,0,12,0,299,0,18,1,280,18,0,0,258,0,8,0,250,8,0,0,255,0,21,0,234,21,0,0,707,0,42,1,664,42,0,0,406,0,37,0,369,37,0,0,2,8,0,0,1,8,1,0,3,2,1,1,1,3,6,1,2,1,1,1,2,0,0,1,Watch
2020-01-09,Thursday,4,2,1,Winter,0,0,0,0,0,1,0,0.0,22.9,14.5,53.1,Respiratory,3,1,3,96,38,11,6,9,151,171.0,160.0,124.0,133.43,26.52,,,None,0,6,26,2,4,10,3,4,2,2,11,11,7,4,1,28,17,3,4,7,17,0,17,10,1,0,1,8,1,0,1,28,11,3,1,16,11,0,11,0,280,0,17,1,262,17,0,0,250,0,6,0,244,6,0,0,234,0,19,0,215,19,0,0,664,0,38,1,625,38,0,0,369,0,28,0,341,28,0,0,2,20,1,1,1,8,0,0,2,2,1,1,2,2,6,2,1,1,1,1,4,0,0,2,Watch
2020-01-10,Friday,5,2,1,Winter,0,0,0,0,0,0,0,0.5,21.5,14.3,55.9,Respiratory,3,1,5,92,37,8,5,6,142,151.0,171.0,110.0,137.29,26.83,,,None,0,7,21,5,4,11,2,3,1,2,11,11,4,7,1,28,15,5,0,13,15,0,15,10,1,0,2,7,1,0,1,28,12,2,0,16,12,0,12,0,262,0,14,0,248,14,0,0,244,0,8,0,236,8,0,0,215,0,19,0,196,19,0,1,625,0,37,1,587,37,0,0,341,0,28,0,313,28,0,0,2,12,1,0,1,8,0,0,2,1,1,1,1,2,6,1,1,1,1,1,2,0,0,1,Watch
2020-01-11,Saturday,6,2,1,Winter,1,0,0,0,0,0,0,0.0,19.3,11.2,61.4,Respiratory,3,1,4,88,43,6,10,9,147,142.0,151.0,107.0,141.86,24.41,,,None,0,7,26,5,5,6,5,0,0,1,8,9,7,2,1,28,15,4,2,11,15,0,15,10,4,0,2,4,4,0,4,28,13,1,1,14,13,0,13,0,248,0,19,0,229,19,0,0,236,0,9,0,227,9,0,0,196,0,21,0,175,21,0,0,587,0,41,1,545,41,0,0,313,0,25,0,288,25,0,0,2,8,0,0,1,8,1,0,2,2,1,1,1,2,6,1,2,1,1,1,4,0,0,1,Watch
2020-01-12,Sunday,7,2,1,Winter,1,0,0,0,0,0,0,0.0,21.0,13.3,53.9,Respiratory,3,1,4,83,42,7,11,10,143,147.0,142.0,104.0,147.57,19.83,,,None,0,3,29,8,2,11,3,3,0,1,12,12,5,7,1,28,17,1,0,11,17,0,17,10,3,4,1,6,3,0,3,28,15,2,0,13,15,0,15,0,229,0,21,0,208,21,0,0,227,0,11,0,216,11,0,0,175,0,19,0,156,19,0,0,545,0,40,1,504,40,0,0,288,0,34,0,254,34,0,0,2,8,0,0,1,8,0,0,2,2,1,1,1,2,6,1,1,1,1,1,3,0,0,1,Watch
2020-01-13,Monday,1,3,1,Winter,0,0,0,0,0,0,0,0.0,27.9,18.9,48.2,Respiratory,3,1,4,106,37,7,7,9,157,143.0,147.0,158.0,153.14,9.7,,,None,0,5,25,5,2,11,3,1,0,3,12,12,4,8,1,28,16,6,0,12,16,0,16,10,2,1,0,8,2,0,2,28,17,2,1,10,17,0,17,0,208,0,18,0,190,18,0,1,216,0,8,0,208,8,0,0,156,0,19,0,137,19,0,0,504,0,38,1,465,38,0,0,254,0,32,0,222,32,0,1,2,8,0,0,1,8,0,0,3,1,1,1,1,2,6,1,1,1,1,1,4,0,0,1,Watch
2020-01-14,Tuesday,2,3,1,Winter,0,0,0,0,0,1,0,1.7,23.3,17.6,48.2,Respiratory,3,1,5,102,36,13,5,9,156,157.0,143.0,160.0,153.0,9.64,,,None,0,3,24,6,3,13,6,4,1,2,13,13,7,6,1,28,19,3,1,8,19,0,19,10,2,0,1,7,2,0,2,28,16,4,0,12,16,0,16,0,190,0,18,0,172,18,0,0,208,0,9,0,199,9,0,0,137,0,18,0,119,18,0,0,465,0,37,1,427,37,0,0,222,0,31,0,191,31,0,0,2,20,1,1,1,20,1,1,3,1,1,2,2,2,7,2,1,1,1,1,2,0,0,3,High
2020-01-15,Wednesday,3,3,1,Winter,0,0,0,1,0,0,1,0.0,21.6,13.7,57.6,Respiratory,3,1,5,104,34,7,12,9,157,156.0,157.0,171.0,152.43,9.32,126.0,139.71,None,0,8,19,4,3,8,2,3,0,2,9,10,5,5,1,28,16,7,1,11,16,0,16,10,0,2,2,8,0,0,0,28,20,1,0,8,20,0,20,0,172,0,17,0,155,17,0,0,199,0,7,0,192,7,0,0,119,0,19,0,100,19,0,0,427,0,36,1,390,36,0,1,191,0,29,0,162,29,0,0,2,8,0,0,1,8,0,0,3,1,1,1,1,2,7,1,1,1,1,1,2,0,0,1,Watch
2020-01-16,Thursday,4,3,1,Winter,0,0,0,0,0,1,0,0.0,22.6,14.3,52.2,Respiratory,3,1,5,93,36,11,6,9,146,157.0,156.0,151.0,150.43,6.04,124.0,141.93,None,0,6,27,0,3,13,3,6,0,2,13,13,6,7,1,28,16,3,0,12,16,0,16,10,3,0,0,7,3,0,3,28,20,3,2,6,20,0,20,0,155,0,16,0,139,16,0,0,192,0,4,0,188,4,0,0,380,280,18,0,362,18,0,0,390,0,36,1,353,36,0,0,162,0,33,0,129,33,0,0,2,8,1,0,1,8,0,0,2,1,1,1,1,2,7,2,1,1,1,1,4,0,0,1,Watch
2020-01-17,Friday,5,3,1,Winter,0,0,0,0,0,0,0,0.0,22.2,12.9,56.2,Respiratory,3,1,5,97,39,7,9,8,152,146.0,157.0,142.0,149.71,6.23,110.0,143.5,None,0,5,23,8,3,7,2,4,1,0,9,10,7,3,1,28,15,7,0,13,15,0,15,10,4,0,1,5,4,0,4,28,18,3,2,8,18,0,18,0,139,0,18,0,121,18,0,0,188,0,11,0,177,11,0,0,362,0,20,0,342,20,0,0,353,0,39,1,313,39,0,0,129,0,22,0,107,22,0,0,2,12,1,0,1,8,0,0,3,2,1,1,1,2,7,1,1,1,1,1,2,0,0,1,Watch
2020-01-18,Saturday,6,3,1,Winter,1,0,0,0,0,0,0,0.0,26.2,18.5,52.6,Respiratory,3,1,5,85,40,8,13,10,146,152.0,146.0,147.0,151.14,5.38,107.0,146.5,None,0,6,25,2,7,9,5,2,1,0,10,10,6,4,1,28,21,1,1,6,21,0,21,10,1,3,2,7,1,0,1,28,17,4,0,11,17,0,17,0,421,300,19,1,401,19,0,0,177,0,6,0,171,6,0,0,342,0,19,0,323,19,0,0,313,0,39,1,273,39,0,0,107,0,29,0,78,29,0,0,2,12,1,0,1,8,1,0,2,2,2,1,1,2,7,1,1,1,1,1,2,0,0,1,Watch
2020-01-19,Sunday,7,3,1,Winter,1,0,0,0,0,0,0,0.0,25.1,19.4,52.4,Respiratory,3,1,4,83,43,7,12,9,145,146.0,152.0,143.0,151.0,5.5,104.0,149.29,None,0,6,28,6,3,15,2,3,1,1,15,14,7,7,1,28,25,3,1,2,25,0,25,10,1,0,1,8,1,0,1,28,17,2,2,9,17,0,17,0,401,0,19,1,381,19,0,0,171,0,10,0,161,10,0,0,323,0,20,0,303,20,0,0,273,0,41,0,232,41,0,0,78,0,33,0,45,33,0,0,2,12,1,0,1,8,0,0,2,2,1,1,1,2,7,1,1,1,1,1,3,0,0,1,Watch
2020-01-20,Monday,1,4,1,Winter,0,0,0,0,0,0,0,1.6,23.0,15.0,60.8,Respiratory,3,1,5,106,37,7,8,10,158,145.0,146.0,157.0,151.29,5.12,158.0,152.21,None,0,4,24,5,4,13,3,3,0,1,13,13,8,5,1,28,22,8,0,6,22,0,22,10,1,1,2,7,1,0,1,28,15,6,1,12,15,0,15,0,381,0,19,1,361,19,0,0,161,0,8,0,153,8,0,0,303,0,19,0,284,19,0,0,932,700,38,2,892,38,0,0,445,400,33,0,412,33,0,0,2,8,0,0,1,8,0,0,3,1,1,1,1,2,7,1,1,1,1,1,2,0,0,1,Watch
2020-01-21,Tuesday,2,4,1,Winter,0,0,0,0,0,1,0,0.0,23.3,14.2,54.5,Respiratory,3,1,4,103,32,12,2,7,149,158.0,145.0,156.0,151.43,5.29,160.0,152.21,None,0,1,21,3,7,9,4,5,1,2,10,10,7,3,1,28,18,7,1,9,18,0,18,10,3,0,4,3,3,0,3,28,13,4,2,13,13,0,13,0,361,0,14,1,346,14,0,0,153,0,6,0,147,6,0,0,284,0,17,0,267,17,0,0,892,0,34,2,856,34,0,0,412,0,25,0,387,25,0,0,2,12,1,0,1,8,1,0,3,1,1,1,1,2,6,2,1,1,1,1,3,0,0,1,Watch
2020-01-22,Wednesday,3,4,1,Winter,0,0,0,1,0,0,1,0.0,23.7,15.2,58.5,Respiratory,3,1,5,117,39,7,15,11,178,149.0,158.0,157.0,150.43,4.98,171.0,151.43,None,0,3,26,7,3,10,3,3,0,1,11,11,4,7,1,28,10,10,2,16,10,0,10,10,7,3,2,1,7,0,7,28,12,3,1,15,12,0,12,0,346,0,21,1,324,21,0,0,147,0,10,0,137,10,0,0,267,0,20,0,247,20,0,0,856,0,41,2,813,41,0,0,387,0,28,0,359,28,0,0,2,8,0,0,1,8,0,0,3,2,2,1,1,3,6,1,1,1,2,2,3,0,0,1,Watch
2020-01-23,Thursday,4,4,1,Winter,0,0,0,0,0,1,0,0.0,21.3,13.4,52.0,Respiratory,3,1,4,99,37,12,7,10,155,178.0,149.0,146.0,153.43,10.87,151.0,151.93,None,0,6,24,3,4,9,3,5,2,2,10,10,5,5,1,28,14,3,0,14,14,0,14,10,4,4,0,6,4,0,4,28,12,2,1,15,12,0,12,0,324,0,18,1,305,18,0,0,137,0,6,0,131,6,0,0,247,0,19,0,228,19,0,0,813,0,38,2,773,38,0,0,359,0,26,0,333,26,0,0,2,20,1,1,1,8,0,0,3,1,1,1,2,2,6,2,1,1,1,1,3,0,0,2,Watch
2020-01-24,Friday,5,4,1,Winter,0,0,0,0,0,0,0,0.0,21.4,14.6,49.2,Respiratory,3,1,4,98,34,7,8,9,147,155.0,178.0,152.0,154.71,10.44,142.0,152.21,None,0,6,19,7,2,4,3,2,0,2,6,7,6,1,1,28,13,7,0,15,13,0,13,10,2,2,0,8,2,0,2,28,14,1,2,12,14,0,14,0,305,0,18,1,286,18,0,0,131,0,10,0,121,10,0,1,228,0,18,0,210,18,0,0,773,0,35,1,737,35,0,0,333,0,22,0,311,22,0,0,2,8,0,0,1,8,0,0,3,1,1,1,1,2,6,1,1,1,1,1,4,0,0,1,Watch
2020-01-25,Saturday,6,4,1,Winter,1,0,0,0,0,0,0,0.5,24.2,17.9,55.2,Respiratory,3,1,4,86,41,9,14,11,150,147.0,155.0,146.0,154.0,10.77,147.0,152.57,None,0,9,25,6,1,13,3,3,1,2,13,13,6,7,1,28,13,3,2,13,13,0,13,10,5,2,2,3,5,0,5,28,16,1,0,12,16,0,16,0,286,0,21,1,264,21,0,0,121,0,10,0,111,10,0,0,210,0,20,0,190,20,0,1,737,0,40,1,696,40,0,0,311,0,32,0,279,32,0,0,2,12,1,0,1,8,0,0,2,2,2,1,1,2,6,1,1,1,2,2,4,0,0,1,Watch
2020-01-26,Sunday,7,4,1,Winter,1,1,0,0,0,0,1,0.0,23.0,14.6,54.1,Respiratory,3,1,5,84,37,7,13,9,141,150.0,147.0,145.0,154.57,10.43,143.0,152.79,None,0,5,24,3,5,12,4,0,1,2,12,12,5,7,1,28,16,2,0,12,16,0,16,10,1,4,1,8,1,0,1,28,14,6,2,12,14,0,14,0,264,0,17,0,247,17,0,0,111,0,6,0,105,6,0,0,190,0,18,0,172,18,0,0,696,0,36,1,659,36,0,0,279,0,33,0,246,33,0,0,2,12,1,0,1,8,1,0,2,1,2,1,1,2,6,1,1,1,1,1,2,0,0,1,Watch
2020-01-27,Monday,1,5,1,Winter,0,0,0,0,0,0,0,0.0,23.8,15.0,54.4,Respiratory,3,1,4,109,38,6,5,7,158,141.0,150.0,158.0,154.0,11.03,157.0,152.64,None,0,7,24,2,5,9,2,2,0,2,10,10,4,6,1,28,16,1,0,12,16,0,16,10,3,1,2,5,3,0,3,28,13,4,0,15,13,0,13,0,247,0,15,0,232,15,0,0,105,0,6,0,99,6,0,0,172,0,20,0,152,20,0,0,659,0,39,1,619,39,0,0,246,0,28,0,218,28,0,1,2,8,0,0,1,8,0,0,3,2,1,1,1,2,6,1,1,1,1,1,2,0,0,1,Watch
2020-01-28,Tuesday,2,5,1,Winter,0,0,0,0,0,1,0,0.0,23.4,15.7,54.6,Respiratory,3,1,4,104,40,10,6,7,160,158.0,141.0,149.0,154.0,11.03,156.0,152.71,None,0,4,27,6,3,9,2,3,3,2,11,11,4,7,1,28,14,6,2,12,14,0,14,10,3,1,1,6,3,0,3,28,13,2,2,13,13,0,13,0,232,0,16,0,216,16,0,0,99,0,9,0,90,9,0,0,152,0,20,0,132,20,0,0,619,0,40,1,578,40,0,0,218,0,28,0,190,28,0,0,2,20,1,1,1,8,0,0,3,2,1,1,2,3,6,1,1,1,1,1,4,0,0,2,Watch
2020-01-29,Wednesday,3,5,1,Winter,0,0,0,1,0,0,1,0.0,23.4,15.5,54.1,Respiratory,3,1,4,112,38,7,14,10,171,160.0,158.0,178.0,155.57,10.99,157.0,153.0,None,0,9,24,4,1,9,5,2,0,0,10,10,4,6,1,28,12,6,1,15,12,0,12,10,6,0,0,4,6,0,6,28,13,3,1,14,13,0,13,0,216,0,19,0,197,19,0,1,340,250,7,1,332,7,0,0,132,0,21,0,111,21,0,0,578,0,39,1,538,39,0,0,190,0,28,0,162,28,0,0,2,8,0,0,1,8,1,0,3,2,2,1,1,3,6,1,2,1,2,2,4,0,0,1,Watch
2020-01-30,Thursday,4,5,1,Winter,0,0,0,0,0,1,0,0.0,24.8,16.0,54.9,Respiratory,3,1,5,97,37,12,8,9,154,171.0,160.0,155.0,154.57,9.05,146.0,154.0,None,0,5,17,6,9,4,1,8,2,1,6,7,8,0,0,28,14,3,1,13,14,0,14,10,5,2,2,3,5,0,5,28,16,0,0,12,16,0,16,0,197,0,18,0,179,18,0,0,332,0,9,1,322,9,0,0,111,0,19,0,92,19,0,0,538,0,37,1,500,37,0,0,162,0,21,0,141,21,0,0,2,20,1,1,1,8,0,0,3,1,1,1,2,2,6,2,1,1,1,1,4,0,0,1,Watch
2020-01-31,Friday,5,5,1,Winter,0,0,0,0,0,0,0,0.0,24.3,17.8,62.4,Respiratory,3,1,5,101,41,8,7,9,157,154.0,171.0,147.0,154.43,9.05,152.0,154.57,None,0,7,22,4,8,10,2,5,0,1,11,11,5,6,1,28,20,1,1,7,20,0,20,10,2,4,2,6,2,0,2,28,16,1,0,12,16,0,16,0,179,0,18,0,161,18,0,0,322,0,8,1,313,8,0,0,372,280,21,0,351,21,0,0,500,0,41,1,458,41,0,0,141,0,24,0,117,24,0,0,2,8,0,0,1,8,0,0,3,2,1,1,1,2,7,1,2,1,1,1,3,0,0,1,Watch
2020-02-01,Saturday,6,5,2,Winter,1,0,0,0,1,0,0,0.1,23.3,13.6,50.8,Respiratory,3,1,5,88,39,12,11,10,150,157.0,154.0,150.0,155.86,8.54,146.0,154.93,None,0,6,26,3,4,11,6,3,1,2,12,12,8,4,1,28,17,7,1,10,17,0,17,10,3,0,2,5,3,0,3,28,20,1,2,6,20,0,20,0,161,0,19,0,142,19,0,0,313,0,7,1,305,7,0,0,351,0,19,0,332,19,0,0,458,0,38,1,419,38,0,0,117,0,35,0,82,35,0,0,2,12,1,0,1,20,1,1,2,2,1,2,1,2,7,2,1,1,1,1,3,0,0,2,Watch
2020-02-02,Sunday,7,5,2,Winter,1,0,0,0,0,0,0,0.0,21.8,14.0,65.8,Respiratory,3,1,5,88,42,7,12,10,149,150.0,157.0,141.0,155.86,8.54,145.0,155.21,None,0,7,27,6,2,9,1,3,1,2,11,11,5,6,1,28,15,6,1,12,15,0,15,10,5,0,0,5,5,0,5,28,22,2,0,6,22,0,22,0,142,0,20,0,122,20,0,0,305,0,10,1,294,10,0,0,332,0,20,0,312,20,0,0,419,0,41,1,377,41,0,1,82,0,32,0,50,32,0,0,2,12,1,0,1,8,0,0,2,2,1,1,1,2,7,1,1,1,1,1,2,0,0,1,Watch
2020-02-03,Monday,1,6,2,Winter,0,0,0,0,0,0,0,0.0,23.9,16.4,55.5,Respiratory,3,1,6,104,39,8,7,8,158,149.0,150.0,158.0,157.0,6.85,158.0,155.5,None,0,7,25,2,5,11,2,4,1,1,12,12,5,7,1,28,16,3,2,10,16,0,16,10,3,3,2,5,3,0,3,28,22,3,1,5,22,0,22,0,422,300,16,1,405,16,0,0,294,0,6,1,287,6,0,0,312,0,20,0,292,20,0,0,377,0,40,1,336,40,0,0,450,400,30,0,420,30,0,0,2,12,1,0,1,8,0,0,3,2,1,1,1,2,7,1,1,1,1,1,2,0,0,1,Watch
2020-02-04,Tuesday,2,6,2,Winter,0,0,0,0,0,1,0,0.0,25.9,16.0,56.3,Respiratory,3,1,4,105,41,13,5,10,164,158.0,149.0,160.0,157.0,6.85,149.0,155.5,None,0,4,30,2,5,18,4,3,2,4,17,16,6,10,1,28,20,3,0,8,20,0,20,10,5,0,2,3,5,0,5,28,21,2,1,6,21,0,21,0,405,0,19,1,385,19,0,0,287,0,6,1,280,6,0,0,292,0,20,0,272,20,0,0,336,0,41,1,294,41,0,0,420,0,34,0,386,34,0,0,2,20,1,1,1,8,1,0,3,2,1,1,2,3,7,2,1,1,1,1,3,0,0,2,Watch
2020-02-05,Wednesday,3,6,2,Winter,0,0,0,1,0,0,1,0.0,21.6,14.5,60.7,Respiratory,3,1,4,108,40,8,13,11,169,164.0,158.0,171.0,157.57,7.23,178.0,156.57,None,0,3,30,3,4,9,3,2,1,2,11,11,8,3,1,28,25,2,0,3,25,0,25,10,4,2,1,5,4,0,4,28,20,4,0,8,20,0,20,0,385,0,20,1,364,20,0,0,280,0,7,1,272,7,0,0,272,0,20,0,252,20,0,0,294,0,41,1,252,41,0,0,386,0,31,0,355,31,0,0,2,12,1,0,1,8,0,0,3,2,2,1,1,3,8,1,1,1,1,1,2,0,0,1,Watch
2020-02-06,Thursday,4,6,2,Winter,0,0,0,0,0,1,0,0.0,23.3,14.9,53.3,,0,0,0,84,17,12,10,8,123,169.0,164.0,154.0,157.29,6.71,155.0,155.93,None,0,7,6,3,1,0,0,8,1,3,1,3,6,0,0,28,18,13,1,9,18,0,18,10,4,1,1,5,4,0,4,28,21,0,2,5,21,0,21,0,364,0,13,1,350,13,0,0,272,0,4,1,267,4,0,0,252,0,12,0,240,12,0,0,252,0,20,0,232,20,0,0,355,0,5,0,350,5,0,0,2,12,1,0,1,8,0,0,2,1,1,1,1,2,7,2,1,1,1,1,2,0,0,0,Normal
2020-02-07,Friday,5,6,2,Winter,0,0,0,0,0,0,0,0.1,23.6,18.1,50.4,,0,0,0,82,20,8,7,7,117,123.0,169.0,157.0,152.86,13.85,147.0,153.64,None,0,8,3,5,4,0,3,2,1,2,1,3,4,0,0,28,16,6,2,10,16,0,16,10,2,3,0,8,2,0,2,28,12,11,1,15,12,0,12,0,350,0,13,1,336,13,0,0,267,0,6,1,260,6,0,0,240,0,13,0,227,13,0,0,932,700,23,2,907,23,0,0,350,0,6,0,344,6,0,0,2,12,1,0,1,8,0,0,2,1,1,1,1,2,6,1,1,1,1,1,2,0,0,0,Normal
2020-02-08,Saturday,6,6,2,Winter,1,0,0,0,0,0,0,0.0,24.1,14.1,50.5,,0,0,0,76,18,7,13,8,114,117.0,123.0,150.0,147.14,18.45,150.0,151.5,None,0,3,12,2,1,0,3,3,0,1,2,4,5,0,0,28,15,4,2,11,15,0,15,10,4,1,1,5,4,0,4,28,12,2,2,14,12,0,12,0,336,0,13,1,322,13,0,0,260,0,4,1,255,4,0,0,227,0,11,0,216,11,0,0,907,0,20,2,885,20,0,0,344,0,10,0,334,10,0,0,2,8,0,0,1,8,0,0,2,1,2,1,1,2,6,1,1,1,1,1,2,0,0,0,Normal
2020-02-09,Sunday,7,6,2,Winter,1,0,0,0,0,0,0,0.0,24.5,15.3,55.2,,0,0,0,70,22,5,9,6,106,114.0,117.0,149.0,142.0,21.67,141.0,148.93,None,0,4,8,8,2,1,2,0,1,2,2,4,8,0,0,28,15,3,2,11,15,0,15,10,5,0,2,3,5,0,5,28,12,2,1,15,12,0,12,0,322,0,13,1,308,13,0,0,255,0,9,0,246,9,0,0,216,0,12,0,204,12,0,0,885,0,23,2,860,23,0,0,334,0,9,0,325,9,0,0,2,12,1,0,1,8,0,0,2,1,1,1,1,2,6,1,1,1,1,1,2,0,0,0,Normal
2020-02-10,Monday,1,7,2,Winter,0,0,0,0,0,0,0,0.0,23.7,16.0,49.6,,0,0,0,96,16,7,5,5,124,106.0,114.0,158.0,135.86,24.7,158.0,146.43,None,0,5,5,3,3,1,5,1,1,0,2,4,4,0,0,28,9,7,0,19,9,0,9,10,8,0,1,1,8,0,8,28,9,4,2,17,9,0,9,0,308,0,9,1,298,9,0,0,246,0,4,0,242,4,0,0,204,0,11,0,193,11,0,1,860,0,20,2,838,20,0,0,325,0,5,0,320,5,0,0,2,12,1,0,1,8,1,0,2,1,1,1,1,2,6,1,1,1,1,1,2,0,0,0,Normal
2020-02-11,Tuesday,2,7,2,Winter,0,0,0,0,0,1,0,0.0,24.2,17.3,49.6,,0,0,0,90,18,11,8,7,127,124.0,106.0,164.0,131.0,23.16,160.0,144.0,None,0,4,6,4,4,0,2,7,0,2,1,3,8,0,0,28,9,3,2,17,9,0,9,10,5,5,1,4,5,0,5,28,8,3,1,19,8,0,8,0,298,0,12,1,285,12,0,0,242,0,5,0,237,5,0,0,193,0,12,0,181,12,0,0,838,0,22,2,814,22,0,0,320,0,7,0,313,7,0,0,2,8,1,0,1,8,0,0,2,1,1,1,1,2,5,2,1,1,1,1,3,0,0,0,Normal
2020-02-12,Wednesday,3,7,2,Winter,0,0,0,1,0,0,1,0.0,25.5,17.5,53.1,,0,0,0,97,22,9,12,9,140,127.0,124.0,169.0,125.71,18.85,171.0,141.64,None,0,8,9,4,1,0,1,2,3,3,2,4,8,0,0,28,7,5,0,21,7,0,7,10,8,2,0,2,8,0,8,28,7,2,1,20,7,0,7,0,285,0,15,1,269,15,0,0,237,0,6,0,231,6,0,0,181,0,14,0,167,14,0,0,814,0,25,2,787,25,0,0,313,0,6,0,307,6,0,0,2,20,1,1,1,8,0,0,3,1,1,1,2,2,5,1,1,1,1,1,3,0,0,1,Watch
2020-02-13,Thursday,4,7,2,Winter,0,0,0,0,0,1,0,0.0,27.8,17.5,55.7,,0,0,0,82,17,13,7,7,119,140.0,127.0,123.0,121.57,9.98,154.0,139.43,None,0,8,5,3,1,1,5,5,1,2,2,4,5,0,0,28,11,2,2,15,11,0,11,10,1,8,0,9,1,0,1,28,5,2,2,21,5,0,5,0,269,0,12,1,256,12,0,0,231,0,4,0,227,4,0,0,167,0,12,0,155,12,0,0,787,0,20,2,765,20,0,0,307,0,3,0,304,3,0,0,2,20,1,1,1,8,1,0,2,1,1,1,2,2,5,2,1,1,1,1,3,0,0,1,Watch
2020-02-14,Friday,5,7,2,Winter,0,0,0,0,0,0,0,0.0,23.5,16.3,54.4,,0,0,0,82,18,7,3,4,110,119.0,140.0,117.0,121.0,10.0,157.0,136.93,None,0,5,6,2,5,0,4,1,1,1,1,3,6,0,0,28,10,3,0,18,10,0,10,10,1,1,0,9,1,0,1,28,5,1,0,23,5,0,5,0,256,0,8,0,248,8,0,0,227,0,4,0,223,4,0,0,155,0,11,0,144,11,0,0,765,0,21,1,743,21,0,0,304,0,5,0,299,5,0,0,2,12,1,0,1,8,1,0,2,1,1,1,1,2,5,1,1,1,1,1,3,0,0,0,Normal
2020-02-15,Saturday,6,7,2,Winter,1,0,0,0,0,0,0,0.0,21.6,16.3,54.5,,0,0,0,76,20,7,12,8,115,110.0,119.0,114.0,120.0,10.68,150.0,133.57,None,0,5,5,9,1,1,4,2,1,0,2,4,6,0,0,28,11,4,0,17,11,0,11,10,1,1,2,7,1,0,1,28,6,1,1,21,6,0,6,0,248,0,15,0,233,15,0,0,223,0,10,0,213,10,0,0,144,0,12,0,132,12,0,0,743,0,22,1,720,22,0,0,299,0,7,0,292,7,0,0,2,12,1,0,1,8,1,0,2,1,1,1,1,2,5,1,1,1,1,1,2,0,0,0,Normal
2020-02-16,Sunday,7,7,2,Winter,1,0,0,0,0,0,0,0.0,23.8,15.1,48.5,,0,0,0,71,18,7,11,7,107,115.0,110.0,106.0,120.14,10.6,149.0,131.07,None,0,6,6,5,1,1,1,4,1,1,2,4,7,0,0,28,13,1,1,14,13,0,13,10,2,1,0,8,2,0,2,28,8,0,0,20,8,0,8,0,233,0,13,0,220,13,0,0,213,0,6,0,207,6,0,0,412,280,11,0,401,11,0,0,720,0,20,1,699,20,0,0,292,0,8,0,284,8,0,0,2,12,1,0,1,8,0,0,2,1,1,1,1,2,5,1,1,1,1,1,4,0,0,0,Normal
2020-02-17,Monday,1,8,2,Winter,0,0,0,0,0,0,0,0.3,25.9,16.1,58.1,,0,0,0,95,19,7,4,6,125,107.0,115.0,124.0,120.29,10.42,158.0,128.07,None,0,4,8,2,5,2,2,4,0,1,3,5,7,0,0,28,16,2,1,11,16,0,16,10,1,1,0,9,1,0,1,28,7,2,0,21,7,0,7,0,220,0,11,0,209,11,0,0,207,0,4,0,203,4,0,0,401,0,12,0,389,12,0,0,699,0,23,1,675,23,0,0,284,0,8,0,276,8,0,0,2,8,0,0,1,8,0,0,2,1,1,1,1,2,6,1,1,1,1,1,4,0,0,0,Normal
2020-02-18,Tuesday,2,8,2,Winter,0,0,0,0,0,1,0,0.0,22.3,13.1,55.4,,0,0,0,88,20,13,10,8,131,125.0,107.0,127.0,120.43,10.47,164.0,125.71,None,0,7,4,4,5,1,4,4,3,2,2,4,4,0,0,28,17,5,1,10,17,0,17,10,1,1,2,7,1,0,1,28,6,2,0,22,6,0,6,0,209,0,14,0,195,14,0,1,203,0,6,0,197,6,0,0,389,0,13,0,376,13,0,0,675,0,23,1,651,23,0,0,276,0,5,0,271,5,0,0,2,20,1,1,1,8,1,0,2,1,1,1,2,2,6,2,1,1,1,1,3,0,0,1,Watch
2020-02-19,Wednesday,3,8,2,Winter,0,0,0,1,0,0,1,0.0,26.7,18.6,50.4,,0,0,0,95,19,9,13,10,136,131.0,125.0,140.0,121.0,10.92,169.0,123.36,None,0,6,5,7,1,1,4,1,2,2,2,4,5,0,0,28,16,6,1,11,16,0,16,10,3,0,2,5,3,0,3,28,9,0,2,17,9,0,9,0,195,0,17,0,178,17,0,0,197,0,8,0,189,8,0,0,376,0,13,0,363,13,0,0,651,0,23,1,627,23,0,0,271,0,9,0,262,9,0,0,2,20,1,1,1,8,1,0,2,1,2,1,2,2,6,1,1,1,1,1,3,0,0,1,Watch
2020-02-20,Thursday,4,8,2,Winter,0,0,0,0,1,1,0,0.9,27.6,20.0,50.3,,0,0,0,93,19,16,9,7,137,136.0,131.0,119.0,120.43,9.97,123.0,121.0,None,0,3,6,4,6,1,7,6,0,3,2,4,8,0,0,28,15,6,2,11,15,0,15,10,2,1,0,8,2,0,2,28,10,1,2,16,10,0,10,0,178,0,12,0,166,12,0,0,189,0,6,0,183,6,0,0,363,0,12,0,351,12,0,0,627,0,23,1,603,23,0,0,262,0,8,0,254,8,0,0,2,16,1,1,1,20,1,1,2,1,1,2,2,2,6,2,1,1,1,1,4,0,0,2,Watch
2020-02-21,Friday,5,8,2,Winter,0,0,0,0,0,0,0,0.0,21.8,12.8,49.3,,0,0,0,90,19,8,6,6,123,137.0,136.0,110.0,123.0,11.48,117.0,122.0,None,0,4,8,4,3,1,1,7,0,0,2,4,5,0,0,28,18,1,1,9,18,0,18,10,1,2,2,7,1,0,1,28,10,1,2,16,10,0,10,0,166,0,11,0,155,11,0,0,183,0,6,0,177,6,0,0,351,0,12,0,339,12,0,0,603,0,22,1,580,22,0,0,254,0,7,0,247,7,0,0,2,8,0,0,1,8,0,0,2,1,1,1,1,2,6,1,1,1,1,1,3,0,0,0,Normal
2020-02-22,Saturday,6,8,2,Winter,1,0,0,0,0,0,0,2.2,21.7,13.4,52.8,,0,0,0,72,19,6,12,8,109,123.0,137.0,115.0,124.86,10.2,114.0,122.43,None,0,8,5,4,2,0,3,3,0,0,1,3,5,0,0,28,19,1,2,7,19,0,19,10,3,1,1,6,3,0,3,28,11,2,2,15,11,0,11,0,155,0,14,0,141,14,0,0,177,0,6,0,171,6,0,0,339,0,12,0,327,12,0,0,580,0,21,1,558,21,0,0,247,0,8,0,239,8,0,0,2,8,0,0,1,8,0,0,2,1,1,1,1,2,6,1,1,1,1,1,3,0,0,0,Normal
2020-02-23,Sunday,7,8,2,Winter,1,0,0,0,0,0,0,0.0,25.0,20.0,40.9,,0,0,0,68,18,7,12,8,105,109.0,123.0,107.0,124.0,11.2,106.0,122.07,None,0,5,7,3,3,0,3,2,0,2,1,3,7,0,0,28,19,3,0,9,19,0,19,10,4,1,0,6,4,0,4,28,9,5,1,18,9,0,9,0,441,300,13,1,427,13,0,0,171,0,4,0,167,4,0,0,327,0,11,0,316,11,0,0,558,0,20,1,537,20,0,0,239,0,10,0,229,10,0,0,2,8,0,0,1,8,0,0,2,1,1,1,1,2,6,1,1,1,1,1,4,0,0,0,Normal
2020-02-24,Monday,1,9,2,Winter,0,0,0,0,0,0,0,0.0,28.6,20.9,53.9,,0,0,0,91,18,6,7,7,122,105.0,109.0,125.0,123.71,11.65,124.0,122.0,None,0,8,5,4,1,0,3,1,1,1,1,3,4,0,0,28,23,2,1,4,23,0,23,10,1,4,0,9,1,0,1,28,8,1,0,20,8,0,8,0,427,0,12,1,414,12,0,0,167,0,5,0,162,5,0,0,316,0,12,0,304,12,0,0,537,0,22,1,514,22,0,0,229,0,2,0,227,2,0,1,2,12,1,0,1,8,0,0,2,1,1,1,1,2,6,1,1,1,1,1,4,0,0,0,Normal
2020-02-25,Tuesday,2,9,2,Winter,0,0,0,0,0,1,0,0.0,26.1,20.0,43.6,,0,0,0,93,17,13,10,9,133,122.0,105.0,131.0,123.29,11.65,127.0,121.86,None,0,4,5,3,5,0,4,3,3,3,1,3,4,0,0,28,25,3,0,3,25,0,25,10,1,0,2,7,1,0,1,28,12,0,1,15,12,0,12,0,414,0,14,1,399,14,0,0,162,0,4,0,158,4,0,0,304,0,11,0,293,11,0,0,514,0,21,1,492,21,0,0,227,0,10,0,217,10,0,0,2,20,1,1,1,8,1,0,2,1,1,1,2,2,7,2,1,1,1,1,4,0,0,1,Watch
2020-02-26,Wednesday,3,9,2,Winter,0,0,0,1,1,0,1,0.0,26.8,15.6,52.3,,0,0,0,100,16,13,13,8,142,133.0,122.0,136.0,123.57,11.85,140.0,122.29,None,0,3,9,2,2,1,6,2,1,4,2,4,7,0,0,28,21,8,0,7,21,0,21,10,3,0,2,5,3,0,3,28,10,4,1,17,10,0,10,0,399,0,13,1,385,13,0,0,158,0,3,0,155,3,0,0,293,0,11,0,282,11,0,0,492,0,21,1,470,21,0,0,217,0,9,0,208,9,0,0,2,20,1,1,1,20,1,1,3,1,2,2,2,2,6,2,1,1,1,1,2,0,0,2,Watch
2020-02-27,Thursday,4,9,2,Winter,0,0,0,0,0,1,0,0.0,27.3,19.5,45.0,,0,0,0,88,21,14,6,7,129,142.0,133.0,137.0,124.43,12.89,119.0,122.43,None,0,4,7,6,4,0,7,5,2,0,1,3,4,0,0,28,23,3,2,3,23,0,23,10,2,1,1,7,2,0,2,28,8,4,2,18,8,0,8,0,385,0,13,1,371,13,0,0,155,0,8,0,147,8,0,0,282,0,13,0,269,13,0,0,470,0,24,1,445,24,0,0,208,0,8,0,200,8,0,0,2,20,1,1,1,20,1,1,2,1,1,2,2,2,6,2,1,1,1,1,4,0,0,2,Watch
2020-02-28,Friday,5,9,2,Winter,0,0,0,0,0,0,0,0.0,25.2,17.5,44.9,,0,0,0,83,18,7,9,8,117,129.0,142.0,123.0,123.29,12.06,110.0,123.14,None,0,3,5,7,3,0,5,1,1,0,1,3,8,0,0,28,20,7,0,8,20,0,20,10,0,2,2,8,0,0,0,28,9,3,1,18,9,0,9,0,371,0,14,1,356,14,0,0,147,0,8,0,139,8,0,0,269,0,11,0,258,11,0,0,445,0,21,1,423,21,0,0,200,0,10,0,190,10,0,0,2,12,1,0,1,8,1,0,2,1,1,1,1,2,6,1,1,1,1,1,4,0,0,0,Normal
2020-02-29,Saturday,6,9,2,Winter,1,0,0,0,0,0,0,1.3,27.6,21.4,51.8,,0,0,0,76,19,10,13,6,118,117.0,129.0,109.0,122.43,12.26,115.0,123.64,None,0,5,9,4,1,0,5,2,2,1,2,4,5,0,0,28,19,4,1,8,19,0,19,10,2,0,3,5,2,0,2,28,8,2,0,20,8,0,8,0,356,0,11,1,344,11,0,0,139,0,6,0,133,6,0,0,258,0,11,0,247,11,0,0,423,0,21,1,401,21,0,1,190,0,6,0,184,6,0,0,2,20,1,1,1,8,1,0,2,1,2,1,2,2,6,1,1,1,1,1,2,0,0,1,Watch
2020-03-01,Sunday,7,9,3,Summer,1,0,1,0,0,0,3,0.0,25.5,17.7,56.6,,0,0,0,76,23,8,22,9,129,118.0,117.0,105.0,123.71,11.21,107.0,123.86,Road_Accident_Surge,3,4,5,10,4,1,1,6,0,1,2,4,4,0,0,28,26,2,1,1,26,0,26,10,0,2,0,10,0,0,0,28,7,1,2,19,7,0,7,0,344,0,17,1,326,17,0,0,133,0,11,0,122,11,0,1,247,0,13,0,234,13,0,0,401,0,24,1,376,24,0,0,184,0,3,0,181,3,0,0,2,8,0,0,1,8,0,0,2,1,3,1,1,2,6,1,1,1,2,3,4,0,0,0,Watch
2020-03-02,Monday,1,10,3,Summer,0,0,0,0,0,0,0,0.0,29.3,20.6,42.9,,0,0,0,92,15,8,8,7,123,129.0,118.0,122.0,127.14,8.24,125.0,125.43,None,0,2,6,4,3,1,6,1,1,0,2,4,7,0,0,28,26,5,0,2,26,0,26,10,0,0,2,8,0,0,0,28,9,0,1,18,9,0,9,0,326,0,12,1,313,12,0,0,122,0,5,0,117,5,0,0,234,0,10,0,224,10,0,0,376,0,19,1,356,19,0,0,581,400,8,1,572,8,0,0,2,12,1,0,1,20,1,1,2,1,1,2,1,2,6,1,1,1,1,1,3,0,0,1,Watch
2020-03-03,Tuesday,2,10,3,Summer,0,0,0,0,0,1,0,0.0,27.4,19.4,59.0,,0,0,0,95,18,15,8,9,136,123.0,129.0,133.0,127.29,8.15,131.0,125.29,None,0,6,4,5,3,1,5,8,2,0,2,4,4,0,0,28,27,4,0,1,27,0,27,10,1,0,0,9,1,0,1,28,8,4,0,20,8,0,8,0,313,0,15,1,297,15,0,0,117,0,6,0,111,6,0,0,224,0,12,0,212,12,0,0,356,0,22,1,333,22,0,0,572,0,9,1,562,9,0,0,2,20,1,1,1,8,1,0,2,1,1,1,2,2,7,2,1,1,1,1,4,0,0,1,Watch
2020-03-04,Wednesday,3,10,3,Summer,0,0,0,1,0,0,1,0.0,26.4,18.7,56.5,,0,0,0,101,21,9,14,9,145,136.0,123.0,142.0,127.71,8.51,136.0,125.64,None,0,10,6,5,0,1,4,3,0,2,2,4,5,0,0,28,23,7,0,5,23,0,23,10,4,0,2,4,4,0,4,28,7,4,2,19,7,0,7,0,297,0,15,1,281,15,0,0,111,0,7,0,104,7,0,0,212,0,14,0,198,14,0,1,333,0,25,1,307,25,0,0,562,0,10,1,551,10,0,0,2,8,0,0,1,8,1,0,3,1,2,1,1,2,6,1,1,1,2,2,3,0,0,0,Normal
2020-03-05,Thursday,4,10,3,Summer,0,0,0,0,0,1,0,0.0,24.9,17.9,51.8,,0,0,0,83,21,13,8,7,125,145.0,136.0,129.0,128.14,9.26,137.0,126.29,None,0,5,5,8,3,1,3,8,0,2,2,4,5,0,0,28,25,2,2,1,25,0,25,10,5,1,0,5,5,0,5,28,6,2,1,21,6,0,6,0,281,0,14,1,266,14,0,0,104,0,9,0,95,9,0,0,198,0,12,0,186,12,0,0,1007,700,23,2,982,23,0,0,551,0,5,1,545,5,0,0,2,16,1,1,1,8,0,0,2,1,1,1,2,2,7,2,1,1,1,1,3,0,0,1,Watch
2020-03-06,Friday,5,10,3,Summer,0,0,0,0,0,0,0,0.0,29.0,21.2,54.9,,0,0,0,84,20,8,6,8,118,125.0,145.0,117.0,127.57,9.32,123.0,125.43,None,0,7,5,7,1,1,4,3,0,1,2,4,6,0,0,28,23,7,1,4,23,0,23,10,3,3,1,6,3,0,3,28,8,0,2,18,8,0,8,0,266,0,15,1,250,15,0,0,345,250,8,1,336,8,0,0,186,0,13,0,173,13,0,0,982,0,23,2,957,23,0,0,545,0,7,1,537,7,0,0,2,8,0,0,1,8,1,0,2,1,1,1,1,2,6,1,1,1,1,1,2,0,0,0,Normal
2020-03-07,Saturday,6,10,3,Summer,1,0,0,0,0,0,0,0.0,26.5,15.7,52.2,,0,0,0,74,19,9,11,6,113,118.0,125.0,118.0,127.71,9.16,109.0,125.07,None,0,6,6,6,1,0,3,4,2,0,1,3,6,0,0,28,13,11,1,14,13,0,13,10,3,1,0,7,3,0,3,28,10,2,2,16,10,0,10,0,250,0,12,0,238,12,0,0,336,0,7,1,328,7,0,0,173,0,12,0,161,12,0,0,957,0,21,2,934,21,0,0,537,0,11,1,525,11,0,0,2,20,1,1,1,8,0,0,2,1,1,1,2,2,6,1,1,1,1,1,4,0,0,1,Watch
2020-03-08,Sunday,7,10,3,Summer,1,0,0,0,0,0,0,0.0,24.5,18.2,43.4,,0,0,0,78,13,8,14,8,113,113.0,118.0,129.0,127.0,10.04,105.0,125.36,None,0,6,1,2,4,1,3,4,0,1,1,3,4,0,0,28,12,6,0,16,12,0,12,10,5,0,2,3,5,0,5,28,10,1,0,18,10,0,10,0,238,0,12,0,226,12,0,0,328,0,3,1,324,3,0,0,161,0,10,0,151,10,0,0,934,0,17,2,915,17,0,0,525,0,3,1,521,3,0,0,2,8,0,0,1,8,0,0,2,1,2,1,1,2,6,1,1,1,2,2,4,0,0,0,Normal
2020-03-09,Monday,1,11,3,Summer,0,0,0,0,0,0,0,0.0,27.8,19.7,46.5,,0,0,0,94,18,8,7,6,127,113.0,113.0,123.0,124.71,11.09,122.0,125.93,None,0,4,8,2,4,0,6,1,1,0,1,3,5,0,0,28,14,2,1,13,14,0,14,10,4,1,0,6,4,0,4,28,9,3,2,17,9,0,9,0,226,0,10,0,216,10,0,0,324,0,4,1,319,4,0,0,151,0,12,0,139,12,0,0,915,0,22,2,891,22,0,0,521,0,8,1,512,8,0,0,2,12,1,0,1,20,1,1,2,1,1,2,1,2,6,1,1,1,1,1,4,0,0,1,Watch
2020-03-10,Tuesday,2,11,3,Summer,0,0,0,0,0,1,0,0.0,25.2,17.6,47.3,,0,0,0,90,16,15,7,8,128,127.0,113.0,136.0,125.29,11.09,133.0,126.29,None,0,10,4,1,1,0,8,4,3,0,1,3,4,0,0,28,19,2,0,9,19,0,19,10,2,2,1,7,2,0,2,28,10,0,2,16,10,0,10,0,216,0,12,0,204,12,0,0,319,0,2,1,316,2,0,0,419,280,12,0,407,12,0,0,891,0,20,2,869,20,0,0,512,0,4,1,507,4,0,0,2,20,1,1,1,20,1,1,2,1,1,2,2,2,6,2,1,1,1,1,2,0,0,2,Watch
2020-03-11,Wednesday,3,11,3,Summer,0,0,1,1,0,0,3,0.0,27.9,22.5,50.2,,0,0,0,108,13,7,22,9,150,128.0,127.0,145.0,124.14,10.32,142.0,125.93,Road_Accident_Surge,3,5,5,3,0,1,1,2,2,2,2,4,4,0,0,28,19,5,1,8,19,0,19,10,3,1,0,7,3,0,3,28,10,2,2,16,10,0,10,0,204,0,14,0,190,14,0,1,316,0,4,1,311,4,0,0,407,0,11,0,396,11,0,0,869,0,19,2,848,19,0,0,507,0,7,0,500,7,0,0,2,20,1,1,1,8,0,0,3,1,3,1,2,2,6,1,1,1,2,3,3,0,0,1,Watch
2020-03-12,Thursday,4,11,3,Summer,0,0,0,0,0,1,0,0.3,29.4,21.8,47.8,,0,0,0,91,17,11,8,8,127,150.0,128.0,125.0,124.86,11.8,129.0,126.5,None,0,6,5,2,4,0,6,4,1,0,1,3,7,0,0,28,20,4,2,6,20,0,20,10,3,1,2,5,3,0,3,28,12,0,0,16,12,0,12,0,190,0,13,0,177,13,0,0,311,0,4,1,306,4,0,0,396,0,12,0,384,12,0,0,848,0,21,2,825,21,0,0,500,0,6,0,494,6,0,0,2,12,1,0,1,20,1,1,2,1,1,2,1,2,6,2,1,1,1,1,4,0,0,1,Watch
2020-03-13,Friday,5,11,3,Summer,0,0,0,0,0,0,0,0.2,27.8,18.6,46.0,,0,0,0,83,21,8,8,7,120,127.0,150.0,118.0,125.14,11.83,117.0,126.36,None,0,7,5,5,4,1,2,3,1,2,2,4,6,0,0,28,20,3,1,7,20,0,20,10,3,3,1,6,3,0,3,28,10,3,0,18,10,0,10,0,177,0,13,0,164,13,0,0,306,0,7,1,298,7,0,0,384,0,13,0,371,13,0,0,825,0,23,2,800,23,0,0,494,0,5,0,489,5,0,0,2,12,1,0,1,8,0,0,2,1,1,1,1,2,6,1,1,1,1,1,4,0,0,0,Normal
2020-03-14,Saturday,6,11,3,Summer,1,0,0,0,0,0,0,1.2,27.2,17.6,47.5,,0,0,0,72,16,8,10,6,106,120.0,127.0,113.0,125.43,11.67,118.0,126.57,None,0,4,3,5,4,0,4,2,0,2,1,3,4,0,0,28,17,6,0,11,17,0,17,10,5,0,0,5,5,0,5,28,8,3,1,19,8,0,8,0,164,0,11,0,153,11,0,0,298,0,6,1,291,6,0,0,371,0,10,0,361,10,0,0,800,0,19,2,779,19,0,0,489,0,4,0,485,4,0,0,2,8,0,0,1,8,1,0,2,1,1,1,1,2,6,1,1,1,1,1,4,0,0,0,Normal
2020-03-15,Sunday,7,11,3,Summer,1,0,0,0,0,0,0,0.0,26.4,19.3,50.3,,0,0,0,70,15,8,10,6,103,106.0,120.0,113.0,124.43,12.93,129.0,125.71,None,0,5,3,5,2,0,2,4,1,1,1,3,5,0,0,28,10,9,1,17,10,0,10,10,3,3,0,7,3,0,3,28,11,0,0,17,11,0,11,0,153,0,11,0,142,11,0,0,291,0,6,1,284,6,0,0,361,0,10,0,351,10,0,0,779,0,18,2,759,18,0,0,485,0,8,0,477,8,0,0,2,12,1,0,1,8,0,0,2,1,1,1,1,2,6,1,1,1,1,1,3,0,0,0,Normal
2020-03-16,Monday,1,12,3,Summer,0,0,0,0,0,0,0,0.0,27.9,19.0,49.7,,0,0,0,94,20,6,8,8,128,103.0,106.0,127.0,123.0,14.56,123.0,123.86,None,0,6,5,6,3,0,3,1,0,2,1,3,7,0,0,28,13,2,0,15,13,0,13,10,2,1,1,7,2,0,2,28,12,2,1,15,12,0,12,0,442,300,14,1,427,14,0,0,284,0,7,1,276,7,0,0,351,0,13,0,338,13,0,0,759,0,24,1,734,24,0,0,477,0,8,0,469,8,0,0,2,8,0,0,1,8,0,0,2,1,1,1,1,2,6,1,1,1,1,1,2,0,0,0,Normal
2020-03-17,Tuesday,2,12,3,Summer,0,0,0,0,0,1,0,0.0,27.4,18.8,43.6,,0,0,0,89,16,12,5,7,122,128.0,103.0,128.0,123.14,14.6,136.0,124.21,None,0,6,3,2,5,0,6,4,0,2,1,3,5,0,0,28,16,2,0,12,16,0,16,10,3,1,2,5,3,0,3,28,11,1,2,15,11,0,11,0,427,0,11,1,415,11,0,0,276,0,3,1,272,3,0,0,338,0,11,0,327,11,0,0,734,0,20,1,713,20,0,0,469,0,2,0,467,2,0,0,2,8,1,0,1,20,1,1,2,1,1,2,1,2,6,2,1,1,1,1,2,0,0,1,Watch
2020-03-18,Wednesday,3,12,3,Summer,0,0,0,1,0,0,1,0.0,26.6,18.1,51.7,,0,0,0,100,21,10,10,8,141,122.0,128.0,150.0,122.29,14.47,145.0,123.21,None,0,10,5,4,2,0,4,3,1,2,1,3,6,0,0,28,14,7,2,12,14,0,14,10,5,0,0,5,5,0,5,28,10,2,0,18,10,0,10,0,415,0,14,1,400,14,0,0,272,0,6,1,265,6,0,0,327,0,14,0,313,14,0,0,713,0,25,1,687,25,0,0,467,0,4,0,463,4,0,0,2,12,1,0,1,8,1,0,3,1,1,1,1,2,6,1,1,1,1,1,3,0,0,0,Normal
2020-03-19,Thursday,4,12,3,Summer,0,0,0,0,0,1,0,0.0,30.2,21.6,46.3,,0,0,0,88,17,13,8,10,126,141.0,122.0,127.0,121.0,12.17,125.0,122.93,None,0,6,6,3,2,1,3,8,0,2,2,4,7,0,0,28,17,5,1,10,17,0,17,10,3,3,1,6,3,0,3,28,10,1,2,16,10,0,10,0,400,0,15,1,384,15,0,0,265,0,4,1,260,4,0,0,313,0,12,0,301,12,0,0,687,0,21,1,665,21,0,0,463,0,6,0,457,6,0,0,2,16,1,1,1,8,0,0,2,1,1,1,2,2,6,2,1,1,1,1,3,0,0,1,Watch
2020-03-20,Friday,5,12,3,Summer,0,0,0,0,0,0,0,0.0,25.0,16.6,52.2,,0,0,0,86,21,6,9,7,122,126.0,141.0,120.0,120.86,12.1,118.0,123.0,None,0,9,5,4,3,0,1,3,1,1,1,3,7,0,0,28,13,8,0,15,13,0,13,10,1,2,2,7,1,0,1,28,10,3,0,18,10,0,10,0,384,0,13,1,370,13,0,0,260,0,6,1,253,6,0,0,301,0,13,0,288,13,0,0,665,0,24,1,640,24,0,0,457,0,8,0,449,8,0,0,2,12,1,0,1,8,0,0,2,1,1,1,1,2,6,1,1,1,1,1,2,0,0,0,Normal
2020-03-21,Saturday,6,12,3,Summer,1,0,0,0,0,0,0,0.0,29.9,23.4,48.0,,0,0,0,72,20,9,11,6,112,122.0,126.0,106.0,121.14,12.1,113.0,123.29,None,0,6,7,5,2,1,4,3,1,1,2,4,7,0,0,28,14,3,2,12,14,0,14,10,2,0,2,6,2,0,2,28,9,2,1,18,9,0,9,0,370,0,12,1,357,12,0,0,253,0,6,0,247,6,0,0,288,0,12,0,276,12,0,0,640,0,22,1,617,22,0,0,449,0,6,0,443,6,0,0,2,12,1,0,1,8,1,0,2,1,1,1,1,2,6,1,1,1,1,1,3,0,0,0,Normal
2020-03-22,Sunday,7,12,3,Summer,1,0,0,0,0,0,0,0.0,29.1,24.0,49.0,,0,0,0,73,16,8,13,8,110,112.0,122.0,103.0,122.0,11.17,113.0,123.21,None,0,7,5,3,1,1,4,3,0,1,2,4,5,0,0,28,13,5,0,15,13,0,13,10,4,1,2,4,4,0,4,28,7,3,1,20,7,0,7,0,357,0,13,1,343,13,0,0,247,0,4,0,243,4,0,0,276,0,11,0,265,11,0,0,617,0,19,1,597,19,0,0,443,0,5,0,438,5,0,0,2,8,0,0,1,8,1,0,2,1,2,1,1,2,6,1,1,1,1,1,4,0,0,0,Normal
2020-03-23,Monday,1,13,3,Summer,0,0,0,0,0,0,0,0.0,27.7,19.9,42.8,,0,0,0,101,14,8,10,8,133,110.0,112.0,128.0,123.0,9.64,127.0,123.0,None,0,5,2,3,4,0,3,2,1,2,1,3,6,0,0,28,10,6,1,17,10,0,10,10,4,2,2,4,4,0,4,28,9,1,0,19,9,0,9,0,343,0,13,1,329,13,0,0,243,0,4,0,239,4,0,0,265,0,11,0,254,11,0,0,597,0,19,1,577,19,0,0,438,0,7,0,431,7,0,0,2,12,1,0,1,8,0,0,3,1,1,1,1,2,5,1,1,1,1,1,3,0,0,0,Normal
2020-03-24,Tuesday,2,13,3,Summer,0,0,0,0,0,1,0,0.4,27.2,19.0,47.6,,0,0,0,93,19,13,5,8,130,133.0,110.0,122.0,123.71,10.15,128.0,123.43,None,0,4,9,5,1,0,4,6,3,0,1,3,8,0,0,28,10,2,1,17,10,0,10,10,3,1,0,7,3,0,3,28,15,0,0,13,15,0,15,0,329,0,14,1,314,14,0,0,239,0,6,0,233,6,0,0,254,0,12,0,242,12,0,0,577,0,23,1,553,23,0,0,431,0,16,0,415,16,0,0,2,20,1,1,1,8,1,0,2,1,1,1,2,2,6,2,1,1,1,1,4,0,0,1,Watch
2020-03-25,Wednesday,3,13,3,Summer,0,0,0,1,0,0,1,0.0,29.1,22.0,44.6,,0,0,0,98,18,8,13,8,137,130.0,133.0,141.0,124.86,10.34,150.0,123.57,None,0,10,5,2,1,1,3,3,1,1,2,4,8,0,0,28,12,3,0,16,12,0,12,10,4,0,0,6,4,0,4,28,15,2,1,12,15,0,15,0,314,0,13,1,300,13,0,0,233,0,4,0,229,4,0,0,242,0,13,0,229,13,0,0,553,0,22,1,530,22,0,0,415,0,7,0,408,7,0,0,2,12,1,0,1,8,0,0,3,1,2,1,1,2,6,1,1,1,1,1,2,0,0,0,Normal
2020-03-26,Thursday,4,13,3,Summer,0,0,0,0,0,1,0,0.0,30.1,22.7,42.4,,0,0,0,85,17,13,11,7,126,137.0,130.0,126.0,124.29,9.51,127.0,122.64,None,0,7,6,1,3,2,6,4,1,2,3,5,4,1,1,28,13,3,2,13,13,0,13,10,5,0,1,4,5,0,5,28,17,0,1,10,17,0,17,0,300,0,11,1,288,11,0,0,229,0,3,0,226,3,0,0,229,0,12,0,217,12,0,0,530,0,20,1,509,20,0,0,408,0,9,0,399,9,0,0,2,20,1,1,1,20,1,1,2,1,1,2,2,2,6,2,1,1,1,1,4,0,0,3,High
2020-03-27,Friday,5,13,3,Summer,0,0,0,0,0,0,0,0.0,29.1,22.4,39.4,,0,0,0,85,17,10,7,6,119,126.0,137.0,122.0,124.29,9.51,120.0,122.57,None,0,5,6,5,1,0,3,4,2,1,1,3,8,0,0,28,12,4,1,15,12,0,12,10,6,1,2,2,6,0,6,28,17,1,1,10,17,0,17,0,288,0,11,1,276,11,0,0,226,0,6,0,220,6,0,0,217,0,11,0,206,11,0,0,509,0,20,1,488,20,0,0,399,0,5,0,394,5,0,0,2,20,1,1,1,8,0,0,2,1,1,1,2,2,6,1,1,1,1,1,4,0,0,1,Watch
2020-03-28,Saturday,6,13,3,Summer,1,0,0,0,0,0,0,0.0,25.0,16.2,52.5,,0,0,0,79,15,10,9,6,113,119.0,126.0,112.0,123.86,9.67,106.0,122.5,None,0,6,2,4,3,0,4,1,1,4,1,3,8,0,0,28,14,2,1,13,14,0,14,10,7,0,1,2,7,0,7,28,15,3,2,11,15,0,15,0,276,0,11,1,264,11,0,0,220,0,5,0,215,5,0,0,206,0,10,0,196,10,0,1,488,0,18,1,469,18,0,0,394,0,3,0,391,3,0,0,2,12,1,0,1,8,1,0,2,1,1,1,1,2,7,1,1,1,1,1,2,0,0,0,Normal
2020-03-29,Sunday,7,13,3,Summer,1,0,0,0,0,0,0,0.0,32.2,22.8,44.1,,0,0,0,73,17,8,9,6,107,113.0,119.0,110.0,124.0,9.5,103.0,123.0,None,0,6,5,4,2,1,4,2,0,2,2,4,8,0,0,28,15,2,2,11,15,0,15,10,1,7,0,9,1,0,1,28,15,2,2,11,15,0,15,0,264,0,11,1,252,11,0,0,215,0,5,0,210,5,0,0,196,0,11,0,185,11,0,0,469,0,19,1,449,19,0,0,391,0,7,0,384,7,0,0,2,8,0,0,1,8,1,0,2,1,1,1,1,2,6,1,1,1,1,1,2,0,0,0,Normal
2020-03-30,Monday,1,14,3,Summer,0,0,1,0,0,0,3,0.0,30.6,24.2,48.0,,0,0,0,97,19,8,17,9,141,107.0,113.0,133.0,123.57,10.17,128.0,123.29,Road_Accident_Surge,2,8,6,3,2,2,5,3,0,0,3,5,5,0,0,28,17,4,2,9,17,0,17,10,2,0,0,8,2,0,2,28,12,5,1,15,12,0,12,0,252,0,15,0,237,15,0,0,210,0,5,0,205,5,0,0,185,0,13,0,172,13,0,0,449,0,23,1,425,23,0,0,384,0,9,0,375,9,0,0,2,8,0,0,1,8,1,0,3,1,3,1,1,2,6,1,1,1,2,3,4,0,0,0,Watch
2020-03-31,Tuesday,2,14,3,Summer,0,0,0,0,0,1,0,0.0,28.3,19.2,46.7,,0,0,0,94,21,16,5,8,136,141.0,107.0,130.0,124.71,11.52,122.0,124.21,None,0,8,8,4,1,1,6,6,2,2,2,4,6,0,0,28,16,6,1,11,16,0,16,10,4,0,1,5,4,0,4,28,8,5,2,18,8,0,8,0,237,0,14,0,223,14,0,0,205,0,6,0,199,6,0,0,172,0,14,0,158,14,0,0,425,0,24,1,400,24,0,1,375,0,7,0,368,7,0,0,2,20,1,1,1,20,1,1,2,1,1,2,2,2,6,2,1,1,1,1,4,0,0,2,Watch
2020-04-01,Wednesday,3,14,4,Summer,0,0,0,1,0,0,1,0.0,27.2,20.2,46.0,,0,0,0,97,19,8,17,9,141,136.0,141.0,137.0,125.57,12.09,141.0,125.21,None,0,4,4,6,5,0,4,0,2,2,1,3,4,0,0,28,18,3,2,8,18,0,18,10,3,2,0,7,3,0,3,28,8,3,2,18,8,0,8,0,223,0,15,0,208,15,0,0,199,0,7,0,192,7,0,0,158,0,12,0,146,12,0,0,400,0,23,1,376,23,0,0,368,0,8,0,360,8,0,0,2,20,1,1,1,8,1,0,3,1,2,1,2,2,6,1,1,1,2,2,3,0,0,1,Watch
2020-04-02,Thursday,4,14,4,Summer,0,0,0,0,0,1,0,0.0,29.5,23.0,49.6,,0,0,0,89,15,15,8,8,127,141.0,136.0,126.0,126.14,12.7,126.0,125.21,None,0,5,5,3,2,0,5,5,3,2,1,3,4,0,0,28,19,3,0,9,19,0,19,10,2,3,2,6,2,0,2,28,8,2,2,18,8,0,8,0,208,0,13,0,195,13,0,1,192,0,4,0,188,4,0,0,146,0,11,0,135,11,0,0,376,0,19,1,356,19,0,0,360,0,6,0,354,6,0,0,2,20,1,1,1,8,1,0,2,1,1,1,2,2,6,2,1,1,1,1,3,0,0,1,Watch
2020-04-03,Friday,5,14,4,Summer,0,0,0,0,0,0,0,0.0,25.3,18.5,56.2,,0,0,0,87,22,7,7,7,123,127.0,141.0,119.0,126.29,12.7,122.0,125.29,None,0,7,9,3,3,1,2,2,0,3,2,4,6,0,0,28,19,2,1,8,19,0,19,10,3,1,2,5,3,0,3,28,11,0,2,15,11,0,11,0,195,0,13,0,182,13,0,0,188,0,5,0,183,5,0,0,415,280,13,0,402,13,0,0,356,0,25,1,330,25,0,0,354,0,11,0,343,11,0,0,2,8,0,0,1,8,0,0,2,1,1,1,1,2,6,1,1,1,1,1,3,0,0,0,Normal
2020-04-04,Saturday,6,14,4,Summer,1,0,0,0,0,0,0,0.0,29.0,23.2,48.2,,0,0,0,76,18,9,11,7,114,123.0,127.0,113.0,126.86,12.45,112.0,125.36,None,0,5,5,5,3,2,5,3,1,0,2,4,5,0,0,28,15,7,0,13,15,0,15,10,5,0,2,3,5,0,5,28,12,1,1,15,12,0,12,0,182,0,13,0,169,13,0,0,183,0,6,0,177,6,0,0,402,0,11,0,391,11,0,0,330,0,20,1,309,20,0,0,343,0,8,0,335,8,0,0,2,12,1,0,1,8,1,0,2,1,1,1,1,2,6,1,1,1,1,1,3,0,0,0,Normal
2020-04-05,Sunday,7,14,4,Summer,1,0,0,0,0,0,0,0.7,29.8,24.1,48.6,,0,0,0,68,13,9,11,7,101,114.0,123.0,107.0,127.0,12.29,110.0,125.5,None,0,3,3,2,5,0,4,2,0,3,1,3,5,0,0,28,11,7,1,16,11,0,11,10,5,2,0,5,5,0,5,28,13,1,2,13,13,0,13,0,169,0,11,0,158,11,0,0,177,0,3,0,174,3,0,0,391,0,9,0,382,9,0,0,1009,700,16,2,991,16,0,0,335,0,6,0,329,6,0,0,2,8,0,0,1,8,1,0,2,1,1,1,1,2,6,1,1,1,1,1,4,0,0,0,Normal
2020-04-06,Monday,1,15,4,Summer,0,0,0,0,0,0,0,0.0,28.9,20.1,51.9,,0,0,0,97,16,9,8,8,130,101.0,114.0,141.0,126.14,13.78,133.0,124.86,None,0,5,4,3,4,0,5,2,1,1,1,3,5,0,0,28,16,1,1,11,16,0,16,10,6,1,0,4,6,0,6,28,12,1,1,15,12,0,12,0,158,0,13,0,145,13,0,0,174,0,4,0,170,4,0,0,382,0,11,0,371,11,0,0,991,0,21,2,968,21,0,0,329,0,2,0,327,2,0,0,2,12,1,0,1,8,1,0,3,1,1,1,1,2,6,1,1,1,1,1,2,0,0,0,Normal
2020-04-07,Tuesday,2,15,4,Summer,0,0,0,0,0,1,0,0.0,28.3,20.6,44.9,,0,0,0,94,17,14,7,9,132,130.0,101.0,136.0,124.57,12.57,130.0,124.64,None,0,6,7,2,2,1,4,8,0,2,2,4,6,0,0,28,15,5,2,11,15,0,15,10,3,5,1,6,3,0,3,28,14,1,1,13,14,0,14,0,445,300,14,1,430,14,0,0,170,0,4,0,166,4,0,0,371,0,12,0,359,12,0,0,968,0,21,2,945,21,0,0,327,0,10,0,317,10,0,0,2,16,1,1,1,8,1,0,2,1,1,1,2,2,6,2,1,1,1,1,4,0,0,1,Watch
2020-04-08,Wednesday,3,15,4,Summer,0,0,0,1,0,0,1,0.0,28.4,21.1,43.3,,0,0,0,95,17,8,12,8,132,132.0,130.0,141.0,124.0,12.12,137.0,124.79,None,0,6,4,1,6,1,6,2,0,0,2,4,4,0,0,28,17,3,1,10,17,0,17,10,3,2,2,5,3,0,3,28,10,5,0,18,10,0,10,0,430,0,12,1,417,12,0,0,166,0,3,0,163,3,0,0,359,0,12,0,347,12,0,0,945,0,21,2,922,21,0,0,317,0,5,0,312,5,0,0,2,8,0,0,1,20,1,1,2,1,1,2,1,2,6,1,1,1,1,1,2,0,0,1,Watch
2020-04-09,Thursday,4,15,4,Summer,0,0,0,0,0,1,0,0.0,28.9,20.7,50.8,,0,0,0,88,21,14,5,8,128,132.0,132.0,127.0,122.71,10.63,126.0,124.43,None,0,9,8,4,0,1,6,7,1,0,2,4,8,0,0,28,19,4,0,9,19,0,19,10,2,1,2,6,2,0,2,28,4,8,0,24,4,0,4,0,417,0,14,1,402,14,0,0,163,0,6,0,157,6,0,0,347,0,14,0,333,14,0,0,922,0,24,2,896,24,0,0,312,0,9,0,303,9,0,0,2,20,1,1,1,20,1,1,2,1,1,2,2,2,6,2,1,1,1,1,4,0,0,2,Watch
2020-04-10,Friday,5,15,4,Summer,0,0,0,0,0,0,0,0.0,28.3,18.6,50.0,,0,0,0,89,17,9,8,7,123,128.0,132.0,123.0,122.86,10.7,119.0,124.57,None,0,8,4,4,1,1,3,3,1,2,2,4,7,0,0,28,20,5,2,6,20,0,20,10,0,2,0,10,0,0,0,28,1,4,1,26,1,0,1,0,402,0,12,1,389,12,0,0,157,0,5,0,152,5,0,0,333,0,12,0,321,12,0,0,896,0,21,2,873,21,0,0,303,0,5,0,298,5,0,0,2,12,1,0,1,8,0,0,2,1,1,1,1,2,5,1,1,1,1,1,3,0,0,0,Normal
2020-04-11,Saturday,6,15,4,Summer,1,0,0,0,0,0,0,1.6,29.2,22.6,52.2,,0,0,0,82,15,9,13,7,119,123.0,128.0,114.0,122.86,10.7,113.0,124.86,None,0,6,5,4,0,0,2,4,1,2,1,3,7,0,0,28,23,3,1,4,23,0,23,10,1,0,0,9,1,0,1,28,1,0,2,25,1,0,1,0,389,0,12,1,376,12,0,0,152,0,5,0,147,5,0,0,321,0,11,0,310,11,0,0,873,0,19,2,852,19,0,0,298,0,2,0,296,2,0,0,2,12,1,0,1,8,0,0,2,1,2,1,1,2,6,1,1,1,1,1,2,0,0,0,Normal
2020-04-12,Sunday,7,15,4,Summer,1,0,0,0,0,0,0,0.0,30.5,24.9,48.4,,0,0,0,75,20,8,9,5,112,119.0,123.0,101.0,123.57,10.24,107.0,125.29,None,0,7,7,4,2,0,4,0,1,3,1,3,8,0,0,28,19,8,0,9,19,0,19,10,2,0,0,8,2,0,2,28,1,0,0,27,1,0,1,0,376,0,10,1,365,10,0,0,147,0,6,0,141,6,0,0,310,0,12,0,298,12,0,0,852,0,22,2,828,22,0,0,296,0,4,0,292,4,0,0,2,12,1,0,1,8,1,0,2,1,1,1,1,2,5,1,1,1,1,1,2,0,0,0,Normal
2020-04-13,Monday,1,16,4,Summer,0,0,0,0,0,0,0,0.0,30.0,22.7,46.2,,0,0,0,93,20,9,7,8,129,112.0,119.0,130.0,125.14,6.98,141.0,125.64,None,0,7,5,6,2,1,6,2,0,1,2,4,7,0,0,28,16,6,0,12,16,0,16,10,2,1,1,7,2,0,2,28,5,0,2,21,5,0,5,0,365,0,14,1,350,14,0,0,141,0,7,0,134,7,0,0,298,0,13,0,285,13,0,0,828,0,23,2,803,23,0,0,292,0,11,0,281,11,0,0,2,8,0,0,1,20,1,1,2,1,1,2,1,2,5,1,1,1,1,1,2,0,0,1,Watch
2020-04-14,Tuesday,2,16,4,Summer,0,0,0,0,0,1,0,0.0,28.5,20.5,50.9,,0,0,0,94,19,11,9,5,133,129.0,112.0,132.0,125.0,6.89,136.0,124.79,None,0,10,5,4,0,0,3,6,0,2,1,3,5,0,0,28,12,6,0,16,12,0,12,10,2,1,0,8,2,0,2,28,6,1,2,20,6,0,6,0,350,0,10,1,339,10,0,0,134,0,6,0,128,6,0,1,285,0,13,0,272,13,0,0,803,0,23,2,778,23,0,0,281,0,6,0,275,6,0,0,2,8,1,0,1,8,0,0,2,1,1,1,1,2,5,2,1,1,1,1,2,0,0,0,Normal
2020-04-15,Wednesday,3,16,4,Summer,0,0,0,1,0,0,1,0.0,29.5,20.3,44.0,,0,0,0,96,19,9,11,8,135,133.0,129.0,132.0,125.14,7.04,141.0,124.57,None,0,13,4,2,0,2,6,1,1,1,2,4,8,0,0,28,13,2,0,15,13,0,13,10,2,2,2,6,2,0,2,28,8,1,2,18,8,0,8,0,339,0,13,1,325,13,0,0,128,0,4,0,124,4,0,0,272,0,14,0,258,14,0,0,778,0,23,2,753,23,0,0,275,0,10,0,265,10,0,0,2,12,1,0,1,20,1,1,2,1,1,2,1,2,5,1,1,1,1,1,2,0,0,1,Watch
2020-04-16,Thursday,4,16,4,Summer,0,0,0,0,0,1,0,0.0,29.0,19.9,47.2,,0,0,0,93,14,15,7,7,129,135.0,133.0,128.0,125.57,7.52,127.0,124.14,None,0,7,1,0,6,0,5,7,1,2,0,2,6,0,0,28,16,2,0,12,16,0,16,10,0,2,1,9,0,0,0,28,8,2,2,18,8,0,8,0,325,0,10,1,314,10,0,0,124,0,1,0,123,1,0,0,258,0,11,0,247,11,0,0,753,0,19,1,733,19,0,0,265,0,4,0,261,4,0,0,2,20,1,1,1,8,1,0,2,1,1,1,2,2,6,2,1,1,1,1,3,0,0,1,Watch
2020-04-17,Friday,5,16,4,Summer,0,0,0,0,0,0,0,1.0,29.6,22.6,43.7,,0,0,0,86,13,8,6,5,113,129.0,135.0,123.0,125.71,7.57,123.0,124.29,None,0,5,4,4,0,0,2,4,0,2,1,3,6,0,0,28,13,5,2,13,13,0,13,10,0,0,2,8,0,0,0,28,10,1,2,16,10,0,10,0,314,0,9,1,304,9,0,0,123,0,5,0,118,5,0,0,247,0,10,0,237,10,0,0,733,0,17,1,715,17,0,0,261,0,8,0,253,8,0,0,2,8,0,0,1,8,0,0,2,1,1,1,1,2,5,1,1,1,1,1,2,0,0,0,Normal
2020-04-18,Saturday,6,16,4,Summer,1,0,0,0,0,0,0,0.0,34.3,26.2,42.0,,0,0,0,75,18,8,11,7,112,113.0,129.0,119.0,124.29,8.79,114.0,123.57,None,0,9,1,6,2,0,2,3,0,3,0,2,6,0,0,28,12,4,2,14,12,0,12,10,1,0,0,9,1,0,1,28,13,0,2,13,13,0,13,0,304,0,13,1,290,13,0,0,118,0,7,0,111,7,0,0,237,0,12,0,225,12,0,0,715,0,20,1,694,20,0,0,253,0,6,0,247,6,0,0,2,8,0,0,1,8,0,0,2,1,1,1,1,2,6,1,1,1,1,1,3,0,0,0,Normal
2020-04-19,Sunday,7,16,4,Summer,1,0,0,0,0,0,0,0.0,31.2,24.0,44.1,,0,0,0,75,16,8,12,7,111,112.0,113.0,112.0,123.29,9.69,101.0,123.43,None,0,4,6,5,1,1,2,2,4,0,2,4,4,0,0,28,13,2,0,15,13,0,13,10,3,0,1,6,3,0,3,28,14,1,2,12,14,0,14,0,290,0,12,1,277,12,0,0,361,250,6,1,354,6,0,0,225,0,10,0,215,10,0,0,694,0,19,1,674,19,0,0,247,0,8,0,239,8,0,0,2,20,1,1,1,8,0,0,2,1,1,1,2,2,6,1,1,1,1,1,4,0,0,1,Watch
2020-04-20,Monday,1,17,4,Summer,0,0,0,0,0,0,0,0.0,30.5,22.4,50.7,,0,0,0,96,22,9,7,7,134,111.0,112.0,129.0,123.14,9.86,130.0,124.14,None,0,11,5,6,0,0,4,3,1,1,1,3,8,0,0,28,17,2,1,10,17,0,17,10,0,3,0,10,0,0,0,28,8,7,0,20,8,0,8,0,277,0,14,1,262,14,0,0,354,0,8,1,345,8,0,0,215,0,15,0,200,15,0,1,674,0,25,1,648,25,0,0,239,0,4,0,235,4,0,0,2,12,1,0,1,8,1,0,2,1,1,1,1,2,6,1,1,1,1,1,2,0,0,0,Normal
2020-04-21,Tuesday,2,17,4,Summer,0,0,0,0,0,1,0,0.0,31.2,23.5,43.8,,0,0,0,94,18,14,8,8,134,134.0,111.0,133.0,123.86,10.43,132.0,124.43,None,0,2,4,7,5,1,2,9,0,3,2,4,8,0,0,28,15,7,0,13,15,0,15,10,2,0,0,8,2,0,2,28,5,4,1,22,5,0,5,0,262,0,14,0,248,14,0,0,345,0,8,1,336,8,0,0,200,0,11,0,189,11,0,0,648,0,22,1,625,22,0,0,235,0,5,0,230,5,0,0,2,16,1,1,1,8,0,0,2,1,1,1,2,2,5,2,1,1,1,1,3,0,0,1,Watch
2020-04-22,Wednesday,3,17,4,Summer,0,0,0,1,1,0,1,0.0,31.9,23.5,55.3,,0,0,0,102,20,12,10,10,144,134.0,134.0,135.0,124.0,10.56,132.0,124.57,None,0,9,4,3,4,0,4,6,1,1,1,3,7,0,0,28,17,3,1,10,17,0,17,10,3,0,2,5,3,0,3,28,8,1,1,19,8,0,8,0,248,0,16,0,232,16,0,0,336,0,5,1,330,5,0,0,189,0,14,0,175,14,0,0,625,0,24,1,600,24,0,0,230,0,10,0,220,10,0,1,2,12,1,0,1,8,1,0,3,1,1,1,1,2,6,2,1,1,1,1,3,0,0,0,Normal
2020-04-23,Thursday,4,17,4,Summer,0,0,0,0,0,1,0,0.2,31.2,24.5,42.1,,0,0,0,91,16,15,7,8,129,144.0,134.0,129.0,125.29,12.23,128.0,125.43,None,0,3,7,2,4,0,10,3,1,1,1,3,5,0,0,28,20,2,0,8,20,0,20,10,3,0,2,5,3,0,3,28,8,3,1,19,8,0,8,0,232,0,13,0,219,13,0,0,330,0,3,1,326,3,0,0,175,0,11,0,164,11,0,0,600,0,20,1,579,20,0,0,220,0,10,0,210,10,0,0,2,20,1,1,1,20,1,1,2,1,1,2,2,2,6,2,1,1,1,1,2,0,0,2,Watch
2020-04-24,Friday,5,17,4,Summer,0,0,0,0,0,0,0,1.0,30.3,21.6,45.0,,0,0,0,87,14,7,8,4,116,129.0,144.0,113.0,125.29,12.23,123.0,125.5,None,0,6,4,1,3,1,4,1,1,1,2,4,8,0,0,28,16,6,0,12,16,0,16,10,3,1,2,5,3,0,3,28,8,1,1,19,8,0,8,0,219,0,7,0,212,7,0,0,326,0,2,1,323,2,0,0,164,0,10,0,154,10,0,0,579,0,18,1,560,18,0,0,210,0,5,0,205,5,0,0,2,12,1,0,1,8,1,0,2,1,1,1,1,2,6,1,1,1,1,1,3,0,0,0,Normal
2020-04-25,Saturday,6,17,4,Summer,1,0,0,0,0,0,0,0.0,31.8,24.4,47.0,,0,0,0,77,20,8,11,8,116,116.0,129.0,112.0,125.71,11.84,119.0,125.0,None,0,3,6,8,3,0,3,3,0,2,1,3,4,0,0,28,13,5,1,14,13,0,13,10,5,2,0,5,5,0,5,28,8,2,0,20,8,0,8,0,212,0,15,0,197,15,0,1,323,0,9,1,313,9,0,0,154,0,11,0,143,11,0,0,560,0,22,1,537,22,0,0,205,0,7,0,198,7,0,0,2,8,0,0,1,8,0,0,2,1,1,1,1,2,6,1,1,1,1,1,2,0,0,0,Normal
2020-04-26,Sunday,7,17,4,Summer,1,0,0,0,0,0,0,0.0,32.7,22.4,41.9,,0,0,0,76,16,8,12,6,112,116.0,116.0,111.0,126.29,11.25,112.0,124.79,None,0,6,5,3,2,1,4,3,0,1,2,4,5,0,0,28,13,4,1,14,13,0,13,10,5,0,0,5,5,0,5,28,8,2,2,18,8,0,8,0,197,0,10,0,187,10,0,0,313,0,4,1,308,4,0,0,423,280,11,0,412,11,0,0,537,0,19,1,517,19,0,0,198,0,7,0,191,7,0,0,2,8,0,0,1,8,1,0,2,1,1,1,1,2,6,1,1,1,1,1,2,0,0,0,Normal
2020-04-27,Monday,1,18,4,Summer,0,0,0,0,0,0,0,0.0,33.6,22.2,37.9,,0,0,0,92,12,11,7,7,122,112.0,116.0,134.0,126.43,11.06,129.0,124.79,None,0,6,1,2,3,0,4,5,1,1,0,2,4,0,0,28,15,1,2,11,15,0,15,10,4,2,1,5,4,0,4,28,11,0,2,15,11,0,11,0,187,0,11,0,176,11,0,0,308,0,3,1,304,3,0,0,412,0,10,0,402,10,0,0,517,0,17,1,499,17,0,0,191,0,6,0,185,6,0,0,2,12,1,0,1,8,1,0,2,1,1,1,1,2,6,2,1,1,1,1,2,0,0,0,Normal
2020-04-28,Tuesday,2,18,4,Summer,0,0,0,0,0,1,0,1.0,31.2,23.4,46.0,,0,0,0,88,17,14,5,7,124,122.0,112.0,134.0,124.71,10.67,133.0,124.29,None,0,4,4,5,4,0,3,5,2,4,1,3,5,0,0,28,15,6,2,11,15,0,15,10,2,2,2,6,2,0,2,28,8,4,2,18,8,0,8,0,176,0,12,0,164,12,0,0,304,0,6,1,297,6,0,0,402,0,11,0,391,11,0,0,499,0,21,1,477,21,0,0,185,0,4,0,181,4,0,0,2,20,1,1,1,8,0,0,2,1,1,1,2,2,6,2,1,1,1,1,4,0,0,1,Watch
2020-04-29,Wednesday,3,18,4,Summer,0,0,0,1,0,0,1,0.0,31.9,26.5,48.0,,0,0,0,102,20,10,12,8,144,124.0,122.0,144.0,123.29,9.98,135.0,123.64,None,0,11,4,5,0,1,4,5,1,0,2,4,5,0,0,28,16,2,1,11,16,0,16,10,4,1,0,6,4,0,4,28,8,2,1,19,8,0,8,0,164,0,14,0,150,14,0,0,297,0,6,1,290,6,0,0,391,0,14,0,377,14,0,0,477,0,24,1,452,24,0,0,581,400,7,1,573,7,0,0,2,12,1,0,1,8,1,0,3,1,1,1,1,2,6,1,1,1,1,1,3,0,0,0,Normal
2020-04-30,Thursday,4,18,4,Summer,0,0,0,0,0,1,0,0.0,30.8,22.3,47.9,,0,0,0,90,19,15,6,6,130,144.0,124.0,129.0,123.29,9.98,129.0,124.29,None,0,7,2,4,6,0,6,7,0,2,0,2,7,0,0,28,16,1,2,10,16,0,16,10,4,1,0,6,4,0,4,28,12,0,1,15,12,0,12,0,450,300,11,1,438,11,0,0,290,0,6,1,283,6,0,0,377,0,13,0,364,13,0,0,452,0,22,1,429,22,0,0,573,0,9,1,563,9,0,0,2,16,1,1,1,20,1,1,2,1,1,2,2,2,6,2,1,1,1,1,4,0,0,2,Watch
2020-05-01,Friday,5,18,5,Summer,0,1,0,0,0,0,1,0.0,34.6,26.3,47.4,,0,0,0,86,21,8,7,7,122,130.0,144.0,116.0,123.43,10.07,113.0,124.36,None,0,9,4,7,1,1,5,0,1,2,2,4,5,0,0,28,15,6,2,11,15,0,15,10,2,2,2,6,2,0,2,28,8,6,0,20,8,0,8,0,438,0,14,1,423,14,0,0,283,0,8,1,274,8,0,0,364,0,13,0,351,13,0,0,429,0,24,1,404,24,0,0,563,0,7,1,555,7,0,0,2,12,1,0,1,8,1,0,2,1,1,1,1,2,6,1,1,1,1,1,2,0,0,0,Normal
2020-05-02,Saturday,6,18,5,Summer,1,0,0,0,0,0,0,0.0,32.7,24.1,47.8,,0,0,0,78,18,9,12,8,117,122.0,130.0,116.0,124.29,9.65,112.0,125.0,None,0,4,10,3,1,1,2,5,0,2,3,5,8,0,0,28,14,4,1,13,14,0,14,10,1,2,1,8,1,0,1,28,11,1,1,16,11,0,11,0,423,0,13,1,409,13,0,0,274,0,4,1,269,4,0,0,351,0,11,0,340,11,0,0,404,0,21,1,382,21,0,1,555,0,14,1,540,14,0,0,2,8,0,0,1,8,0,0,2,1,1,1,1,2,6,1,1,1,1,1,2,0,0,0,Normal
2020-05-03,Sunday,7,18,5,Summer,1,0,0,0,0,0,0,0.0,32.2,25.2,47.0,,0,0,0,73,18,10,11,9,112,117.0,122.0,112.0,124.43,9.53,111.0,125.36,None,0,8,5,3,2,0,6,0,4,0,1,3,5,0,0,28,14,2,1,13,14,0,14,10,4,0,1,5,4,0,4,28,11,4,0,17,11,0,11,0,409,0,14,1,394,14,0,0,269,0,4,1,264,4,0,0,340,0,12,0,328,12,0,0,382,0,20,1,361,20,0,0,540,0,10,1,529,10,0,0,2,20,1,1,1,20,1,1,2,1,1,2,2,2,6,1,1,1,1,1,3,0,0,2,Watch
2020-05-04,Monday,1,19,5,Summer,0,0,0,0,0,0,0,0.2,31.6,23.2,47.8,,0,0,0,96,20,9,7,9,132,112.0,117.0,122.0,124.43,9.53,134.0,125.43,None,0,5,10,4,1,2,5,3,1,0,3,5,6,0,0,28,16,2,1,11,16,0,16,10,4,3,1,5,4,0,4,28,11,2,2,15,11,0,11,0,394,0,15,1,378,15,0,0,264,0,6,1,257,6,0,0,328,0,13,0,315,13,0,0,361,0,24,1,336,24,0,0,529,0,11,1,517,11,0,0,2,12,1,0,1,8,1,0,2,1,1,1,1,2,6,1,1,1,1,1,4,0,0,0,Normal
2020-05-05,Tuesday,2,19,5,Summer,0,0,0,0,0,1,0,0.0,32.9,25.8,49.4,,0,0,0,94,17,14,6,7,131,132.0,112.0,124.0,125.86,9.8,134.0,125.29,None,0,6,6,3,2,1,4,8,1,1,2,4,6,0,0,28,16,4,2,10,16,0,16,10,3,3,1,6,3,0,3,28,10,2,1,17,10,0,10,0,378,0,12,1,365,12,0,0,257,0,4,1,252,4,0,0,315,0,12,0,303,12,0,0,336,0,21,1,314,21,0,0,517,0,6,1,510,6,0,0,2,20,1,1,1,8,1,0,2,1,1,1,2,2,6,2,1,1,1,1,2,0,0,1,Watch
2020-05-06,Wednesday,3,19,5,Summer,0,0,0,1,0,0,1,0.0,32.7,24.0,48.5,,0,0,0,100,15,10,13,9,138,131.0,132.0,144.0,126.86,9.92,144.0,125.07,None,0,8,2,3,2,0,2,3,5,0,1,3,8,0,0,28,19,3,2,7,19,0,19,10,3,2,1,6,3,0,3,28,8,3,1,19,8,0,8,0,365,0,14,1,350,14,0,0,252,0,4,0,248,4,0,0,303,0,12,0,291,12,0,0,314,0,20,1,293,20,0,0,510,0,3,1,506,3,0,0,2,20,1,1,1,8,0,0,3,1,2,1,2,2,6,1,1,1,1,1,2,0,0,1,Watch
2020-05-07,Thursday,4,19,5,Summer,0,0,0,0,0,1,0,1.0,34.5,23.2,42.3,,0,0,0,86,16,12,8,7,122,138.0,131.0,130.0,126.0,8.57,129.0,124.64,None,0,5,5,5,1,1,6,3,1,2,2,4,7,0,0,28,16,6,2,10,16,0,16,10,5,0,2,3,5,0,5,28,9,1,1,18,9,0,9,0,350,0,12,1,337,12,0,0,248,0,6,0,242,6,0,0,291,0,11,0,280,11,0,0,993,700,20,2,971,20,0,0,506,0,7,0,499,7,0,0,2,12,1,0,1,20,1,1,2,1,1,2,1,2,6,2,1,1,1,1,2,0,0,1,Watch
2020-05-08,Friday,5,19,5,Summer,0,0,0,0,0,0,0,0.0,33.3,24.7,53.8,,0,0,0,82,16,7,7,6,112,122.0,138.0,122.0,124.86,8.49,116.0,124.14,None,0,4,4,5,3,1,1,2,1,3,2,4,8,0,0,28,15,5,2,11,15,0,15,10,6,1,2,2,6,0,6,28,8,1,0,20,8,0,8,0,337,0,11,1,325,11,0,0,242,0,6,0,236,6,0,0,280,0,10,0,270,10,0,0,971,0,19,2,950,19,0,0,499,0,3,0,496,3,0,0,2,12,1,0,1,8,0,0,2,1,1,1,1,2,6,1,1,1,1,1,2,0,0,0,Normal
2020-05-09,Saturday,6,19,5,Summer,1,0,0,0,0,0,0,0.0,31.8,21.3,42.9,,0,0,0,78,17,7,11,7,113,112.0,122.0,117.0,123.43,9.62,116.0,123.86,None,0,6,5,3,3,0,5,2,0,0,1,3,8,0,0,28,15,2,0,13,15,0,15,10,6,2,0,4,6,0,6,28,10,1,2,16,10,0,10,0,325,0,12,1,312,12,0,0,236,0,4,0,232,4,0,0,270,0,11,0,259,11,0,0,950,0,20,2,928,20,0,0,496,0,8,0,488,8,0,0,2,8,0,0,1,8,1,0,2,1,1,1,1,2,6,1,1,1,1,1,3,0,0,0,Normal
2020-05-10,Sunday,7,19,5,Summer,1,0,0,0,0,0,0,0.0,32.2,25.2,46.6,,0,0,0,77,16,8,12,8,113,113.0,112.0,112.0,122.86,10.09,112.0,123.64,None,0,5,4,5,2,0,3,3,1,1,1,3,4,0,0,28,12,4,0,16,12,0,12,10,9,0,0,1,9,0,9,28,13,1,0,15,13,0,13,0,312,0,14,1,297,14,0,0,232,0,6,0,226,6,0,0,259,0,10,0,249,10,0,0,928,0,19,2,907,19,0,0,488,0,10,0,478,10,0,0,2,12,1,0,1,8,0,0,2,1,1,1,1,2,6,1,1,1,1,1,4,0,0,0,Normal
2020-05-11,Monday,1,20,5,Summer,0,0,0,0,0,0,0,0.0,31.9,23.0,46.5,,0,0,0,95,15,7,7,6,124,113.0,113.0,132.0,123.0,9.94,122.0,123.71,None,0,6,3,6,0,0,4,0,0,3,1,3,4,0,0,28,15,1,2,11,15,0,15,10,1,9,1,8,1,0,1,28,7,7,2,19,7,0,7,0,297,0,11,1,285,11,0,0,226,0,7,0,219,7,0,0,249,0,11,0,238,11,0,0,907,0,20,2,885,20,0,0,478,0,4,0,474,4,0,0,2,8,0,0,1,8,1,0,2,1,1,1,1,2,5,1,1,1,1,1,3,0,0,0,Normal
2020-05-12,Tuesday,2,20,5,Summer,0,0,0,0,0,1,0,0.0,32.9,25.8,54.4,,0,0,0,95,16,12,9,7,132,124.0,113.0,131.0,121.86,9.28,124.0,123.86,None,0,5,5,4,2,0,4,8,0,0,1,3,6,0,0,28,16,5,1,11,16,0,16,10,1,0,2,7,1,0,1,28,7,1,2,19,7,0,7,0,285,0,12,1,272,12,0,0,219,0,5,0,214,5,0,0,238,0,11,0,227,11,0,0,885,0,20,2,863,20,0,0,474,0,4,0,470,4,0,0,2,8,1,0,1,8,1,0,2,1,1,1,1,2,6,2,1,1,1,1,4,0,0,0,Normal
2020-05-13,Wednesday,3,20,5,Summer,0,0,0,1,0,0,1,0.0,31.0,23.1,46.0,,0,0,0,99,13,10,13,8,135,132.0,124.0,138.0,122.0,9.43,144.0,124.43,None,0,5,4,2,2,1,3,4,1,2,2,4,4,0,0,28,14,6,0,14,14,0,14,10,1,1,2,7,1,0,1,28,9,1,0,19,9,0,9,0,272,0,12,1,259,12,0,0,214,0,3,0,211,3,0,0,227,0,10,0,217,10,0,0,863,0,18,2,843,18,0,0,470,0,9,0,461,9,0,0,2,12,1,0,1,8,0,0,3,1,2,1,1,2,6,1,1,1,1,1,2,0,0,0,Normal
2020-05-14,Thursday,4,20,5,Summer,0,0,0,0,0,1,0,0.0,30.2,23.1,43.7,,0,0,0,91,10,15,5,7,121,135.0,132.0,122.0,121.57,8.73,130.0,123.79,None,0,4,3,2,1,0,5,7,1,2,1,3,6,0,0,28,13,6,0,15,13,0,13,10,2,0,2,6,2,0,2,28,9,1,1,18,9,0,9,0,259,0,10,0,249,10,0,0,211,0,3,0,208,3,0,0,217,0,9,0,208,9,0,0,843,0,15,2,826,15,0,0,461,0,4,0,457,4,0,0,2,20,1,1,1,8,1,0,2,1,1,1,2,2,6,2,1,1,1,1,3,0,0,1,Watch
2020-05-15,Friday,5,20,5,Summer,0,0,0,0,0,0,0,0.6,33.3,24.0,46.1,Diarrheal,3,1,5,100,34,9,7,7,150,121.0,135.0,112.0,121.43,8.73,122.0,123.14,None,0,7,5,19,3,0,5,3,0,1,1,3,6,0,0,28,12,4,1,15,12,0,12,10,5,0,3,2,5,0,5,28,6,4,0,22,6,0,6,0,249,0,19,0,230,19,0,0,208,0,20,0,188,20,0,0,208,0,18,0,190,18,0,1,826,0,35,2,789,35,0,0,457,0,8,0,449,8,0,0,2,8,0,0,1,8,1,0,3,1,1,1,1,2,5,1,1,1,1,1,4,0,0,0,Watch
2020-05-16,Saturday,6,20,5,Summer,1,0,0,0,0,0,0,0.0,32.2,23.7,49.9,Diarrheal,3,1,5,82,29,11,10,7,132,150.0,121.0,113.0,126.86,12.28,117.0,125.14,None,0,5,4,17,3,1,6,2,2,1,2,4,5,0,0,28,14,3,1,13,14,0,14,10,3,3,0,7,3,0,3,28,6,1,0,22,6,0,6,0,230,0,18,0,212,18,0,0,188,0,18,0,170,18,0,0,190,0,15,0,175,15,0,0,789,0,30,2,757,30,0,0,449,0,8,0,441,8,0,0,2,20,1,1,1,20,1,1,2,1,1,2,2,2,5,2,1,1,1,1,2,0,0,2,Watch
2020-05-17,Sunday,7,20,5,Summer,1,0,0,0,0,0,0,0.1,35.1,27.1,45.8,Diarrheal,3,1,4,88,37,10,9,9,144,132.0,150.0,113.0,129.57,10.94,112.0,126.21,None,0,7,8,16,6,2,3,4,2,1,3,5,4,1,1,28,18,2,0,10,18,0,18,10,3,0,0,7,3,0,3,28,9,0,0,19,9,0,9,0,212,0,21,0,191,21,0,1,170,0,18,0,152,18,0,0,175,0,19,0,156,19,0,0,757,0,37,1,719,37,0,0,441,0,15,0,426,15,0,0,2,20,1,1,1,8,0,0,2,1,1,1,2,2,6,1,1,1,1,1,2,0,0,2,Watch
2020-05-18,Monday,1,21,5,Summer,0,0,0,0,0,0,0,0.0,35.0,25.6,47.7,Diarrheal,3,1,4,105,31,8,6,7,150,144.0,132.0,124.0,134.0,9.52,132.0,128.5,None,0,5,5,16,5,0,3,3,2,0,1,3,8,0,0,28,17,4,0,11,17,0,17,10,4,0,2,4,4,0,4,28,9,3,2,17,9,0,9,0,191,0,18,0,173,18,0,0,152,0,18,0,134,18,0,0,156,0,17,0,139,17,0,0,719,0,33,1,685,33,0,0,426,0,12,0,414,12,0,0,2,20,1,1,1,8,0,0,3,1,1,1,2,2,6,1,1,1,1,1,2,0,0,1,Watch
2020-05-19,Tuesday,2,21,5,Summer,0,0,0,0,0,1,0,0.0,28.5,21.0,57.0,Diarrheal,3,1,4,109,34,14,7,11,164,150.0,144.0,132.0,137.71,9.95,131.0,129.79,None,0,4,8,18,4,3,3,7,2,2,4,6,5,1,1,28,16,6,1,11,16,0,16,10,1,4,2,7,1,0,1,28,12,2,0,16,12,0,12,0,173,0,24,0,149,24,0,0,134,0,20,0,114,20,0,1,139,0,18,0,121,18,0,0,685,0,36,1,648,36,0,0,414,0,19,0,395,19,0,0,2,20,1,1,1,8,0,0,3,1,1,1,2,3,6,2,1,1,1,1,4,0,0,2,Watch
2020-05-20,Wednesday,3,21,5,Summer,0,0,0,1,0,0,1,0.0,33.3,24.7,47.0,Diarrheal,3,1,5,112,33,10,14,10,169,164.0,150.0,135.0,142.29,13.12,138.0,132.14,None,0,3,3,20,7,0,3,3,1,3,1,3,8,0,0,28,18,5,0,10,18,0,18,10,2,0,1,7,2,0,2,28,13,1,2,13,13,0,13,0,149,0,23,0,126,23,0,0,114,0,21,0,93,21,0,0,121,0,18,0,103,18,0,0,648,0,35,1,612,35,0,0,395,0,8,0,387,8,0,0,2,12,1,0,1,8,0,0,3,1,2,1,1,3,6,1,1,1,2,2,3,0,0,0,Watch
2020-05-21,Thursday,4,21,5,Summer,0,0,0,0,0,1,0,0.4,29.2,20.6,49.4,Diarrheal,3,1,5,98,29,14,7,9,148,169.0,164.0,121.0,147.14,15.59,122.0,134.36,None,0,2,4,20,3,1,7,3,2,2,2,4,7,0,0,28,16,9,2,10,16,0,16,10,2,0,0,8,2,0,2,28,12,3,2,14,12,0,12,0,126,0,21,0,105,21,0,0,93,0,21,0,72,21,0,0,383,280,15,0,368,15,0,0,612,0,31,1,580,31,0,0,387,0,10,0,377,10,0,0,2,20,1,1,1,20,1,1,3,1,1,2,2,2,6,2,1,1,1,1,4,0,0,2,Watch
2020-05-22,Friday,5,21,5,Summer,0,0,0,0,0,0,0,0.0,33.4,22.1,48.6,Diarrheal,3,1,5,98,27,8,8,7,141,148.0,169.0,150.0,151.0,11.43,112.0,136.21,None,0,3,4,15,5,0,2,2,3,1,1,3,7,0,0,28,14,7,0,14,14,0,14,10,0,2,2,8,0,0,0,28,12,2,1,15,12,0,12,0,405,300,17,1,387,17,0,0,72,0,16,0,56,16,0,0,368,0,15,0,353,15,0,0,580,0,29,1,550,29,0,0,377,0,9,0,368,9,0,0,2,20,1,1,1,8,0,0,3,1,1,1,2,2,6,1,1,1,1,1,3,0,0,1,Watch
2020-05-23,Saturday,6,21,5,Summer,1,0,0,0,0,0,0,0.0,33.1,25.9,48.2,Diarrheal,3,1,4,90,32,7,8,8,137,141.0,148.0,132.0,149.71,11.96,113.0,138.29,None,0,1,8,17,6,0,4,1,0,2,1,3,7,0,0,28,8,9,2,18,8,0,8,10,0,0,1,9,0,0,0,28,15,2,1,12,15,0,15,0,387,0,20,1,366,20,0,0,56,0,18,0,38,18,0,0,353,0,16,0,337,16,0,0,550,0,33,1,516,33,0,0,368,0,17,0,351,17,0,0,2,8,0,0,1,8,1,0,2,1,1,1,1,2,5,1,1,1,1,1,4,0,0,0,Watch
2020-05-24,Sunday,7,21,5,Summer,1,0,0,0,0,0,0,1.1,33.9,24.5,41.2,Diarrheal,3,1,5,87,37,10,13,10,147,137.0,141.0,144.0,150.43,10.99,113.0,140.0,None,0,5,4,23,5,0,6,4,0,0,1,3,5,0,0,28,9,4,0,19,9,0,9,10,2,0,1,7,2,0,2,28,14,4,2,12,14,0,14,0,366,0,24,1,341,24,0,0,288,250,24,1,263,24,0,0,337,0,18,0,319,18,0,0,516,0,37,1,478,37,0,0,351,0,11,0,340,11,0,0,2,8,1,0,1,20,1,1,2,1,2,2,1,2,6,1,1,1,1,1,3,0,0,1,Watch
2020-05-25,Monday,1,22,5,Summer,0,0,0,0,0,0,0,0.0,31.9,23.0,46.0,Diarrheal,3,1,5,106,26,9,6,8,147,147.0,137.0,150.0,150.86,10.79,124.0,142.43,None,0,2,4,13,7,0,3,2,3,1,1,3,5,0,0,28,11,2,1,16,11,0,11,10,2,1,1,7,2,0,2,28,16,1,0,12,16,0,16,0,341,0,17,1,323,17,0,0,263,0,14,0,249,14,0,0,319,0,15,0,304,15,0,0,478,0,29,1,448,29,0,0,340,0,11,0,329,11,0,0,2,20,1,1,1,8,0,0,3,1,1,1,2,2,6,1,1,1,1,1,4,0,0,1,Watch
2020-05-26,Tuesday,2,22,5,Summer,0,0,0,0,0,1,0,0.0,33.3,25.7,43.3,Diarrheal,3,1,5,103,27,14,9,9,153,147.0,147.0,164.0,150.43,10.87,132.0,144.07,None,0,10,4,11,2,0,9,4,0,1,1,3,8,0,0,28,14,1,0,14,14,0,14,10,5,0,1,4,5,0,5,28,15,3,2,11,15,0,15,0,323,0,18,1,304,18,0,0,249,0,13,0,236,13,0,0,304,0,17,0,287,17,0,0,448,0,30,1,417,30,0,0,329,0,9,0,320,9,0,0,2,16,1,1,1,20,1,1,3,1,1,2,2,2,6,2,1,1,1,1,3,0,0,2,Watch
2020-05-27,Wednesday,3,22,5,Summer,0,0,0,1,0,0,1,0.0,30.2,21.3,44.3,Diarrheal,3,1,5,112,31,8,13,9,164,153.0,147.0,169.0,148.86,9.51,135.0,145.57,None,0,6,6,16,3,0,4,3,1,0,1,3,7,0,0,28,18,2,2,8,18,0,18,10,7,0,2,1,7,0,7,28,16,0,1,11,16,0,16,0,304,0,20,1,283,20,0,0,236,0,18,0,218,18,0,0,287,0,18,0,269,18,0,0,417,0,34,1,382,34,0,1,320,0,8,0,312,8,0,0,2,12,1,0,1,8,1,0,3,1,2,1,1,3,7,1,1,1,1,1,4,0,0,0,Watch
2020-05-28,Thursday,4,22,5,Summer,0,0,0,0,0,1,0,0.0,35.2,26.9,46.1,Diarrheal,3,1,5,96,32,13,3,8,144,164.0,153.0,148.0,148.14,8.04,121.0,147.64,None,0,6,1,22,3,0,5,6,0,2,0,2,5,0,0,28,22,3,2,4,22,0,22,10,5,2,2,3,5,0,5,28,13,4,2,13,13,0,13,0,283,0,21,1,261,21,0,0,218,0,23,0,195,23,0,0,269,0,17,0,252,17,0,0,382,0,33,1,348,33,0,0,312,0,6,0,306,6,0,0,2,16,1,1,1,8,1,0,2,1,1,1,2,2,7,2,1,1,1,1,4,0,0,1,Watch
2020-05-29,Friday,5,22,5,Summer,0,0,0,0,0,0,0,0.0,32.1,22.2,50.8,Diarrheal,3,1,5,97,31,9,4,6,141,144.0,164.0,141.0,147.57,8.17,150.0,149.29,None,0,5,3,21,2,0,4,1,2,2,1,3,7,0,0,28,20,5,1,7,20,0,20,10,0,5,0,10,0,0,0,28,11,5,2,15,11,0,11,0,261,0,18,0,243,18,0,0,195,0,22,0,173,22,0,0,252,0,17,0,235,17,0,0,348,0,33,1,314,33,0,0,306,0,10,0,296,10,0,0,2,20,1,1,1,8,1,0,3,1,1,1,2,2,6,1,1,1,1,1,2,0,0,1,Watch
2020-05-30,Saturday,6,22,5,Summer,1,0,0,0,0,0,0,0.0,33.2,23.3,50.0,Diarrheal,3,1,5,88,32,10,9,10,139,141.0,144.0,137.0,147.57,8.17,132.0,148.64,None,0,7,10,12,3,0,2,6,0,2,2,4,5,0,0,28,19,8,0,9,19,0,19,10,0,0,2,8,0,0,0,28,13,1,2,13,13,0,13,0,243,0,20,0,223,20,0,0,173,0,14,0,159,14,0,0,235,0,17,0,218,17,0,0,314,0,33,1,280,33,0,0,296,0,14,0,282,14,0,0,2,8,1,0,1,8,0,0,2,1,1,1,1,2,6,1,1,1,1,1,4,0,0,0,Watch
2020-05-31,Sunday,7,22,5,Summer,1,0,0,0,0,0,0,0.0,31.9,23.8,42.5,Diarrheal,3,1,5,88,30,8,12,8,138,139.0,141.0,147.0,147.86,7.83,144.0,149.14,None,0,7,9,13,1,3,2,1,2,3,4,6,8,0,0,28,19,7,0,9,19,0,19,10,0,0,0,10,0,0,0,28,14,0,0,14,14,0,14,0,223,0,18,0,205,18,0,0,159,0,15,0,144,15,0,0,218,0,16,0,202,16,0,1,280,0,31,0,249,31,0,0,282,0,12,0,270,12,0,0,2,20,1,1,1,8,0,0,2,1,1,1,2,2,6,1,1,1,1,1,2,0,0,1,Watch
2020-06-01,Monday,1,23,6,Monsoon,0,0,0,0,0,0,0,66.6,35.0,26.0,90.5,Diarrheal,3,1,5,104,55,6,8,9,173,138.0,139.0,147.0,146.57,8.57,150.0,148.71,Flood_Disruption,3,9,7,36,3,1,1,2,1,2,2,4,6,0,0,28,19,3,2,7,19,0,19,10,3,0,2,5,3,0,3,28,9,8,1,18,9,0,9,0,205,0,30,0,175,30,0,1,144,0,38,0,106,38,0,1,202,0,26,0,176,26,0,0,949,700,52,2,895,52,0,0,270,0,13,0,257,13,0,0,2,12,1,0,1,8,0,0,3,2,2,1,1,3,6,1,2,2,1,1,3,0,0,0,Watch
2020-06-02,Tuesday,2,23,6,Monsoon,0,0,0,0,0,1,0,26.5,33.0,24.9,72.5,Diarrheal,3,1,3,99,42,12,5,9,158,173.0,138.0,153.0,150.29,12.62,164.0,150.36,None,0,9,5,24,4,2,3,6,0,3,2,4,5,0,0,28,16,6,3,9,16,0,16,10,2,2,1,7,2,0,2,28,11,3,2,15,11,0,11,0,175,0,24,0,151,24,0,0,106,0,26,0,80,26,0,0,176,0,21,0,155,21,0,0,895,0,42,2,851,42,0,0,257,0,17,0,240,17,0,0,2,8,1,0,1,8,0,0,3,2,1,1,1,2,6,2,2,1,1,1,3,0,0,0,Watch
2020-06-03,Wednesday,3,23,6,Monsoon,0,0,0,1,0,0,1,33.2,32.4,25.0,82.7,Diarrheal,3,1,4,109,49,8,11,11,177,158.0,173.0,164.0,151.0,12.9,169.0,149.93,None,0,6,5,29,9,0,3,2,2,1,1,3,7,0,0,28,18,2,0,10,18,0,18,10,3,1,2,5,3,0,3,28,15,1,0,13,15,0,15,0,151,0,29,0,122,29,0,0,80,0,31,0,49,31,0,0,155,0,24,0,131,24,0,0,851,0,48,2,801,48,0,0,240,0,16,0,224,16,0,1,2,20,1,1,1,8,0,0,3,2,1,1,2,3,7,1,2,2,1,1,2,0,0,1,Watch
2020-06-04,Thursday,4,23,6,Monsoon,0,0,0,0,0,1,0,23.0,30.3,22.1,88.0,Diarrheal,3,1,4,99,48,13,7,11,167,177.0,158.0,144.0,152.86,15.34,148.0,150.5,None,0,4,6,33,5,0,4,6,0,3,1,3,7,0,0,28,22,3,0,6,22,0,22,10,4,0,0,6,4,0,4,28,17,1,0,11,17,0,17,0,122,0,30,0,92,30,0,0,49,0,34,0,15,34,0,0,131,0,23,0,108,23,0,0,801,0,46,2,753,46,0,0,224,0,12,0,212,12,0,0,2,16,1,1,1,8,1,0,3,2,1,1,2,3,7,2,2,2,1,1,3,0,0,1,Watch
2020-06-05,Friday,5,23,6,Monsoon,0,0,0,0,0,0,0,12.5,35.3,25.6,70.4,Diarrheal,3,1,4,95,45,10,7,8,157,167.0,177.0,141.0,156.14,15.55,141.0,151.86,None,0,8,7,25,5,1,5,3,1,1,2,4,5,0,0,28,20,4,1,7,20,0,20,10,5,3,0,5,5,0,5,28,16,3,2,10,16,0,16,0,92,0,24,0,68,24,0,0,15,0,15,0,0,27,12,0,108,0,22,0,86,22,0,0,753,0,44,1,708,44,0,0,212,0,11,0,201,11,0,0,2,12,1,0,1,8,1,0,2,2,1,1,1,2,7,1,2,2,1,1,2,0,0,1,Watch
2020-06-06,Saturday,6,23,6,Monsoon,1,0,0,0,1,0,0,20.2,32.9,23.4,81.8,Diarrheal,3,1,4,94,48,12,12,12,166,157.0,167.0,139.0,158.43,14.28,137.0,153.0,None,0,5,6,29,8,1,3,6,1,2,2,4,7,0,0,28,22,4,2,4,22,0,22,10,4,2,2,4,4,0,4,28,20,1,0,8,20,0,20,0,368,300,30,1,337,30,0,0,250,250,31,0,219,31,0,0,366,280,22,0,344,22,0,0,708,0,46,1,661,46,0,0,201,0,17,0,184,17,0,0,2,12,1,0,1,8,0,0,2,2,1,1,1,3,7,2,2,2,1,1,4,0,0,0,Watch
2020-06-07,Sunday,7,23,6,Monsoon,1,0,0,0,1,0,0,43.0,33.3,26.1,88.6,Diarrheal,3,1,6,84,51,11,12,10,158,166.0,157.0,138.0,162.29,11.97,147.0,155.07,Flood_Disruption,2,10,8,27,6,0,3,4,0,4,2,4,5,0,0,28,17,12,2,9,17,0,17,10,5,1,0,5,5,0,5,28,19,2,1,8,19,0,19,0,337,0,28,1,308,28,0,0,219,0,29,0,190,29,0,0,344,0,24,0,320,24,0,0,661,0,48,1,612,48,0,0,184,0,9,0,175,9,0,0,2,8,1,0,1,8,0,0,2,2,2,1,1,2,7,2,2,2,1,1,3,0,0,0,Watch
2020-06-08,Monday,1,24,6,Monsoon,0,0,0,0,0,0,0,11.1,33.5,23.4,81.6,Diarrheal,3,1,4,105,43,9,6,10,163,158.0,166.0,173.0,165.14,7.32,147.0,155.86,None,0,9,3,27,4,1,5,3,0,1,1,3,5,0,0,28,19,3,0,9,19,0,19,10,4,2,1,5,4,0,4,28,19,4,1,8,19,0,19,0,308,0,27,1,280,27,0,0,190,0,29,0,161,29,0,0,320,0,22,0,298,22,0,0,612,0,43,1,568,43,0,0,175,0,13,0,162,13,0,0,2,8,0,0,1,8,1,0,3,2,1,1,1,3,7,1,2,1,1,1,2,0,0,0,Watch
2020-06-09,Tuesday,2,24,6,Monsoon,0,0,0,0,0,1,0,15.5,34.8,26.5,78.7,Diarrheal,3,1,5,99,46,13,8,11,166,163.0,158.0,158.0,163.71,6.58,153.0,157.0,None,0,8,6,25,7,1,5,6,1,1,2,4,8,0,0,28,20,5,2,6,20,0,20,10,5,0,0,5,5,0,5,28,20,3,1,7,20,0,20,0,280,0,28,1,251,28,0,0,161,0,27,0,134,27,0,0,298,0,23,0,275,23,0,0,568,0,45,1,522,45,0,0,162,0,15,0,147,15,0,0,2,20,1,1,1,8,1,0,3,2,1,1,2,3,7,2,2,2,1,1,4,0,0,1,Watch
2020-06-10,Wednesday,3,24,6,Monsoon,0,0,0,1,0,0,1,13.5,33.4,24.4,73.8,,0,0,0,94,29,6,12,8,141,166.0,163.0,177.0,164.86,6.17,164.0,157.93,None,0,11,9,4,5,2,3,3,0,0,3,5,7,0,0,28,20,4,0,8,20,0,20,10,4,2,1,5,4,0,4,28,19,4,0,9,19,0,19,0,251,0,15,0,236,15,0,0,134,0,6,0,128,6,0,1,275,0,17,0,258,17,0,0,522,0,31,1,490,31,0,0,547,400,12,1,534,12,0,0,2,8,0,0,1,8,0,0,2,1,1,1,1,2,7,1,1,1,1,1,2,0,0,0,Normal
2020-06-11,Thursday,4,24,6,Monsoon,0,0,0,0,0,1,0,10.4,30.4,21.9,79.7,,0,0,0,92,29,13,9,10,143,141.0,166.0,167.0,159.71,8.48,144.0,156.29,None,0,11,10,5,3,1,2,7,2,2,2,4,4,0,0,28,23,2,0,5,23,0,23,10,4,2,0,6,4,0,4,28,18,4,2,8,18,0,18,0,236,0,18,0,218,18,0,0,128,0,7,0,121,7,0,0,258,0,17,0,241,17,0,0,490,0,31,1,458,31,0,0,534,0,12,1,521,12,0,0,2,20,1,1,1,8,0,0,2,1,1,1,2,2,7,2,1,1,1,1,3,0,0,1,Watch
2020-06-12,Friday,5,24,6,Monsoon,0,0,0,0,0,0,0,17.1,35.9,29.0,67.1,,0,0,0,91,29,9,7,8,136,143.0,141.0,157.0,156.29,9.62,141.0,156.21,None,0,14,5,6,4,1,2,4,1,2,2,4,7,0,0,28,20,5,1,7,20,0,20,10,7,0,0,3,7,0,7,28,19,2,0,9,19,0,19,0,218,0,16,0,202,16,0,0,121,0,8,0,113,8,0,0,241,0,18,0,223,18,0,0,458,0,30,1,427,30,0,0,521,0,9,1,511,9,0,0,2,12,1,0,1,8,0,0,2,1,1,1,1,2,7,1,1,1,1,1,4,0,0,0,Normal
2020-06-13,Saturday,6,24,6,Monsoon,1,0,0,0,0,0,0,6.4,34.6,27.6,77.0,,0,0,0,79,27,8,12,9,126,136.0,143.0,166.0,153.29,11.92,139.0,155.86,None,0,11,4,8,4,0,4,1,1,2,1,3,5,0,0,28,23,4,2,3,23,0,23,10,0,7,2,8,0,0,0,28,17,4,0,11,17,0,17,0,202,0,17,0,185,17,0,1,113,0,10,0,103,10,0,0,223,0,16,0,207,16,0,0,427,0,28,1,398,28,0,1,511,0,6,1,504,6,0,0,2,12,1,0,1,8,1,0,2,1,1,1,1,2,7,1,1,1,1,1,4,0,0,0,Normal
2020-06-14,Sunday,7,24,6,Monsoon,1,0,0,0,0,0,0,19.2,34.1,24.4,73.1,,0,0,0,73,30,6,10,9,119,126.0,136.0,158.0,147.57,13.89,138.0,154.93,None,0,15,7,6,2,3,3,1,0,2,3,5,5,0,0,28,20,8,0,8,20,0,20,10,1,0,2,7,1,0,1,28,17,3,0,11,17,0,17,0,185,0,17,0,168,17,0,0,103,0,8,0,95,8,0,0,207,0,17,0,190,17,0,1,398,0,30,1,367,30,0,0,504,0,12,0,492,12,0,0,2,8,0,0,1,8,0,0,2,1,1,1,1,2,7,1,1,1,1,1,3,0,0,0,Normal
2020-06-15,Monday,1,25,6,Monsoon,0,0,0,0,0,0,0,31.2,34.5,28.8,86.0,,0,0,0,92,36,6,6,8,140,119.0,126.0,163.0,142.0,16.21,173.0,153.57,None,0,13,7,14,2,0,1,5,0,0,1,3,6,0,0,28,23,4,1,4,23,0,23,10,1,1,1,8,1,0,1,28,12,5,0,16,12,0,12,0,168,0,19,0,149,19,0,0,345,250,16,1,328,16,0,0,190,0,20,0,170,20,0,0,367,0,36,1,330,36,0,0,492,0,4,0,488,4,0,0,2,8,0,0,1,8,0,0,2,1,1,1,1,2,7,1,1,1,1,1,3,0,0,0,Normal
2020-06-16,Tuesday,2,25,6,Monsoon,0,0,0,0,0,1,0,3.7,35.4,29.0,67.6,,0,0,0,86,23,13,8,8,130,140.0,119.0,166.0,138.71,13.77,158.0,151.21,None,0,12,4,5,2,0,6,6,0,1,1,3,6,0,0,28,21,7,0,7,21,0,21,10,0,1,1,9,0,0,0,28,12,3,0,16,12,0,12,0,149,0,15,0,134,15,0,0,328,0,7,1,320,7,0,0,170,0,15,0,155,15,0,0,330,0,25,1,304,25,0,0,488,0,8,0,480,8,0,0,2,16,1,1,1,20,1,1,2,1,1,2,2,2,6,2,1,1,1,1,3,0,0,2,Watch
2020-06-17,Wednesday,3,25,6,Monsoon,0,0,0,1,0,0,1,9.6,36.8,29.6,71.8,,0,0,0,99,30,9,11,9,149,130.0,140.0,141.0,133.57,8.23,177.0,149.21,None,0,12,3,11,4,0,4,3,1,1,1,3,8,0,0,28,21,5,0,7,21,0,21,10,3,0,2,5,3,0,3,28,12,1,2,14,12,0,12,0,134,0,19,0,115,19,0,0,320,0,13,1,306,13,0,0,155,0,18,0,137,18,0,0,304,0,32,1,271,32,0,0,480,0,4,0,476,4,0,0,2,12,1,0,1,8,1,0,3,1,1,1,1,2,7,1,1,1,1,1,2,0,0,0,Normal
2020-06-18,Thursday,4,25,6,Monsoon,0,0,0,0,0,1,0,15.9,34.2,27.3,79.8,,0,0,0,88,32,12,7,9,139,149.0,130.0,143.0,134.71,9.62,167.0,147.21,None,0,14,8,3,7,1,5,7,0,0,2,4,6,0,0,28,17,8,0,11,17,0,17,10,3,1,1,6,3,0,3,28,16,0,1,11,16,0,16,0,415,300,16,1,398,16,0,0,306,0,6,1,299,6,0,0,137,0,18,0,119,18,0,0,971,700,33,2,936,33,0,0,476,0,13,0,463,13,0,0,2,8,1,0,1,8,1,0,2,1,1,1,1,2,7,2,1,1,1,1,2,0,0,0,Normal
2020-06-19,Friday,5,25,6,Monsoon,0,0,0,0,0,0,0,15.9,33.0,24.3,72.3,,0,0,0,84,32,7,7,10,130,139.0,149.0,136.0,134.14,9.22,157.0,145.21,None,0,13,8,6,5,3,4,2,0,1,4,6,5,1,1,28,17,5,1,10,17,0,17,10,3,3,0,7,3,0,3,28,16,2,1,11,16,0,16,0,398,0,19,1,378,19,0,0,299,0,9,1,289,9,0,0,119,0,18,0,101,18,0,0,936,0,32,2,902,32,0,0,463,0,10,0,453,10,0,0,2,8,0,0,1,8,1,0,2,1,1,1,1,2,7,1,1,1,1,1,4,0,0,1,Watch
2020-06-20,Saturday,6,25,6,Monsoon,1,0,0,0,0,0,0,37.6,32.2,26.5,84.3,,0,0,0,75,32,7,12,8,126,130.0,139.0,126.0,133.29,9.28,166.0,143.29,None,0,16,8,3,5,2,4,1,0,2,3,5,7,0,0,28,14,5,0,14,14,0,14,10,5,1,0,5,5,0,5,28,17,2,0,11,17,0,17,0,378,0,15,1,362,15,0,0,289,0,6,1,282,6,0,0,381,280,18,0,363,18,0,0,902,0,32,2,868,32,0,0,453,0,12,0,441,12,0,0,2,8,0,0,1,8,1,0,2,1,1,1,1,2,7,1,1,1,1,1,4,0,0,0,Normal
2020-06-21,Sunday,7,25,6,Monsoon,1,0,0,0,0,0,0,6.2,32.8,25.2,73.4,,0,0,0,71,26,7,12,9,116,126.0,130.0,119.0,133.29,9.28,158.0,140.43,None,0,12,8,5,1,1,6,0,0,1,2,4,6,0,0,28,15,4,1,12,15,0,15,10,2,5,1,7,2,0,2,28,13,6,1,14,13,0,13,0,362,0,16,1,345,16,0,0,282,0,7,1,274,7,0,0,363,0,15,0,348,15,0,0,868,0,26,2,840,26,0,0,441,0,9,0,432,9,0,0,2,8,0,0,1,20,1,1,2,1,1,2,1,2,6,1,1,1,1,1,2,0,0,1,Watch
2020-06-22,Monday,1,26,6,Monsoon,0,0,0,0,0,0,0,15.1,33.2,24.6,82.0,,0,0,0,87,31,9,7,9,134,116.0,126.0,140.0,132.86,9.98,163.0,137.43,None,0,14,7,6,4,3,2,5,0,2,3,5,4,1,1,28,14,7,2,12,14,0,14,10,3,1,2,5,3,0,3,28,11,3,0,17,11,0,11,0,345,0,17,1,327,17,0,0,274,0,8,1,265,8,0,0,348,0,18,0,330,18,0,0,840,0,32,2,806,32,0,0,432,0,8,0,424,8,0,0,2,8,0,0,1,8,0,0,2,1,1,1,1,2,6,1,1,1,1,1,4,0,0,1,Watch
2020-06-23,Tuesday,2,26,6,Monsoon,0,0,0,0,0,1,0,19.7,32.8,26.6,76.7,,0,0,0,85,26,11,7,8,129,134.0,116.0,130.0,132.0,9.58,166.0,135.36,None,0,11,10,1,4,2,4,5,1,1,3,5,7,0,0,28,11,8,1,16,11,0,11,10,3,0,1,6,3,0,3,28,11,3,0,17,11,0,11,0,327,0,14,1,312,14,0,0,265,0,4,1,260,4,0,0,330,0,16,0,314,16,0,0,806,0,28,2,776,28,0,0,424,0,13,0,411,13,0,0,2,12,1,0,1,8,1,0,2,1,1,1,1,2,6,2,1,1,1,1,4,0,0,0,Normal
2020-06-24,Wednesday,3,26,6,Monsoon,0,0,0,1,0,0,1,24.8,36.4,27.2,78.2,,0,0,0,100,28,8,14,10,150,129.0,134.0,149.0,131.86,9.61,141.0,132.71,None,0,9,9,5,5,1,3,2,2,1,2,4,6,0,0,28,10,8,2,16,10,0,10,10,3,1,1,6,3,0,3,28,13,0,1,14,13,0,13,0,312,0,18,1,293,18,0,0,260,0,7,1,252,7,0,0,314,0,17,0,297,17,0,0,776,0,30,1,745,30,0,0,411,0,9,0,402,9,0,0,2,20,1,1,1,8,0,0,3,1,2,1,2,2,6,1,1,1,2,2,2,0,0,1,Watch
2020-06-25,Thursday,4,26,6,Monsoon,0,0,0,0,0,1,0,3.8,33.7,25.2,70.9,,0,0,0,89,25,12,7,8,133,150.0,129.0,139.0,132.0,9.87,143.0,133.36,None,0,9,4,10,2,1,6,3,2,1,2,4,6,0,0,28,14,3,0,14,14,0,14,10,2,2,2,6,2,0,2,28,13,0,2,13,13,0,13,0,293,0,16,1,276,16,0,0,252,0,12,0,240,12,0,0,297,0,15,0,282,15,0,0,745,0,27,1,717,27,0,0,402,0,3,0,399,3,0,0,2,20,1,1,1,20,1,1,2,1,1,2,2,2,6,2,1,1,1,1,2,0,0,2,Watch
2020-06-26,Friday,5,26,6,Monsoon,0,0,0,0,0,0,0,34.4,34.2,26.0,82.4,,0,0,0,78,33,6,6,6,123,133.0,150.0,130.0,131.14,9.48,136.0,132.64,None,0,15,7,3,8,0,1,2,3,0,1,3,4,0,0,28,14,2,0,14,14,0,14,10,2,0,0,8,2,0,2,28,15,2,1,12,15,0,15,0,276,0,13,1,262,13,0,0,240,0,6,0,234,6,0,0,282,0,18,0,264,18,0,0,717,0,33,1,683,33,0,0,399,0,12,0,387,12,0,0,2,20,1,1,1,8,0,0,2,1,1,1,2,2,6,1,1,1,1,1,4,0,0,1,Watch
2020-06-27,Saturday,6,26,6,Monsoon,1,0,0,0,0,0,0,8.6,33.7,23.4,67.9,,0,0,0,74,25,7,10,7,116,123.0,133.0,126.0,130.14,9.91,126.0,131.71,None,0,10,10,3,2,0,3,3,1,0,2,4,6,0,0,28,15,1,0,13,15,0,15,10,6,0,1,3,6,0,6,28,13,3,1,14,13,0,13,0,262,0,13,0,249,13,0,0,234,0,5,0,229,5,0,0,264,0,14,0,250,14,0,0,683,0,26,1,656,26,0,0,387,0,7,0,380,7,0,0,2,12,1,0,1,8,0,0,2,1,1,1,1,2,6,1,1,1,1,1,4,0,0,0,Normal
2020-06-28,Sunday,7,26,6,Monsoon,1,0,0,0,0,0,0,11.4,38.1,28.4,67.2,,0,0,0,74,28,8,10,8,120,116.0,123.0,116.0,128.71,11.05,119.0,131.0,None,0,13,4,7,4,0,2,4,0,2,1,3,7,0,0,28,21,1,0,7,21,0,21,10,4,3,0,6,4,0,4,28,8,5,1,19,8,0,8,0,249,0,16,0,233,16,0,0,229,0,9,0,220,9,0,0,250,0,16,0,234,16,0,0,656,0,28,1,627,28,0,0,380,0,2,0,378,2,0,0,2,8,0,0,1,8,0,0,2,1,1,1,1,2,6,1,1,1,1,1,2,0,0,0,Normal
2020-06-29,Monday,1,27,6,Monsoon,0,0,0,0,0,0,0,15.3,35.2,26.7,74.7,,0,0,0,89,29,8,8,9,134,120.0,116.0,134.0,129.29,10.47,140.0,131.07,None,0,14,9,3,3,0,3,3,1,1,2,4,7,0,0,28,19,2,1,8,19,0,19,10,4,4,2,4,4,0,4,28,13,0,2,13,13,0,13,0,233,0,16,0,217,16,0,0,220,0,6,0,214,6,0,0,234,0,17,0,217,17,0,0,627,0,30,1,596,30,0,0,378,0,14,0,364,14,0,0,2,12,1,0,1,8,0,0,2,1,1,1,1,2,7,1,1,1,1,1,4,0,0,0,Normal
2020-06-30,Tuesday,2,27,6,Monsoon,0,0,0,0,0,1,0,14.3,32.7,26.7,73.7,,0,0,0,85,32,13,8,10,138,134.0,120.0,129.0,129.29,10.47,130.0,130.64,None,0,8,9,12,3,3,7,4,1,1,4,6,7,0,0,28,17,7,1,10,17,0,17,10,6,1,1,3,6,0,6,28,15,0,1,12,15,0,15,0,217,0,20,0,197,20,0,1,214,0,14,0,200,14,0,0,217,0,17,0,200,17,0,1,596,0,32,1,563,32,0,0,364,0,11,0,353,11,0,0,2,20,1,1,1,20,1,1,2,1,1,2,2,2,7,2,1,1,1,1,3,0,0,2,Watch
2020-07-01,Wednesday,3,27,7,Monsoon,0,0,0,1,1,0,1,18.0,34.9,27.2,86.0,,0,0,0,99,32,9,15,10,155,138.0,134.0,150.0,130.57,10.9,149.0,131.21,None,0,9,10,7,6,4,5,2,0,2,5,6,8,0,0,28,18,3,1,9,18,0,18,10,5,3,2,3,5,0,5,28,16,3,3,9,16,0,16,0,197,0,19,0,178,19,0,0,200,0,10,0,190,10,0,0,200,0,18,0,182,18,0,0,563,0,34,1,528,34,0,0,353,0,16,0,337,16,0,0,2,8,0,0,1,8,1,0,3,1,2,1,1,2,7,1,1,1,2,2,4,0,0,0,Normal
2020-07-02,Thursday,4,27,7,Monsoon,0,0,0,0,0,1,0,25.0,34.7,25.4,78.0,,0,0,0,83,29,13,7,8,132,155.0,138.0,133.0,131.29,12.23,139.0,131.64,None,0,13,9,4,3,1,1,8,2,2,2,4,6,0,0,28,19,4,1,8,19,0,19,10,5,1,0,5,5,0,5,28,14,4,2,12,14,0,14,0,178,0,15,0,163,15,0,0,190,0,6,0,184,6,0,0,182,0,17,0,165,17,0,0,528,0,30,1,497,30,0,0,337,0,9,0,328,9,0,0,2,20,1,1,1,8,0,0,2,1,1,1,2,2,7,2,1,1,1,1,3,0,0,1,Watch
2020-07-03,Friday,5,27,7,Monsoon,0,0,0,0,0,0,0,29.5,33.0,23.6,79.9,,0,0,0,81,31,8,8,7,128,132.0,155.0,123.0,131.14,12.22,130.0,131.14,None,0,14,4,9,4,1,4,3,1,0,2,4,6,0,0,28,15,8,0,13,15,0,15,10,2,4,2,6,2,0,2,28,14,2,0,14,14,0,14,0,163,0,16,0,147,16,0,0,184,0,11,0,173,11,0,0,165,0,18,0,147,18,0,0,497,0,31,1,465,31,0,0,328,0,7,0,321,7,0,0,2,12,1,0,1,8,1,0,2,1,1,1,1,2,6,1,1,1,1,1,2,0,0,0,Normal
2020-07-04,Saturday,6,27,7,Monsoon,1,0,0,0,0,0,0,50.7,32.4,24.2,90.0,,0,0,0,70,35,6,10,8,121,128.0,132.0,116.0,131.86,11.86,126.0,131.0,Flood_Disruption,2,15,11,9,0,1,3,2,1,0,3,5,6,0,0,28,13,4,1,14,13,0,13,10,3,2,1,6,3,0,3,28,14,3,0,14,14,0,14,0,147,0,18,0,129,18,0,0,173,0,12,0,161,12,0,0,147,0,19,0,128,19,0,0,465,0,34,1,430,34,0,0,321,0,12,0,309,12,0,0,2,12,1,0,1,8,0,0,2,1,2,1,1,2,6,1,1,1,1,1,3,0,0,0,Watch
2020-07-05,Sunday,7,27,7,Monsoon,1,0,0,0,0,0,0,9.1,33.8,26.4,76.2,,0,0,0,67,27,8,9,7,111,121.0,128.0,120.0,132.57,11.0,116.0,130.64,None,0,11,7,8,1,0,5,1,1,1,1,3,5,0,0,28,14,3,1,13,14,0,14,10,1,3,1,8,1,0,1,28,14,2,0,14,14,0,14,0,429,300,15,1,413,15,0,0,161,0,10,0,151,10,0,0,128,0,15,0,113,15,0,0,430,0,27,1,402,27,0,1,309,0,8,0,301,8,0,0,2,12,1,0,1,8,1,0,2,1,1,1,1,2,6,1,1,1,1,1,3,0,0,0,Normal
2020-07-06,Monday,1,28,7,Monsoon,0,0,0,0,0,0,0,55.9,33.6,23.3,98.0,,0,0,0,91,42,5,8,8,146,111.0,121.0,134.0,131.29,12.78,134.0,130.29,Flood_Disruption,3,16,14,7,5,1,3,1,0,1,3,5,5,0,0,28,13,4,0,15,13,0,13,10,0,1,0,10,0,0,0,28,15,4,2,11,15,0,15,0,413,0,18,1,394,18,0,0,151,0,10,0,141,10,0,0,393,280,22,0,371,22,0,0,402,0,41,1,360,41,0,0,301,0,18,0,283,18,0,0,2,8,0,0,1,8,0,0,2,2,2,1,1,2,6,1,2,1,1,1,3,0,0,0,Watch
2020-07-07,Tuesday,2,28,7,Monsoon,0,0,0,0,0,1,0,39.3,34.7,26.4,82.4,,0,0,0,89,35,11,5,8,140,146.0,111.0,138.0,133.0,13.79,129.0,131.14,Flood_Disruption,2,12,12,8,3,1,5,4,1,1,3,5,7,0,0,28,18,1,0,10,18,0,18,10,1,0,0,9,1,0,1,28,13,3,0,15,13,0,13,0,394,0,17,1,376,17,0,0,141,0,11,0,130,11,0,0,371,0,19,0,352,19,0,0,360,0,35,1,324,35,0,0,283,0,9,0,274,9,0,0,2,12,1,0,1,8,1,0,2,1,2,1,1,2,6,2,1,1,1,1,2,0,0,0,Watch
2020-07-08,Wednesday,3,28,7,Monsoon,0,0,0,1,0,0,1,35.2,32.6,23.7,88.9,,0,0,0,96,32,8,12,9,148,140.0,146.0,155.0,133.29,13.92,150.0,131.93,None,0,15,6,7,4,0,2,3,1,2,1,3,5,0,0,28,20,4,2,6,20,0,20,10,3,1,1,6,3,0,3,28,11,2,1,16,11,0,11,0,376,0,18,1,357,18,0,0,130,0,10,0,120,10,0,1,352,0,19,0,333,19,0,0,324,0,33,1,290,33,0,0,274,0,3,0,271,3,0,0,2,12,1,0,1,8,0,0,2,1,1,1,1,2,6,1,1,1,1,1,3,0,0,0,Normal
2020-07-09,Thursday,4,28,7,Monsoon,0,0,0,0,0,1,0,9.5,33.1,26.1,70.7,,0,0,0,82,23,13,9,8,127,148.0,140.0,132.0,132.29,12.5,133.0,131.79,None,0,8,5,4,6,0,4,7,0,2,1,3,7,0,0,28,18,7,0,10,18,0,18,10,2,1,0,8,2,0,2,28,13,1,0,15,13,0,13,0,357,0,14,1,342,14,0,0,120,0,6,0,114,6,0,0,333,0,14,0,319,14,0,0,290,0,25,1,264,25,0,0,271,0,8,0,263,8,0,0,2,16,1,1,1,8,1,0,2,1,1,1,2,2,6,2,1,1,1,1,2,0,0,1,Watch
2020-07-10,Friday,5,28,7,Monsoon,0,0,0,0,1,0,0,14.4,34.6,28.8,66.8,,0,0,0,80,22,9,6,7,117,127.0,148.0,128.0,131.57,12.64,123.0,131.36,None,0,7,4,8,3,0,6,2,0,1,1,3,7,0,0,28,12,8,0,16,12,0,12,10,3,0,2,5,3,0,3,28,14,3,2,12,14,0,14,0,342,0,14,1,327,14,0,0,114,0,9,0,105,9,0,0,319,0,13,0,306,13,0,0,964,700,24,2,938,24,0,0,263,0,10,0,253,10,0,0,2,8,0,0,1,20,1,1,2,1,1,2,1,2,6,1,1,1,1,1,4,0,0,1,Watch
2020-07-11,Saturday,6,28,7,Monsoon,1,0,0,0,0,0,0,31.5,34.1,25.0,80.7,,0,0,0,74,32,6,11,7,123,117.0,127.0,121.0,130.0,13.63,116.0,130.93,None,0,14,9,1,8,0,2,2,1,1,2,4,8,0,0,28,15,0,1,12,15,0,15,10,3,0,2,5,3,0,3,28,15,3,0,13,15,0,15,0,327,0,14,1,312,14,0,0,105,0,4,0,101,4,0,0,306,0,18,0,288,18,0,0,938,0,32,2,904,32,0,0,253,0,12,0,241,12,0,0,2,12,1,0,1,8,0,0,2,1,1,1,1,2,6,1,1,1,1,1,2,0,0,0,Normal
2020-07-12,Sunday,7,28,7,Monsoon,1,0,0,0,0,0,0,14.5,34.3,26.4,69.8,,0,0,0,70,24,8,10,6,112,123.0,117.0,111.0,130.29,13.46,120.0,131.43,None,0,8,6,8,2,2,6,2,0,0,3,5,4,1,1,28,16,2,1,11,16,0,16,10,2,2,1,7,2,0,2,28,14,3,0,14,14,0,14,0,312,0,13,1,298,13,0,0,101,0,10,0,91,10,0,0,288,0,13,0,275,13,0,0,904,0,25,2,877,25,0,0,241,0,9,0,232,9,0,0,2,8,0,0,1,20,1,1,2,1,1,2,1,2,6,1,1,1,1,1,2,0,0,2,Watch
2020-07-13,Monday,1,29,7,Monsoon,0,0,0,0,0,0,0,16.7,35.2,27.9,79.2,,0,0,0,87,30,6,10,8,133,112.0,123.0,146.0,130.43,13.25,134.0,130.86,None,0,12,13,3,2,0,1,3,0,2,2,4,5,0,0,28,17,2,2,9,17,0,17,10,4,0,2,4,4,0,4,28,14,3,2,12,14,0,14,0,298,0,15,1,282,15,0,0,341,250,6,1,334,6,0,0,275,0,17,0,258,17,0,0,877,0,31,2,844,31,0,0,232,0,12,0,220,12,0,1,2,8,0,0,1,8,0,0,2,1,1,1,1,2,6,1,1,1,1,1,4,0,0,0,Normal
2020-07-14,Tuesday,2,29,7,Monsoon,0,0,0,0,0,1,0,56.8,29.7,21.2,98.0,,0,0,0,88,38,11,5,8,142,133.0,112.0,140.0,128.57,11.77,138.0,130.79,Flood_Disruption,3,16,8,6,8,0,4,4,0,3,1,3,7,0,0,28,15,4,2,11,15,0,15,10,6,0,0,4,6,0,6,28,15,3,2,11,15,0,15,0,282,0,17,1,264,17,0,0,334,0,9,1,324,9,0,0,258,0,21,0,237,21,0,0,844,0,37,2,805,37,0,0,220,0,12,0,208,12,0,0,2,8,1,0,1,8,1,0,2,2,2,1,1,2,7,2,2,1,1,1,3,0,0,0,Watch
2020-07-15,Wednesday,3,29,7,Monsoon,0,0,0,1,0,0,1,32.3,32.3,23.2,77.1,,0,0,0,93,33,7,14,9,147,142.0,133.0,148.0,128.86,12.06,155.0,131.07,None,0,13,6,9,5,1,3,2,1,1,2,4,6,0,0,28,17,4,1,10,17,0,17,10,8,0,2,0,8,0,8,28,13,3,0,15,13,0,13,0,264,0,18,0,246,18,0,0,324,0,11,1,312,11,0,0,237,0,19,0,218,19,0,0,805,0,34,2,769,34,0,0,208,0,6,0,202,6,0,0,2,12,1,0,1,8,0,0,2,1,2,1,1,2,7,1,1,1,2,2,4,0,0,0,Normal
2020-07-16,Thursday,4,29,7,Monsoon,0,0,0,0,0,1,0,44.2,28.7,22.8,86.5,,0,0,0,86,35,11,7,9,139,147.0,142.0,127.0,128.71,11.84,132.0,130.5,Flood_Disruption,2,9,9,15,2,1,4,6,0,1,2,4,7,0,0,28,19,3,0,9,19,0,19,10,2,8,1,7,2,0,2,28,12,3,2,14,12,0,12,0,246,0,21,0,225,21,0,0,312,0,17,1,294,17,0,0,218,0,18,0,200,18,0,1,769,0,35,1,733,35,0,0,202,0,9,0,193,9,0,0,2,8,1,0,1,8,1,0,2,1,2,1,1,2,6,2,1,1,1,1,3,0,0,0,Watch
2020-07-17,Friday,5,29,7,Monsoon,0,0,0,0,0,0,0,31.0,36.1,27.5,74.3,,0,0,0,81,24,4,5,6,114,139.0,147.0,117.0,130.43,12.33,128.0,131.0,None,0,9,7,6,2,1,2,1,0,1,2,4,7,0,0,28,18,4,2,8,18,0,18,10,1,1,2,7,1,0,1,28,9,6,1,18,9,0,9,0,225,0,13,0,212,13,0,0,294,0,8,1,285,8,0,0,200,0,14,0,186,14,0,0,733,0,26,1,706,26,0,0,193,0,10,0,183,10,0,0,2,8,0,0,1,8,0,0,2,1,1,1,1,2,6,1,1,1,1,1,4,0,0,0,Normal
2020-07-18,Saturday,6,29,7,Monsoon,1,0,0,0,0,0,0,56.8,33.5,25.3,90.0,,0,0,0,68,38,4,13,8,123,114.0,139.0,123.0,130.0,12.83,121.0,130.0,Flood_Disruption,3,14,14,5,5,0,1,1,1,1,2,4,8,0,0,28,17,5,0,11,17,0,17,10,1,1,2,7,1,0,1,28,10,2,0,18,10,0,10,0,212,0,17,0,195,17,0,1,285,0,8,1,276,8,0,0,186,0,20,0,166,20,0,0,706,0,36,1,669,36,0,0,183,0,13,0,170,13,0,0,2,12,1,0,1,8,0,0,2,2,3,1,1,2,6,1,1,1,1,1,4,0,0,0,Watch
2020-07-19,Sunday,7,29,7,Monsoon,1,0,0,0,0,0,0,36.1,36.7,28.7,80.2,,0,0,0,68,33,5,11,7,117,123.0,114.0,112.0,130.0,12.83,111.0,130.14,None,0,13,7,6,7,1,1,2,2,0,2,4,5,0,0,28,17,3,0,11,17,0,17,10,1,0,0,9,1,0,1,28,13,1,0,15,13,0,13,0,195,0,15,0,180,15,0,0,276,0,9,1,266,9,0,0,166,0,18,0,148,18,0,0,669,0,32,1,636,32,0,0,170,0,12,0,158,12,0,0,2,20,1,1,1,8,0,0,2,1,1,1,2,2,6,1,1,1,1,1,2,0,0,1,Watch
2020-07-20,Monday,1,30,7,Monsoon,0,0,0,0,0,0,0,46.7,37.1,29.2,84.7,,0,0,0,87,35,7,7,9,136,117.0,123.0,133.0,130.71,11.91,146.0,130.57,Flood_Disruption,2,12,8,7,8,1,4,2,1,0,2,4,5,0,0,28,19,5,1,8,19,0,19,10,1,0,3,6,1,0,1,28,10,5,1,17,10,0,10,0,180,0,18,0,162,18,0,0,266,0,10,1,255,10,0,0,148,0,19,0,129,19,0,0,636,0,35,1,600,35,0,0,558,400,9,1,548,9,0,0,2,12,1,0,1,8,1,0,2,1,2,1,1,2,6,1,1,1,1,1,4,0,0,0,Watch
2020-07-21,Tuesday,2,30,7,Monsoon,0,0,0,0,0,1,0,19.8,34.2,24.3,74.6,,0,0,0,84,33,12,6,9,135,136.0,117.0,142.0,131.14,12.04,140.0,129.86,None,0,13,10,6,4,2,3,6,1,2,3,5,6,0,0,28,22,3,1,5,22,0,22,10,1,0,2,7,1,0,1,28,12,1,0,16,12,0,12,0,162,0,18,0,144,18,0,0,255,0,9,0,246,9,0,0,129,0,18,0,111,18,0,0,600,0,33,1,566,33,0,0,548,0,13,1,534,13,0,0,2,12,1,0,1,8,0,0,2,1,1,1,1,2,6,2,1,1,1,1,4,0,0,0,Normal
2020-07-22,Wednesday,3,30,7,Monsoon,0,0,0,1,0,0,1,8.6,34.2,23.9,70.8,,0,0,0,100,24,7,16,9,147,135.0,136.0,147.0,130.14,11.37,148.0,129.5,None,0,10,5,7,2,1,2,3,2,0,2,4,6,0,0,28,20,8,1,7,20,0,20,10,1,1,3,6,1,0,1,28,13,1,0,15,13,0,13,0,144,0,16,0,128,16,0,0,246,0,9,0,237,9,0,0,391,280,15,0,376,15,0,0,566,0,27,1,538,27,0,0,534,0,7,1,526,7,0,0,2,20,1,1,1,8,0,0,3,1,2,1,2,2,6,1,1,1,2,2,4,0,0,1,Watch
2020-07-23,Thursday,4,30,7,Monsoon,0,0,0,0,0,1,0,34.8,32.3,24.2,80.8,,0,0,0,84,27,10,9,8,130,147.0,135.0,139.0,130.14,11.37,127.0,129.43,None,0,9,5,6,7,0,3,4,1,2,1,3,8,0,0,28,20,5,1,7,20,0,20,10,4,0,0,6,4,0,4,28,13,0,0,15,13,0,13,0,428,300,15,1,412,15,0,0,237,0,8,0,229,8,0,0,376,0,15,0,361,15,0,0,538,0,28,1,509,28,0,0,526,0,2,1,523,2,0,0,2,12,1,0,1,8,0,0,2,1,1,1,1,2,7,1,1,1,1,1,3,0,0,0,Normal
2020-07-24,Friday,5,30,7,Monsoon,0,0,0,0,0,0,0,20.2,31.7,23.9,73.3,,0,0,0,82,27,7,5,7,121,130.0,147.0,114.0,128.86,10.79,117.0,129.64,None,0,9,8,5,5,0,3,3,0,1,1,3,4,0,0,28,20,3,2,6,20,0,20,10,2,2,2,6,2,0,2,28,14,3,0,14,14,0,14,0,412,0,14,1,397,14,0,0,229,0,7,0,222,7,0,0,361,0,15,0,346,15,0,0,509,0,28,1,480,28,0,0,523,0,12,1,510,12,0,0,2,8,0,0,1,8,0,0,2,1,1,1,1,2,7,1,1,1,1,1,3,0,0,0,Normal
2020-07-25,Saturday,6,30,7,Monsoon,1,0,0,0,0,0,0,21.5,34.8,26.2,73.4,,0,0,0,76,27,5,10,7,118,121.0,130.0,123.0,129.86,9.63,123.0,129.93,None,0,13,5,6,3,0,1,2,2,0,1,3,5,0,0,28,21,3,0,7,21,0,21,10,3,0,1,6,3,0,3,28,13,3,2,13,13,0,13,0,397,0,14,1,382,14,0,0,222,0,8,0,214,8,0,0,346,0,16,0,330,16,0,0,480,0,28,1,451,28,0,0,510,0,6,1,503,6,0,0,2,20,1,1,1,8,0,0,2,1,1,1,2,2,7,1,1,1,1,1,2,0,0,1,Watch
2020-07-26,Sunday,7,30,7,Monsoon,1,0,0,0,0,0,0,26.6,32.2,23.6,86.2,Malaria,2,0,3,65,45,6,10,8,126,118.0,121.0,117.0,129.14,10.27,112.0,129.57,None,0,20,10,7,8,1,4,2,0,0,2,4,8,0,0,28,19,5,1,8,19,0,19,10,2,2,0,8,2,0,2,28,16,1,1,11,16,0,16,0,382,0,18,1,363,18,0,0,214,0,11,0,203,11,0,0,330,0,23,0,307,23,0,0,451,0,41,1,409,41,0,0,503,0,16,0,487,16,0,0,2,8,0,0,1,8,1,0,2,2,1,1,1,2,7,1,2,1,1,1,2,0,0,0,Watch
2020-07-27,Monday,1,31,7,Monsoon,0,0,0,0,0,0,0,12.9,32.0,24.6,80.6,Malaria,2,0,3,97,44,6,7,9,154,126.0,118.0,136.0,130.43,9.18,133.0,130.57,None,0,24,9,8,3,0,2,3,1,0,2,4,7,0,0,28,15,9,1,12,15,0,15,10,3,0,1,6,3,0,3,28,17,2,2,9,17,0,17,0,363,0,20,1,342,20,0,0,203,0,12,0,191,12,0,0,307,0,25,0,282,25,0,0,409,0,43,1,365,43,0,1,487,0,12,0,475,12,0,0,2,12,1,0,1,8,0,0,3,2,1,1,1,2,6,1,2,1,1,1,4,0,0,0,Watch
2020-07-28,Tuesday,2,31,7,Monsoon,0,0,0,0,0,1,0,11.4,33.5,23.0,75.1,Malaria,2,0,4,90,45,11,7,8,153,154.0,126.0,135.0,133.0,12.35,142.0,132.07,None,0,28,4,7,6,0,3,7,0,1,1,3,7,0,0,28,14,4,2,12,14,0,14,10,4,1,0,6,4,0,4,28,15,5,1,12,15,0,15,0,342,0,18,1,323,18,0,0,191,0,11,0,180,11,0,0,282,0,26,0,256,26,0,0,365,0,43,1,321,43,0,0,475,0,10,0,465,10,0,0,2,8,1,0,1,8,0,0,2,2,1,1,1,2,6,2,2,1,1,1,2,0,0,0,Watch
2020-07-29,Wednesday,3,31,7,Monsoon,0,0,0,1,1,0,1,14.2,30.5,21.3,78.5,Malaria,2,0,4,97,45,8,11,10,161,153.0,154.0,147.0,135.57,14.23,147.0,132.86,None,0,23,8,8,6,1,3,1,1,3,2,4,5,0,0,28,14,4,1,13,14,0,14,10,3,4,1,6,3,0,3,28,15,3,0,13,15,0,15,0,323,0,21,1,301,21,0,0,180,0,12,0,168,12,0,0,256,0,25,0,231,25,0,0,321,0,44,1,276,44,0,0,465,0,13,0,452,13,0,0,2,12,1,0,1,8,0,0,3,2,1,1,1,3,6,1,2,2,1,1,3,0,0,0,Watch
2020-07-30,Thursday,4,31,7,Monsoon,0,0,0,0,0,1,0,12.3,34.2,24.8,70.8,Malaria,2,0,3,80,45,11,10,10,146,161.0,153.0,130.0,137.57,16.5,139.0,133.86,None,0,35,6,3,1,0,2,9,0,0,1,3,7,0,0,28,19,3,1,8,19,0,19,10,2,1,0,8,2,0,2,28,13,4,1,14,13,0,13,0,301,0,20,1,280,20,0,0,168,0,7,0,161,7,0,0,231,0,27,0,204,27,0,0,276,0,42,0,234,42,0,0,452,0,9,0,443,9,0,0,2,8,1,0,1,8,0,0,2,2,1,1,1,2,6,2,2,1,1,1,4,0,0,0,Watch
2020-07-31,Friday,5,31,7,Monsoon,0,0,0,0,0,0,0,29.6,30.8,23.4,82.4,Malaria,2,0,3,82,47,5,6,8,140,146.0,161.0,121.0,139.86,16.4,114.0,134.36,None,0,36,3,7,1,0,1,3,1,0,1,3,5,0,0,28,16,8,0,12,16,0,16,10,4,0,2,4,4,0,4,28,8,6,0,20,8,0,8,0,280,0,19,1,260,19,0,0,161,0,11,0,150,11,0,0,204,0,28,0,176,28,0,1,234,0,44,0,190,44,0,0,443,0,6,0,437,6,0,0,2,12,1,0,1,8,0,0,2,2,1,1,1,2,6,1,2,2,1,1,4,0,0,0,Watch
2020-08-01,Saturday,6,31,8,Monsoon,1,0,0,0,1,0,0,29.3,34.5,24.6,82.6,Malaria,2,0,4,72,44,9,11,10,136,140.0,146.0,118.0,142.57,14.52,123.0,136.21,None,0,29,5,6,4,1,3,3,0,3,2,4,7,0,0,28,14,6,2,12,14,0,14,10,2,2,0,8,2,0,2,28,11,3,0,17,11,0,11,0,260,0,20,0,240,20,0,0,150,0,10,0,140,10,0,0,176,0,25,0,151,25,0,0,890,700,41,2,847,41,0,0,437,0,17,0,420,17,0,0,2,8,0,0,1,8,0,0,2,2,1,1,1,2,6,1,2,1,1,1,4,0,0,0,Watch
2020-08-02,Sunday,7,31,8,Monsoon,1,0,0,0,0,0,0,25.4,33.3,25.0,80.9,Malaria,2,0,3,69,44,6,10,8,129,136.0,140.0,126.0,145.14,11.14,117.0,137.14,None,0,33,2,5,4,0,3,0,1,2,1,3,4,0,0,28,19,0,1,8,19,0,19,10,3,0,2,5,3,0,3,28,11,2,2,15,11,0,11,0,240,0,18,0,222,18,0,0,140,0,9,0,131,9,0,0,151,0,25,0,126,25,0,0,847,0,41,2,804,41,0,0,420,0,7,0,413,7,0,0,2,12,1,0,1,8,0,0,2,2,1,1,1,2,6,1,2,1,1,1,3,0,0,0,Watch
2020-08-03,Monday,1,32,8,Monsoon,0,0,0,0,0,0,0,33.8,30.4,20.9,92.4,Malaria,2,0,2,86,49,6,6,9,147,129.0,136.0,154.0,145.57,10.43,136.0,138.0,None,0,37,5,5,2,1,6,0,0,0,2,4,5,0,0,28,14,8,0,14,14,0,14,10,4,1,2,4,4,0,4,28,14,1,0,14,14,0,14,0,222,0,20,0,202,20,0,0,131,0,9,0,122,9,0,1,126,0,29,0,97,29,0,0,804,0,46,2,756,46,0,0,413,0,13,0,400,13,0,0,2,8,0,0,1,20,1,1,2,2,1,2,1,2,6,1,2,2,1,1,4,0,0,1,Watch
2020-08-04,Tuesday,2,32,8,Monsoon,0,0,0,0,0,1,0,49.0,33.7,25.8,88.3,Malaria,2,0,2,84,50,9,11,10,154,147.0,129.0,153.0,144.57,9.9,135.0,138.79,Flood_Disruption,2,34,5,6,5,2,4,3,0,2,2,4,7,0,0,28,17,1,1,10,17,0,17,10,1,3,0,9,1,0,1,28,16,4,0,12,16,0,16,0,202,0,21,0,181,21,0,1,122,0,10,0,112,10,0,0,97,0,28,0,69,28,0,0,756,0,47,1,708,47,0,0,400,0,18,0,382,18,0,0,2,8,0,0,1,8,1,0,2,2,2,1,1,2,6,1,2,2,1,1,3,0,0,0,Watch
2020-08-05,Wednesday,3,32,8,Monsoon,0,0,0,1,0,0,1,16.6,29.7,22.5,81.3,Malaria,2,0,2,96,42,5,11,8,154,154.0,147.0,161.0,144.71,10.02,147.0,140.14,None,0,36,1,2,3,1,3,1,1,0,1,3,7,0,0,28,23,1,2,3,23,0,23,10,0,1,0,10,0,0,0,28,12,5,0,16,12,0,12,0,181,0,16,0,165,16,0,0,112,0,6,0,106,6,0,0,69,0,27,0,42,27,0,0,708,0,41,1,666,41,0,0,382,0,5,0,377,5,0,0,2,12,1,0,1,8,0,0,2,2,1,1,1,2,6,1,2,1,1,1,4,0,0,0,Watch
2020-08-06,Thursday,4,32,8,Monsoon,0,0,0,0,0,1,0,31.3,33.9,25.1,83.9,Malaria,2,0,3,82,49,11,6,8,148,154.0,154.0,146.0,143.71,8.6,130.0,140.64,None,0,41,3,3,2,0,6,4,1,0,1,3,8,0,0,28,24,3,2,2,24,0,24,10,1,0,2,7,1,0,1,28,15,0,0,13,15,0,15,0,165,0,18,0,147,18,0,0,106,0,8,0,98,8,0,0,322,280,29,0,293,29,0,0,666,0,46,1,619,46,0,0,377,0,10,0,367,10,0,0,2,12,1,0,1,20,1,1,2,2,1,2,1,2,7,2,2,2,1,1,2,0,0,1,Watch
2020-08-07,Friday,5,32,8,Monsoon,0,0,0,0,0,0,0,26.1,30.8,22.1,77.6,Malaria,2,0,3,76,42,5,7,7,130,148.0,154.0,140.0,144.0,8.7,121.0,141.93,None,0,28,5,4,5,0,4,0,0,1,1,3,8,0,0,28,16,10,0,12,16,0,16,10,3,0,1,6,3,0,3,28,16,2,0,12,16,0,16,0,147,0,16,0,131,16,0,0,98,0,8,0,90,8,0,0,293,0,24,0,269,24,0,0,619,0,40,1,578,40,0,0,367,0,10,0,357,10,0,0,2,8,0,0,1,8,1,0,2,2,1,1,1,2,6,1,2,1,1,1,2,0,0,0,Watch
2020-08-08,Saturday,6,32,8,Monsoon,1,0,0,0,0,0,0,5.6,31.7,22.5,77.7,Malaria,2,0,4,76,41,7,12,9,136,130.0,148.0,136.0,142.57,9.97,118.0,142.57,None,0,23,5,8,5,1,2,4,0,1,2,4,4,0,0,28,13,8,2,13,13,0,13,10,2,2,1,7,2,0,2,28,17,2,2,9,17,0,17,0,131,0,19,0,112,19,0,0,340,250,11,1,328,11,0,0,269,0,23,0,246,23,0,0,578,0,39,1,538,39,0,0,357,0,11,0,346,11,0,0,2,8,0,0,1,8,0,0,2,2,1,1,1,2,6,1,2,1,1,1,2,0,0,0,Watch
2020-08-09,Sunday,7,32,8,Monsoon,1,0,0,0,0,0,0,31.2,32.7,24.3,81.9,Malaria,2,0,3,64,49,6,9,10,128,136.0,130.0,129.0,142.57,9.97,126.0,143.86,None,0,34,5,5,5,1,5,1,0,0,2,4,4,0,0,28,15,2,0,13,15,0,15,10,4,2,0,6,4,0,4,28,14,5,1,13,14,0,14,0,412,300,21,1,390,21,0,0,328,0,9,1,318,9,0,0,246,0,27,0,219,27,0,0,538,0,44,1,493,44,0,0,346,0,9,0,337,9,0,0,2,8,0,0,1,8,1,0,2,2,1,1,1,2,6,1,2,2,1,1,3,0,0,0,Watch
2020-08-10,Monday,1,33,8,Monsoon,0,0,0,0,1,0,0,39.1,35.6,26.4,75.6,Malaria,2,0,3,88,45,8,8,8,149,128.0,136.0,147.0,142.43,10.17,154.0,144.0,Flood_Disruption,2,31,4,3,7,1,4,2,0,2,2,4,5,0,0,28,16,5,2,10,16,0,16,10,2,2,1,7,2,0,2,28,12,4,2,14,12,0,12,0,390,0,17,1,372,17,0,0,318,0,7,1,310,7,0,0,219,0,26,0,193,26,0,1,493,0,43,1,449,43,0,0,337,0,9,0,328,9,0,0,2,8,0,0,1,8,1,0,2,2,2,1,1,2,6,1,2,1,1,1,2,0,0,0,Watch
2020-08-11,Tuesday,2,33,8,Monsoon,0,0,0,0,0,1,0,6.0,30.9,21.1,72.4,Malaria,2,0,4,89,42,10,9,9,150,149.0,128.0,154.0,142.71,10.32,153.0,143.64,None,0,32,3,3,4,0,2,5,1,2,1,3,8,0,0,28,17,3,3,8,17,0,17,10,4,0,2,4,4,0,4,28,15,0,0,13,15,0,15,0,372,0,18,1,353,18,0,0,310,0,7,1,302,7,0,0,193,0,26,0,167,26,0,0,449,0,41,1,407,41,0,0,328,0,10,0,318,10,0,0,2,12,1,0,1,8,0,0,2,2,1,1,1,2,7,1,2,1,1,1,2,0,0,0,Watch
2020-08-12,Wednesday,3,33,8,Monsoon,0,0,0,1,0,0,1,21.4,32.1,23.7,75.5,Malaria,2,0,3,94,46,6,10,10,156,150.0,149.0,154.0,142.14,9.78,161.0,143.43,None,0,33,2,8,3,0,3,2,1,0,1,3,6,0,0,28,24,0,0,4,24,0,24,10,5,1,2,3,5,0,5,28,12,4,1,15,12,0,12,0,353,0,21,1,331,21,0,0,302,0,12,1,289,12,0,0,167,0,27,0,140,27,0,0,407,0,44,1,362,44,0,1,318,0,5,0,313,5,0,0,2,12,1,0,1,8,0,0,2,2,1,1,1,2,7,1,2,2,1,1,2,0,0,0,Watch
2020-08-13,Thursday,4,33,8,Monsoon,0,0,0,0,0,1,0,8.4,30.9,22.5,71.7,Malaria,2,0,3,80,41,13,6,9,140,156.0,150.0,148.0,142.43,10.14,146.0,143.07,None,0,22,2,11,6,0,2,7,1,3,0,2,8,0,0,28,19,9,2,7,19,0,19,10,5,3,2,3,5,0,5,28,12,2,2,14,12,0,12,0,331,0,20,1,310,20,0,0,289,0,14,1,274,14,0,0,140,0,23,0,117,23,0,0,362,0,39,1,322,39,0,0,313,0,7,0,306,7,0,0,2,20,1,1,1,8,0,0,2,2,1,1,2,2,7,2,2,1,1,1,3,0,0,1,Watch
2020-08-14,Friday,5,33,8,Monsoon,0,0,0,0,0,0,0,11.0,26.8,18.8,83.8,Malaria,2,0,2,79,39,5,8,6,131,140.0,156.0,130.0,141.29,9.9,140.0,142.64,None,0,30,1,4,4,0,1,1,0,3,0,2,4,0,0,28,13,8,0,15,13,0,13,10,3,3,0,7,3,0,3,28,13,2,2,13,13,0,13,0,310,0,14,1,295,14,0,0,274,0,8,1,265,8,0,0,117,0,24,0,93,24,0,0,322,0,38,1,283,38,0,0,306,0,8,0,298,8,0,0,2,8,0,0,1,8,0,0,2,2,1,1,1,2,6,1,2,1,1,1,2,0,0,0,Watch
2020-08-15,Saturday,6,33,8,Monsoon,1,1,0,0,0,0,1,44.8,30.1,22.5,86.4,Malaria,2,0,3,72,47,6,12,9,137,131.0,140.0,136.0,141.43,9.74,136.0,142.0,Flood_Disruption,2,32,6,5,4,0,5,0,0,1,1,3,8,0,0,28,14,3,1,13,14,0,14,10,1,3,2,7,1,0,1,28,16,1,2,10,16,0,16,0,295,0,19,1,275,19,0,0,265,0,9,1,255,9,0,0,93,0,26,0,67,26,0,0,283,0,43,0,240,43,0,0,298,0,13,0,285,13,0,0,2,8,0,0,1,8,1,0,2,2,2,1,1,2,6,1,2,1,1,1,4,0,0,0,Watch
2020-08-16,Sunday,7,33,8,Monsoon,1,0,0,0,0,0,0,8.7,30.9,22.6,73.0,Malaria,2,0,3,67,40,6,12,10,125,137.0,131.0,128.0,141.57,9.66,129.0,142.07,None,0,23,1,7,9,1,2,3,1,0,1,3,4,0,0,28,15,4,2,11,15,0,15,10,2,0,1,7,2,0,2,28,16,4,2,10,16,0,16,0,275,0,20,1,254,20,0,0,255,0,10,0,245,10,0,0,347,280,22,0,325,22,0,0,240,0,37,0,203,37,0,0,285,0,11,0,274,11,0,0,2,12,1,0,1,8,0,0,2,2,1,1,1,2,6,1,2,1,1,1,4,0,0,0,Watch
2020-08-17,Monday,1,34,8,Monsoon,0,0,0,0,0,0,0,19.8,32.8,23.6,73.7,Malaria,2,0,2,89,42,6,9,10,146,125.0,137.0,149.0,141.14,10.3,147.0,141.79,None,0,26,4,5,7,0,3,3,0,0,1,3,8,0,0,28,18,3,0,10,18,0,18,10,4,1,1,5,4,0,4,28,13,4,2,13,13,0,13,0,254,0,20,0,234,20,0,0,245,0,9,0,236,9,0,0,325,0,24,0,301,24,0,0,903,700,41,2,860,41,0,0,274,0,6,0,268,6,0,0,2,8,0,0,1,8,0,0,2,2,1,1,1,2,6,1,2,1,1,1,3,0,0,0,Watch
2020-08-18,Tuesday,2,34,8,Monsoon,0,0,0,0,0,1,0,30.6,30.8,23.6,76.6,Malaria,2,0,3,87,48,11,8,10,154,146.0,125.0,150.0,140.71,10.02,154.0,141.71,None,0,27,6,6,9,1,4,6,0,1,2,4,8,0,0,28,18,4,0,10,18,0,18,10,3,3,0,7,3,0,3,28,11,6,1,16,11,0,11,0,234,0,21,0,213,21,0,0,236,0,10,0,226,10,0,0,301,0,27,0,274,27,0,0,860,0,45,2,813,45,0,0,268,0,14,0,254,14,0,0,2,8,1,0,1,8,1,0,2,2,1,1,1,2,6,2,2,2,1,1,2,0,0,0,Watch
2020-08-19,Wednesday,3,34,8,Monsoon,0,0,0,1,0,0,1,13.1,29.9,22.2,70.1,Malaria,2,0,3,93,40,6,11,8,150,154.0,146.0,156.0,141.29,10.63,154.0,141.71,None,0,26,5,2,7,2,3,3,0,0,2,4,5,0,0,28,17,6,2,9,17,0,17,10,2,1,2,6,2,0,2,28,13,1,0,15,13,0,13,0,213,0,16,0,197,16,0,1,226,0,6,0,220,6,0,0,274,0,24,0,250,24,0,0,813,0,39,2,772,39,0,0,254,0,12,0,242,12,0,0,2,8,0,0,1,8,0,0,2,2,1,1,1,2,6,1,2,1,1,1,3,0,0,0,Watch
2020-08-20,Thursday,4,34,8,Monsoon,0,0,0,0,0,1,0,42.0,30.3,21.4,81.5,Malaria,2,0,3,80,50,9,7,10,146,150.0,154.0,140.0,140.43,9.6,148.0,141.43,Flood_Disruption,2,33,8,6,3,1,5,3,0,1,2,4,5,0,0,28,20,3,1,7,20,0,20,10,1,2,0,9,1,0,1,28,13,3,0,15,13,0,13,0,197,0,21,0,176,21,0,0,220,0,10,0,210,10,0,0,250,0,28,0,222,28,0,0,772,0,46,1,725,46,0,0,242,0,13,0,229,13,0,0,2,8,0,0,1,8,1,0,2,2,2,1,1,2,6,1,2,2,1,1,4,0,0,0,Watch
2020-08-21,Friday,5,34,8,Monsoon,0,0,0,0,0,0,0,8.6,32.2,25.2,71.7,,0,0,0,81,24,4,7,6,116,146.0,150.0,131.0,141.29,9.79,130.0,141.29,None,0,11,6,5,2,1,2,0,1,1,2,4,6,0,0,28,22,2,2,4,22,0,22,10,2,0,2,6,2,0,2,28,11,3,0,17,11,0,11,0,176,0,12,0,164,12,0,0,210,0,7,0,203,7,0,0,222,0,15,0,207,15,0,0,725,0,26,1,698,26,0,0,229,0,6,0,223,6,0,1,2,12,1,0,1,8,0,0,2,1,1,1,1,2,6,1,1,1,1,1,2,0,0,0,Normal
2020-08-22,Saturday,6,34,8,Monsoon,1,0,0,0,0,0,0,12.4,31.6,25.1,77.3,,0,0,0,66,23,5,11,6,105,116.0,146.0,137.0,139.14,12.94,136.0,140.29,None,0,8,5,8,2,1,4,1,0,0,2,4,7,0,0,28,20,5,0,8,20,0,20,10,0,2,2,8,0,0,0,28,11,3,1,16,11,0,11,0,164,0,13,0,151,13,0,0,203,0,10,0,193,10,0,0,207,0,13,0,194,13,0,1,698,0,24,1,673,24,0,0,223,0,9,0,214,9,0,0,2,8,0,0,1,8,1,0,2,1,1,1,1,2,6,1,1,1,1,1,2,0,0,0,Normal
2020-08-23,Sunday,7,34,8,Monsoon,1,0,0,0,0,0,0,3.1,31.7,24.1,73.6,,0,0,0,65,24,6,11,7,106,105.0,116.0,125.0,134.57,17.68,128.0,138.07,None,0,5,7,11,1,0,4,2,0,0,1,3,4,0,0,28,10,12,1,17,10,0,10,10,3,0,1,6,3,0,3,28,12,1,0,16,12,0,12,0,151,0,15,0,136,15,0,0,193,0,12,0,181,12,0,0,194,0,13,0,181,13,0,0,673,0,24,1,648,24,0,0,214,0,8,0,206,8,0,0,2,8,0,0,1,8,1,0,2,1,1,1,1,2,6,1,1,1,1,1,3,0,0,0,Normal
2020-08-24,Monday,1,35,8,Monsoon,0,0,0,0,0,0,0,2.1,27.9,20.5,72.2,,0,0,0,90,21,6,4,6,121,106.0,105.0,146.0,131.86,20.22,149.0,136.5,None,0,6,7,4,4,1,3,3,0,0,2,4,5,0,0,28,11,1,0,17,11,0,11,10,4,0,0,6,4,0,4,28,11,4,2,15,11,0,11,0,436,300,12,1,423,12,0,0,181,0,6,0,175,6,0,0,181,0,13,0,168,13,0,0,648,0,24,1,623,24,0,0,206,0,10,0,196,10,0,0,2,8,0,0,1,8,0,0,2,1,1,1,1,2,6,1,1,1,1,1,3,0,0,0,Normal
2020-08-25,Tuesday,2,35,8,Monsoon,0,0,0,0,0,1,0,4.4,31.1,22.2,67.6,,0,0,0,91,24,11,4,6,130,121.0,106.0,154.0,128.29,19.6,150.0,134.5,None,0,11,4,4,5,1,8,1,0,2,1,3,7,0,0,28,13,3,1,14,13,0,13,10,4,0,1,5,4,0,4,28,12,0,1,15,12,0,12,0,423,0,12,1,410,12,0,0,175,0,6,0,169,6,0,0,168,0,15,0,153,15,0,0,623,0,26,1,596,26,0,0,196,0,5,0,191,5,0,0,2,8,1,0,1,20,1,1,2,1,1,2,1,2,6,2,1,1,1,1,2,0,0,1,Watch
2020-08-26,Wednesday,3,35,8,Monsoon,0,0,0,1,0,0,1,1.5,30.6,23.0,73.5,,0,0,0,98,23,6,14,8,141,130.0,121.0,150.0,124.86,16.69,156.0,133.07,Snakebite_Cluster,1,10,3,8,2,1,3,1,0,2,2,4,8,0,0,28,13,4,1,14,13,0,13,10,3,2,0,7,3,0,3,28,13,2,0,15,13,0,13,0,410,0,15,1,394,15,0,0,169,0,10,0,159,10,0,0,153,0,15,0,138,15,0,0,596,0,26,1,569,26,0,0,191,0,8,0,183,8,0,0,2,8,0,0,1,8,0,0,3,1,3,1,1,2,6,1,1,1,2,2,2,0,0,0,Normal
2020-08-27,Thursday,4,35,8,Monsoon,0,0,0,0,0,1,0,15.6,35.1,26.6,81.9,,0,0,0,85,27,11,5,8,128,141.0,130.0,146.0,123.57,14.96,140.0,132.0,None,0,12,4,7,4,1,5,4,1,1,1,3,4,0,0,28,13,5,1,14,13,0,13,10,4,0,1,5,4,0,4,28,14,1,2,12,14,0,14,0,394,0,16,1,377,16,0,0,159,0,9,0,150,9,0,0,138,0,16,0,122,16,0,0,569,0,28,1,540,28,0,0,183,0,7,0,176,7,0,0,2,12,1,0,1,8,1,0,2,1,1,1,1,2,6,2,1,1,1,1,3,0,0,0,Normal
2020-08-28,Friday,5,35,8,Monsoon,0,0,0,0,0,0,0,7.5,29.1,21.0,84.3,,0,0,0,79,29,5,6,7,119,128.0,141.0,116.0,121.0,12.17,131.0,131.14,None,0,18,1,9,1,1,1,1,0,3,1,3,8,0,0,28,13,4,1,14,13,0,13,10,3,2,0,7,3,0,3,28,12,4,0,16,12,0,12,0,377,0,15,1,361,15,0,0,150,0,11,0,139,11,0,0,402,280,18,0,384,18,0,0,540,0,30,1,509,30,0,0,576,400,5,1,570,5,0,0,2,8,0,0,1,8,0,0,2,1,1,1,1,2,6,1,1,1,1,1,4,0,0,0,Normal
2020-08-29,Saturday,6,35,8,Monsoon,1,0,0,0,0,0,0,0.0,29.2,21.2,81.4,,0,0,0,69,25,5,11,8,110,119.0,128.0,105.0,121.43,12.03,137.0,130.29,None,0,16,4,4,1,0,3,2,0,0,1,3,8,0,0,28,12,5,2,14,12,0,12,10,3,1,2,5,3,0,3,28,13,2,1,14,13,0,13,0,361,0,15,1,345,15,0,0,139,0,6,0,133,6,0,0,384,0,15,0,369,15,0,0,509,0,26,1,482,26,0,0,570,0,8,1,561,8,0,0,2,8,0,0,1,8,0,0,2,1,1,1,1,2,6,1,1,1,1,1,2,0,0,0,Normal
2020-08-30,Sunday,7,35,8,Monsoon,1,0,0,0,0,0,0,0.0,30.2,23.9,74.8,,0,0,0,62,27,7,9,7,105,110.0,119.0,106.0,122.14,11.15,125.0,128.36,None,0,14,7,4,2,1,2,5,0,0,2,4,8,0,0,28,10,5,1,17,10,0,10,10,4,0,1,5,4,0,4,28,14,2,1,13,14,0,14,0,345,0,14,1,330,14,0,0,133,0,6,0,127,6,0,1,369,0,15,0,354,15,0,0,482,0,27,1,454,27,0,0,561,0,10,1,550,10,0,0,2,8,0,0,1,8,0,0,2,1,1,1,1,2,6,1,1,1,1,1,2,0,0,0,Normal
2020-08-31,Monday,1,36,8,Monsoon,0,0,0,0,0,0,0,0.0,31.8,23.1,63.0,,0,0,0,88,20,7,8,8,123,105.0,110.0,121.0,122.0,11.36,146.0,126.93,None,0,8,4,7,1,1,3,2,1,1,2,4,5,0,0,28,11,3,0,17,11,0,11,10,3,1,2,5,3,0,3,28,12,6,2,14,12,0,12,0,330,0,15,1,314,15,0,0,127,0,8,0,119,8,0,0,354,0,13,0,341,13,0,0,454,0,23,1,430,23,0,0,550,0,11,1,538,11,0,0,2,12,1,0,1,8,0,0,2,1,1,1,1,2,6,1,1,1,1,1,2,0,0,0,Normal
2020-09-01,Tuesday,2,36,9,Monsoon,0,0,0,0,0,1,0,20.0,31.3,22.0,79.3,Dengue,3,1,5,87,58,10,7,12,162,123.0,105.0,130.0,122.29,11.36,154.0,125.29,None,0,38,6,7,7,1,4,4,0,2,2,4,7,0,0,28,12,3,1,15,12,0,12,10,5,0,2,3,5,0,5,28,15,3,1,12,15,0,15,0,314,0,25,1,288,25,0,0,119,0,12,0,107,12,0,0,341,0,32,0,309,32,0,0,430,0,53,1,376,53,0,1,538,0,19,1,518,19,0,0,2,8,1,0,1,8,1,0,2,2,1,1,1,3,6,1,2,2,1,1,3,0,0,0,Watch
2020-09-02,Wednesday,3,36,9,Monsoon,0,0,0,1,0,0,1,26.0,29.6,20.4,84.8,Dengue,3,1,5,102,64,4,13,13,183,162.0,123.0,141.0,126.86,18.03,150.0,125.86,None,0,39,4,11,10,1,0,2,1,1,2,4,4,0,0,28,14,3,2,12,14,0,14,10,7,1,0,3,7,0,7,28,16,4,2,10,16,0,16,0,288,0,28,1,259,28,0,0,107,0,16,0,91,16,0,0,309,0,35,0,274,35,0,0,376,0,59,1,316,59,0,0,518,0,16,1,501,16,0,0,2,12,1,0,1,8,0,0,3,2,2,1,1,3,7,1,2,2,1,1,4,0,0,0,Watch
2020-09-03,Thursday,4,36,9,Monsoon,0,0,0,0,0,1,0,16.8,29.3,20.7,81.5,Dengue,3,1,4,85,63,11,7,11,166,183.0,162.0,128.0,132.86,26.66,146.0,128.21,None,0,44,9,6,4,2,4,6,1,0,3,5,4,1,1,28,15,3,1,12,15,0,15,10,4,4,2,4,4,0,4,28,18,4,2,8,18,0,18,0,259,0,24,0,235,24,0,0,91,0,12,0,79,12,0,0,274,0,35,0,239,35,0,0,316,0,57,1,258,57,0,0,501,0,21,0,480,21,0,0,2,12,1,0,1,8,1,0,2,2,1,1,1,3,7,2,2,2,1,1,4,0,0,1,Watch
2020-09-04,Friday,5,36,9,Monsoon,0,0,0,0,0,0,0,18.4,29.4,21.4,80.1,Dengue,3,1,4,80,58,7,8,9,153,166.0,183.0,119.0,138.29,28.89,116.0,129.64,None,0,37,8,7,6,2,1,3,0,3,3,5,4,1,1,28,16,4,1,11,16,0,16,10,3,2,0,7,3,0,3,28,19,2,1,8,19,0,19,0,235,0,22,0,213,22,0,0,329,250,12,1,316,12,0,0,239,0,32,0,207,32,0,0,258,0,53,0,205,53,0,0,480,0,15,0,465,15,0,0,2,8,0,0,1,8,0,0,2,2,1,1,1,2,7,1,2,2,1,1,2,0,0,1,Watch
2020-09-05,Saturday,6,36,9,Monsoon,1,0,0,0,0,0,0,35.7,26.8,18.9,93.3,Dengue,3,1,4,75,63,6,10,11,154,153.0,166.0,110.0,143.14,28.09,105.0,132.29,None,0,40,9,7,7,1,3,2,1,0,2,4,6,0,0,28,15,4,1,12,15,0,15,10,5,1,0,5,5,0,5,28,20,4,1,7,20,0,20,0,213,0,25,0,188,25,0,1,316,0,13,1,302,13,0,0,207,0,34,0,173,34,0,1,205,0,56,0,149,56,0,0,465,0,18,0,447,18,0,0,2,12,1,0,1,8,0,0,2,2,1,1,1,2,7,1,2,2,1,1,2,0,0,0,Watch
2020-09-06,Sunday,7,36,9,Monsoon,1,0,0,0,0,0,0,13.7,27.9,19.7,81.1,Dengue,3,1,3,70,64,6,10,11,150,154.0,153.0,105.0,149.43,24.69,106.0,135.79,None,0,40,14,6,4,2,1,3,0,2,4,6,7,0,0,28,17,2,2,9,17,0,17,10,8,1,0,2,8,0,8,28,18,5,1,9,18,0,18,0,188,0,25,0,163,25,0,0,302,0,12,1,289,12,0,0,173,0,34,0,139,34,0,0,849,700,57,2,790,57,0,0,447,0,18,0,429,18,0,0,2,8,0,0,1,8,0,0,2,2,1,1,1,2,7,1,2,2,1,1,3,0,0,0,Watch
2020-09-07,Monday,1,37,9,Monsoon,0,0,0,0,0,0,0,24.6,27.9,21.4,87.0,Dengue,3,1,3,91,64,6,6,11,167,150.0,154.0,123.0,155.86,16.92,121.0,138.93,None,0,42,3,8,11,0,3,3,0,0,1,3,4,0,0,28,15,5,2,11,15,0,15,10,8,4,2,0,8,0,8,28,17,5,1,10,17,0,17,0,163,0,25,0,138,25,0,0,289,0,14,1,274,14,0,0,139,0,35,0,104,35,0,0,790,0,58,1,731,58,0,0,429,0,12,0,417,12,0,0,2,8,0,0,1,8,0,0,2,2,1,1,1,3,7,1,2,2,1,1,2,0,0,0,Watch
2020-09-08,Tuesday,2,37,9,Monsoon,0,0,0,0,0,1,0,7.2,29.3,22.8,82.8,Dengue,3,1,3,88,60,11,8,12,167,167.0,150.0,162.0,162.14,10.49,130.0,142.21,None,0,40,6,10,4,1,2,5,0,4,2,4,4,0,0,28,18,4,1,9,18,0,18,10,6,2,2,2,6,0,6,28,18,4,0,10,18,0,18,0,138,0,26,0,112,26,0,0,274,0,15,1,258,15,0,0,104,0,33,0,71,33,0,0,731,0,55,1,675,55,0,0,417,0,17,0,400,17,0,0,2,8,1,0,1,8,0,0,2,2,1,1,1,3,7,2,2,2,1,1,3,0,0,0,Watch
2020-09-09,Wednesday,3,37,9,Monsoon,0,0,0,1,0,0,1,3.0,29.6,21.7,75.7,Dengue,3,1,4,101,54,6,16,12,177,167.0,167.0,183.0,162.86,10.63,141.0,144.86,None,0,31,7,8,8,1,2,1,2,1,2,4,5,0,0,28,20,4,2,6,20,0,20,10,6,2,2,2,6,0,6,28,20,2,0,8,20,0,20,0,112,0,25,0,87,25,0,0,258,0,13,0,245,13,0,0,71,0,30,0,41,30,0,0,675,0,51,1,623,51,0,0,400,0,15,0,385,15,0,0,2,20,1,1,1,8,0,0,3,2,2,1,2,3,7,1,2,2,2,2,4,0,0,1,Watch
2020-09-10,Thursday,4,37,9,Monsoon,0,0,0,0,0,1,0,47.2,28.8,20.4,91.3,Dengue,3,1,5,82,68,11,10,12,171,177.0,167.0,166.0,162.0,9.1,128.0,147.43,Flood_Disruption,2,49,10,6,3,2,6,4,0,1,3,5,4,1,1,28,20,5,0,8,20,0,20,10,2,6,1,7,2,0,2,28,21,4,3,4,21,0,21,0,387,300,26,1,360,26,0,0,245,0,12,0,233,12,0,0,41,0,38,0,3,38,0,0,623,0,61,1,561,61,0,0,385,0,20,0,365,20,0,0,2,8,1,0,1,20,1,1,2,2,2,2,1,3,7,2,2,2,1,1,3,0,0,2,Watch
2020-09-11,Friday,5,37,9,Monsoon,0,0,0,0,0,0,0,4.6,28.1,17.2,69.0,Dengue,3,1,4,88,62,4,9,10,163,171.0,177.0,153.0,162.71,9.57,119.0,150.5,None,0,44,9,3,6,1,3,1,0,0,2,4,8,0,0,28,23,4,2,3,23,0,23,10,1,2,0,9,1,0,1,28,19,4,2,7,19,0,19,0,360,0,22,1,337,22,0,0,233,0,9,0,224,9,0,0,283,280,35,0,248,35,0,0,561,0,57,1,503,57,0,0,365,0,12,0,353,12,0,0,2,8,0,0,1,8,0,0,2,2,1,1,1,3,7,1,2,2,1,1,4,0,0,0,Watch
2020-09-12,Saturday,6,37,9,Monsoon,1,0,0,0,0,0,0,33.3,30.1,24.0,84.5,Dengue,3,1,4,72,63,4,8,10,147,163.0,171.0,154.0,164.14,8.72,110.0,153.64,None,0,45,6,5,7,1,2,2,0,0,2,4,4,0,0,28,26,1,2,0,29,3,29,10,2,1,2,6,2,0,2,28,17,3,1,10,17,0,17,3,337,0,23,1,313,23,0,0,224,0,11,0,213,11,0,0,248,0,35,0,213,35,0,0,503,0,56,1,446,56,0,0,353,0,9,0,344,9,0,0,2,8,0,0,1,8,0,0,2,2,1,1,1,2,7,1,2,2,1,1,4,0,0,1,High
2020-09-13,Sunday,7,37,9,Monsoon,1,0,0,0,0,0,0,13.5,30.6,23.4,78.5,Dengue,3,1,6,69,62,5,14,11,150,147.0,163.0,150.0,163.14,10.12,105.0,156.29,None,0,37,8,9,8,0,4,0,0,1,2,4,5,0,0,28,24,11,1,3,24,0,24,10,2,2,1,7,2,0,2,28,19,1,0,9,19,0,19,0,313,0,25,1,287,25,0,0,213,0,14,0,199,14,0,0,213,0,33,0,180,33,0,1,446,0,55,1,390,55,0,1,344,0,13,0,331,13,0,0,2,8,0,0,1,8,1,0,2,2,2,1,1,2,7,1,2,2,2,2,2,0,0,0,Watch
2020-09-14,Monday,1,38,9,Monsoon,0,0,0,0,0,0,0,17.7,26.9,17.4,86.4,Dengue,3,1,4,91,61,4,7,11,163,150.0,147.0,167.0,163.14,10.12,123.0,159.5,None,0,38,9,6,8,0,2,2,0,0,2,4,5,0,0,28,25,5,2,1,25,0,25,10,3,2,1,6,3,0,3,28,18,3,0,10,18,0,18,0,287,0,24,1,262,24,0,0,199,0,12,0,187,12,0,0,180,0,34,0,146,34,0,0,390,0,56,1,333,56,0,0,331,0,12,0,319,12,0,0,2,8,0,0,1,8,0,0,2,2,1,1,1,3,7,1,2,2,1,1,3,0,0,0,Watch
2020-09-15,Tuesday,2,38,9,Monsoon,0,0,0,0,0,1,0,0.0,28.8,22.4,73.6,Dengue,3,1,5,90,52,12,6,11,160,163.0,150.0,167.0,162.57,10.0,162.0,162.36,None,0,34,4,5,9,0,4,5,1,2,1,3,5,0,0,28,25,6,0,3,25,0,25,10,1,2,1,8,1,0,1,28,19,4,2,7,19,0,19,0,262,0,22,0,240,22,0,0,187,0,10,0,177,10,0,0,146,0,30,0,116,30,0,0,333,0,49,1,283,49,0,0,319,0,15,0,304,15,0,0,2,12,1,0,1,8,1,0,2,2,1,1,1,3,7,2,2,2,1,1,2,0,0,0,Watch
2020-09-16,Wednesday,3,38,9,Monsoon,0,0,0,1,0,0,1,12.4,28.4,18.6,81.5,Dengue,3,1,4,99,59,7,11,11,176,160.0,163.0,177.0,161.57,9.85,183.0,162.21,None,0,35,10,10,4,3,3,3,1,0,4,6,8,0,0,28,25,5,2,1,25,0,25,10,0,1,0,10,0,0,0,28,19,6,3,6,19,0,19,0,240,0,25,0,215,25,0,0,177,0,15,0,162,15,0,0,116,0,33,0,83,33,0,0,283,0,55,0,228,55,0,0,304,0,22,0,282,22,0,0,2,12,1,0,1,8,0,0,3,2,1,1,1,3,7,1,2,2,1,1,4,0,0,0,Watch
2020-09-17,Thursday,4,38,9,Monsoon,0,0,0,0,0,1,0,4.8,28.2,19.7,75.5,Dengue,3,1,4,87,54,9,7,10,157,176.0,160.0,171.0,161.43,9.63,166.0,161.71,None,0,39,6,8,1,0,3,5,1,0,1,3,5,0,0,28,26,6,0,2,26,0,26,10,1,0,0,9,1,0,1,28,20,1,0,8,20,0,20,0,215,0,22,0,193,22,0,1,162,0,13,0,149,13,0,0,83,0,31,0,52,31,0,0,228,0,50,0,178,50,0,0,282,0,10,0,272,10,0,0,2,12,1,0,1,8,0,0,2,2,1,1,1,2,7,1,2,2,1,1,4,0,0,0,Watch
2020-09-18,Friday,5,38,9,Monsoon,0,0,0,0,0,0,0,0.0,29.0,20.3,81.7,Dengue,3,1,4,86,56,6,6,10,154,157.0,176.0,163.0,159.43,8.86,153.0,161.07,None,0,30,8,8,10,3,3,2,1,0,3,5,6,0,0,28,28,2,0,0,29,1,29,10,0,1,1,9,0,0,0,28,20,5,2,6,20,0,20,1,193,0,23,0,170,23,0,0,149,0,13,0,136,13,0,0,52,0,30,0,22,30,0,0,878,700,52,2,824,52,0,0,272,0,19,0,253,19,0,0,2,12,1,0,1,8,0,0,2,2,1,1,1,2,8,1,2,2,1,1,2,0,0,1,High
2020-09-19,Saturday,6,38,9,Monsoon,1,0,0,0,0,0,0,0.3,28.2,20.7,69.7,Dengue,3,1,4,83,58,6,11,9,158,154.0,157.0,147.0,158.14,8.9,154.0,161.14,None,0,34,8,10,6,0,2,1,1,2,2,4,6,0,0,28,27,6,0,1,27,0,27,10,1,0,1,8,1,0,1,28,22,2,2,4,22,0,22,0,170,0,22,0,148,22,0,0,136,0,15,0,121,15,0,1,302,280,31,0,271,31,0,0,824,0,53,2,769,53,0,0,253,0,15,0,238,15,0,0,2,12,1,0,1,8,0,0,2,2,1,1,1,2,8,1,2,2,1,1,2,0,0,0,Watch
2020-09-20,Sunday,7,38,9,Monsoon,1,0,0,0,0,0,0,2.2,25.6,16.1,76.6,Dengue,3,1,5,68,57,4,10,9,139,158.0,154.0,150.0,159.71,7.69,150.0,161.43,None,0,37,7,7,6,1,2,2,0,0,2,4,5,0,0,28,27,3,1,0,28,1,28,10,3,0,0,7,3,0,3,28,20,5,2,6,20,0,20,1,148,0,21,0,127,21,0,0,121,0,12,0,109,12,0,0,271,0,31,0,240,31,0,0,769,0,51,1,717,51,0,0,238,0,13,0,225,13,0,1,2,8,0,0,1,8,0,0,2,2,1,1,1,2,8,1,2,2,1,1,2,0,0,1,High
2020-09-21,Monday,1,39,9,Monsoon,0,0,0,0,0,0,0,7.8,28.6,20.9,76.3,Dengue,3,1,3,93,59,5,7,9,164,139.0,158.0,163.0,158.14,10.22,167.0,160.64,None,0,38,11,5,5,1,1,2,0,2,3,5,6,0,0,28,27,4,1,0,28,1,28,10,4,0,1,5,4,0,4,28,18,6,1,9,18,0,18,1,127,0,21,0,106,21,0,0,109,0,10,0,99,10,0,0,240,0,33,0,207,33,0,0,717,0,55,1,661,55,0,0,225,0,17,0,208,17,0,0,2,8,0,0,1,8,0,0,2,2,1,1,1,3,8,1,2,2,1,1,3,0,0,1,High
2020-09-22,Tuesday,2,39,9,Monsoon,0,0,0,0,0,1,0,15.8,26.2,17.3,82.7,Dengue,3,1,5,91,63,11,7,12,172,164.0,139.0,160.0,158.29,10.29,167.0,160.43,None,0,45,6,7,5,1,2,6,1,2,2,4,4,0,0,28,26,7,2,0,27,1,27,10,1,4,1,8,1,0,1,28,18,5,0,10,18,0,18,1,406,300,26,1,379,26,0,0,99,0,13,0,86,13,0,0,207,0,36,0,171,36,0,1,661,0,58,1,602,58,0,0,208,0,17,0,191,17,0,0,2,12,1,0,1,8,0,0,2,2,1,1,1,3,7,2,2,2,1,1,3,0,0,1,High
2020-09-23,Wednesday,3,39,9,Monsoon,0,0,0,1,0,0,1,13.7,27.9,19.2,76.5,Dengue,3,1,5,106,58,5,12,11,181,172.0,164.0,176.0,160.0,11.38,177.0,160.79,None,0,42,4,6,6,1,1,2,2,0,2,4,6,0,0,28,24,10,2,2,24,0,24,10,2,1,1,7,2,0,2,28,17,3,1,10,17,0,17,0,379,0,24,1,354,24,0,0,86,0,11,0,75,11,0,0,171,0,34,0,137,34,0,0,602,0,55,1,546,55,0,0,191,0,10,0,181,10,0,0,2,20,1,1,1,8,0,0,3,2,1,1,2,3,7,1,2,2,1,1,4,0,0,1,Watch
2020-09-24,Thursday,4,39,9,Monsoon,0,0,0,0,0,1,0,5.5,30.1,22.9,71.8,Dengue,3,1,4,88,63,10,4,11,165,181.0,172.0,157.0,160.71,12.46,171.0,161.07,None,0,43,11,6,3,2,5,3,1,1,3,5,4,1,1,28,25,5,1,2,25,0,25,10,2,1,1,7,2,0,2,28,19,2,2,7,19,0,19,0,354,0,24,1,329,24,0,0,325,250,12,1,312,12,0,0,137,0,35,0,102,35,0,0,546,0,57,1,488,57,0,0,181,0,18,0,163,18,0,0,2,12,1,0,1,8,1,0,2,2,1,1,1,3,7,1,2,2,1,1,3,0,0,1,Watch
2020-09-25,Friday,5,39,9,Monsoon,0,0,0,0,0,0,0,7.5,26.1,16.5,78.0,Dengue,3,1,3,83,57,5,5,9,150,165.0,181.0,154.0,161.86,12.44,163.0,160.64,None,0,42,7,3,5,2,1,3,1,0,3,5,6,0,0,28,20,6,0,8,20,0,20,10,4,2,0,6,4,0,4,28,20,3,0,8,20,0,20,0,329,0,20,1,308,20,0,0,312,0,8,1,303,8,0,0,102,0,32,0,70,32,0,0,488,0,52,1,435,52,0,0,163,0,16,0,147,16,0,0,2,12,1,0,1,8,0,0,2,2,1,1,1,2,7,1,2,2,1,1,3,0,0,0,Watch
2020-09-26,Saturday,6,39,9,Monsoon,1,0,0,0,0,0,0,21.4,24.2,16.7,87.5,Dengue,3,1,5,77,65,5,12,12,159,150.0,165.0,158.0,161.29,12.87,147.0,159.71,None,0,45,5,10,5,1,3,1,1,0,2,4,5,0,0,28,21,8,0,7,21,0,21,10,1,3,1,8,1,0,1,28,17,6,1,10,17,0,17,0,308,0,27,1,280,27,0,0,303,0,16,1,286,16,0,0,70,0,36,0,34,36,0,0,435,0,58,1,376,58,0,1,147,0,12,0,135,12,0,0,2,12,1,0,1,8,0,0,2,2,1,1,1,2,7,1,2,2,1,1,2,0,0,0,Watch
2020-09-27,Sunday,7,39,9,Monsoon,1,0,0,0,0,0,0,16.4,26.4,20.0,86.0,Dengue,3,1,4,68,62,5,8,10,143,159.0,150.0,139.0,161.43,12.84,150.0,160.57,None,0,41,7,9,5,0,1,3,0,1,1,3,5,0,0,28,20,6,1,7,20,0,20,10,2,0,2,6,2,0,2,28,16,5,2,10,16,0,16,0,280,0,24,1,255,24,0,0,286,0,14,1,271,14,0,0,34,0,33,0,1,33,0,0,376,0,55,1,320,55,0,0,535,400,14,1,520,14,0,0,2,8,0,0,1,8,0,0,2,2,1,1,1,2,7,1,2,2,1,1,3,0,0,0,Watch
2020-09-28,Monday,1,40,9,Monsoon,0,0,0,0,0,0,0,33.0,23.9,17.0,84.6,Dengue,3,1,5,90,68,4,6,11,168,143.0,159.0,164.0,162.0,11.88,163.0,160.07,None,0,51,6,3,8,0,0,2,1,1,1,3,4,0,0,28,20,3,0,8,20,0,20,10,6,2,1,3,6,0,6,28,15,3,0,13,15,0,15,0,255,0,24,0,231,24,0,0,271,0,10,1,260,10,0,0,281,280,38,0,243,38,0,0,320,0,62,1,257,62,0,0,520,0,10,1,509,10,0,0,2,12,1,0,1,8,0,0,2,2,1,1,1,3,7,1,2,2,1,1,3,0,0,0,Watch
2020-09-29,Tuesday,2,40,9,Monsoon,0,0,0,0,0,1,0,19.9,26.3,17.4,78.7,Dengue,3,1,5,89,60,9,7,11,165,168.0,143.0,172.0,162.57,12.06,160.0,160.43,None,0,38,8,10,4,1,4,4,1,0,2,4,8,0,0,28,20,7,0,8,20,0,20,10,7,2,1,2,7,0,7,28,13,3,1,14,13,0,13,0,231,0,25,0,206,25,0,0,260,0,15,0,245,15,0,0,243,0,33,0,210,33,0,0,257,0,55,0,202,55,0,0,509,0,10,0,499,10,0,0,2,12,1,0,1,8,1,0,2,2,1,1,1,3,7,1,2,2,1,1,4,0,0,0,Watch
2020-09-30,Wednesday,3,40,9,Monsoon,0,0,0,1,0,0,1,4.0,28.5,23.7,75.2,Dengue,3,1,6,99,56,5,12,12,172,165.0,168.0,181.0,161.57,11.51,176.0,160.79,None,0,39,5,5,7,0,1,1,0,3,1,3,4,0,0,28,17,7,0,11,17,0,17,10,6,3,1,3,6,0,6,28,18,1,0,10,18,0,18,0,206,0,24,0,182,24,0,1,245,0,10,0,235,10,0,0,210,0,32,0,178,32,0,1,202,0,53,0,149,53,0,0,499,0,18,0,481,18,0,0,2,8,0,0,1,8,0,0,3,2,1,1,1,3,7,1,2,2,1,1,3,0,0,0,Watch
2020-10-01,Thursday,4,40,10,Post_Monsoon,0,0,0,0,0,1,0,0.2,25.5,17.6,50.5,Dengue,3,1,4,86,47,10,7,10,150,172.0,165.0,165.0,160.29,9.62,157.0,160.5,None,0,25,11,9,2,1,5,3,0,2,3,5,4,1,1,28,19,5,0,9,19,0,19,10,6,1,0,4,6,0,6,28,18,2,1,9,18,0,18,0,182,0,22,0,160,22,0,0,235,0,13,0,222,13,0,0,178,0,26,0,152,26,0,0,849,700,44,2,803,44,0,0,481,0,13,0,468,13,0,0,2,8,1,0,1,8,1,0,2,2,1,1,1,2,7,1,2,2,1,1,2,0,0,1,Watch
2020-10-02,Friday,5,40,10,Post_Monsoon,0,1,0,0,0,0,1,0.0,27.0,18.7,59.0,Dengue,3,1,4,88,49,6,8,9,151,150.0,172.0,150.0,158.14,9.99,154.0,160.0,None,0,23,14,3,9,2,3,2,0,1,4,6,4,2,1,28,18,5,0,10,18,0,18,10,6,1,2,2,6,0,6,28,20,2,0,8,20,0,20,0,160,0,19,0,141,19,0,0,222,0,8,0,214,8,0,0,152,0,26,0,126,26,0,0,803,0,46,2,755,46,0,0,468,0,20,0,448,20,0,0,2,8,0,0,1,8,0,0,2,2,1,1,1,2,7,1,2,2,1,1,4,0,0,1,Watch
2020-10-03,Saturday,6,40,10,Post_Monsoon,1,0,0,0,0,0,0,0.0,26.2,19.9,41.7,Dengue,3,1,5,78,43,6,10,8,137,151.0,150.0,159.0,158.29,9.88,158.0,159.79,None,0,30,4,5,4,0,4,0,0,2,1,3,8,0,0,28,12,7,0,16,12,0,12,10,8,1,2,0,8,0,8,28,19,5,0,9,19,0,19,0,141,0,18,0,123,18,0,0,214,0,9,0,205,9,0,0,126,0,25,0,101,25,0,0,755,0,41,1,713,41,0,0,448,0,13,0,435,13,0,0,2,8,0,0,1,8,1,0,2,2,1,1,1,2,7,1,2,1,1,1,2,0,0,0,Watch
2020-10-04,Sunday,7,40,10,Post_Monsoon,1,0,0,0,0,0,0,0.0,25.8,17.7,51.4,Dengue,3,1,5,68,49,4,13,8,134,137.0,151.0,143.0,155.14,12.35,139.0,158.29,None,0,35,7,4,3,1,2,0,1,1,2,4,5,0,0,28,14,3,0,14,14,0,14,10,1,7,0,9,1,0,1,28,17,5,0,11,17,0,17,0,123,0,18,0,105,18,0,0,205,0,8,0,197,8,0,0,101,0,28,0,73,28,0,0,713,0,45,1,667,45,0,0,435,0,13,0,422,13,0,0,2,12,1,0,1,8,0,0,2,2,2,1,1,2,6,1,2,2,1,1,2,0,0,0,Watch
2020-10-05,Monday,1,41,10,Post_Monsoon,0,0,1,0,0,0,3,0.0,24.5,16.0,54.7,Dengue,3,1,6,97,45,4,18,10,164,134.0,137.0,168.0,153.86,13.91,164.0,157.93,Road_Accident_Surge,2,28,4,5,8,1,2,2,0,0,2,4,6,0,0,28,11,6,0,17,11,0,11,10,3,1,1,6,3,0,3,28,20,1,1,7,20,0,20,0,405,300,20,1,384,20,0,0,197,0,9,0,188,9,0,0,73,0,26,0,47,26,0,0,667,0,44,1,622,44,0,0,422,0,14,0,408,14,0,0,2,8,0,0,1,8,0,0,3,2,3,1,1,3,6,1,2,2,2,3,3,0,0,0,Watch
2020-10-06,Tuesday,2,41,10,Post_Monsoon,0,0,1,0,0,1,3,0.0,26.8,20.3,56.2,Dengue,3,1,5,96,46,10,17,11,169,164.0,134.0,165.0,153.29,13.39,172.0,157.93,Road_Accident_Surge,2,32,7,4,3,1,6,3,0,1,2,4,7,0,0,28,12,4,2,14,12,0,12,10,5,0,2,3,5,0,5,28,21,3,1,6,21,0,21,0,384,0,21,1,362,21,0,0,188,0,8,0,180,8,0,0,327,280,27,0,300,27,0,0,622,0,44,1,577,44,0,0,408,0,15,0,393,15,0,0,2,8,1,0,1,20,1,1,2,2,3,2,1,3,7,1,2,2,2,3,2,1,1,2,Watch
2020-10-07,Wednesday,3,41,10,Post_Monsoon,0,0,0,1,0,0,1,0.0,24.1,17.8,47.3,Dengue,3,1,5,99,48,6,10,10,163,169.0,164.0,172.0,153.86,13.95,181.0,157.71,None,0,28,6,6,8,1,4,2,0,0,2,4,4,0,0,28,11,3,1,16,11,0,11,10,3,5,1,6,3,0,3,28,26,0,0,2,26,0,26,0,362,0,21,1,340,21,0,0,180,0,10,0,170,10,0,0,300,0,27,0,273,27,0,0,577,0,46,1,530,46,0,0,393,0,17,0,376,17,0,0,2,8,0,0,1,8,1,0,3,2,1,1,1,3,7,1,2,2,1,1,3,0,0,0,Watch
2020-10-08,Thursday,4,41,10,Post_Monsoon,0,0,0,0,0,1,0,0.0,23.3,12.4,49.2,Dengue,3,1,6,93,46,9,4,9,152,163.0,169.0,150.0,152.57,12.57,165.0,156.43,None,0,29,8,6,3,2,5,4,0,0,3,5,4,1,1,28,14,3,2,12,14,0,14,10,3,1,1,6,3,0,3,28,20,8,2,6,20,0,20,0,340,0,20,1,319,20,0,0,170,0,10,0,160,10,0,0,273,0,27,0,246,27,0,0,530,0,44,1,485,44,0,0,376,0,13,0,363,13,0,0,2,8,0,0,1,8,1,0,2,2,1,1,1,2,7,1,2,2,1,1,2,0,0,1,Watch
2020-10-09,Friday,5,41,10,Post_Monsoon,0,0,1,0,0,0,1,0.0,25.4,18.2,53.0,Dengue,3,1,4,92,48,6,16,10,162,152.0,163.0,151.0,152.86,12.53,150.0,155.5,Road_Accident_Surge,2,33,8,2,5,1,3,0,3,0,2,4,4,0,0,28,15,4,2,11,15,0,15,10,4,0,2,4,4,0,4,28,20,4,1,7,20,0,20,0,319,0,20,1,298,20,0,0,160,0,7,0,153,7,0,0,246,0,28,0,218,28,0,0,485,0,46,1,438,46,0,0,363,0,16,0,347,16,0,0,2,20,1,1,1,8,0,0,2,2,3,1,2,3,7,1,2,2,2,3,4,0,0,1,Watch
2020-10-10,Saturday,6,41,10,Post_Monsoon,1,0,0,0,0,0,0,0.0,23.4,16.3,54.7,Dengue,3,1,4,75,51,6,11,11,143,162.0,152.0,137.0,154.43,12.88,159.0,156.36,None,0,27,6,8,10,2,4,0,0,2,3,5,7,0,0,28,17,3,0,11,17,0,17,10,5,1,1,4,5,0,5,28,22,2,2,4,22,0,22,0,298,0,23,1,274,23,0,0,153,0,12,0,141,12,0,0,218,0,27,0,191,27,0,1,438,0,47,1,390,47,0,1,347,0,16,0,331,16,0,0,2,8,0,0,1,8,1,0,2,2,1,1,1,2,7,1,2,2,1,1,4,0,0,0,Watch
2020-10-11,Sunday,7,41,10,Post_Monsoon,1,0,0,0,0,0,0,0.0,25.9,18.3,54.1,Dengue,3,1,4,74,43,5,11,8,133,143.0,162.0,134.0,155.29,11.85,143.0,155.21,None,0,23,5,7,8,0,4,0,0,1,1,3,8,0,0,28,14,7,1,13,14,0,14,10,2,4,2,6,2,0,2,28,20,5,2,6,20,0,20,0,274,0,18,1,255,18,0,0,141,0,11,0,130,11,0,0,191,0,23,0,168,23,0,0,390,0,40,1,349,40,0,0,331,0,12,0,319,12,0,0,2,8,0,0,1,8,1,0,2,2,1,1,1,2,7,1,2,1,1,1,3,0,0,0,Watch
2020-10-12,Monday,1,42,10,Post_Monsoon,0,0,0,0,0,0,0,0.0,29.7,21.8,52.2,Dengue,3,1,4,95,46,4,9,10,154,133.0,143.0,164.0,155.14,12.11,168.0,154.5,None,0,29,5,7,5,1,2,2,0,0,2,4,7,0,0,28,18,1,1,9,18,0,18,10,2,1,0,8,2,0,2,28,21,3,0,7,21,0,21,0,255,0,21,0,234,21,0,0,130,0,11,0,119,11,0,1,168,0,27,0,141,27,0,0,349,0,44,1,304,44,0,0,319,0,14,0,305,14,0,0,2,8,0,0,1,8,0,0,2,2,1,1,1,2,7,1,2,2,1,1,2,0,0,0,Watch
2020-10-13,Tuesday,2,42,10,Post_Monsoon,0,0,0,0,0,1,0,0.0,26.4,19.0,46.9,Dengue,3,1,3,87,43,10,7,11,147,154.0,133.0,169.0,153.71,11.56,165.0,153.5,None,0,23,10,4,6,2,4,4,0,2,3,5,8,0,0,28,17,6,2,9,17,0,17,10,3,1,1,6,3,0,3,28,20,5,1,7,20,0,20,0,234,0,21,0,213,21,0,0,119,0,8,0,111,8,0,0,141,0,24,0,117,24,0,0,304,0,41,1,262,41,0,0,305,0,18,0,287,18,0,0,2,8,1,0,1,8,1,0,2,2,1,1,1,2,7,1,2,1,1,1,4,0,0,0,Watch
2020-10-14,Wednesday,3,42,10,Post_Monsoon,0,0,0,1,1,0,1,0.0,24.3,16.0,55.5,,0,0,0,94,14,7,11,7,126,147.0,154.0,163.0,150.57,9.84,172.0,152.21,None,0,5,3,4,2,0,2,2,0,3,1,3,8,0,0,28,18,3,1,9,18,0,18,10,3,1,0,7,3,0,3,28,20,2,2,6,20,0,20,0,213,0,12,0,201,12,0,0,111,0,5,0,106,5,0,0,117,0,11,0,106,11,0,0,262,0,19,0,243,19,0,0,287,0,6,0,281,6,0,0,2,8,0,0,1,8,0,0,2,1,1,1,1,2,7,1,1,1,1,1,2,0,0,0,Normal
2020-10-15,Thursday,4,42,10,Post_Monsoon,0,0,0,0,0,1,0,1.1,23.5,14.9,54.8,,0,0,0,78,17,9,9,7,113,126.0,147.0,152.0,145.29,11.54,150.0,148.93,None,0,4,8,2,3,0,6,3,0,0,1,3,5,0,0,28,14,7,0,14,14,0,14,10,2,1,0,8,2,0,2,28,21,3,1,6,21,0,21,0,201,0,12,0,189,12,0,1,106,0,4,0,102,4,0,0,106,0,11,0,95,11,0,0,943,700,20,2,921,20,0,0,281,0,12,0,269,12,0,0,2,8,0,0,1,20,1,1,2,1,1,2,1,2,7,1,1,1,1,1,3,0,0,1,Watch
2020-10-16,Friday,5,42,10,Post_Monsoon,0,0,0,0,0,0,0,0.0,24.2,17.7,53.8,,0,0,0,77,14,6,6,6,103,113.0,126.0,162.0,139.71,15.64,151.0,146.29,None,0,6,3,3,2,0,1,5,0,0,1,3,4,0,0,28,15,1,2,11,15,0,15,10,3,1,2,5,3,0,3,28,19,4,0,9,19,0,19,0,189,0,10,0,179,10,0,0,102,0,4,0,98,4,0,0,375,280,10,0,365,10,0,0,921,0,17,2,902,17,0,0,269,0,6,0,263,6,0,0,2,8,0,0,1,8,0,0,2,1,1,1,1,2,7,1,1,1,1,1,3,0,0,0,Normal
2020-10-17,Saturday,6,42,10,Post_Monsoon,1,0,0,0,0,0,0,1.0,25.8,17.5,52.4,,0,0,0,71,14,5,11,7,101,103.0,113.0,143.0,131.29,17.18,137.0,142.86,None,0,5,4,3,2,0,3,0,0,2,1,3,4,0,0,28,15,6,0,13,15,0,15,10,3,1,2,5,3,0,3,28,17,2,0,11,17,0,17,0,179,0,11,0,168,11,0,0,348,250,4,1,343,4,0,0,365,0,9,0,356,9,0,0,902,0,17,2,883,17,0,0,263,0,2,0,261,2,0,0,2,8,0,0,1,8,0,0,2,1,1,1,1,2,6,1,1,1,1,1,2,0,0,0,Normal
2020-10-18,Sunday,7,42,10,Post_Monsoon,1,0,0,0,0,0,0,0.0,22.8,16.6,51.2,,0,0,0,65,11,5,12,7,93,101.0,103.0,133.0,125.29,19.25,134.0,140.29,None,0,2,2,2,5,1,1,2,0,2,1,3,7,0,0,28,18,1,2,8,18,0,18,10,5,1,2,3,5,0,5,28,14,3,0,14,14,0,14,0,168,0,11,0,157,11,0,0,343,0,3,1,339,3,0,0,356,0,8,0,348,8,0,0,883,0,14,2,867,14,0,0,261,0,2,0,259,2,0,0,2,8,0,0,1,8,0,0,2,1,1,1,1,2,7,1,1,1,1,1,2,0,0,0,Normal
2020-10-19,Monday,1,43,10,Post_Monsoon,0,0,0,0,0,0,0,1.1,23.8,15.6,50.6,,0,0,0,85,14,4,6,5,109,93.0,101.0,154.0,119.57,21.87,164.0,137.36,None,0,5,6,3,0,0,2,2,0,0,1,3,7,0,0,28,16,3,1,11,16,0,16,10,4,4,2,4,4,0,4,28,12,3,1,15,12,0,12,0,157,0,9,0,148,9,0,0,339,0,4,1,334,4,0,0,348,0,10,0,338,10,0,0,867,0,18,2,847,18,0,0,259,0,5,0,254,5,0,0,2,8,0,0,1,8,0,0,2,1,1,1,1,2,6,1,1,1,1,1,4,0,0,0,Normal
2020-10-20,Tuesday,2,43,10,Post_Monsoon,0,0,0,0,1,1,0,0.0,24.6,17.3,55.8,,0,0,0,85,17,14,8,8,124,109.0,93.0,147.0,113.14,16.84,169.0,133.43,None,0,6,3,6,2,0,5,5,1,3,1,3,8,0,0,28,17,3,0,11,17,0,17,10,4,3,1,5,4,0,4,28,10,3,2,16,10,0,10,0,448,300,14,1,433,14,0,0,334,0,7,1,326,7,0,0,338,0,11,0,327,11,0,0,847,0,20,2,825,20,0,0,254,0,4,0,250,4,0,0,2,20,1,1,1,8,1,0,2,1,1,1,2,2,6,2,1,1,1,1,4,0,0,1,Watch
2020-10-21,Wednesday,3,43,10,Post_Monsoon,0,0,0,1,0,0,1,0.0,25.8,17.9,52.1,,0,0,0,91,14,3,12,7,120,124.0,109.0,126.0,109.86,11.22,163.0,130.21,None,0,2,3,3,6,0,1,2,0,0,1,3,6,0,0,28,12,8,1,15,12,0,12,10,4,3,1,5,4,0,4,28,8,3,0,20,8,0,8,0,433,0,11,1,421,11,0,0,326,0,4,1,321,4,0,0,327,0,10,0,317,10,0,0,825,0,18,2,805,18,0,0,250,0,4,0,246,4,0,0,2,8,0,0,1,8,0,0,2,1,1,1,1,2,6,1,1,1,1,1,2,0,0,0,Normal
2020-10-22,Thursday,4,43,10,Post_Monsoon,0,0,0,0,0,1,0,5.9,24.5,14.8,44.1,,0,0,0,78,17,11,7,7,113,120.0,124.0,113.0,109.0,10.13,152.0,127.14,None,0,5,6,4,2,0,3,7,0,1,1,3,8,0,0,28,17,0,3,8,17,0,17,10,4,2,0,6,4,0,4,28,4,4,2,22,4,0,4,0,421,0,12,1,408,12,0,0,321,0,5,1,315,5,0,0,317,0,11,0,306,11,0,0,805,0,20,2,783,20,0,0,246,0,3,0,243,3,0,0,2,8,1,0,1,8,0,0,2,1,1,1,1,2,6,2,1,1,1,1,2,0,0,0,Normal
2020-10-23,Friday,5,43,10,Post_Monsoon,0,0,0,0,0,0,0,0.9,26.4,18.4,49.4,,0,0,0,78,12,4,8,4,102,113.0,120.0,103.0,109.0,10.13,162.0,124.36,None,0,4,4,3,1,0,4,0,0,0,1,3,8,0,0,28,17,2,1,10,17,0,17,10,3,1,2,5,3,0,3,28,6,0,1,21,6,0,6,0,408,0,8,1,399,8,0,0,315,0,4,1,310,4,0,0,306,0,9,0,297,9,0,0,783,0,16,2,765,16,0,0,243,0,6,0,237,6,0,0,2,8,0,0,1,8,1,0,2,1,1,1,1,2,6,1,1,1,1,1,2,0,0,0,Normal
2020-10-24,Saturday,6,43,10,Post_Monsoon,1,0,0,0,0,0,0,0.0,25.5,16.5,53.9,,0,0,0,74,14,6,7,7,101,102.0,113.0,101.0,108.86,10.22,143.0,120.07,None,0,9,3,1,1,0,2,3,0,1,1,3,8,0,0,28,12,5,0,16,12,0,12,10,5,1,2,3,5,0,5,28,9,1,2,17,9,0,9,0,399,0,11,1,387,11,0,0,310,0,2,1,307,2,0,0,297,0,10,0,287,10,0,0,765,0,17,1,747,17,0,0,237,0,10,0,227,10,0,1,2,8,0,0,1,8,0,0,2,1,1,1,1,2,6,1,1,1,1,1,3,0,0,0,Normal
2020-10-25,Sunday,7,43,10,Post_Monsoon,1,0,1,0,0,0,1,0.9,27.0,18.9,55.2,,0,0,0,69,17,4,19,9,109,101.0,102.0,93.0,108.86,10.22,133.0,117.07,Road_Accident_Surge,3,6,3,3,5,0,2,0,1,1,1,3,8,0,0,28,16,2,3,9,16,0,16,10,5,0,0,5,5,0,5,28,8,4,4,16,8,0,8,0,387,0,14,1,372,14,0,0,307,0,4,1,302,4,0,0,287,0,11,0,276,11,0,0,747,0,19,1,727,19,0,0,227,0,8,0,219,8,0,0,2,12,1,0,1,8,0,0,2,1,3,1,1,2,6,1,1,1,2,3,4,0,0,0,Watch
2020-10-26,Monday,1,44,10,Post_Monsoon,0,0,0,0,0,0,0,0.0,24.3,15.0,48.7,,0,0,0,87,14,4,6,7,111,109.0,101.0,109.0,111.14,7.95,154.0,115.36,None,0,4,2,5,3,0,2,0,0,2,0,2,4,0,0,28,16,4,2,10,16,0,16,10,5,2,2,3,5,0,5,28,9,0,1,18,9,0,9,0,372,0,12,1,359,12,0,0,302,0,6,1,295,6,0,0,276,0,10,0,266,10,0,0,727,0,18,1,708,18,0,0,219,0,3,0,216,3,0,0,2,8,0,0,1,8,0,0,2,1,1,1,1,2,6,1,1,1,1,1,2,0,0,0,Normal
2020-10-27,Tuesday,2,44,10,Post_Monsoon,0,0,0,0,0,1,0,0.0,24.7,17.9,66.1,,0,0,0,88,13,10,10,7,121,111.0,109.0,124.0,111.43,7.91,147.0,112.29,None,0,6,3,2,2,0,5,3,0,2,1,3,7,0,0,28,23,0,0,5,23,0,23,10,3,2,0,7,3,0,3,28,6,3,0,22,6,0,6,0,359,0,11,1,347,11,0,0,295,0,3,1,291,3,0,0,266,0,10,0,256,10,0,0,708,0,17,1,690,17,0,0,216,0,2,0,214,2,0,0,2,8,1,0,1,8,1,0,2,1,1,1,1,2,6,1,1,1,1,1,4,0,0,0,Normal
2020-10-28,Wednesday,3,44,10,Post_Monsoon,0,0,1,1,0,0,2,0.0,21.3,13.8,51.6,,0,0,0,99,18,6,21,9,144,121.0,111.0,120.0,111.0,7.27,126.0,110.43,Road_Accident_Surge,3,8,3,2,5,0,3,2,0,1,1,3,8,0,0,28,26,1,2,0,26,0,26,10,5,1,2,3,5,0,5,28,7,1,2,19,7,0,7,0,347,0,14,1,332,14,0,0,291,0,4,1,286,4,0,0,256,0,13,0,243,13,0,0,690,0,22,1,667,22,0,0,214,0,6,0,208,6,0,0,2,8,0,0,1,8,0,0,3,1,3,1,1,2,7,1,1,1,2,3,3,0,0,0,Watch
2020-10-29,Thursday,4,44,10,Post_Monsoon,0,0,0,0,0,1,0,5.7,21.9,13.3,57.7,,0,0,0,79,18,11,8,7,116,144.0,121.0,113.0,114.43,13.61,113.0,111.71,None,0,6,6,6,0,1,6,5,0,0,2,4,5,0,0,28,24,7,2,2,24,0,24,10,3,3,0,7,3,0,3,28,7,1,1,20,7,0,7,0,332,0,13,1,318,13,0,0,286,0,7,1,278,7,0,0,243,0,11,0,232,11,0,0,667,0,21,1,645,21,0,0,208,0,6,0,202,6,0,0,2,8,1,0,1,20,1,1,2,1,1,2,1,2,6,2,1,1,1,1,2,0,0,1,Watch
2020-10-30,Friday,5,44,10,Post_Monsoon,0,0,0,0,1,0,0,0.0,22.8,16.1,50.6,,0,0,0,77,20,8,8,7,113,116.0,144.0,102.0,114.86,13.6,103.0,111.93,None,0,12,3,5,0,0,4,4,0,0,1,3,8,0,0,28,24,5,2,2,24,0,24,10,1,3,0,9,1,0,1,28,8,0,1,19,8,0,8,0,318,0,13,1,304,13,0,0,278,0,6,1,271,6,0,0,232,0,13,0,219,13,0,0,645,0,22,1,622,22,0,0,202,0,4,0,198,4,0,0,2,8,0,0,1,8,1,0,2,1,1,1,1,2,6,1,1,1,1,1,2,0,0,0,Normal
2020-10-31,Saturday,6,44,10,Post_Monsoon,1,0,0,0,0,0,0,0.0,23.4,16.3,49.3,,0,0,0,69,10,3,11,5,93,113.0,116.0,101.0,116.43,12.62,101.0,112.64,None,0,3,2,4,1,0,1,1,0,1,1,3,5,0,0,28,20,6,2,6,20,0,20,10,1,1,1,8,1,0,1,28,9,1,2,17,9,0,9,0,304,0,9,1,294,9,0,0,271,0,5,1,265,5,0,0,219,0,8,0,211,8,0,0,622,0,14,1,607,14,0,0,598,400,5,1,592,5,0,0,2,8,0,0,1,8,0,0,2,1,1,1,1,2,6,1,1,1,1,1,2,0,0,0,Normal
2020-11-01,Sunday,7,44,11,Post_Monsoon,1,0,0,0,0,0,0,0.0,20.5,11.9,59.1,,0,0,0,65,17,6,11,6,99,93.0,113.0,109.0,115.29,14.23,93.0,112.07,None,0,7,4,2,4,2,4,2,0,0,2,4,5,0,0,28,18,5,0,10,18,0,18,10,1,1,1,8,1,0,1,28,8,3,2,18,8,0,8,0,294,0,10,1,283,10,0,0,265,0,4,1,260,4,0,0,211,0,11,0,200,11,0,1,607,0,19,1,587,19,0,0,592,0,8,1,583,8,0,0,2,8,0,0,1,8,1,0,2,1,1,1,1,2,6,1,1,1,1,1,2,0,0,0,Normal
2020-11-02,Monday,1,45,11,Post_Monsoon,0,0,0,0,0,0,0,1.6,26.2,16.7,50.1,,0,0,0,95,12,5,8,6,120,99.0,93.0,111.0,113.86,15.25,109.0,112.5,None,0,3,5,3,1,1,1,2,2,0,2,4,7,0,0,28,21,1,2,5,21,0,21,10,2,1,0,8,2,0,2,28,7,1,0,21,7,0,7,0,283,0,10,1,272,10,0,0,260,0,4,1,255,4,0,0,200,0,10,0,190,10,0,0,587,0,17,1,569,17,0,0,583,0,3,1,579,3,0,0,2,20,1,1,1,8,0,0,2,1,1,1,2,2,6,1,1,1,1,1,2,0,0,1,Watch
2020-11-03,Tuesday,2,45,11,Post_Monsoon,0,0,1,0,1,1,3,0.0,27.1,19.9,52.7,,0,0,0,94,15,12,16,9,137,120.0,99.0,121.0,115.14,15.34,124.0,113.29,Road_Accident_Surge,2,6,4,3,2,0,3,5,3,1,1,3,4,0,0,28,23,4,0,5,23,0,23,10,2,1,2,6,2,0,2,28,7,2,0,21,7,0,7,0,272,0,14,1,257,14,0,0,255,0,4,1,250,4,0,0,190,0,11,0,179,11,0,0,569,0,20,1,548,20,0,0,579,0,6,1,572,6,0,0,2,20,1,1,1,8,0,0,2,1,3,1,2,2,6,2,1,1,2,3,4,0,0,1,Watch
2020-11-04,Wednesday,3,45,11,Post_Monsoon,0,0,1,1,0,0,3,0.1,24.1,16.1,50.3,,0,0,0,96,16,3,20,9,135,137.0,120.0,144.0,117.43,17.13,120.0,114.21,Road_Accident_Surge,3,9,2,4,1,1,1,2,0,0,2,4,6,0,0,28,21,8,0,7,21,0,21,10,4,0,2,4,4,0,4,28,3,5,1,24,3,0,3,0,257,0,14,0,243,14,0,0,250,0,5,0,245,5,0,0,179,0,12,0,167,12,0,0,548,0,20,1,527,20,0,0,572,0,4,1,567,4,0,0,2,8,0,0,1,8,0,0,2,1,3,1,1,2,6,1,1,1,2,3,4,0,0,0,Watch
2020-11-05,Thursday,4,45,11,Post_Monsoon,0,0,0,0,0,1,0,0.0,20.7,11.3,56.6,,0,0,0,77,18,10,6,6,111,135.0,137.0,116.0,116.14,15.33,113.0,115.29,None,0,7,6,5,0,0,4,6,0,0,1,3,8,0,0,28,19,4,0,9,19,0,19,10,1,3,0,9,1,0,1,28,6,1,0,22,6,0,6,0,243,0,11,0,232,11,0,0,245,0,6,0,239,6,0,0,167,0,12,0,155,12,0,0,527,0,21,1,505,21,0,0,567,0,11,1,555,11,0,0,2,8,1,0,1,8,1,0,2,1,1,1,1,2,6,1,1,1,1,1,4,0,0,0,Normal
2020-11-06,Friday,5,45,11,Post_Monsoon,0,0,0,0,0,0,0,0.1,24.1,14.8,48.4,,0,0,0,79,13,6,7,5,105,111.0,135.0,113.0,115.43,15.44,102.0,115.14,None,0,4,6,1,2,1,2,2,1,1,2,4,4,0,0,28,20,3,0,8,20,0,20,10,0,1,1,9,0,0,0,28,7,0,1,20,7,0,7,0,232,0,8,0,224,8,0,0,239,0,2,0,237,2,0,0,155,0,9,0,146,9,0,0,505,0,17,1,487,17,0,0,555,0,6,1,548,6,0,0,2,12,1,0,1,8,0,0,2,1,1,1,1,2,6,1,1,1,1,1,4,0,0,0,Normal
2020-11-07,Saturday,6,45,11,Post_Monsoon,1,0,1,0,0,0,1,2.2,21.9,12.2,53.4,,0,0,0,73,15,6,18,7,112,105.0,111.0,93.0,114.29,15.86,101.0,115.36,Road_Accident_Surge,2,10,2,1,2,0,3,2,0,1,1,3,4,0,0,28,15,10,0,13,15,0,15,10,1,0,0,9,1,0,1,28,7,1,2,19,7,0,7,0,224,0,11,0,213,11,0,0,237,0,2,0,235,2,0,0,426,280,11,0,415,11,0,0,487,0,18,1,468,18,0,0,548,0,3,1,544,3,0,0,2,8,0,0,1,8,0,0,2,1,3,1,1,2,5,1,1,1,2,3,3,0,0,0,Watch
2020-11-08,Sunday,7,45,11,Post_Monsoon,1,0,0,0,0,0,0,1.3,22.0,12.4,53.8,,0,0,0,64,14,6,10,6,94,112.0,105.0,99.0,117.0,13.43,109.0,116.14,None,0,4,7,2,1,3,3,1,1,1,3,5,8,0,0,28,16,1,2,10,16,0,16,10,3,0,2,5,3,0,3,28,9,0,2,17,9,0,9,0,213,0,10,0,203,10,0,0,235,0,3,0,232,3,0,0,415,0,9,0,406,9,0,0,468,0,16,1,451,16,0,0,544,0,10,1,533,10,0,0,2,12,1,0,1,8,0,0,2,1,1,1,1,2,6,1,1,1,1,1,3,0,0,0,Normal
2020-11-09,Monday,1,46,11,Post_Monsoon,0,0,0,0,0,0,0,0.0,23.4,15.4,54.6,,0,0,0,86,15,6,7,6,114,94.0,112.0,120.0,116.29,14.46,111.0,115.07,None,0,6,3,3,3,2,3,1,1,1,2,4,7,0,0,28,13,8,0,15,13,0,13,10,4,0,2,4,4,0,4,28,6,3,0,22,6,0,6,0,203,0,10,0,193,10,0,1,232,0,4,0,228,4,0,0,406,0,11,0,395,11,0,0,451,0,19,1,431,19,0,0,533,0,3,1,529,3,0,0,2,12,1,0,1,8,0,0,2,1,1,1,1,2,5,1,1,1,1,1,3,0,0,0,Normal
2020-11-10,Tuesday,2,46,11,Post_Monsoon,0,0,0,0,0,1,0,0.4,24.3,17.0,49.8,,0,0,0,84,12,10,9,7,115,114.0,94.0,137.0,115.43,14.39,121.0,115.29,None,0,5,3,1,3,0,2,3,3,2,1,3,6,0,0,28,14,2,1,13,14,0,14,10,3,2,2,5,3,0,3,28,8,1,2,18,8,0,8,0,193,0,10,0,183,10,0,0,228,0,2,0,226,2,0,0,395,0,9,0,386,9,0,0,431,0,16,1,414,16,0,0,529,0,8,1,520,8,0,0,2,20,1,1,1,8,0,0,2,1,1,1,2,2,6,1,1,1,1,1,4,0,0,1,Watch
2020-11-11,Wednesday,3,46,11,Post_Monsoon,0,0,0,1,0,0,1,0.3,24.2,18.3,58.9,,0,0,0,89,17,5,13,7,124,115.0,114.0,135.0,112.29,11.44,144.0,114.86,None,0,5,6,4,2,1,2,3,0,0,2,4,6,0,0,28,17,2,0,11,17,0,17,10,4,0,1,5,4,0,4,28,9,0,2,17,9,0,9,0,183,0,12,0,171,12,0,0,226,0,5,0,221,5,0,0,386,0,11,0,375,11,0,0,414,0,21,1,392,21,0,1,520,0,6,1,513,6,0,0,2,8,0,0,1,8,0,0,2,1,2,1,1,2,6,1,1,1,1,1,4,0,0,0,Normal
2020-11-12,Thursday,4,46,11,Post_Monsoon,0,0,1,0,0,1,2,0.0,19.7,10.4,54.0,,0,0,0,79,16,11,16,8,122,124.0,115.0,111.0,110.71,8.61,116.0,113.43,Road_Accident_Surge,2,5,4,6,1,0,4,5,1,1,1,3,8,0,0,28,19,5,2,7,19,0,19,10,4,1,0,6,4,0,4,28,8,1,1,19,8,0,8,0,171,0,14,0,157,14,0,0,221,0,7,0,214,7,0,0,375,0,11,0,364,11,0,0,392,0,19,1,372,19,0,0,513,0,2,1,510,2,0,0,2,12,1,0,1,8,1,0,2,1,3,1,1,2,6,2,1,1,2,3,3,0,0,0,Watch
2020-11-13,Friday,5,46,11,Post_Monsoon,0,0,0,0,0,0,0,0.0,23.3,17.0,56.8,,0,0,0,83,17,6,6,5,112,122.0,124.0,105.0,112.29,9.48,113.0,113.86,None,0,3,7,4,3,1,3,3,0,0,2,4,7,0,0,28,15,6,1,12,15,0,15,10,4,2,0,6,4,0,4,28,7,2,0,21,7,0,7,0,157,0,10,0,147,10,0,0,214,0,5,0,209,5,0,0,364,0,11,0,353,11,0,0,372,0,20,1,351,20,0,0,510,0,6,1,503,6,0,0,2,8,0,0,1,8,0,0,2,1,1,1,1,2,6,1,1,1,1,1,4,0,0,0,Normal
2020-11-14,Saturday,6,46,11,Post_Monsoon,1,0,1,0,0,0,1,3.5,19.3,10.2,57.2,,0,0,0,71,21,6,15,7,113,112.0,122.0,112.0,113.29,9.02,93.0,113.79,Road_Accident_Surge,2,8,2,7,4,0,2,1,0,3,1,3,8,0,0,28,15,2,1,12,15,0,15,10,5,0,2,3,5,0,5,28,10,1,2,16,10,0,10,0,447,300,14,1,432,14,0,0,209,0,8,0,201,8,0,0,353,0,12,0,341,12,0,0,351,0,22,1,328,22,0,0,503,0,9,0,494,9,0,0,2,8,0,0,1,8,0,0,2,1,3,1,1,2,6,1,1,1,2,3,4,0,0,0,Watch
2020-11-15,Sunday,7,46,11,Post_Monsoon,1,0,0,0,0,0,0,0.0,22.8,15.3,55.0,,0,0,0,67,15,5,12,5,99,113.0,112.0,94.0,113.43,9.01,99.0,115.21,None,0,4,6,2,3,0,3,2,0,0,1,3,4,0,0,28,13,3,1,14,13,0,13,10,2,5,1,7,2,0,2,28,12,0,2,14,12,0,12,0,432,0,9,1,422,9,0,0,201,0,3,0,198,3,0,0,341,0,9,0,332,9,0,0,328,0,17,1,310,17,0,0,494,0,7,0,487,7,0,0,2,8,0,0,1,8,0,0,2,1,1,1,1,2,6,1,1,1,1,1,3,0,0,0,Normal
2020-11-16,Monday,1,47,11,Post_Monsoon,0,0,0,0,0,0,0,0.0,25.7,17.4,47.8,,0,0,0,86,13,4,5,5,108,99.0,113.0,114.0,114.14,7.51,120.0,115.21,None,0,3,5,4,1,0,2,1,0,1,1,3,6,0,0,28,12,4,2,14,12,0,12,10,1,2,1,8,1,0,1,28,5,8,2,21,5,0,5,0,422,0,9,1,412,9,0,0,198,0,5,0,193,5,0,0,332,0,9,0,323,9,0,0,1010,700,17,2,991,17,0,0,487,0,4,0,483,4,0,0,2,8,0,0,1,8,0,0,2,1,1,1,1,2,5,1,1,1,1,1,4,0,0,0,Normal
2020-11-17,Tuesday,2,47,11,Post_Monsoon,0,0,0,0,0,1,0,0.0,22.1,14.9,59.4,,0,0,0,84,12,12,7,7,115,108.0,99.0,115.0,113.29,7.81,137.0,114.36,None,0,3,2,5,2,0,5,4,0,3,1,3,7,0,0,28,16,2,1,11,16,0,16,10,1,1,2,7,1,0,1,28,3,2,2,23,3,0,3,0,412,0,12,1,399,12,0,0,193,0,6,0,187,6,0,0,323,0,9,0,314,9,0,0,991,0,16,2,973,16,0,0,483,0,1,0,482,1,0,0,2,8,1,0,1,8,1,0,2,1,1,1,1,2,5,2,1,1,1,1,3,0,0,0,Normal
2020-11-18,Wednesday,3,47,11,Post_Monsoon,0,0,0,1,0,0,1,0.0,21.6,13.7,60.2,,0,1,3,94,15,4,62,18,175,115.0,108.0,124.0,113.29,7.81,135.0,112.79,Mass_Casualty,3,6,6,3,0,0,1,1,1,1,3,5,4,1,1,28,24,3,0,4,24,0,24,10,4,1,1,5,4,0,4,28,5,1,1,22,5,0,5,0,399,0,25,1,373,25,0,0,187,0,4,0,183,4,0,0,314,0,11,0,303,11,0,0,973,0,20,2,951,20,0,0,482,0,12,0,470,12,0,0,2,12,1,0,1,8,0,0,2,1,3,1,1,3,6,1,1,1,4,4,4,0,0,1,Watch
2020-11-19,Thursday,4,47,11,Post_Monsoon,0,0,0,0,0,1,0,0.0,20.4,12.6,49.0,,0,1,4,86,19,11,54,18,170,175.0,115.0,122.0,120.57,23.14,111.0,115.64,Mass_Casualty,3,7,6,2,4,0,4,4,0,3,3,5,6,0,0,28,19,12,2,7,19,0,19,10,6,1,2,2,6,0,6,28,11,2,0,17,11,0,11,0,373,0,25,1,347,25,0,0,183,0,4,0,179,4,0,0,303,0,12,0,291,12,0,0,951,0,22,2,927,22,0,0,470,0,22,0,448,22,0,0,2,8,1,0,1,8,1,0,2,1,3,1,1,3,7,2,1,1,4,4,4,0,0,0,Watch
2020-11-20,Friday,5,47,11,Post_Monsoon,0,0,0,0,0,0,0,0.0,20.4,13.5,51.6,,0,0,0,79,15,7,7,5,108,170.0,175.0,112.0,127.43,28.94,105.0,119.86,None,0,6,3,3,3,1,2,2,1,2,1,3,4,0,0,28,17,4,2,9,17,0,17,10,2,4,2,6,2,0,2,28,12,2,1,15,12,0,12,0,347,0,9,1,337,9,0,0,179,0,4,0,175,4,0,0,291,0,10,0,281,10,0,0,927,0,18,2,907,18,0,0,448,0,8,0,440,8,0,0,2,12,1,0,1,8,0,0,2,1,1,1,1,2,6,1,1,1,1,1,4,0,0,0,Normal
2020-11-21,Saturday,6,47,11,Post_Monsoon,1,0,0,0,0,0,0,0.0,22.3,15.9,64.1,,0,0,0,67,18,6,11,8,102,108.0,170.0,113.0,126.86,29.27,112.0,120.07,None,0,5,9,3,1,1,4,2,0,0,2,4,8,0,0,28,12,9,0,16,12,0,12,10,2,0,0,8,2,0,2,28,15,1,1,12,15,0,15,0,337,0,13,1,323,13,0,0,175,0,4,0,171,4,0,0,281,0,11,0,270,11,0,0,907,0,20,2,885,20,0,0,440,0,13,0,427,13,0,0,2,8,0,0,1,8,1,0,2,1,1,1,1,2,6,1,1,1,1,1,3,0,0,0,Normal
2020-11-22,Sunday,7,47,11,Post_Monsoon,1,0,0,0,0,0,0,0.0,21.6,12.4,53.5,,0,0,0,66,14,7,12,6,99,102.0,108.0,99.0,125.29,30.25,94.0,119.36,None,0,6,1,5,2,0,3,2,0,2,1,3,7,0,0,28,14,2,0,14,14,0,14,10,2,1,2,6,2,0,2,28,13,3,0,15,13,0,13,0,323,0,11,1,311,11,0,0,171,0,6,0,165,6,0,0,270,0,9,0,261,9,0,0,885,0,16,2,867,16,0,0,427,0,2,0,425,2,0,0,2,8,0,0,1,8,0,0,2,1,1,1,1,2,6,1,1,1,1,1,4,0,0,0,Normal
2020-11-23,Monday,1,48,11,Post_Monsoon,0,0,0,0,0,0,0,2.4,23.5,15.1,55.6,,0,0,0,87,17,5,6,7,115,99.0,102.0,108.0,125.29,30.25,114.0,119.71,None,0,8,4,3,2,1,2,1,0,2,1,3,4,0,0,28,17,2,1,10,17,0,17,10,2,0,2,6,2,0,2,28,13,2,2,13,13,0,13,0,311,0,12,1,298,12,0,0,165,0,4,0,161,4,0,0,261,0,12,0,249,12,0,0,867,0,21,2,844,21,0,0,425,0,7,0,418,7,0,0,2,8,0,0,1,8,0,0,2,1,1,1,1,2,6,1,1,1,1,1,3,0,0,0,Normal
2020-11-24,Tuesday,2,48,11,Post_Monsoon,0,0,0,0,0,1,0,0.0,20.8,12.2,51.8,,0,0,0,85,12,10,4,6,111,115.0,99.0,115.0,126.29,29.78,115.0,119.79,None,0,7,3,2,0,1,3,6,1,0,1,3,6,0,0,28,17,3,0,11,17,0,17,10,3,0,2,5,3,0,3,28,11,4,2,15,11,0,11,0,298,0,10,1,287,10,0,0,161,0,3,0,158,3,0,0,249,0,10,0,239,10,0,0,844,0,16,2,826,16,0,0,418,0,6,0,412,6,0,0,2,12,1,0,1,8,0,0,2,1,1,1,1,2,6,1,1,1,1,1,3,0,0,0,Normal
2020-11-25,Wednesday,3,48,11,Post_Monsoon,0,0,0,1,0,0,1,2.5,21.7,15.4,58.7,,0,0,0,94,15,5,13,7,127,111.0,115.0,175.0,125.71,30.03,124.0,119.5,None,0,5,4,3,3,0,1,3,0,1,1,3,4,0,0,28,14,7,2,12,14,0,14,10,3,1,1,6,3,0,3,28,10,3,0,18,10,0,10,0,287,0,12,1,274,12,0,0,158,0,4,0,154,4,0,0,239,0,11,0,228,11,0,0,826,0,20,2,804,20,0,0,412,0,6,0,406,6,0,0,2,8,0,0,1,8,0,0,2,1,2,1,1,2,6,1,1,1,1,1,2,0,0,0,Normal
2020-11-26,Thursday,4,48,11,Post_Monsoon,0,0,0,0,0,1,0,0.0,22.2,12.6,58.1,,0,0,0,79,12,9,7,6,107,127.0,111.0,170.0,118.86,22.54,122.0,119.71,None,0,3,3,2,4,1,1,7,0,1,1,3,8,0,0,28,11,6,1,16,11,0,11,10,3,2,2,5,3,0,3,28,11,0,2,15,11,0,11,0,274,0,10,1,263,10,0,0,154,0,3,0,151,3,0,0,228,0,9,0,219,9,0,0,804,0,16,2,786,16,0,0,406,0,4,0,402,4,0,0,2,8,0,0,1,8,0,0,2,1,1,1,1,2,6,1,1,1,1,1,2,0,0,0,Normal
2020-11-27,Friday,5,48,11,Post_Monsoon,0,0,1,0,0,0,2,0.0,22.5,13.3,54.7,,0,0,0,87,17,7,14,8,125,107.0,127.0,108.0,109.86,8.56,112.0,118.64,None,0,9,5,0,3,1,1,4,0,2,2,4,4,0,0,28,13,4,1,14,13,0,13,10,2,2,0,8,2,0,2,28,11,1,0,17,11,0,11,0,263,0,12,1,250,12,0,0,151,0,2,0,149,2,0,0,219,0,12,0,207,12,0,0,786,0,21,2,763,21,0,0,402,0,5,0,397,5,0,0,2,8,0,0,1,8,0,0,2,1,2,1,1,2,6,1,1,1,2,2,4,0,0,0,Normal
2020-11-28,Saturday,6,48,11,Post_Monsoon,1,0,0,0,0,0,0,0.0,23.0,16.1,54.7,,0,0,0,71,16,3,13,7,103,125.0,107.0,102.0,112.29,9.98,113.0,119.57,None,0,7,5,2,2,1,1,2,0,0,2,4,7,0,0,28,16,2,0,12,16,0,16,10,2,1,0,8,2,0,2,28,9,3,0,19,9,0,9,0,250,0,11,0,239,11,0,0,149,0,3,0,146,3,0,0,207,0,11,0,196,11,0,1,763,0,18,1,744,18,0,0,397,0,5,0,392,5,0,0,2,8,0,0,1,8,0,0,2,1,2,1,1,2,6,1,1,1,1,1,4,0,0,0,Normal
2020-11-29,Sunday,7,48,11,Post_Monsoon,1,0,0,0,0,0,0,0.0,21.0,11.8,56.7,,0,0,0,66,17,6,9,7,98,103.0,125.0,99.0,112.43,9.84,99.0,118.86,None,0,6,5,4,2,2,3,1,1,1,2,4,4,0,0,28,17,3,1,10,17,0,17,10,2,0,0,8,2,0,2,28,10,2,0,18,10,0,10,0,239,0,12,0,227,12,0,0,146,0,5,0,141,5,0,0,196,0,10,0,186,10,0,0,744,0,19,1,724,19,0,0,392,0,10,0,382,10,0,0,2,12,1,0,1,8,0,0,2,1,1,1,1,2,6,1,1,1,1,1,3,0,0,0,Normal
2020-11-30,Monday,1,49,11,Post_Monsoon,0,0,1,0,0,0,3,0.0,21.1,12.7,55.6,,0,0,0,94,16,7,18,9,135,98.0,103.0,115.0,112.29,10.04,108.0,118.79,Road_Accident_Surge,2,6,3,5,2,0,2,1,2,2,1,3,4,0,0,28,20,4,0,8,20,0,20,10,3,0,2,5,3,0,3,28,9,2,0,19,9,0,9,0,227,0,15,0,212,15,0,0,141,0,6,0,135,6,0,0,186,0,12,0,174,12,0,0,724,0,20,1,703,20,0,0,382,0,4,0,378,4,0,0,2,20,1,1,1,8,0,0,2,1,3,1,2,2,6,1,1,1,2,3,2,1,1,2,Watch
2020-12-01,Tuesday,2,49,12,Winter,0,0,0,0,0,1,0,0.0,24.1,15.6,50.8,,0,0,0,83,17,11,9,7,120,135.0,98.0,111.0,115.14,12.86,115.0,120.71,None,0,6,6,4,1,1,2,6,2,1,2,4,8,0,0,28,15,8,2,11,15,0,15,10,5,2,2,3,5,0,5,28,9,0,0,19,9,0,9,0,212,0,12,0,200,12,0,1,135,0,5,0,130,5,0,0,174,0,11,0,163,11,0,0,703,0,20,1,682,20,0,0,378,0,4,0,374,4,0,0,2,20,1,1,1,8,0,0,2,1,1,1,2,2,6,2,1,1,1,1,3,0,0,1,Watch
2020-12-02,Wednesday,3,49,12,Winter,0,0,0,1,0,0,1,0.0,23.0,14.4,51.7,,0,0,0,97,16,5,14,8,132,120.0,135.0,127.0,116.43,12.83,175.0,121.07,None,0,7,3,5,1,1,2,2,0,1,2,4,5,0,0,28,13,4,1,14,13,0,13,10,2,5,0,8,2,0,2,28,13,0,0,15,13,0,13,0,200,0,14,0,186,14,0,0,130,0,6,0,124,6,0,1,163,0,12,0,151,12,0,0,682,0,21,1,660,21,0,0,374,0,10,0,364,10,0,0,2,8,0,0,1,8,0,0,3,1,2,1,1,2,6,1,1,1,2,2,3,0,0,0,Normal
2020-12-03,Thursday,4,49,12,Winter,0,0,0,0,0,1,0,0.0,21.6,13.2,57.7,,0,0,0,80,18,11,7,6,116,132.0,120.0,107.0,117.14,13.52,170.0,118.0,None,0,1,10,3,4,1,2,4,1,4,2,4,4,0,0,28,14,4,1,13,14,0,14,10,1,1,0,9,1,0,1,28,12,2,0,16,12,0,12,0,186,0,11,0,175,11,0,0,124,0,4,0,120,4,0,0,151,0,10,0,141,10,0,0,660,0,21,1,638,21,0,0,364,0,8,0,356,8,0,0,2,12,1,0,1,8,0,0,2,1,1,1,1,2,6,2,1,1,1,1,3,0,0,0,Normal
2020-12-04,Friday,5,49,12,Winter,0,0,0,0,0,0,0,0.0,24.4,17.8,60.5,,0,0,0,77,16,7,3,4,103,116.0,132.0,125.0,118.43,12.9,108.0,114.14,None,0,7,6,1,2,1,1,6,0,0,2,4,7,0,0,28,11,5,2,15,11,0,11,10,2,0,2,6,2,0,2,28,13,0,0,15,13,0,13,0,175,0,7,0,168,7,0,0,120,0,2,0,118,2,0,0,421,280,11,0,410,11,0,0,638,0,19,1,618,19,0,0,356,0,6,0,350,6,0,0,2,8,0,0,1,8,0,0,2,1,1,1,1,2,6,1,1,1,1,1,2,0,0,0,Normal
2020-12-05,Saturday,6,49,12,Winter,1,0,0,0,0,0,0,0.0,26.8,18.1,50.8,,0,0,0,75,16,5,12,6,108,103.0,116.0,103.0,115.29,13.58,102.0,113.79,None,0,3,7,0,6,0,2,1,1,1,1,3,5,0,0,28,9,6,1,18,9,0,9,10,1,1,0,9,1,0,1,28,13,2,0,15,13,0,13,0,168,0,10,0,158,10,0,0,118,0,2,0,116,2,0,0,410,0,10,0,400,10,0,0,618,0,19,1,598,19,0,0,350,0,8,0,342,8,0,0,2,12,1,0,1,8,0,0,2,1,1,1,1,2,5,1,1,1,1,1,3,0,0,0,Normal
2020-12-06,Sunday,7,49,12,Winter,1,0,0,0,0,0,0,0.3,20.4,14.5,51.1,,0,0,0,62,8,5,10,5,85,108.0,103.0,98.0,116.0,13.04,99.0,114.21,None,0,1,5,1,1,0,4,1,0,0,1,3,6,0,0,28,7,5,1,20,7,0,7,10,3,0,1,6,3,0,3,28,11,2,2,15,11,0,11,0,458,300,8,1,449,8,0,0,116,0,2,0,114,2,0,0,400,0,6,0,394,6,0,0,598,0,11,1,586,11,0,0,342,0,2,0,340,2,0,0,2,8,0,0,1,8,1,0,2,1,1,1,1,2,5,1,1,1,1,1,2,0,0,0,Normal
2020-12-07,Monday,1,50,12,Winter,0,0,0,0,0,0,0,1.1,24.7,17.4,52.4,,0,0,0,86,14,6,7,5,113,85.0,108.0,135.0,114.14,16.05,115.0,113.21,None,0,5,2,1,6,0,3,2,0,1,1,3,8,0,0,28,8,2,2,18,8,0,8,10,3,1,2,5,3,0,3,28,9,3,0,19,9,0,9,0,449,0,8,1,440,8,0,0,364,250,2,1,361,2,0,0,394,0,10,0,384,10,0,0,586,0,18,1,567,18,0,0,340,0,3,0,337,3,0,0,2,8,0,0,1,8,0,0,2,1,1,1,1,2,5,1,1,1,1,1,3,0,0,0,Normal
2020-12-08,Tuesday,2,50,12,Winter,0,0,0,0,0,1,0,0.0,23.8,15.3,52.6,,0,0,0,85,14,10,5,6,114,113.0,85.0,120.0,111.0,13.63,111.0,113.07,None,0,2,8,1,3,0,6,3,0,1,1,3,7,0,0,28,12,0,2,14,12,0,12,10,2,1,1,7,2,0,2,28,10,1,2,16,10,0,10,0,440,0,10,1,429,10,0,0,361,0,2,1,358,2,0,0,384,0,10,0,374,10,0,0,567,0,18,1,548,18,0,0,337,0,8,0,329,8,0,0,2,8,1,0,1,20,1,1,2,1,1,2,1,2,6,1,1,1,1,1,3,0,0,1,Watch
2020-12-09,Wednesday,3,50,12,Winter,0,0,0,1,0,0,1,0.0,23.1,15.9,61.0,,0,0,0,86,16,6,13,8,121,114.0,113.0,132.0,110.14,13.22,127.0,113.29,None,0,4,4,4,4,2,3,1,0,2,2,4,5,0,0,28,15,2,2,11,15,0,15,10,4,0,2,4,4,0,4,28,8,3,2,18,8,0,8,0,429,0,13,1,415,13,0,0,358,0,5,1,352,5,0,0,374,0,11,0,363,11,0,0,548,0,20,1,527,20,0,0,329,0,6,0,323,6,0,0,2,8,0,0,1,8,0,0,2,1,2,1,1,2,6,1,1,1,1,1,3,0,0,0,Normal
2020-12-10,Thursday,4,50,12,Winter,0,0,0,0,0,1,0,0.0,24.3,15.9,48.2,,0,0,0,81,13,10,6,6,110,121.0,114.0,116.0,108.57,10.99,107.0,112.86,None,0,2,4,5,2,0,4,4,1,1,1,3,5,0,0,28,11,7,1,16,11,0,11,10,2,3,0,8,2,0,2,28,10,0,1,17,10,0,10,0,415,0,11,1,403,11,0,0,352,0,6,1,345,6,0,0,363,0,9,0,354,9,0,0,527,0,17,1,509,17,0,0,323,0,6,0,317,6,0,0,2,12,1,0,1,8,1,0,2,1,1,1,1,2,5,1,1,1,1,1,4,0,0,0,Normal
2020-12-11,Friday,5,50,12,Winter,0,0,0,0,0,0,0,0.0,19.9,13.7,60.5,,0,0,0,80,16,6,8,7,110,110.0,121.0,103.0,107.71,10.61,125.0,113.07,None,0,4,6,3,3,1,0,4,1,1,2,4,5,0,0,28,11,5,1,16,11,0,11,10,2,0,0,8,2,0,2,28,9,3,0,19,9,0,9,0,403,0,12,1,390,12,0,0,345,0,4,1,340,4,0,0,354,0,10,0,344,10,0,0,509,0,19,1,489,19,0,0,317,0,8,0,309,8,0,0,2,12,1,0,1,8,0,0,2,1,1,1,1,2,5,1,1,1,1,1,2,0,0,0,Normal
2020-12-12,Saturday,6,50,12,Winter,1,0,0,0,0,0,0,0.0,21.9,12.6,52.5,,0,0,0,71,18,6,12,7,107,110.0,110.0,108.0,108.71,10.44,103.0,112.0,None,0,6,5,1,6,0,4,0,1,1,1,3,7,0,0,28,17,1,0,11,17,0,17,10,2,0,1,7,2,0,2,28,9,0,0,19,9,0,9,0,390,0,11,1,378,11,0,0,340,0,3,1,336,3,0,0,344,0,11,0,333,11,0,0,489,0,20,1,468,20,0,0,309,0,2,0,307,2,0,0,2,12,1,0,1,8,1,0,2,1,1,1,1,2,6,1,1,1,1,1,3,0,0,0,Normal
2020-12-13,Sunday,7,50,12,Winter,1,0,0,0,0,0,0,0.0,20.7,12.0,59.9,,0,0,0,64,21,7,10,7,102,107.0,110.0,85.0,108.57,10.46,98.0,112.29,None,0,14,4,3,0,2,2,4,0,1,2,4,7,0,0,28,20,2,1,7,20,0,20,10,0,2,2,8,0,0,0,28,8,3,0,20,8,0,8,0,378,0,12,1,365,12,0,0,336,0,5,1,330,5,0,0,333,0,13,0,320,13,0,0,468,0,22,1,445,22,0,0,307,0,8,0,299,8,0,0,2,8,0,0,1,8,0,0,2,1,1,1,1,2,6,1,1,1,1,1,4,0,0,0,Normal
2020-12-14,Monday,1,51,12,Winter,0,0,0,0,0,0,0,0.0,22.3,17.6,52.7,,0,0,0,90,15,5,7,6,117,102.0,107.0,113.0,111.0,5.5,135.0,112.57,None,0,6,2,5,2,0,1,2,1,1,1,3,6,0,0,28,16,7,2,10,16,0,16,10,2,0,1,7,2,0,2,28,8,1,0,20,8,0,8,0,365,0,11,1,353,11,0,0,330,0,6,1,323,6,0,0,320,0,11,0,309,11,0,0,445,0,19,1,425,19,0,0,299,0,3,0,296,3,0,0,2,12,1,0,1,8,0,0,2,1,1,1,1,2,6,1,1,1,1,1,3,0,0,0,Normal
2020-12-15,Tuesday,2,51,12,Winter,0,0,0,0,0,1,0,0.0,21.7,14.1,53.0,,0,0,0,83,18,12,7,7,120,117.0,102.0,114.0,111.57,5.88,120.0,111.29,None,0,5,7,5,1,0,4,6,0,2,1,3,5,0,0,28,16,3,2,10,16,0,16,10,3,1,3,4,3,0,3,28,9,1,2,17,9,0,9,0,353,0,13,1,339,13,0,0,323,0,6,1,316,6,0,0,309,0,11,0,298,11,0,0,425,0,21,1,403,21,0,0,296,0,8,0,288,8,0,0,2,8,1,0,1,8,1,0,2,1,1,1,1,2,6,2,1,1,1,1,2,0,0,0,Normal
2020-12-16,Wednesday,3,51,12,Winter,0,0,0,1,0,0,1,0.5,21.8,13.9,55.7,,0,0,0,90,14,4,14,7,122,120.0,117.0,121.0,112.43,6.57,132.0,111.29,None,0,5,5,1,3,0,1,1,0,2,1,3,4,0,0,28,14,3,0,14,14,0,14,10,5,3,2,3,5,0,5,28,8,2,0,20,8,0,8,0,339,0,11,1,327,11,0,0,316,0,2,1,313,2,0,0,298,0,10,0,288,10,0,0,403,0,18,1,384,18,0,1,288,0,4,0,284,4,0,0,2,8,0,0,1,8,0,0,2,1,2,1,1,2,6,1,1,1,2,2,3,0,0,0,Normal
2020-12-17,Thursday,4,51,12,Winter,0,0,0,0,0,1,0,0.0,22.9,16.6,54.4,,0,0,0,79,15,11,11,8,116,122.0,120.0,110.0,112.57,6.76,116.0,110.57,None,0,6,3,4,2,0,2,8,0,1,1,3,8,0,0,28,18,1,1,9,18,0,18,10,5,0,2,3,5,0,5,28,9,2,2,17,9,0,9,0,327,0,13,1,313,13,0,0,313,0,5,1,307,5,0,0,288,0,10,0,278,10,0,0,384,0,18,1,365,18,0,0,284,0,8,0,276,8,0,0,2,8,1,0,1,8,0,0,2,1,1,1,1,2,6,2,1,1,1,1,4,0,0,0,Normal
2020-12-18,Friday,5,51,12,Winter,0,0,0,0,0,0,0,0.0,24.7,15.3,56.5,,0,0,0,84,17,3,6,6,110,116.0,122.0,110.0,113.43,6.76,103.0,110.57,None,0,4,5,3,5,3,2,0,0,1,3,5,7,0,0,28,15,8,2,11,15,0,15,10,4,2,1,5,4,0,4,28,7,2,2,19,7,0,7,0,313,0,11,1,301,11,0,0,307,0,4,1,302,4,0,0,278,0,11,0,267,11,0,0,365,0,20,1,344,20,0,0,276,0,5,0,271,5,0,0,2,8,0,0,1,8,0,0,2,1,1,1,1,2,6,1,1,1,1,1,4,0,0,0,Normal
2020-12-19,Saturday,6,51,12,Winter,1,0,0,0,0,0,0,0.0,21.6,12.7,54.4,,0,0,0,69,19,5,11,7,104,110.0,116.0,107.0,113.43,6.76,108.0,111.07,None,0,6,4,7,2,2,2,3,0,0,2,4,7,0,0,28,18,2,2,8,18,0,18,10,2,2,2,6,2,0,2,28,9,0,1,18,9,0,9,0,301,0,13,1,287,13,0,0,302,0,8,1,293,8,0,0,267,0,11,0,256,11,0,0,344,0,21,1,322,21,0,0,271,0,8,0,263,8,0,0,2,8,0,0,1,8,0,0,2,1,1,1,1,2,6,1,1,1,1,1,4,0,0,0,Normal
2020-12-20,Sunday,7,51,12,Winter,1,0,0,0,0,0,0,0.4,19.4,12.9,59.0,,0,0,0,58,19,6,13,6,96,104.0,110.0,102.0,113.0,7.23,85.0,110.79,None,0,8,8,3,0,0,3,3,0,0,2,4,4,0,0,28,17,4,3,8,17,0,17,10,2,1,2,6,2,0,2,28,9,2,0,19,9,0,9,0,287,0,11,1,275,11,0,0,293,0,5,1,287,5,0,0,256,0,11,0,245,11,0,0,322,0,20,1,301,20,0,0,263,0,8,0,255,8,0,0,2,8,0,0,1,8,0,0,2,1,2,1,1,2,6,1,1,1,1,1,3,0,0,0,Normal
2020-12-21,Monday,1,52,12,Winter,0,0,0,0,0,0,0,0.9,22.6,13.6,54.3,,0,0,0,87,19,6,5,8,117,96.0,104.0,117.0,112.14,8.69,113.0,111.57,None,0,6,9,4,0,1,4,2,0,0,2,4,5,0,0,28,15,6,0,13,15,0,15,10,2,2,0,8,2,0,2,28,10,1,1,17,10,0,10,0,275,0,14,1,260,14,0,0,287,0,6,1,280,6,0,0,245,0,12,0,233,12,0,0,1001,700,22,2,977,22,0,0,255,0,9,0,246,9,0,0,2,8,0,0,1,8,1,0,2,1,1,1,1,2,6,1,1,1,1,1,4,0,0,0,Normal
2020-12-22,Tuesday,2,52,12,Winter,0,0,0,0,0,1,0,0.0,21.0,13.7,53.7,,0,0,0,86,17,9,10,7,122,117.0,96.0,120.0,112.14,8.69,114.0,111.86,None,0,0,9,4,4,0,3,6,0,0,2,4,5,0,0,28,16,3,1,11,16,0,16,10,4,0,0,6,4,0,4,28,8,3,0,20,8,0,8,0,260,0,12,0,248,12,0,0,280,0,5,1,274,5,0,0,233,0,10,0,223,10,0,0,977,0,20,2,955,20,0,0,246,0,6,0,240,6,0,0,2,8,0,0,1,8,0,0,2,1,1,1,1,2,6,1,1,1,1,1,2,0,0,0,Normal
2020-12-23,Wednesday,3,52,12,Winter,0,0,0,1,0,0,1,0.0,23.0,16.7,59.5,,0,0,0,96,16,6,12,9,130,122.0,117.0,122.0,112.43,8.97,121.0,112.43,None,0,2,6,3,5,1,4,2,0,0,2,4,6,0,0,28,19,4,0,9,19,0,19,10,6,0,2,2,6,0,6,28,6,2,1,21,6,0,6,0,248,0,14,0,234,14,0,0,274,0,4,1,269,4,0,0,223,0,11,0,212,11,0,0,955,0,20,2,933,20,0,0,240,0,4,0,236,4,0,0,2,8,0,0,1,8,1,0,2,1,1,1,1,2,6,1,1,1,1,1,2,0,0,0,Normal
2020-12-24,Thursday,4,52,12,Winter,0,0,0,0,0,1,0,0.0,18.8,12.4,53.7,,0,0,0,80,12,10,9,7,111,130.0,122.0,116.0,113.57,10.5,110.0,113.07,None,0,2,7,1,2,1,6,4,0,0,2,4,7,0,0,28,14,9,2,12,14,0,14,10,3,4,0,7,3,0,3,28,5,3,0,23,5,0,5,0,234,0,10,0,224,10,0,0,269,0,2,1,266,2,0,0,212,0,9,0,203,9,0,1,933,0,16,2,915,16,0,0,236,0,8,0,228,8,0,0,2,8,1,0,1,20,1,1,2,1,1,2,1,2,5,1,1,1,1,1,4,0,0,1,Watch
2020-12-25,Friday,5,52,12,Winter,0,1,0,0,0,0,1,0.0,22.4,15.6,53.9,,0,0,0,82,18,6,9,6,115,111.0,130.0,110.0,112.86,10.48,110.0,113.14,None,0,7,5,2,4,0,4,1,0,1,1,3,8,0,0,28,13,2,1,14,13,0,13,10,7,0,1,2,7,0,7,28,6,0,2,20,6,0,6,0,224,0,10,0,214,10,0,0,266,0,4,1,261,4,0,0,203,0,12,0,191,12,0,0,915,0,21,2,892,21,0,0,228,0,4,0,224,4,0,1,2,8,0,0,1,8,1,0,2,1,1,1,1,2,6,1,1,1,1,1,2,0,0,0,Normal
2020-12-26,Saturday,6,52,12,Winter,1,0,0,0,0,0,0,0.0,21.7,11.3,59.5,,0,0,0,69,16,6,9,7,100,115.0,111.0,104.0,113.57,10.43,107.0,113.5,None,0,3,7,3,3,1,2,3,1,0,2,4,6,0,0,28,8,7,1,19,8,0,8,10,6,4,2,2,6,0,6,28,5,3,2,21,5,0,5,0,214,0,12,0,202,12,0,0,261,0,4,1,256,4,0,0,191,0,10,0,181,10,0,0,892,0,18,2,872,18,0,0,224,0,8,0,216,8,0,0,2,12,1,0,1,8,0,0,2,1,1,1,1,2,5,1,1,1,1,1,3,0,0,0,Normal
2020-12-27,Sunday,7,52,12,Winter,1,0,0,0,0,0,0,0.0,23.2,14.6,49.8,,0,0,0,73,16,5,11,5,105,100.0,115.0,96.0,113.0,11.03,102.0,113.0,None,0,4,5,4,3,2,3,2,0,0,2,4,5,0,0,28,9,2,2,17,9,0,9,10,1,5,1,8,1,0,1,28,6,1,2,20,6,0,6,0,202,0,10,0,192,10,0,1,256,0,5,1,250,5,0,0,181,0,10,0,171,10,0,0,872,0,19,2,851,19,0,0,216,0,8,0,208,8,0,0,2,8,0,0,1,8,0,0,2,1,1,1,1,2,5,1,1,1,1,1,3,0,0,0,Normal
2020-12-28,Monday,1,53,12,Winter,0,0,0,0,0,0,0,0.0,20.0,13.3,58.3,,0,0,0,85,16,7,6,6,114,105.0,100.0,117.0,114.29,9.38,117.0,113.21,None,0,6,5,3,2,0,3,3,0,1,1,3,6,0,0,28,12,2,2,14,12,0,12,10,2,0,0,8,2,0,2,28,6,0,2,20,6,0,6,0,192,0,10,0,182,10,0,0,250,0,4,0,246,4,0,0,171,0,11,0,160,11,0,0,851,0,20,2,829,20,0,0,208,0,2,0,206,2,0,0,2,8,0,0,1,8,0,0,2,1,1,1,1,2,5,1,1,1,1,1,2,0,0,0,Normal
2020-12-29,Tuesday,2,53,12,Winter,0,0,0,0,0,1,0,0.0,22.8,15.3,53.0,,0,0,0,88,13,10,6,6,117,114.0,105.0,122.0,113.86,9.31,120.0,113.0,None,0,3,6,2,2,0,4,5,0,1,1,3,7,0,0,28,11,3,0,17,11,0,11,10,6,0,0,4,6,0,6,28,3,3,0,25,3,0,3,0,182,0,10,0,172,10,0,0,246,0,3,0,243,3,0,0,160,0,10,0,150,10,0,0,829,0,17,2,810,17,0,0,206,0,3,0,203,3,0,0,2,8,1,0,1,8,1,0,2,1,1,1,1,2,5,1,1,1,1,1,2,0,0,0,Normal
2020-12-30,Wednesday,3,53,12,Winter,0,0,0,1,0,0,1,0.0,22.0,13.2,52.7,,0,0,0,94,17,7,16,10,134,117.0,114.0,130.0,113.14,8.84,122.0,112.79,None,0,3,10,3,1,0,5,1,1,0,2,4,5,0,0,28,12,3,2,14,12,0,12,10,5,4,1,4,5,0,5,28,6,0,2,20,6,0,6,0,172,0,15,0,157,15,0,0,243,0,4,0,239,4,0,0,430,280,11,0,419,11,0,0,810,0,21,2,787,21,0,0,203,0,11,0,192,11,0,0,2,12,1,0,1,8,1,0,2,1,2,1,1,2,5,1,1,1,2,2,2,0,0,0,Normal
2020-12-31,Thursday,4,53,12,Winter,0,0,0,0,0,1,0,0.0,23.5,16.6,50.1,,0,0,0,83,13,13,7,6,116,134.0,117.0,111.0,113.71,9.97,116.0,113.64,None,0,2,4,4,3,0,2,5,2,4,1,3,6,0,0,28,16,1,2,10,16,0,16,10,3,2,1,6,3,0,3,28,6,1,1,21,6,0,6,0,157,0,10,0,147,10,0,0,239,0,5,0,234,5,0,0,419,0,9,0,410,9,0,0,787,0,17,2,768,17,0,0,192,0,4,0,188,4,0,0,2,20,1,1,1,8,0,0,2,1,1,1,2,2,6,2,1,1,1,1,4,0,0,1,Watch
2021-01-01,Friday,5,53,1,Winter,0,0,0,0,0,0,0,0.0,22.0,13.7,57.7,,0,0,0,78,14,8,9,7,109,116.0,134.0,115.0,114.43,9.93,110.0,113.64,None,0,9,4,0,1,0,4,4,0,0,1,3,7,0,0,28,16,4,0,12,16,0,16,10,5,0,2,3,5,0,5,28,5,2,0,23,5,0,5,0,447,300,10,1,436,10,0,0,234,0,1,0,233,1,0,0,410,0,11,0,399,11,0,0,768,0,17,2,749,17,0,0,588,400,4,1,583,4,0,0,2,8,0,0,1,8,1,0,2,1,1,1,1,2,6,1,1,1,1,1,2,0,0,0,Normal
2021-01-02,Saturday,6,53,1,Winter,1,0,0,0,0,0,0,0.0,24.7,15.4,59.2,,0,0,0,71,16,7,8,7,102,109.0,116.0,100.0,113.57,10.1,104.0,113.57,None,0,5,6,2,3,1,5,1,1,0,2,4,6,0,0,28,15,6,2,11,15,0,15,10,2,5,0,8,2,0,2,28,4,1,2,22,4,0,4,0,436,0,11,1,424,11,0,0,233,0,3,0,230,3,0,0,399,0,10,0,389,10,0,0,749,0,18,1,730,18,0,0,583,0,4,1,578,4,0,0,2,12,1,0,1,8,1,0,2,1,1,1,1,2,5,1,1,1,1,1,3,0,0,0,Normal
2021-01-03,Sunday,7,53,1,Winter,1,0,0,0,0,0,0,0.0,20.6,12.1,52.5,,0,0,0,74,20,7,11,8,112,102.0,109.0,105.0,113.86,9.73,96.0,113.43,None,0,10,3,5,2,0,4,1,1,1,1,3,6,0,0,28,14,5,0,14,14,0,14,10,3,0,1,6,3,0,3,28,7,0,2,19,7,0,7,0,424,0,14,1,409,14,0,0,230,0,6,0,224,6,0,0,389,0,13,0,376,13,0,0,730,0,22,1,707,22,0,0,578,0,8,1,569,8,0,0,2,12,1,0,1,8,1,0,2,1,1,1,1,2,6,1,1,1,1,1,4,0,0,0,Normal
2021-01-04,Monday,1,1,1,Winter,0,0,0,0,0,0,0,0.0,24.1,17.1,61.0,,0,0,0,84,20,6,6,7,116,112.0,102.0,114.0,114.86,9.11,117.0,114.57,None,0,5,7,5,3,1,4,2,0,0,2,4,7,0,0,28,14,2,2,12,14,0,14,10,5,0,1,4,5,0,5,28,8,2,2,18,8,0,8,0,409,0,13,1,395,13,0,0,224,0,6,0,218,6,0,0,376,0,12,0,364,12,0,0,707,0,23,1,683,23,0,0,569,0,10,1,558,10,0,0,2,8,0,0,1,8,1,0,2,1,1,1,1,2,6,1,1,1,1,1,4,0,0,0,Normal
2021-01-05,Tuesday,2,1,1,Winter,0,0,0,0,0,1,0,0.0,22.7,15.3,52.2,Respiratory,4,1,7,107,45,11,5,10,168,116.0,112.0,117.0,115.14,9.11,122.0,114.5,None,0,8,27,5,5,14,3,5,1,2,14,14,5,9,1,28,14,4,2,12,14,0,14,10,5,1,2,3,5,0,5,28,12,1,0,16,12,0,12,0,395,0,20,1,374,20,0,0,218,0,9,0,209,9,0,0,364,0,23,0,341,23,0,0,683,0,45,1,637,45,0,0,558,0,39,1,518,39,0,0,2,12,1,0,1,8,0,0,3,2,1,1,1,3,6,2,2,2,1,1,2,0,0,1,High
2021-01-06,Wednesday,3,1,1,Winter,0,0,0,1,0,0,1,0.0,17.6,10.1,60.2,Respiratory,4,1,8,114,48,7,10,12,179,168.0,116.0,134.0,122.43,20.7,130.0,117.79,None,0,9,27,10,2,15,3,2,1,1,15,14,4,10,1,28,14,6,2,12,14,0,14,10,3,2,0,7,3,0,3,28,15,3,0,13,15,0,15,0,374,0,25,1,348,25,0,0,209,0,14,0,195,14,0,0,341,0,24,0,317,24,0,0,637,0,48,1,588,48,0,0,518,0,42,0,476,42,0,0,2,12,1,0,1,8,0,0,3,2,1,1,1,3,6,1,2,2,1,1,4,0,0,1,High
2021-01-07,Thursday,4,1,1,Winter,0,0,0,0,0,1,0,0.0,19.8,11.3,54.1,Respiratory,4,1,8,100,45,11,6,10,162,179.0,168.0,116.0,128.86,28.73,111.0,121.29,None,0,3,30,6,6,13,5,5,1,0,14,14,7,7,1,28,16,3,1,11,16,0,16,10,2,3,2,6,2,0,2,28,17,1,0,11,17,0,17,0,348,0,21,1,326,21,0,0,195,0,10,0,185,10,0,0,317,0,21,0,296,21,0,0,588,0,44,1,543,44,0,0,476,0,35,0,441,35,0,0,2,12,1,0,1,8,1,0,3,2,1,1,1,3,6,2,2,2,1,1,3,0,0,1,High
2021-01-08,Friday,5,1,1,Winter,0,0,0,0,0,0,0,0.0,24.2,16.6,49.1,Respiratory,4,1,6,101,42,7,7,8,157,162.0,179.0,109.0,135.43,30.26,115.0,124.93,None,0,4,29,4,5,9,2,2,2,1,11,11,6,5,1,28,13,4,0,15,13,0,13,10,6,0,2,2,6,0,6,28,16,4,2,10,16,0,16,0,326,0,17,1,308,17,0,0,185,0,8,0,177,8,0,0,296,0,21,0,275,21,0,0,543,0,42,1,500,42,0,0,441,0,32,0,409,32,0,0,2,20,1,1,1,8,0,0,3,2,1,1,2,2,6,1,2,1,1,1,4,0,0,2,High
2021-01-09,Saturday,6,1,1,Winter,1,0,0,0,0,0,0,0.0,19.6,11.0,50.7,Respiratory,4,1,5,93,45,6,10,9,154,157.0,162.0,102.0,142.29,28.9,100.0,127.93,None,0,9,26,6,4,7,2,3,0,1,9,10,5,5,1,28,13,2,2,13,13,0,13,10,9,2,1,0,9,0,9,28,15,3,1,12,15,0,15,0,308,0,19,1,288,19,0,0,177,0,10,0,167,10,0,0,275,0,22,0,253,22,0,0,500,0,43,1,456,43,0,0,409,0,27,0,382,27,0,0,2,8,0,0,1,8,0,0,2,2,1,1,1,2,7,1,2,1,1,1,2,0,0,1,High
2021-01-10,Sunday,7,1,1,Winter,1,0,0,0,0,0,0,0.0,20.4,11.3,54.1,Respiratory,4,1,4,88,39,7,11,10,145,154.0,157.0,112.0,149.71,23.83,105.0,131.79,None,0,4,26,6,3,9,3,2,0,2,11,11,4,7,1,28,12,4,0,16,12,0,12,10,4,5,0,6,4,0,4,28,19,3,2,7,19,0,19,0,288,0,20,1,267,20,0,0,167,0,9,0,158,9,0,0,253,0,19,0,234,19,0,0,456,0,38,1,417,38,0,0,382,0,38,0,344,38,0,0,2,8,0,0,1,8,0,0,2,2,1,1,1,2,6,1,1,1,1,1,2,0,0,1,High
2021-01-11,Monday,1,2,1,Winter,0,0,0,0,0,0,0,0.0,19.2,9.8,56.4,Respiratory,4,1,6,106,47,6,5,8,164,145.0,154.0,116.0,154.43,18.58,114.0,134.64,None,0,7,28,9,3,16,4,2,0,0,16,15,8,7,1,28,14,1,0,14,14,0,14,10,6,1,0,4,6,0,6,28,18,3,0,10,18,0,18,0,267,0,19,0,248,19,0,0,158,0,13,0,145,13,0,0,234,0,23,0,211,23,0,0,417,0,46,1,370,46,0,1,344,0,35,0,309,35,0,0,2,8,0,0,1,8,1,0,3,2,1,1,1,3,7,1,2,2,1,1,3,0,0,1,High
2021-01-12,Tuesday,2,2,1,Winter,0,0,0,0,0,1,0,0.0,22.5,15.5,45.5,Respiratory,4,1,5,111,41,12,9,11,173,164.0,145.0,168.0,161.29,10.02,117.0,138.21,None,0,0,33,2,6,18,4,5,0,3,18,17,7,10,1,28,14,3,0,14,14,0,14,10,8,2,1,1,8,0,8,28,20,2,2,6,20,0,20,0,248,0,20,0,228,20,0,0,145,0,6,0,139,6,0,0,211,0,20,0,191,20,0,1,370,0,42,1,327,42,0,0,309,0,43,0,266,43,0,0,2,8,1,0,1,8,1,0,3,2,1,1,1,3,7,2,1,1,1,1,4,0,0,1,High
2021-01-13,Wednesday,3,2,1,Winter,0,0,0,1,0,0,1,0.0,22.8,13.5,53.7,Respiratory,4,1,6,115,45,7,11,11,178,173.0,164.0,179.0,162.0,10.64,134.0,142.21,None,0,7,31,2,5,12,1,1,2,3,13,13,5,8,1,28,16,5,2,10,16,0,16,10,2,6,1,7,2,0,2,28,22,2,1,5,22,0,22,0,228,0,21,0,207,21,0,0,139,0,6,0,133,6,0,0,191,0,23,0,168,23,0,0,327,0,45,1,281,45,0,0,266,0,37,0,229,37,0,0,2,20,1,1,1,8,0,0,3,2,1,1,2,3,7,1,2,2,1,1,4,0,0,2,High
2021-01-14,Thursday,4,2,1,Winter,0,0,0,0,0,1,0,0.0,20.9,13.2,46.8,Respiratory,4,1,6,103,47,11,7,12,168,178.0,173.0,162.0,161.86,10.41,116.0,145.36,None,0,6,30,3,8,11,1,6,1,3,12,12,7,5,1,28,24,1,1,3,24,0,24,10,3,0,1,6,3,0,3,28,14,10,1,13,14,0,14,0,207,0,22,0,185,22,0,1,133,0,7,0,126,7,0,1,168,0,23,0,145,23,0,0,281,0,46,0,235,46,0,0,229,0,32,0,197,32,0,1,2,12,1,0,1,8,0,0,3,2,1,1,1,3,7,2,2,2,1,1,2,0,0,1,High
2021-01-15,Friday,5,2,1,Winter,0,0,0,0,0,0,0,0.0,22.1,12.6,54.6,Respiratory,4,1,6,101,43,6,7,9,157,168.0,178.0,157.0,162.71,10.63,109.0,149.07,None,0,3,32,4,4,13,1,2,1,2,14,14,6,8,1,28,26,3,0,2,26,0,26,10,3,0,2,5,3,0,3,28,14,4,2,12,14,0,14,0,185,0,18,0,167,18,0,0,126,0,8,0,118,8,0,0,145,0,21,0,124,21,0,0,235,0,42,0,193,42,0,0,197,0,38,0,159,38,0,0,2,12,1,0,1,8,0,0,3,2,1,1,1,2,7,1,2,1,1,1,4,0,0,1,High
2021-01-16,Saturday,6,2,1,Winter,1,0,0,0,0,0,0,0.0,23.9,14.3,47.2,Respiratory,4,1,7,94,45,6,11,10,156,157.0,168.0,154.0,162.71,10.63,102.0,152.5,None,0,4,29,8,4,10,2,1,0,3,12,12,5,7,1,28,22,9,0,6,22,0,22,10,4,1,1,5,4,0,4,28,16,1,1,11,16,0,16,0,167,0,21,0,146,21,0,0,118,0,12,0,106,12,0,0,124,0,21,0,103,21,0,0,893,700,44,2,847,44,0,0,159,0,32,0,127,32,0,0,2,8,0,0,1,8,0,0,2,2,1,1,1,2,7,1,2,2,1,1,4,0,0,1,High
2021-01-17,Sunday,7,2,1,Winter,1,0,0,0,0,0,0,0.0,22.3,13.0,50.1,Respiratory,4,1,6,94,47,7,11,9,159,156.0,157.0,145.0,163.0,10.42,112.0,156.36,None,0,4,34,5,4,20,2,3,1,1,19,18,5,13,1,28,22,5,0,6,22,0,22,10,3,2,1,6,3,0,3,28,17,2,0,11,17,0,17,0,146,0,19,0,127,19,0,0,106,0,9,0,97,9,0,0,103,0,22,0,81,22,0,0,847,0,45,2,800,45,0,0,127,0,43,0,84,43,0,0,2,12,1,0,1,8,0,0,2,2,1,1,1,2,7,1,2,2,1,1,4,0,0,1,High
2021-01-18,Monday,1,3,1,Winter,0,0,0,0,0,0,0,0.8,24.3,16.7,52.1,Respiratory,4,1,6,111,47,9,8,11,175,159.0,156.0,164.0,165.0,7.78,116.0,159.71,None,0,4,35,3,5,12,5,1,0,3,14,14,4,10,1,28,23,5,2,3,23,0,23,10,4,1,2,4,4,0,4,28,14,6,2,12,14,0,14,0,127,0,21,0,106,21,0,0,97,0,7,0,90,7,0,0,361,280,23,0,338,23,0,0,800,0,46,2,752,46,0,0,84,0,37,0,47,37,0,0,2,8,0,0,1,8,1,0,3,2,1,1,1,3,7,1,2,2,1,1,4,0,0,1,High
2021-01-19,Tuesday,2,3,1,Winter,0,0,0,0,0,1,0,0.0,22.5,15.3,48.3,Respiratory,4,1,5,109,43,13,8,12,173,175.0,159.0,173.0,166.57,8.5,168.0,163.93,None,0,5,29,7,2,11,6,5,0,2,12,12,8,4,1,28,26,2,0,2,26,0,26,10,5,0,2,3,5,0,5,28,20,0,2,6,20,0,20,0,406,300,23,1,382,23,0,0,340,250,11,1,328,11,0,0,338,0,21,0,317,21,0,0,752,0,43,1,708,43,0,0,47,0,39,0,8,39,0,0,2,16,1,1,1,20,1,1,3,2,1,2,2,3,8,2,2,1,1,1,3,0,0,3,High
2021-01-20,Wednesday,3,3,1,Winter,0,0,0,1,0,0,1,0.0,23.3,15.2,53.4,Respiratory,4,1,5,115,45,7,13,10,180,173.0,175.0,178.0,166.57,8.5,179.0,164.29,None,0,5,31,4,5,12,1,2,1,3,13,13,8,5,1,28,26,2,2,0,32,6,32,10,6,1,1,3,6,0,6,28,17,3,1,10,17,0,17,6,382,0,20,1,361,20,0,0,328,0,8,1,319,8,0,0,317,0,22,0,295,22,0,0,708,0,45,1,662,45,0,0,8,0,8,0,0,29,21,0,2,12,1,0,1,8,0,0,3,2,2,1,1,3,8,1,2,2,1,1,2,0,0,3,Critical
2021-01-21,Thursday,4,3,1,Winter,0,0,0,0,0,1,0,0.0,23.7,15.9,57.4,Respiratory,4,1,6,105,50,11,7,9,173,180.0,173.0,168.0,166.86,8.9,162.0,164.36,None,0,5,30,5,10,9,4,5,0,2,11,11,8,3,1,28,27,3,1,0,35,8,35,10,4,2,1,5,4,0,4,28,19,1,0,9,19,0,19,8,361,0,20,1,340,20,0,0,319,0,10,1,308,10,0,0,295,0,24,0,271,24,0,0,662,0,48,1,613,48,0,0,400,400,32,0,368,32,0,0,2,8,1,0,1,8,1,0,3,2,1,1,1,3,8,2,2,2,1,1,4,0,0,2,Critical
2021-01-22,Friday,5,3,1,Winter,0,0,0,0,0,0,0,0.0,25.7,17.8,54.1,Respiratory,4,1,6,101,47,6,4,8,158,173.0,180.0,157.0,167.57,9.16,157.0,165.14,None,0,4,35,6,2,13,6,0,0,0,14,14,5,9,1,28,28,8,0,0,31,3,31,10,1,4,2,7,1,0,1,28,17,5,2,9,17,0,17,3,340,0,18,1,321,18,0,0,308,0,10,1,297,10,0,0,271,0,22,0,249,22,0,0,613,0,46,1,566,46,0,0,368,0,38,0,330,38,0,0,2,8,0,0,1,20,1,1,3,2,1,2,1,2,7,1,2,2,1,1,3,0,0,3,Critical
2021-01-23,Saturday,6,3,1,Winter,1,0,0,0,0,0,0,0.0,20.5,10.6,52.8,Respiratory,4,1,7,91,48,9,12,11,160,158.0,173.0,156.0,167.71,9.0,154.0,165.21,None,0,7,33,3,5,16,5,2,1,1,17,16,8,8,1,28,23,11,2,3,23,0,23,10,1,1,0,9,1,0,1,28,22,2,1,5,22,0,22,0,321,0,21,1,299,21,0,0,297,0,8,1,288,8,0,0,249,0,23,0,226,23,0,0,566,0,46,1,519,46,0,0,330,0,47,0,283,47,0,0,2,12,1,0,1,8,1,0,2,2,1,1,1,3,7,1,2,2,1,1,3,0,0,1,High
2021-01-24,Sunday,7,3,1,Winter,1,0,0,0,0,0,0,0.0,22.3,15.5,62.6,Respiratory,4,1,6,85,46,6,11,9,148,160.0,158.0,159.0,168.29,8.34,145.0,165.64,None,0,8,26,6,6,8,3,1,0,2,10,10,5,5,1,28,23,7,1,4,23,0,23,10,2,0,1,7,2,0,2,28,15,8,2,11,15,0,15,0,299,0,20,1,278,20,0,0,288,0,10,1,277,10,0,0,226,0,22,0,204,22,0,0,519,0,44,1,474,44,0,0,283,0,25,0,258,25,0,0,2,8,0,0,1,8,0,0,2,2,1,1,1,2,7,1,2,2,1,1,3,0,0,1,High
2021-01-25,Monday,1,4,1,Winter,0,0,0,0,0,0,0,0.0,28.2,21.5,49.4,Respiratory,4,1,7,108,45,8,7,10,168,148.0,160.0,175.0,166.71,10.66,164.0,165.86,None,0,13,28,2,2,12,3,3,0,2,13,13,8,5,1,28,22,7,1,5,22,0,22,10,3,1,0,7,3,0,3,28,12,5,1,15,12,0,12,0,278,0,19,1,258,19,0,0,277,0,6,1,270,6,0,0,204,0,24,0,180,24,0,1,474,0,45,1,428,45,0,0,258,0,32,0,226,32,0,1,2,8,0,0,1,8,0,0,3,2,1,1,1,3,7,1,2,2,1,1,4,0,0,1,High
2021-01-26,Tuesday,2,4,1,Winter,0,1,0,0,0,1,1,0.0,25.6,16.5,49.1,Respiratory,4,1,6,110,44,11,7,9,172,168.0,148.0,173.0,165.71,10.15,173.0,166.14,None,0,5,24,8,7,9,4,6,1,0,10,10,4,6,1,28,21,6,2,5,21,0,21,10,3,2,2,5,3,0,3,28,13,1,2,13,13,0,13,0,258,0,20,0,238,20,0,0,270,0,12,1,257,12,0,0,180,0,22,0,158,22,0,0,428,0,44,1,383,44,0,1,226,0,27,0,199,27,0,0,2,12,1,0,1,8,1,0,3,2,1,1,1,3,7,2,2,2,1,1,3,0,0,1,High
2021-01-27,Wednesday,3,4,1,Winter,0,0,0,1,0,0,1,0.0,22.9,16.6,48.4,Respiratory,4,1,5,120,43,7,13,10,183,172.0,168.0,180.0,165.57,10.05,178.0,166.07,None,0,8,28,1,6,9,1,6,0,0,11,11,5,6,1,28,21,6,1,6,21,0,21,10,0,3,1,9,0,0,0,28,17,0,2,9,17,0,17,0,238,0,19,0,219,19,0,0,257,0,5,1,251,5,0,0,158,0,23,0,135,23,0,0,383,0,44,1,338,44,0,0,199,0,33,0,166,33,0,0,2,8,0,0,1,8,0,0,3,2,2,1,1,3,7,1,2,2,1,1,4,0,0,1,High
2021-01-28,Thursday,4,4,1,Winter,0,0,0,0,0,1,0,0.0,22.0,12.6,58.1,Respiratory,4,1,5,109,47,13,8,11,177,183.0,172.0,173.0,166.0,10.7,168.0,166.43,None,0,7,30,2,8,6,4,6,0,3,9,10,6,4,1,28,22,6,2,4,22,0,22,10,3,0,2,5,3,0,3,28,16,2,0,12,16,0,16,0,219,0,21,0,198,21,0,1,251,0,6,0,245,6,0,0,135,0,23,0,112,23,0,0,338,0,46,1,291,46,0,0,166,0,26,0,140,26,0,0,2,16,1,1,1,8,1,0,3,2,1,1,2,3,7,2,2,2,1,1,4,0,0,2,High
2021-01-29,Friday,5,4,1,Winter,0,0,0,0,0,0,0,0.7,22.9,14.5,47.5,Respiratory,4,1,5,109,43,7,6,9,165,177.0,183.0,158.0,166.57,11.16,157.0,167.07,None,0,5,29,4,5,10,3,2,0,2,12,12,8,4,1,28,20,6,1,7,20,0,20,10,3,2,0,7,3,0,3,28,15,4,0,13,15,0,15,0,198,0,18,0,180,18,0,0,245,0,8,0,237,8,0,0,112,0,21,0,91,21,0,0,291,0,43,0,248,43,0,0,140,0,32,0,108,32,0,0,2,8,0,0,1,8,0,0,3,2,1,1,1,3,7,1,2,1,1,1,2,0,0,1,High
2021-01-30,Saturday,6,4,1,Winter,1,0,0,0,0,0,0,1.6,22.2,14.4,58.0,,0,0,0,78,19,11,13,9,121,165.0,177.0,160.0,167.57,10.65,156.0,167.64,None,0,4,9,4,2,0,8,2,0,1,2,4,5,0,0,28,24,4,2,2,24,0,24,10,1,3,1,8,1,0,1,28,10,5,1,17,10,0,10,0,180,0,15,0,165,15,0,0,237,0,6,0,231,6,0,0,91,0,11,0,80,11,0,0,248,0,21,0,227,21,0,0,108,0,4,0,104,4,0,0,2,8,1,0,1,20,1,1,2,1,2,2,1,2,6,2,1,1,1,1,2,0,0,1,Watch
2021-01-31,Sunday,7,4,1,Winter,1,0,0,0,0,0,0,0.0,22.0,14.1,60.3,,0,0,0,67,20,6,9,7,102,121.0,165.0,148.0,162.0,19.6,159.0,165.14,None,0,4,6,5,5,0,1,2,2,1,1,3,6,0,0,28,20,8,2,6,20,0,20,10,1,1,0,9,1,0,1,28,9,3,2,17,9,0,9,0,165,0,13,0,152,13,0,0,231,0,6,0,225,6,0,0,360,280,11,0,349,11,0,0,927,700,21,2,904,21,0,0,104,0,7,0,97,7,0,0,2,20,1,1,1,8,0,0,2,1,1,1,2,2,6,1,1,1,1,1,3,0,0,1,Watch
2021-02-01,Monday,1,5,2,Winter,0,0,0,0,0,0,0,0.0,24.5,15.4,48.5,,0,0,0,88,12,8,6,7,114,102.0,121.0,168.0,155.43,28.76,175.0,161.07,None,0,3,5,2,2,1,2,5,0,1,2,4,8,0,0,28,21,4,0,7,21,0,21,10,1,1,2,7,1,0,1,28,9,1,0,19,9,0,9,0,152,0,11,0,141,11,0,0,225,0,3,0,222,3,0,0,349,0,9,0,340,9,0,0,904,0,17,2,885,17,0,0,497,400,5,0,492,5,0,0,2,8,0,0,1,8,0,0,2,1,1,1,1,2,6,1,1,1,1,1,3,0,0,0,Normal
2021-02-02,Tuesday,2,5,2,Winter,0,0,0,0,0,1,0,0.0,25.5,18.3,44.2,,0,0,0,89,15,14,5,7,123,114.0,102.0,172.0,147.71,31.47,173.0,156.71,None,0,5,3,2,5,1,1,5,3,5,1,3,6,0,0,28,20,7,0,8,20,0,20,10,0,1,1,9,0,0,0,28,10,0,1,17,10,0,10,0,441,300,11,1,429,11,0,0,222,0,3,0,219,3,0,0,340,0,11,0,329,11,0,0,885,0,19,2,864,19,0,0,492,0,4,0,488,4,0,0,2,20,1,1,1,8,0,0,2,1,1,1,2,2,6,2,1,1,1,1,2,0,0,1,Watch
2021-02-03,Wednesday,3,5,2,Winter,0,0,0,1,0,0,1,0.0,22.0,13.0,50.6,,0,0,0,101,21,8,11,8,141,123.0,114.0,183.0,140.71,30.73,180.0,153.14,None,0,6,9,4,2,3,4,0,2,2,4,6,7,0,0,28,16,7,0,12,16,0,16,10,1,0,0,9,1,0,1,28,13,1,0,15,13,0,13,0,429,0,14,1,414,14,0,0,219,0,6,0,213,6,0,0,329,0,14,0,315,14,0,0,864,0,25,2,837,25,0,0,488,0,15,0,473,15,0,0,2,20,1,1,1,8,1,0,3,1,1,1,2,2,6,1,1,1,1,1,4,0,0,1,Watch
2021-02-04,Thursday,4,5,2,Winter,0,0,0,0,0,1,0,0.0,27.9,19.8,49.5,,0,0,0,87,15,12,8,8,122,141.0,123.0,177.0,134.71,25.55,173.0,150.36,None,0,5,5,2,3,0,6,5,0,1,1,3,6,0,0,28,20,3,2,6,20,0,20,10,2,0,1,7,2,0,2,28,11,2,1,16,11,0,11,0,414,0,12,1,401,12,0,0,213,0,3,0,210,3,0,0,315,0,11,0,304,11,0,0,837,0,19,2,816,19,0,0,473,0,2,0,471,2,0,0,2,8,1,0,1,20,1,1,2,1,1,2,1,2,6,2,1,1,1,1,4,0,0,1,Watch
2021-02-05,Friday,5,5,2,Winter,0,0,0,0,0,0,0,0.0,26.5,16.3,56.2,,0,0,0,82,16,8,7,6,113,122.0,141.0,165.0,126.86,18.94,158.0,146.71,None,0,5,6,3,2,1,3,3,0,2,2,4,4,0,0,28,20,4,3,5,20,0,20,10,2,1,2,6,2,0,2,28,11,1,3,14,11,0,11,0,401,0,10,1,390,10,0,0,210,0,4,0,206,4,0,0,304,0,11,0,293,11,0,0,816,0,19,2,795,19,0,0,471,0,6,0,465,6,0,0,2,8,0,0,1,8,0,0,2,1,1,1,1,2,6,1,1,1,1,1,2,0,0,0,Normal
2021-02-06,Saturday,6,5,2,Winter,1,0,0,0,0,0,0,0.0,25.8,16.9,52.4,,0,0,0,71,16,7,11,8,105,113.0,122.0,121.0,119.43,11.1,160.0,143.5,None,0,4,8,3,1,1,2,3,0,2,2,4,5,0,0,28,22,1,0,6,22,0,22,10,3,2,0,7,3,0,3,28,10,3,1,17,10,0,10,0,390,0,13,1,376,13,0,0,206,0,4,0,202,4,0,0,293,0,10,0,283,10,0,0,795,0,18,2,775,18,0,0,465,0,9,0,456,9,0,0,2,8,0,0,1,8,0,0,2,1,1,1,1,2,6,1,1,1,1,1,4,0,0,0,Normal
2021-02-07,Sunday,7,5,2,Winter,1,0,0,0,0,0,0,1.1,27.5,20.4,51.9,,0,0,0,72,22,9,9,8,112,105.0,113.0,102.0,117.14,12.14,148.0,139.57,None,0,8,8,4,2,0,3,4,0,2,1,3,6,0,0,28,20,9,0,8,20,0,20,10,3,0,1,6,3,0,3,28,10,1,1,17,10,0,10,0,376,0,14,1,361,14,0,0,202,0,6,0,196,6,0,0,283,0,13,0,270,13,0,0,775,0,23,2,750,23,0,0,456,0,6,0,450,6,0,0,2,8,0,0,1,8,0,0,2,1,1,1,1,2,6,1,1,1,1,1,3,0,0,0,Normal
2021-02-08,Monday,1,6,2,Winter,0,0,0,0,0,0,0,0.0,25.6,17.2,51.2,,0,0,0,89,21,8,7,7,125,112.0,105.0,114.0,118.57,10.78,168.0,137.0,None,0,7,6,5,3,0,4,2,1,1,1,3,4,0,0,28,18,6,2,8,18,0,18,10,3,1,1,6,3,0,3,28,10,2,2,16,10,0,10,0,361,0,13,1,347,13,0,0,196,0,7,0,189,7,0,0,270,0,13,0,257,13,0,0,750,0,24,1,725,24,0,0,450,0,7,0,443,7,0,0,2,12,1,0,1,8,1,0,2,1,1,1,1,2,6,1,1,1,1,1,4,0,0,0,Normal
2021-02-09,Tuesday,2,6,2,Winter,0,0,0,0,0,1,0,0.0,24.7,15.5,44.5,,0,0,0,90,16,12,7,9,125,125.0,112.0,123.0,120.14,10.8,172.0,133.93,None,0,7,2,4,3,0,3,8,0,1,1,3,5,0,0,28,13,9,2,13,13,0,13,10,7,0,0,3,7,0,7,28,9,2,0,19,9,0,9,0,347,0,14,1,332,14,0,0,189,0,5,0,184,5,0,0,257,0,12,0,245,12,0,0,725,0,20,1,704,20,0,0,443,0,3,0,440,3,0,0,2,8,1,0,1,8,0,0,2,1,1,1,1,2,6,2,1,1,1,1,3,0,0,0,Normal
2021-02-10,Wednesday,3,6,2,Winter,0,0,0,1,0,0,1,0.0,23.7,15.4,60.3,,0,0,0,104,21,8,12,8,145,125.0,125.0,141.0,120.43,10.9,183.0,130.57,None,0,7,10,1,3,2,2,4,2,0,3,5,8,0,0,28,15,4,0,13,15,0,15,10,5,2,0,5,5,0,5,28,11,0,2,15,11,0,11,0,332,0,13,1,318,13,0,0,184,0,3,0,181,3,0,0,245,0,14,0,231,14,0,0,704,0,25,1,678,25,0,0,440,0,11,0,429,11,0,0,2,20,1,1,1,8,0,0,3,1,1,1,2,2,6,1,1,1,1,1,3,0,0,1,Watch
2021-02-11,Thursday,4,6,2,Winter,0,0,0,0,0,1,0,0.0,24.5,15.4,58.0,,0,0,0,86,21,14,6,7,127,145.0,125.0,122.0,121.0,12.01,177.0,127.86,None,0,6,5,5,5,0,3,8,1,2,1,3,4,0,0,28,17,1,0,11,17,0,17,10,3,3,1,6,3,0,3,28,14,0,1,13,14,0,14,0,318,0,13,1,304,13,0,0,181,0,7,0,174,7,0,0,231,0,13,0,218,13,0,0,678,0,24,1,653,24,0,0,429,0,8,0,421,8,0,0,2,20,1,1,1,8,0,0,2,1,1,1,2,2,6,2,1,1,1,1,4,0,0,1,Watch
2021-02-12,Friday,5,6,2,Winter,0,0,0,0,0,0,0,0.0,25.1,15.2,50.9,,0,0,0,84,21,6,5,5,116,127.0,145.0,113.0,121.71,12.2,165.0,124.29,None,0,1,14,3,3,1,3,3,0,0,3,5,5,0,0,28,15,4,1,12,15,0,15,10,3,0,2,5,3,0,3,28,15,2,1,12,15,0,15,0,304,0,10,1,293,10,0,0,174,0,5,0,169,5,0,0,218,0,12,0,206,12,0,0,653,0,24,1,628,24,0,0,421,0,14,0,407,14,0,0,2,8,0,0,1,8,0,0,2,1,1,1,1,2,6,1,1,1,1,1,3,0,0,0,Normal
2021-02-13,Saturday,6,6,2,Winter,1,0,0,0,0,0,0,0.0,25.0,16.3,54.3,,0,0,0,71,21,7,12,6,111,116.0,127.0,105.0,122.14,11.93,121.0,120.79,None,0,7,11,1,2,4,2,1,0,4,5,6,7,0,0,28,18,2,1,9,18,0,18,10,4,0,0,6,4,0,4,28,11,4,0,17,11,0,11,0,293,0,11,1,281,11,0,0,169,0,3,0,166,3,0,0,206,0,12,0,194,12,0,1,628,0,22,1,605,22,0,0,407,0,9,0,398,9,0,0,2,8,0,0,1,8,0,0,2,1,1,1,1,2,6,1,1,1,1,1,4,0,0,0,Normal
2021-02-14,Sunday,7,6,2,Winter,1,0,0,0,0,0,0,0.0,24.6,16.3,52.4,,0,0,0,74,20,9,10,8,113,111.0,116.0,112.0,123.0,10.84,102.0,120.07,None,0,8,6,4,2,0,5,1,0,3,1,3,6,0,0,28,17,2,0,11,17,0,17,10,2,3,1,7,2,0,2,28,16,1,2,10,16,0,16,0,281,0,14,1,266,14,0,0,166,0,6,0,160,6,0,0,194,0,12,0,182,12,0,0,605,0,22,1,582,22,0,0,398,0,15,0,383,15,0,0,2,8,0,0,1,8,1,0,2,1,1,1,1,2,6,1,1,1,1,1,2,0,0,0,Normal
2021-02-15,Monday,1,7,2,Winter,0,0,0,0,0,0,0,0.0,27.0,21.0,49.4,,0,0,0,96,14,8,7,7,125,113.0,111.0,125.0,123.14,10.7,114.0,120.86,None,0,0,6,5,3,2,4,3,0,1,3,5,5,0,0,28,13,7,1,14,13,0,13,10,2,1,2,6,2,0,2,28,15,4,2,11,15,0,15,0,266,0,12,1,253,12,0,0,160,0,6,0,154,6,0,0,182,0,10,0,172,10,0,0,582,0,19,1,562,19,0,0,383,0,11,0,372,11,0,0,2,8,0,0,1,8,1,0,2,1,1,1,1,2,6,1,1,1,1,1,4,0,0,0,Normal
2021-02-16,Tuesday,2,7,2,Winter,0,0,0,0,0,1,0,0.0,23.7,16.5,62.2,,0,0,0,92,17,14,6,7,129,125.0,113.0,125.0,123.14,10.7,123.0,121.64,None,0,7,6,2,2,1,4,3,1,6,2,4,4,0,0,28,18,2,2,8,18,0,18,10,1,1,2,7,1,0,1,28,13,2,1,14,13,0,13,0,253,0,12,0,241,12,0,0,154,0,4,0,150,4,0,0,172,0,12,0,160,12,0,0,562,0,21,1,540,21,0,0,372,0,4,0,368,4,0,0,2,20,1,1,1,8,1,0,2,1,1,1,2,2,6,2,1,1,1,1,3,0,0,1,Watch
2021-02-17,Wednesday,3,7,2,Winter,0,0,0,1,0,0,1,0.0,23.9,16.0,52.9,,0,0,0,101,18,9,11,7,139,129.0,125.0,145.0,123.71,10.89,141.0,122.07,None,0,4,9,2,3,2,2,2,1,4,3,5,8,0,0,28,17,5,2,9,17,0,17,10,1,1,2,7,1,0,1,28,12,3,4,12,12,0,12,0,241,0,12,0,229,12,0,0,150,0,4,0,146,4,0,0,160,0,12,0,148,12,0,0,540,0,22,1,517,22,0,0,368,0,10,0,358,10,0,0,2,12,1,0,1,8,0,0,3,1,1,1,1,2,6,1,1,1,1,1,3,0,0,0,Normal
2021-02-18,Thursday,4,7,2,Winter,0,0,0,0,0,1,0,0.0,24.9,15.3,48.6,,0,0,0,85,15,13,4,8,117,139.0,129.0,127.0,122.86,9.3,122.0,121.93,None,0,5,5,1,4,1,7,4,1,1,2,4,6,0,0,28,15,6,2,11,15,0,15,10,1,1,2,7,1,0,1,28,13,2,0,15,13,0,13,0,229,0,12,0,217,12,0,0,146,0,2,0,144,2,0,0,148,0,10,0,138,10,0,0,517,0,19,1,497,19,0,0,358,0,9,0,349,9,0,0,2,20,1,1,1,20,1,1,2,1,1,2,2,2,6,2,1,1,1,1,4,0,0,2,Watch
2021-02-19,Friday,5,7,2,Winter,0,0,0,0,0,0,0,0.0,26.1,17.0,47.2,,0,0,0,88,21,8,8,7,125,117.0,139.0,116.0,121.43,9.32,113.0,121.57,None,0,10,4,5,2,0,5,1,0,2,1,3,6,0,0,28,12,7,0,16,12,0,12,10,1,0,1,8,1,0,1,28,13,3,0,15,13,0,13,0,217,0,13,0,204,13,0,0,144,0,7,0,137,7,0,0,418,280,14,0,404,14,0,0,497,0,24,1,472,24,0,0,349,0,8,0,341,8,0,0,2,8,0,0,1,8,1,0,2,1,1,1,1,2,6,1,1,1,1,1,3,0,0,0,Normal
2021-02-20,Saturday,6,7,2,Winter,1,0,0,0,0,0,0,0.0,24.3,15.7,55.1,,0,0,0,74,20,7,11,8,112,125.0,117.0,111.0,122.71,9.1,105.0,122.43,None,0,7,5,5,3,1,7,0,0,0,2,4,4,0,0,28,11,4,1,16,11,0,11,10,5,0,0,5,5,0,5,28,11,3,2,15,11,0,11,0,204,0,14,0,190,14,0,1,137,0,6,0,131,6,0,0,404,0,12,0,392,12,0,0,472,0,22,1,449,22,0,0,341,0,5,0,336,5,0,0,2,8,0,0,1,20,1,1,2,1,1,2,1,2,6,1,1,1,1,1,4,0,0,1,Watch
2021-02-21,Sunday,7,7,2,Winter,1,0,0,0,0,0,0,0.0,26.6,17.6,49.7,,0,0,0,72,16,9,12,7,109,112.0,125.0,113.0,122.86,8.92,112.0,122.93,None,0,3,5,5,3,1,6,1,1,1,2,4,5,0,0,28,11,4,2,15,11,0,11,10,2,4,0,8,2,0,2,28,11,2,3,14,11,0,11,0,190,0,12,0,178,12,0,0,131,0,6,0,125,6,0,1,392,0,10,0,382,10,0,0,449,0,19,1,429,19,0,0,336,0,7,0,329,7,0,0,2,12,1,0,1,20,1,1,2,1,1,2,1,2,6,1,1,1,1,1,3,0,0,1,Watch
2021-02-22,Monday,1,8,2,Winter,0,0,0,0,0,0,0,0.0,26.3,17.4,42.0,,0,0,0,92,16,7,6,5,121,109.0,112.0,125.0,122.29,9.63,125.0,122.71,None,0,5,2,5,4,0,3,2,0,2,0,2,4,0,0,28,11,1,0,17,11,0,11,10,2,0,1,7,2,0,2,28,13,2,0,15,13,0,13,0,178,0,10,0,168,10,0,0,125,0,6,0,119,6,0,0,382,0,11,0,371,11,0,0,429,0,20,1,408,20,0,0,329,0,9,0,320,9,0,0,2,8,0,0,1,8,0,0,2,1,1,1,1,2,6,1,1,1,1,1,2,0,0,0,Normal
2021-02-23,Tuesday,2,8,2,Winter,0,0,0,0,0,1,0,0.0,25.7,17.2,45.3,,0,0,0,91,16,13,9,9,129,121.0,109.0,129.0,121.71,9.57,125.0,122.43,None,0,4,7,3,2,0,5,5,1,2,1,3,8,0,0,28,15,0,2,11,15,0,15,10,3,1,2,5,3,0,3,28,14,2,2,12,14,0,14,0,168,0,14,0,154,14,0,0,119,0,4,0,115,4,0,0,371,0,11,0,360,11,0,0,408,0,20,1,387,20,0,1,320,0,10,0,310,10,0,0,2,20,1,1,1,8,1,0,2,1,1,1,2,2,6,2,1,1,1,1,4,0,0,1,Watch
2021-02-24,Wednesday,3,8,2,Winter,0,0,0,1,0,0,1,0.0,23.8,15.0,56.3,,0,0,0,96,20,8,12,8,136,129.0,121.0,139.0,121.71,9.57,145.0,122.71,None,0,4,7,4,5,0,3,3,1,1,1,3,7,0,0,28,15,3,1,12,15,0,15,10,3,1,0,7,3,0,3,28,16,2,0,12,16,0,16,0,154,0,14,0,140,14,0,0,115,0,6,0,109,6,0,0,360,0,13,0,347,13,0,0,387,0,24,1,362,24,0,0,310,0,12,0,298,12,0,0,2,12,1,0,1,8,0,0,2,1,1,1,1,2,6,1,1,1,1,1,3,0,0,0,Normal
2021-02-25,Thursday,4,8,2,Winter,0,0,0,0,0,1,0,0.0,24.4,15.6,53.9,,0,0,0,86,13,14,5,7,118,136.0,129.0,117.0,121.29,8.83,127.0,122.07,None,0,3,6,1,3,0,5,4,2,3,1,3,6,0,0,28,16,4,2,10,16,0,16,10,2,1,2,6,2,0,2,28,14,4,0,14,14,0,14,0,440,300,11,1,428,11,0,0,109,0,2,0,107,2,0,0,347,0,9,0,338,9,0,0,362,0,17,1,344,17,0,0,298,0,7,0,291,7,0,0,2,20,1,1,1,8,1,0,2,1,1,1,2,2,6,2,1,1,1,1,3,0,0,1,Watch
2021-02-26,Friday,5,8,2,Winter,0,0,0,0,0,0,0,0.0,26.3,17.6,57.6,,0,0,0,89,20,7,8,7,124,118.0,136.0,125.0,121.43,8.76,116.0,121.43,None,0,2,9,5,4,1,0,6,1,0,2,4,7,0,0,28,16,7,1,11,16,0,16,10,0,2,1,9,0,0,0,28,13,1,1,14,13,0,13,0,428,0,13,1,414,13,0,0,357,250,6,1,350,6,0,0,338,0,12,0,326,12,0,0,344,0,23,1,320,23,0,0,291,0,5,0,286,5,0,0,2,12,1,0,1,8,0,0,2,1,1,1,1,2,6,1,1,1,1,1,2,0,0,0,Normal
2021-02-27,Saturday,6,8,2,Winter,1,0,0,0,0,0,0,0.0,26.7,19.5,51.6,,0,0,0,76,15,10,15,9,116,124.0,118.0,112.0,121.29,8.71,111.0,122.0,None,0,5,7,1,2,1,4,2,0,4,2,4,4,0,0,28,16,6,2,10,16,0,16,10,3,0,2,5,3,0,3,28,5,8,1,22,5,0,5,0,414,0,13,1,400,13,0,0,350,0,2,1,347,2,0,0,326,0,10,0,316,10,0,0,320,0,18,1,301,18,0,0,286,0,4,0,282,4,0,0,2,8,1,0,1,8,1,0,2,1,2,1,1,2,6,1,1,1,2,2,2,0,0,0,Normal
2021-02-28,Sunday,7,8,2,Winter,1,0,0,0,0,0,0,0.1,23.6,16.6,48.3,,0,0,0,74,19,8,9,7,110,116.0,124.0,109.0,121.86,8.2,113.0,122.36,None,0,5,7,6,1,2,1,4,1,2,3,5,8,0,0,28,19,2,0,9,19,0,19,10,0,3,0,10,0,0,0,28,6,1,1,21,6,0,6,0,400,0,13,1,386,13,0,0,347,0,7,1,339,7,0,0,316,0,11,0,305,11,0,0,1001,700,21,2,978,21,0,0,282,0,9,0,273,9,0,0,2,12,1,0,1,8,0,0,2,1,1,1,1,2,6,1,1,1,1,1,3,0,0,0,Normal
2021-03-01,Monday,1,9,3,Summer,0,0,1,0,0,0,1,0.0,27.9,20.0,46.3,,0,0,0,102,21,7,14,9,144,110.0,116.0,121.0,122.0,7.98,125.0,122.14,None,0,7,6,6,2,1,6,0,0,1,2,4,6,0,0,28,19,6,2,7,19,0,19,10,1,0,1,8,1,0,1,28,7,1,0,21,7,0,7,0,386,0,16,1,369,16,0,0,339,0,8,1,330,8,0,0,305,0,14,0,291,14,0,0,978,0,25,2,951,25,0,0,273,0,8,0,265,8,0,0,2,8,0,0,1,20,1,1,3,1,2,2,1,2,6,1,1,1,2,2,3,0,0,1,Watch
2021-03-02,Tuesday,2,9,3,Summer,0,0,0,0,0,1,0,0.5,25.1,16.2,52.3,,0,0,0,94,19,13,7,7,133,144.0,110.0,129.0,125.29,11.04,129.0,123.5,None,0,4,5,7,3,1,6,6,0,1,2,4,6,0,0,28,13,10,1,14,13,0,13,10,0,1,1,9,0,0,0,28,9,1,2,17,9,0,9,0,369,0,13,1,355,13,0,0,330,0,8,1,321,8,0,0,291,0,12,0,279,12,0,0,951,0,23,2,926,23,0,0,265,0,9,0,256,9,0,0,2,16,1,1,1,20,1,1,2,1,1,2,2,2,5,2,1,1,1,1,4,0,0,2,Watch
2021-03-03,Wednesday,3,9,3,Summer,0,0,0,1,0,0,1,1.6,26.7,19.1,53.8,,0,0,0,97,18,8,13,9,136,133.0,144.0,136.0,125.86,11.32,139.0,123.79,None,0,4,9,3,2,0,6,1,1,0,2,4,8,0,0,28,15,2,3,10,15,0,15,10,3,0,1,6,3,0,3,28,7,4,2,19,7,0,7,0,355,0,14,1,340,14,0,0,321,0,4,1,316,4,0,0,279,0,12,0,267,12,0,0,926,0,22,2,902,22,0,0,256,0,8,0,248,8,0,0,2,12,1,0,1,20,1,1,3,1,2,2,1,2,6,1,1,1,1,1,2,0,0,1,Watch
2021-03-04,Thursday,4,9,3,Summer,0,0,1,0,0,1,1,1.7,27.8,20.7,53.4,,0,0,0,95,20,16,15,11,146,136.0,133.0,118.0,125.86,11.32,117.0,123.57,Road_Accident_Surge,2,9,8,3,0,1,4,10,1,1,2,4,4,0,0,28,17,5,2,9,17,0,17,10,4,2,2,4,4,0,4,28,6,2,3,19,6,0,6,0,340,0,17,1,322,17,0,0,316,0,5,1,310,5,0,0,267,0,14,0,253,14,0,0,902,0,24,2,876,24,0,0,248,0,7,0,241,7,0,0,2,20,1,1,1,8,1,0,2,1,3,1,2,2,6,2,1,1,2,3,2,1,1,2,Watch
2021-03-05,Friday,5,9,3,Summer,0,0,0,0,0,0,0,0.0,23.5,16.1,35.6,,0,0,0,81,19,5,8,6,113,146.0,136.0,124.0,129.86,12.7,125.0,125.64,None,0,7,7,3,2,0,4,1,0,0,1,3,6,0,0,28,19,2,1,8,19,0,19,10,5,0,1,4,5,0,5,28,6,1,4,18,6,0,6,0,322,0,11,1,310,11,0,0,310,0,5,1,304,5,0,0,253,0,12,0,241,12,0,0,876,0,22,2,852,22,0,0,241,0,6,0,235,6,0,0,2,8,0,0,1,8,1,0,2,1,1,1,1,2,6,1,1,1,1,1,4,0,0,0,Normal
2021-03-06,Saturday,6,9,3,Summer,1,0,0,0,0,0,0,0.0,22.5,13.9,56.4,,0,0,0,80,23,9,8,6,120,113.0,146.0,116.0,128.29,13.95,112.0,124.79,None,0,8,6,8,1,0,5,3,1,0,1,3,4,0,0,28,16,4,1,11,16,0,16,10,4,4,2,4,4,0,4,28,6,2,0,22,6,0,6,0,310,0,13,1,296,13,0,0,304,0,10,1,293,10,0,0,241,0,14,0,227,14,0,0,852,0,25,2,825,25,0,0,235,0,7,0,228,7,0,0,2,12,1,0,1,8,1,0,2,1,1,1,1,2,6,1,1,1,1,1,3,0,0,0,Normal
2021-03-07,Sunday,7,9,3,Summer,1,0,0,0,0,0,0,0.4,25.1,19.0,54.4,,0,0,0,68,18,8,11,7,105,120.0,113.0,110.0,128.86,13.51,109.0,125.36,None,0,6,9,0,3,0,4,3,1,0,2,4,6,0,0,28,16,4,2,10,16,0,16,10,5,0,4,1,5,0,5,28,8,0,4,16,8,0,8,0,296,0,11,1,284,11,0,0,293,0,2,1,290,2,0,0,227,0,11,0,216,11,0,0,825,0,20,2,803,20,0,0,228,0,8,0,220,8,0,1,2,12,1,0,1,8,1,0,2,1,1,1,1,2,6,1,1,1,1,1,2,0,0,0,Normal
2021-03-08,Monday,1,10,3,Summer,0,0,0,0,0,0,0,0.0,27.1,19.4,50.0,,0,0,0,93,19,8,8,7,128,105.0,120.0,144.0,128.14,14.57,121.0,125.07,None,0,3,8,6,2,0,4,2,0,2,1,3,5,0,0,28,20,1,1,7,20,0,20,10,6,0,1,3,6,0,6,28,9,0,1,18,9,0,9,0,284,0,13,1,270,13,0,0,290,0,7,1,282,7,0,0,216,0,12,0,204,12,0,0,803,0,23,2,778,23,0,0,220,0,6,0,214,6,0,0,2,8,0,0,1,8,1,0,2,1,1,1,1,2,6,1,1,1,1,1,4,0,0,0,Normal
2021-03-09,Tuesday,2,10,3,Summer,0,0,0,0,0,1,0,0.0,26.3,18.6,52.5,,0,0,0,91,23,13,6,7,133,128.0,105.0,133.0,125.86,13.09,129.0,125.57,None,0,11,2,4,6,0,3,4,2,4,0,2,6,0,0,28,20,3,2,6,20,0,20,10,4,2,0,6,4,0,4,28,13,0,1,14,13,0,13,0,270,0,13,1,256,13,0,0,282,0,6,1,275,6,0,0,204,0,15,0,189,15,0,1,778,0,26,2,750,26,0,0,214,0,9,0,205,9,0,0,2,20,1,1,1,8,0,0,2,1,1,1,2,2,7,2,1,1,1,1,3,0,0,1,Watch
2021-03-10,Wednesday,3,10,3,Summer,0,0,0,1,0,0,1,0.0,23.9,14.1,49.3,,0,0,0,100,21,9,16,10,146,133.0,128.0,136.0,125.86,13.09,136.0,125.86,None,0,9,3,8,1,0,5,2,1,1,1,3,7,0,0,28,17,6,2,9,17,0,17,10,6,2,0,4,6,0,6,28,13,3,2,13,13,0,13,0,256,0,18,0,238,18,0,0,275,0,9,1,265,9,0,0,189,0,14,0,175,14,0,0,750,0,25,1,724,25,0,0,205,0,8,0,197,8,0,0,2,12,1,0,1,8,1,0,3,1,2,1,1,2,7,1,1,1,2,2,3,0,0,0,Normal
2021-03-11,Thursday,4,10,3,Summer,0,0,0,0,0,1,0,0.4,26.3,19.0,55.7,,0,0,0,86,20,14,8,8,128,146.0,133.0,146.0,127.29,14.58,118.0,126.57,None,0,9,3,5,3,0,3,8,1,2,1,3,5,0,0,28,18,5,1,9,18,0,18,10,7,1,0,3,7,0,7,28,11,2,1,16,11,0,11,0,238,0,14,0,224,14,0,0,265,0,6,1,258,6,0,0,175,0,13,0,162,13,0,0,724,0,23,1,700,23,0,0,197,0,2,0,195,2,0,0,2,20,1,1,1,8,0,0,2,1,1,1,2,2,7,2,1,1,1,1,2,0,0,1,Watch
2021-03-12,Friday,5,10,3,Summer,0,0,0,0,1,0,0,0.0,25.7,16.7,61.7,,0,0,0,90,19,12,8,8,129,128.0,146.0,113.0,124.71,12.49,124.0,127.29,None,0,10,4,3,2,0,2,2,2,6,1,3,4,0,0,28,19,3,1,8,19,0,19,10,3,5,1,6,3,0,3,28,11,3,0,17,11,0,11,0,224,0,13,0,211,13,0,0,258,0,5,1,252,5,0,0,162,0,13,0,149,13,0,0,700,0,22,1,677,22,0,0,195,0,8,0,187,8,0,0,2,20,1,1,1,8,0,0,2,1,1,1,2,2,6,2,1,1,1,1,4,0,0,1,Watch
2021-03-13,Saturday,6,10,3,Summer,1,0,0,0,0,0,0,0.0,28.5,20.5,47.0,,0,0,0,72,17,10,11,7,110,129.0,128.0,120.0,127.0,11.56,116.0,127.64,None,0,6,2,3,6,0,6,2,0,2,1,3,4,0,0,28,17,6,0,11,17,0,17,10,2,3,0,8,2,0,2,28,10,2,1,17,10,0,10,0,211,0,12,0,199,12,0,1,252,0,4,0,248,4,0,0,149,0,11,0,138,11,0,0,677,0,19,1,657,19,0,0,187,0,3,0,184,3,0,0,2,8,1,0,1,20,1,1,2,1,1,2,1,2,6,1,1,1,1,1,3,0,0,1,Watch
2021-03-14,Sunday,7,10,3,Summer,1,0,0,0,0,0,0,0.0,24.1,15.6,57.2,,0,0,0,76,21,9,12,6,118,110.0,129.0,105.0,125.57,12.88,110.0,127.21,None,0,6,5,7,3,1,7,2,0,0,2,4,7,0,0,28,15,3,2,11,15,0,15,10,2,1,2,6,2,0,2,28,12,2,2,14,12,0,12,0,199,0,12,0,187,12,0,0,248,0,8,0,240,8,0,0,138,0,12,0,126,12,0,0,657,0,23,1,633,23,0,0,584,400,11,1,572,11,0,0,2,8,0,0,1,20,1,1,2,1,1,2,1,2,6,1,1,1,1,1,2,0,0,1,Watch
2021-03-15,Monday,1,11,3,Summer,0,0,1,0,0,0,3,0.0,24.8,17.7,53.4,,0,0,0,99,19,8,17,10,143,118.0,110.0,128.0,127.43,10.5,144.0,127.79,Road_Accident_Surge,2,10,2,3,4,0,3,1,2,2,1,3,6,0,0,28,15,5,0,13,15,0,15,10,3,2,1,6,3,0,3,28,12,2,0,16,12,0,12,0,187,0,16,0,171,16,0,0,240,0,5,0,235,5,0,0,406,280,14,0,392,14,0,0,633,0,23,1,609,23,0,0,572,0,5,1,566,5,0,0,2,20,1,1,1,8,0,0,3,1,3,1,2,2,6,1,1,1,2,3,2,1,1,2,Watch
2021-03-16,Tuesday,2,11,3,Summer,0,0,0,0,0,1,0,0.1,21.7,10.8,55.2,,0,0,0,93,19,15,8,8,135,143.0,118.0,133.0,129.57,11.84,133.0,127.71,None,0,8,6,1,4,0,8,4,1,2,1,3,8,0,0,28,14,2,1,13,14,0,14,10,1,3,0,9,1,0,1,28,14,4,2,12,14,0,14,0,171,0,13,0,158,13,0,0,235,0,3,0,232,3,0,0,392,0,13,0,379,13,0,0,609,0,23,1,585,23,0,0,566,0,15,1,550,15,0,0,2,20,1,1,1,20,1,1,2,1,1,2,2,2,6,2,1,1,1,1,3,0,0,2,Watch
2021-03-17,Wednesday,3,11,3,Summer,0,0,0,1,0,0,1,0.0,29.5,18.4,46.0,,0,0,0,98,16,8,15,9,137,135.0,143.0,146.0,129.86,11.95,136.0,127.86,None,0,8,6,2,0,0,3,3,2,0,1,3,8,0,0,28,19,0,2,7,19,0,19,10,4,0,1,5,4,0,4,28,13,2,2,13,13,0,13,0,158,0,14,0,144,14,0,0,232,0,3,0,229,3,0,0,379,0,12,0,367,12,0,0,585,0,21,1,563,21,0,0,550,0,5,1,544,5,0,0,2,20,1,1,1,8,0,0,3,1,2,1,2,2,7,1,1,1,2,2,3,0,0,1,Watch
2021-03-18,Thursday,4,11,3,Summer,0,0,1,0,0,1,2,0.1,26.1,19.0,51.2,,0,0,0,97,24,14,15,11,150,137.0,135.0,128.0,128.57,10.54,146.0,127.93,Road_Accident_Surge,2,10,6,5,3,2,7,5,0,2,3,5,4,1,1,28,27,1,1,0,28,1,28,10,0,4,0,10,0,0,0,28,13,1,1,14,13,0,13,1,444,300,18,1,425,18,0,0,229,0,7,0,222,7,0,0,367,0,15,0,352,15,0,0,563,0,27,1,535,27,0,0,544,0,7,1,536,7,0,0,2,16,1,1,1,20,1,1,3,1,3,2,2,2,7,2,1,1,2,3,2,1,1,5,Critical
2021-03-19,Friday,5,11,3,Summer,0,0,0,0,1,0,0,0.0,27.0,20.7,49.2,,0,0,0,90,16,11,10,8,127,150.0,137.0,129.0,131.71,12.91,113.0,128.21,None,0,8,6,1,1,1,3,3,2,3,2,4,7,0,0,28,18,14,2,8,18,0,18,10,2,0,2,6,2,0,2,28,14,1,0,14,14,0,14,0,425,0,12,1,412,12,0,0,222,0,2,0,220,2,0,0,352,0,12,0,340,12,0,0,535,0,20,1,514,20,0,0,536,0,8,1,527,8,0,0,2,20,1,1,1,8,0,0,2,1,1,1,2,2,6,2,1,1,1,1,4,0,0,1,Watch
2021-03-20,Saturday,6,11,3,Summer,1,0,0,0,0,0,0,0.0,28.9,19.8,50.0,,0,0,0,80,17,7,11,7,115,127.0,150.0,110.0,131.43,12.99,120.0,129.21,None,0,6,5,4,2,1,0,4,2,1,2,4,4,0,0,28,18,3,0,10,18,0,18,10,0,2,1,9,0,0,0,28,14,4,2,12,14,0,14,0,412,0,12,1,399,12,0,0,220,0,5,0,215,5,0,0,340,0,11,0,329,11,0,0,514,0,20,1,493,20,0,0,527,0,11,1,515,11,0,0,2,20,1,1,1,8,0,0,2,1,1,1,2,2,6,1,1,1,1,1,3,0,0,1,Watch
2021-03-21,Sunday,7,11,3,Summer,1,0,0,0,0,0,0,0.0,24.8,16.2,47.7,,0,0,0,72,17,7,12,7,108,115.0,127.0,118.0,132.14,11.89,105.0,128.86,None,0,5,5,6,1,1,3,2,0,2,2,4,4,0,0,28,17,4,0,11,17,0,17,10,1,0,2,7,1,0,1,28,14,3,0,14,14,0,14,0,399,0,13,1,385,13,0,0,215,0,7,0,208,7,0,0,329,0,11,0,318,11,0,0,493,0,19,1,473,19,0,0,515,0,9,1,505,9,0,0,2,8,0,0,1,8,0,0,2,1,1,1,1,2,6,1,1,1,1,1,4,0,0,0,Normal
2021-03-22,Monday,1,12,3,Summer,0,0,0,0,0,0,0,0.0,28.0,21.8,49.5,,0,0,0,98,20,10,8,8,136,108.0,115.0,143.0,130.71,13.93,128.0,129.07,None,0,4,8,5,3,2,2,5,0,3,3,5,7,0,0,28,19,1,0,9,19,0,19,10,2,1,2,6,2,0,2,28,15,2,0,13,15,0,15,0,385,0,14,1,370,14,0,0,208,0,6,0,202,6,0,0,318,0,13,0,305,13,0,0,473,0,24,1,448,24,0,0,505,0,12,0,493,12,0,0,2,8,1,0,1,8,0,0,3,1,1,1,1,2,7,1,1,1,1,1,4,0,0,0,Normal
2021-03-23,Tuesday,2,12,3,Summer,0,0,0,0,0,1,0,0.0,29.9,20.6,44.7,,0,0,0,94,20,15,9,10,138,136.0,108.0,135.0,129.71,13.24,133.0,129.64,None,0,10,5,5,0,2,3,10,0,2,2,4,6,0,0,28,25,2,2,1,25,0,25,10,3,1,1,6,3,0,3,28,10,5,2,16,10,0,10,0,370,0,16,1,353,16,0,0,202,0,6,0,196,6,0,0,305,0,14,0,291,14,0,0,448,0,24,1,423,24,0,0,493,0,4,0,489,4,0,0,2,16,1,1,1,8,0,0,2,1,1,1,2,2,7,2,1,1,1,1,2,0,0,1,Watch
2021-03-24,Wednesday,3,12,3,Summer,0,0,0,1,0,0,1,0.0,26.5,18.0,49.6,,0,0,0,108,18,11,13,9,150,138.0,136.0,137.0,130.14,13.45,146.0,130.0,None,0,4,4,3,7,0,1,3,1,6,1,3,8,0,0,28,23,6,1,4,23,0,23,10,4,1,2,4,4,0,4,28,9,4,0,19,9,0,9,0,353,0,14,1,338,14,0,0,196,0,4,0,192,4,0,0,291,0,12,0,279,12,0,0,423,0,23,1,399,23,0,1,489,0,8,0,481,8,0,0,2,12,1,0,1,8,0,0,3,1,2,1,1,2,7,2,1,1,1,1,3,0,0,0,Normal
2021-03-25,Thursday,4,12,3,Summer,0,0,0,0,0,1,0,0.0,26.2,16.9,56.1,,0,0,0,89,19,14,8,9,130,150.0,138.0,150.0,132.0,15.07,128.0,130.29,None,0,5,6,3,5,1,4,5,0,5,2,4,4,0,0,28,22,7,0,6,22,0,22,10,3,2,0,7,3,0,3,28,7,4,1,20,7,0,7,0,338,0,15,1,322,15,0,0,192,0,5,0,187,5,0,0,279,0,12,0,267,12,0,0,399,0,22,1,376,22,0,0,481,0,8,0,473,8,0,0,2,16,1,1,1,8,1,0,2,1,1,1,2,2,6,2,1,1,1,1,3,0,0,1,Watch
2021-03-26,Friday,5,12,3,Summer,0,0,0,0,0,0,0,0.9,29.1,18.8,52.3,,0,0,0,87,21,9,7,8,124,130.0,150.0,127.0,129.14,13.16,129.0,130.43,None,0,12,3,5,1,0,4,2,1,2,1,3,6,0,0,28,19,4,4,5,19,0,19,10,5,0,2,3,5,0,5,28,10,2,0,18,10,0,10,0,322,0,14,1,307,14,0,0,187,0,7,0,180,7,0,0,267,0,14,0,253,14,0,0,376,0,24,1,351,24,0,0,473,0,12,0,461,12,0,0,2,12,1,0,1,8,1,0,2,1,1,1,1,2,6,1,1,1,1,1,4,0,0,0,Normal
2021-03-27,Saturday,6,12,3,Summer,1,0,1,0,0,0,1,0.0,31.5,22.9,47.4,,0,0,0,85,15,9,21,11,130,124.0,130.0,115.0,128.71,13.27,110.0,130.07,Road_Accident_Surge,3,3,3,7,2,0,3,3,1,2,1,3,5,0,0,28,21,1,1,6,21,0,21,10,3,5,1,6,3,0,3,28,15,0,2,11,15,0,15,0,307,0,18,1,288,18,0,0,180,0,8,0,172,8,0,0,253,0,10,0,243,10,0,0,351,0,19,1,331,19,0,0,461,0,12,0,449,12,0,0,2,12,1,0,1,8,0,0,2,1,3,1,1,2,7,1,1,1,2,3,3,0,0,0,Watch
2021-03-28,Sunday,7,12,3,Summer,1,0,0,0,0,0,0,0.0,29.1,20.4,50.0,,0,0,0,76,17,8,14,10,115,130.0,124.0,108.0,130.86,12.04,118.0,131.5,None,0,6,7,2,2,0,3,5,0,0,1,3,8,0,0,28,23,2,2,3,23,0,23,10,2,3,1,7,2,0,2,28,17,2,0,11,17,0,17,0,288,0,15,1,272,15,0,0,172,0,4,0,168,4,0,0,243,0,11,0,232,11,0,0,331,0,20,1,310,20,0,0,449,0,12,0,437,12,0,0,2,8,0,0,1,8,0,0,2,1,2,1,1,2,7,1,1,1,2,2,4,0,0,0,Normal
2021-03-29,Monday,1,13,3,Summer,0,0,1,0,1,0,1,0.0,26.8,20.3,54.2,,0,0,0,103,18,12,12,8,145,115.0,130.0,136.0,131.86,10.26,143.0,131.29,None,0,7,3,4,4,0,1,6,0,5,1,3,7,0,0,28,24,5,2,2,24,0,24,10,4,0,2,4,4,0,4,28,11,6,2,15,11,0,11,0,272,0,13,1,258,13,0,0,168,0,5,0,163,5,0,0,232,0,13,0,219,13,0,0,1010,700,23,2,985,23,0,0,437,0,2,0,435,2,0,0,2,8,1,0,1,8,0,0,3,1,1,1,1,2,7,2,1,1,1,1,3,0,0,0,Normal
2021-03-30,Tuesday,2,13,3,Summer,0,0,1,0,0,1,1,0.0,27.0,18.1,43.0,,0,0,0,92,20,12,16,9,140,145.0,115.0,138.0,133.14,11.22,135.0,131.43,Road_Accident_Surge,2,8,7,1,4,2,3,6,2,1,3,5,7,0,0,28,25,5,0,3,25,0,25,10,5,2,0,5,5,0,5,28,9,2,2,17,9,0,9,0,258,0,14,0,244,14,0,0,163,0,3,0,160,3,0,0,219,0,13,0,206,13,0,0,985,0,23,2,960,23,0,0,435,0,5,0,430,5,0,0,2,20,1,1,1,8,0,0,2,1,3,1,2,2,7,2,1,1,2,3,2,1,1,2,Watch
2021-03-31,Wednesday,3,13,3,Summer,0,0,0,1,0,0,1,0.0,30.8,19.0,40.1,,0,0,0,103,14,9,10,9,136,140.0,145.0,150.0,133.43,11.36,137.0,131.79,None,0,4,2,6,2,1,1,7,0,1,1,3,5,0,0,28,26,4,2,0,28,2,28,10,2,3,2,6,2,0,2,28,10,1,1,17,10,0,10,2,244,0,15,0,229,15,0,0,160,0,7,0,153,7,0,0,206,0,11,0,195,11,0,1,960,0,19,2,939,19,0,0,430,0,6,0,424,6,0,0,2,8,0,0,1,8,0,0,3,1,1,1,1,2,7,1,1,1,1,1,4,0,0,1,High
2021-04-01,Thursday,4,13,4,Summer,0,0,0,0,0,1,0,0.0,28.4,22.1,46.1,,0,0,0,91,21,14,7,8,133,136.0,140.0,130.0,131.43,9.32,150.0,131.71,None,0,7,9,3,2,0,6,6,1,1,2,4,8,0,0,28,24,7,0,4,24,0,24,10,4,0,0,6,4,0,4,28,11,2,2,15,11,0,11,0,229,0,14,0,215,14,0,0,153,0,5,0,148,5,0,0,195,0,13,0,182,13,0,0,939,0,24,2,913,24,0,0,424,0,10,0,414,10,0,0,2,20,1,1,1,20,1,1,2,1,1,2,2,2,7,2,1,1,1,1,2,0,0,2,Watch
2021-04-02,Friday,5,13,4,Summer,0,0,0,0,0,0,0,0.0,29.1,19.6,46.4,,0,0,0,84,15,10,7,7,116,133.0,136.0,124.0,131.86,9.31,127.0,130.5,None,0,7,4,3,1,3,2,5,1,2,3,5,8,0,0,28,22,7,1,5,22,0,22,10,4,1,0,6,4,0,4,28,9,3,2,17,9,0,9,0,215,0,12,0,203,12,0,0,148,0,4,0,144,4,0,0,182,0,11,0,171,11,0,0,913,0,19,2,892,19,0,0,414,0,6,0,408,6,0,0,2,12,1,0,1,8,0,0,2,1,1,1,1,2,6,1,1,1,1,1,4,0,0,0,Normal
2021-04-03,Saturday,6,13,4,Summer,1,0,0,0,0,0,0,0.0,25.1,16.4,52.6,,0,0,0,73,21,9,11,7,114,116.0,133.0,130.0,130.71,10.61,115.0,129.71,None,0,6,7,4,4,0,3,3,2,1,1,3,7,0,0,28,22,5,1,5,22,0,22,10,2,4,1,7,2,0,2,28,9,0,1,18,9,0,9,0,203,0,13,0,190,13,0,1,144,0,6,0,138,6,0,0,171,0,12,0,159,12,0,0,892,0,23,2,867,23,0,0,408,0,4,0,404,4,0,0,2,20,1,1,1,8,0,0,2,1,1,1,2,2,6,1,1,1,1,1,3,0,0,1,Watch
2021-04-04,Sunday,7,13,4,Summer,1,0,0,0,0,0,0,0.0,26.9,18.7,44.9,,0,0,0,75,19,9,7,7,110,114.0,116.0,115.0,128.43,12.13,108.0,129.64,None,0,6,4,5,4,0,3,2,0,4,1,3,6,0,0,28,24,4,2,2,24,0,24,10,1,1,0,9,1,0,1,28,10,0,2,16,10,0,10,0,190,0,13,0,177,13,0,0,138,0,6,0,132,6,0,0,159,0,12,0,147,12,0,0,867,0,21,2,844,21,0,0,404,0,4,0,400,4,0,0,2,8,0,0,1,8,0,0,2,1,1,1,1,2,6,1,1,1,1,1,4,0,0,0,Normal
2021-04-05,Monday,1,14,4,Summer,0,0,0,0,0,0,0,0.0,27.8,21.5,43.2,,0,0,0,99,17,8,6,8,130,110.0,114.0,145.0,127.71,13.01,136.0,129.79,None,0,4,8,4,1,2,4,3,0,1,3,5,8,0,0,28,23,8,2,3,23,0,23,10,2,0,4,4,2,0,2,28,9,1,2,17,9,0,9,0,177,0,13,0,164,13,0,0,132,0,5,0,127,5,0,1,147,0,12,0,135,12,0,0,844,0,22,2,820,22,0,0,400,0,6,0,394,6,0,0,2,8,0,0,1,8,1,0,3,1,1,1,1,2,6,1,1,1,1,1,2,0,0,0,Normal
2021-04-06,Tuesday,2,14,4,Summer,0,0,0,0,0,1,0,0.5,27.1,17.8,43.7,,0,0,0,91,18,12,8,8,129,130.0,110.0,140.0,125.57,11.08,138.0,129.36,None,0,4,6,5,3,0,2,4,3,3,1,3,7,0,0,28,17,8,2,9,17,0,17,10,4,1,2,4,4,0,4,28,12,0,2,14,12,0,12,0,164,0,14,0,150,14,0,0,127,0,6,0,121,6,0,0,415,280,12,0,403,12,0,0,820,0,22,2,796,22,0,0,394,0,9,0,385,9,0,0,2,20,1,1,1,8,0,0,2,1,1,1,2,2,6,2,1,1,1,1,3,0,0,1,Watch
2021-04-07,Wednesday,3,14,4,Summer,0,0,0,1,1,0,1,0.0,28.6,19.6,50.7,,0,0,0,104,17,12,11,9,144,129.0,130.0,136.0,124.0,9.61,150.0,128.71,None,0,6,4,1,6,0,6,4,0,2,1,3,4,0,0,28,16,7,2,10,16,0,16,10,1,4,1,8,1,0,1,28,14,0,2,12,14,0,14,0,150,0,14,0,136,14,0,0,121,0,3,0,118,3,0,0,403,0,12,0,391,12,0,0,796,0,22,2,772,22,0,0,385,0,6,0,379,6,0,0,2,8,1,0,1,20,1,1,3,1,1,2,1,2,6,2,1,1,1,1,2,0,0,1,Watch
2021-04-08,Thursday,4,14,4,Summer,0,0,0,0,0,1,0,0.0,33.5,25.5,48.3,,0,0,0,93,16,15,7,7,131,144.0,129.0,133.0,125.14,11.29,130.0,128.29,None,0,5,5,4,2,1,5,8,1,1,2,4,8,0,0,28,21,1,2,5,21,0,21,10,1,1,1,8,1,0,1,28,12,2,2,14,12,0,12,0,436,300,12,1,423,12,0,0,118,0,5,0,113,5,0,0,391,0,11,0,380,11,0,0,772,0,20,2,750,20,0,0,379,0,3,0,376,3,0,0,2,20,1,1,1,8,1,0,2,1,1,1,2,2,6,2,1,1,1,1,4,0,0,1,Watch
2021-04-09,Friday,5,14,4,Summer,0,0,0,0,0,0,0,0.0,29.2,22.7,51.2,,0,0,0,86,18,10,6,6,120,131.0,144.0,116.0,124.86,11.12,124.0,128.36,None,0,3,7,6,2,0,3,5,1,1,1,3,4,0,0,28,17,9,1,10,17,0,17,10,0,1,1,9,0,0,0,28,9,4,0,19,9,0,9,0,423,0,12,1,410,12,0,0,113,0,7,0,106,7,0,0,380,0,11,0,369,11,0,0,750,0,21,1,728,21,0,0,376,0,6,0,370,6,0,0,2,12,1,0,1,8,0,0,2,1,1,1,1,2,6,1,1,1,1,1,4,0,0,0,Normal
2021-04-10,Saturday,6,14,4,Summer,1,0,0,0,0,0,0,0.0,30.3,21.7,50.3,,0,0,0,76,16,8,9,7,109,120.0,131.0,114.0,125.43,10.74,130.0,128.07,None,0,6,2,2,6,0,2,3,0,3,1,3,7,0,0,28,17,4,2,9,17,0,17,10,3,0,1,6,3,0,3,28,7,2,1,20,7,0,7,0,410,0,11,1,398,11,0,0,356,250,3,1,352,3,0,0,369,0,11,0,358,11,0,0,728,0,19,1,708,19,0,0,370,0,1,0,369,1,0,0,2,8,0,0,1,8,0,0,2,1,1,1,1,2,6,1,1,1,1,1,3,0,0,0,Normal
2021-04-11,Sunday,7,14,4,Summer,1,0,0,0,0,0,0,0.0,30.6,22.5,43.9,,0,0,0,72,15,7,12,6,106,109.0,120.0,110.0,124.71,11.61,115.0,126.57,None,0,5,6,2,2,0,4,1,1,1,1,3,5,0,0,28,16,4,2,10,16,0,16,10,3,1,1,6,3,0,3,28,9,0,2,17,9,0,9,0,398,0,10,1,387,10,0,0,352,0,3,1,348,3,0,0,358,0,10,0,348,10,0,0,708,0,18,1,689,18,0,0,369,0,7,0,362,7,0,0,2,12,1,0,1,8,1,0,2,1,1,1,1,2,6,1,1,1,1,1,3,0,0,0,Normal
2021-04-12,Monday,1,15,4,Summer,0,0,0,0,0,0,0,0.0,28.4,22.0,56.5,,0,0,0,97,16,8,6,7,127,106.0,109.0,130.0,124.14,12.39,145.0,125.93,None,0,3,7,3,3,1,2,5,0,1,2,4,8,0,0,28,15,3,1,12,15,0,15,10,6,1,0,4,6,0,6,28,8,2,0,20,8,0,8,0,387,0,12,1,374,12,0,0,348,0,4,1,343,4,0,0,348,0,11,0,337,11,0,0,689,0,21,1,667,21,0,0,362,0,6,0,356,6,0,0,2,8,0,0,1,8,0,0,3,1,1,1,1,2,6,1,1,1,1,1,2,0,0,0,Normal
2021-04-13,Tuesday,2,15,4,Summer,0,0,0,0,0,1,0,2.1,32.0,22.9,46.9,,0,0,0,93,16,15,7,8,131,127.0,106.0,129.0,123.71,12.23,140.0,124.64,None,0,7,4,3,2,0,3,8,1,3,1,3,7,0,0,28,15,4,2,11,15,0,15,10,6,2,3,1,6,0,6,28,9,1,1,18,9,0,9,0,374,0,13,1,360,13,0,0,343,0,4,1,338,4,0,0,337,0,12,0,325,12,0,0,667,0,20,1,646,20,0,0,356,0,6,0,350,6,0,0,2,20,1,1,1,8,0,0,2,1,1,1,2,2,6,2,1,1,1,1,3,0,0,1,Watch
2021-04-14,Wednesday,3,15,4,Summer,0,0,0,1,0,0,1,0.0,30.0,19.0,46.9,,0,0,0,103,16,9,15,8,143,131.0,127.0,144.0,124.0,12.38,136.0,124.0,None,0,8,4,3,1,0,3,4,2,0,1,3,8,0,0,28,16,3,0,12,16,0,16,10,3,5,0,7,3,0,3,28,7,4,2,19,7,0,7,0,360,0,13,1,346,13,0,0,338,0,4,1,333,4,0,0,325,0,12,0,313,12,0,0,646,0,21,1,624,21,0,0,350,0,6,0,344,6,0,0,2,20,1,1,1,8,0,0,3,1,2,1,2,2,6,1,1,1,2,2,3,0,0,1,Watch
2021-04-15,Thursday,4,15,4,Summer,0,0,0,0,0,1,0,0.0,28.6,21.2,53.1,,0,0,0,90,18,12,8,8,128,143.0,131.0,131.0,123.86,12.15,133.0,124.5,None,0,7,5,1,5,1,2,8,1,1,2,4,7,0,0,28,19,4,0,9,19,0,19,10,4,0,0,6,4,0,4,28,6,1,2,20,6,0,6,0,346,0,13,1,332,13,0,0,333,0,3,1,329,3,0,0,313,0,12,0,301,12,0,0,624,0,22,1,601,22,0,0,344,0,3,0,341,3,0,0,2,12,1,0,1,8,0,0,2,1,1,1,1,2,6,2,1,1,1,1,4,0,0,0,Normal
2021-04-16,Friday,5,15,4,Summer,0,0,0,0,0,0,0,0.0,32.8,25.0,49.3,,0,0,0,91,18,8,4,6,121,128.0,143.0,120.0,123.43,11.94,116.0,124.14,None,0,6,5,3,4,0,0,2,1,5,1,3,6,0,0,28,21,1,0,7,21,0,21,10,1,3,0,9,1,0,1,28,7,2,0,21,7,0,7,0,332,0,11,1,320,11,0,0,329,0,4,1,324,4,0,0,301,0,12,0,289,12,0,0,601,0,22,1,578,22,0,0,341,0,8,0,333,8,0,0,2,12,1,0,1,8,0,0,2,1,1,1,1,2,6,1,1,1,1,1,3,0,0,0,Normal
2021-04-17,Saturday,6,15,4,Summer,1,0,0,0,0,0,0,0.7,33.1,23.1,49.5,,0,0,0,78,16,7,13,7,114,121.0,128.0,109.0,123.57,11.9,114.0,124.5,None,0,6,5,3,2,0,4,1,1,1,1,3,8,0,0,28,23,3,1,4,23,0,23,10,2,0,1,7,2,0,2,28,7,1,1,20,7,0,7,0,320,0,12,1,307,12,0,0,324,0,4,1,319,4,0,0,289,0,11,0,278,11,0,0,578,0,19,1,558,19,0,0,333,0,4,0,329,4,0,0,2,12,1,0,1,8,1,0,2,1,2,1,1,2,6,1,1,1,1,1,2,0,0,0,Normal
2021-04-18,Sunday,7,15,4,Summer,1,0,0,0,0,0,0,0.0,29.4,22.8,56.8,,0,0,0,75,17,10,11,7,113,114.0,121.0,106.0,124.29,11.13,110.0,124.5,None,0,4,7,5,1,1,5,2,1,2,2,4,5,0,0,28,23,5,0,5,23,0,23,10,1,2,2,7,1,0,1,28,7,1,2,19,7,0,7,0,307,0,12,1,294,12,0,0,319,0,6,1,312,6,0,0,278,0,10,0,268,10,0,0,558,0,20,1,537,20,0,0,329,0,6,0,323,6,0,0,2,12,1,0,1,8,1,0,2,1,1,1,1,2,6,1,1,1,1,1,4,0,0,0,Normal
2021-04-19,Monday,1,16,4,Summer,0,0,0,0,0,0,0,0.0,31.0,23.6,52.5,,0,0,0,96,16,11,7,7,130,113.0,114.0,127.0,125.29,9.66,130.0,124.71,None,0,4,6,3,3,1,5,3,1,2,2,4,6,0,0,28,21,5,0,7,21,0,21,10,2,0,1,7,2,0,2,28,9,1,0,19,9,0,9,0,294,0,12,1,281,12,0,0,312,0,4,1,307,4,0,0,268,0,11,0,257,11,0,0,537,0,20,1,516,20,0,0,323,0,10,0,313,10,0,0,2,12,1,0,1,8,1,0,2,1,1,1,1,2,6,2,1,1,1,1,4,0,0,0,Normal
2021-04-20,Tuesday,2,16,4,Summer,0,0,0,0,0,1,0,0.0,31.0,26.1,50.6,,0,0,0,94,20,12,7,8,133,130.0,113.0,131.0,125.71,9.79,129.0,124.71,None,0,10,3,6,1,0,4,7,0,1,1,3,5,0,0,28,23,4,0,5,23,0,23,10,1,1,3,6,1,0,1,28,11,0,1,16,11,0,11,0,281,0,14,1,266,14,0,0,307,0,7,1,299,7,0,0,257,0,14,0,243,14,0,0,516,0,24,1,491,24,0,0,313,0,6,0,307,6,0,0,2,8,1,0,1,8,1,0,2,1,1,1,1,2,6,2,1,1,1,1,4,0,0,0,Normal
2021-04-21,Wednesday,3,16,4,Summer,0,0,0,1,0,0,1,0.0,34.0,26.2,39.5,,0,0,0,104,15,8,12,9,139,133.0,130.0,143.0,126.0,9.97,144.0,125.0,None,0,8,2,4,1,1,3,5,0,0,1,3,4,0,0,28,21,8,2,5,21,0,21,10,2,0,1,7,2,0,2,28,12,1,2,14,12,0,12,0,266,0,14,1,251,14,0,0,299,0,5,1,293,5,0,0,243,0,12,0,231,12,0,0,491,0,20,1,470,20,0,0,307,0,6,0,301,6,0,0,2,8,0,0,1,8,0,0,3,1,1,1,1,2,6,1,1,1,1,1,3,0,0,0,Normal
2021-04-22,Thursday,4,16,4,Summer,0,0,0,0,0,1,0,0.0,32.1,25.0,43.0,,0,0,0,90,16,12,9,7,127,139.0,133.0,128.0,125.43,9.05,131.0,124.64,None,0,5,5,2,4,1,4,8,0,0,2,4,8,0,0,28,18,6,0,10,18,0,18,10,3,2,1,6,3,0,3,28,12,1,1,15,12,0,12,0,251,0,11,0,240,11,0,0,293,0,3,1,289,3,0,0,231,0,11,0,220,11,0,0,470,0,20,1,449,20,0,0,301,0,5,0,296,5,0,0,2,8,1,0,1,8,1,0,2,1,1,1,1,2,6,2,1,1,1,1,4,0,0,0,Normal
2021-04-23,Friday,5,16,4,Summer,0,0,0,0,0,0,0,0.0,33.0,25.7,43.1,,0,0,0,92,17,10,7,7,126,127.0,139.0,121.0,125.29,9.02,120.0,124.36,None,0,7,5,4,1,0,5,2,1,2,1,3,6,0,0,28,18,6,0,10,18,0,18,10,4,0,2,4,4,0,4,28,10,2,0,18,10,0,10,0,240,0,12,0,228,12,0,0,289,0,5,1,283,5,0,0,220,0,12,0,208,12,0,0,449,0,21,1,427,21,0,0,296,0,2,0,294,2,0,0,2,12,1,0,1,8,1,0,2,1,1,1,1,2,6,1,1,1,1,1,3,0,0,0,Normal
2021-04-24,Saturday,6,16,4,Summer,1,0,0,0,0,0,0,0.0,30.2,21.1,46.6,,0,0,0,82,17,9,11,8,119,126.0,127.0,114.0,126.0,8.85,109.0,124.79,None,0,5,5,6,1,1,5,4,0,0,2,4,4,0,0,28,20,3,0,8,20,0,20,10,4,2,1,5,4,0,4,28,10,1,2,16,10,0,10,0,228,0,14,0,214,14,0,0,283,0,7,1,275,7,0,0,208,0,11,0,197,11,0,1,427,0,20,1,406,20,0,0,294,0,5,0,289,5,0,0,2,8,0,0,1,8,1,0,2,1,1,1,1,2,6,1,1,1,1,1,4,0,0,0,Normal
2021-04-25,Sunday,7,16,4,Summer,1,0,0,0,0,0,0,0.0,30.3,22.4,47.2,,0,0,0,76,14,8,10,8,108,119.0,126.0,113.0,126.71,8.01,106.0,125.5,None,0,4,3,6,1,1,1,3,2,2,1,3,8,0,0,28,22,4,2,4,22,0,22,10,2,3,0,8,2,0,2,28,6,5,1,21,6,0,6,0,214,0,14,0,200,14,0,1,275,0,7,1,267,7,0,0,197,0,10,0,187,10,0,0,406,0,17,1,388,17,0,1,289,0,4,0,285,4,0,0,2,20,1,1,1,8,0,0,2,1,1,1,2,2,6,1,1,1,1,1,4,0,0,1,Watch
2021-04-26,Monday,1,17,4,Summer,0,0,0,0,0,0,0,0.0,31.4,24.0,51.9,,0,0,0,96,23,9,7,8,135,108.0,119.0,130.0,126.0,9.32,127.0,125.64,None,0,8,7,7,1,1,5,2,1,1,2,4,8,0,0,28,20,6,1,7,20,0,20,10,2,1,0,8,2,0,2,28,8,1,1,19,8,0,8,0,200,0,15,0,185,15,0,0,267,0,9,1,257,9,0,0,187,0,14,0,173,14,0,0,388,0,26,1,361,26,0,0,285,0,10,0,275,10,0,0,2,12,1,0,1,8,1,0,2,1,1,1,1,2,6,1,1,1,1,1,3,0,0,0,Normal
2021-04-27,Tuesday,2,17,4,Summer,0,0,0,0,0,1,0,0.0,33.3,26.0,40.7,,0,0,0,92,14,13,8,7,127,135.0,108.0,133.0,126.71,9.78,131.0,126.21,None,0,5,5,2,2,1,6,4,1,2,2,4,7,0,0,28,15,7,0,13,15,0,15,10,3,0,2,5,3,0,3,28,9,3,2,17,9,0,9,0,185,0,11,0,174,11,0,0,257,0,3,1,253,3,0,0,173,0,10,0,163,10,0,0,361,0,19,1,341,19,0,0,275,0,11,0,264,11,0,0,2,20,1,1,1,20,1,1,2,1,1,2,2,2,6,2,1,1,1,1,3,0,0,2,Watch
2021-04-28,Wednesday,3,17,4,Summer,0,0,0,1,0,0,1,0.0,30.5,22.5,52.1,,0,0,0,102,19,7,13,11,141,127.0,135.0,139.0,125.86,9.45,143.0,125.93,None,0,9,4,2,4,1,1,5,0,1,2,4,5,0,0,28,18,5,0,10,18,0,18,10,3,2,1,6,3,0,3,28,7,3,0,21,7,0,7,0,174,0,17,0,157,17,0,0,253,0,4,0,249,4,0,0,163,0,14,0,149,14,0,0,341,0,23,1,317,23,0,0,264,0,5,0,259,5,0,0,2,8,0,0,1,8,0,0,3,1,2,1,1,2,6,1,1,1,1,1,2,0,0,0,Normal
2021-04-29,Thursday,4,17,4,Summer,0,0,0,0,0,1,0,0.0,31.5,23.7,50.7,,0,0,0,93,24,14,5,8,136,141.0,127.0,127.0,126.14,9.86,128.0,125.79,None,0,7,7,7,3,4,5,5,1,3,4,6,8,0,0,28,18,5,1,9,18,0,18,10,0,3,0,10,0,0,0,28,7,3,2,19,7,0,7,0,157,0,15,0,142,15,0,0,249,0,9,0,240,9,0,0,149,0,14,0,135,14,0,0,317,0,27,1,289,27,0,0,259,0,13,0,246,13,0,0,2,20,1,1,1,8,1,0,2,1,1,1,2,2,6,2,1,1,1,1,2,0,0,1,Watch
2021-04-30,Friday,5,17,4,Summer,0,0,0,0,0,0,0,0.0,29.6,20.2,44.9,,0,0,0,93,17,8,5,5,123,136.0,141.0,126.0,127.43,10.46,121.0,126.36,None,0,6,4,5,2,0,3,2,0,3,1,3,7,0,0,28,17,5,0,11,17,0,17,10,0,0,0,10,0,0,0,28,7,1,2,19,7,0,7,0,442,300,10,1,431,10,0,0,240,0,6,0,234,6,0,0,415,280,12,0,403,12,0,0,989,700,21,2,966,21,0,0,246,0,4,0,242,4,0,0,2,8,0,0,1,8,0,0,2,1,1,1,1,2,6,1,1,1,1,1,2,0,0,0,Normal
2021-05-01,Saturday,6,17,5,Summer,1,1,0,0,0,0,1,0.0,29.8,21.6,47.2,,0,0,0,83,22,7,12,9,124,123.0,136.0,119.0,127.0,10.57,114.0,126.5,None,0,9,5,6,2,1,4,2,0,1,2,4,5,0,0,28,18,2,2,8,18,0,18,10,3,0,2,5,3,0,3,28,6,4,2,20,6,0,6,0,431,0,16,1,414,16,0,0,234,0,8,0,226,8,0,0,403,0,14,0,389,14,0,0,966,0,24,2,940,24,0,0,242,0,9,0,233,9,0,0,2,8,0,0,1,8,1,0,2,1,1,1,1,2,6,1,1,1,1,1,2,0,0,0,Normal
2021-05-02,Sunday,7,17,5,Summer,1,0,0,0,0,0,0,0.0,29.5,20.8,49.6,,0,0,0,81,22,9,10,7,122,124.0,123.0,108.0,127.71,10.17,113.0,127.21,None,0,5,7,7,3,1,4,3,0,2,2,4,5,0,0,28,19,4,0,9,19,0,19,10,2,2,0,8,2,0,2,28,6,1,0,22,6,0,6,0,414,0,14,1,399,14,0,0,226,0,8,0,218,8,0,0,389,0,13,0,376,13,0,0,940,0,24,2,914,24,0,0,233,0,6,0,227,6,0,1,2,8,0,0,1,8,1,0,2,1,1,1,1,2,6,1,1,1,1,1,2,0,0,0,Normal
2021-05-03,Monday,1,18,5,Summer,0,0,0,0,1,0,0,0.5,33.7,27.4,43.2,,0,0,0,107,16,11,9,8,143,122.0,124.0,135.0,129.71,6.96,130.0,127.86,None,0,5,4,3,4,1,3,3,0,5,2,4,8,0,0,28,12,10,2,14,12,0,12,10,3,2,0,7,3,0,3,28,7,1,0,21,7,0,7,0,399,0,13,1,385,13,0,0,218,0,4,0,214,4,0,0,376,0,12,0,364,12,0,0,914,0,21,2,891,21,0,0,227,0,7,0,220,7,0,0,2,8,1,0,1,8,0,0,3,1,1,1,1,2,5,2,1,1,1,1,3,0,0,0,Normal
2021-05-04,Tuesday,2,18,5,Summer,0,0,0,0,0,1,0,0.0,34.6,26.4,37.9,,0,0,0,96,12,15,7,7,130,143.0,122.0,127.0,130.86,8.27,133.0,128.79,None,0,7,2,1,2,1,7,8,0,0,1,3,8,0,0,28,13,5,0,15,13,0,13,10,3,1,2,5,3,0,3,28,5,2,2,21,5,0,5,0,385,0,10,1,374,10,0,0,214,0,2,0,212,2,0,0,364,0,10,0,354,10,0,0,891,0,17,2,872,17,0,0,220,0,2,0,218,2,0,0,2,16,1,1,1,20,1,1,2,1,1,2,2,2,5,2,1,1,1,1,2,0,0,2,Watch
2021-05-05,Wednesday,3,18,5,Summer,0,0,0,1,0,0,1,0.0,30.8,22.0,52.1,,0,0,0,102,20,9,13,8,144,130.0,143.0,141.0,131.29,8.14,139.0,128.57,None,0,9,10,0,1,0,4,5,0,0,2,4,7,0,0,28,17,2,2,9,17,0,17,10,1,2,0,9,1,0,1,28,5,2,0,23,5,0,5,0,374,0,13,1,360,13,0,0,212,0,2,0,210,2,0,0,354,0,14,0,340,14,0,0,872,0,24,2,846,24,0,0,218,0,9,0,209,9,0,0,2,8,0,0,1,8,1,0,3,1,2,1,1,2,5,1,1,1,1,1,2,0,0,0,Normal
2021-05-06,Thursday,4,18,5,Summer,0,0,0,0,0,1,0,0.0,35.8,28.5,46.6,,0,0,0,94,15,15,10,8,134,144.0,130.0,136.0,131.71,8.7,127.0,128.93,None,0,8,5,1,1,0,8,4,3,0,1,3,4,0,0,28,18,2,3,7,18,0,18,10,4,0,0,6,4,0,4,28,7,0,2,19,7,0,7,0,360,0,12,1,347,12,0,0,210,0,2,0,208,2,0,0,340,0,12,0,328,12,0,0,846,0,20,2,824,20,0,0,209,0,6,0,203,6,0,0,2,20,1,1,1,20,1,1,2,1,1,2,2,2,6,2,1,1,1,1,4,0,0,2,Watch
2021-05-07,Friday,5,18,5,Summer,0,0,0,0,0,0,0,0.0,32.4,25.0,52.5,,0,0,0,95,17,9,6,7,127,134.0,144.0,123.0,131.43,8.58,126.0,129.43,None,0,6,2,8,1,0,6,2,1,0,0,2,5,0,0,28,20,4,2,6,20,0,20,10,2,3,2,6,2,0,2,28,7,0,2,19,7,0,7,0,347,0,13,1,333,13,0,0,208,0,9,0,199,9,0,0,328,0,12,0,316,12,0,0,824,0,21,2,801,21,0,0,203,0,1,0,202,1,0,0,2,12,1,0,1,20,1,1,2,1,1,2,1,2,6,1,1,1,1,1,3,0,0,1,Watch
2021-05-08,Saturday,6,18,5,Summer,1,0,0,0,1,0,0,0.0,29.4,20.6,46.9,,0,0,0,85,14,12,14,10,125,127.0,134.0,124.0,132.0,8.12,119.0,129.5,None,0,5,4,3,2,0,4,5,0,3,1,3,5,0,0,28,21,4,2,5,21,0,21,10,5,0,0,5,5,0,5,28,8,1,1,19,8,0,8,0,333,0,15,1,317,15,0,0,199,0,4,0,195,4,0,0,316,0,10,0,306,10,0,0,801,0,18,2,781,18,0,0,202,0,6,0,196,6,0,0,2,8,1,0,1,8,1,0,2,1,2,1,1,2,6,2,1,1,2,2,4,0,0,0,Normal
2021-05-09,Sunday,7,18,5,Summer,1,0,0,0,0,0,0,0.0,29.9,22.6,42.5,,0,0,0,76,21,8,13,7,118,125.0,127.0,122.0,132.14,7.99,108.0,129.93,None,0,8,6,3,4,1,3,1,2,2,2,4,6,0,0,28,12,12,1,15,12,0,12,10,5,2,0,5,5,0,5,28,8,2,1,19,8,0,8,0,317,0,12,1,304,12,0,0,195,0,5,0,190,5,0,0,306,0,13,0,293,13,0,0,781,0,23,2,756,23,0,0,596,400,8,1,587,8,0,0,2,20,1,1,1,8,0,0,2,1,2,1,2,2,6,1,1,1,1,1,2,0,0,1,Watch
2021-05-10,Monday,1,19,5,Summer,0,0,0,0,0,0,0,0.0,30.8,21.9,47.5,,0,0,0,96,19,8,7,6,130,118.0,125.0,143.0,131.57,8.8,135.0,130.64,None,0,4,5,5,5,1,6,2,0,0,2,4,8,0,0,28,10,3,2,16,10,0,10,10,3,3,2,5,3,0,3,28,9,3,2,17,9,0,9,0,304,0,12,1,291,12,0,0,190,0,6,0,184,6,0,0,293,0,12,0,281,12,0,0,756,0,23,1,732,23,0,0,587,0,11,1,575,11,0,0,2,8,0,0,1,20,1,1,2,1,1,2,1,2,5,1,1,1,1,1,3,0,0,1,Watch
2021-05-11,Tuesday,2,19,5,Summer,0,0,0,0,0,1,0,0.0,31.5,21.4,45.5,,0,0,0,92,20,14,10,9,136,130.0,118.0,130.0,129.71,7.46,127.0,130.29,None,0,9,9,0,2,3,4,8,0,2,4,6,8,0,0,28,14,1,1,13,14,0,14,10,4,0,0,6,4,0,4,28,11,1,2,15,11,0,11,0,291,0,14,1,276,14,0,0,184,0,2,0,182,2,0,0,281,0,13,0,268,13,0,0,732,0,23,1,708,23,0,0,575,0,13,1,561,13,0,0,2,16,1,1,1,8,1,0,2,1,1,1,2,2,6,2,1,1,1,1,4,0,0,1,Watch
2021-05-12,Wednesday,3,19,5,Summer,0,0,0,1,0,0,1,0.3,32.6,23.8,45.8,,0,0,0,106,14,10,12,8,142,136.0,130.0,144.0,130.57,7.78,141.0,130.93,None,0,7,2,3,2,0,4,4,1,1,1,3,5,0,0,28,10,7,2,16,10,0,10,10,3,2,1,6,3,0,3,28,10,5,0,18,10,0,10,0,276,0,13,1,262,13,0,0,182,0,4,0,178,4,0,0,268,0,12,0,256,12,0,0,708,0,20,1,687,20,0,0,561,0,9,1,551,9,0,0,2,12,1,0,1,8,1,0,3,1,1,1,1,2,5,1,1,1,1,1,2,0,0,0,Normal
2021-05-13,Thursday,4,19,5,Summer,0,0,0,0,0,1,0,0.0,33.1,25.3,46.4,,0,0,0,94,19,15,8,9,136,142.0,136.0,134.0,130.29,7.3,136.0,131.0,None,0,5,7,2,5,1,4,7,2,2,2,4,4,0,0,28,14,1,1,13,14,0,14,10,4,1,0,6,4,0,4,28,9,3,0,19,9,0,9,0,262,0,14,0,248,14,0,0,178,0,4,0,174,4,0,0,256,0,12,0,244,12,0,0,687,0,23,1,663,23,0,0,551,0,8,1,542,8,0,0,2,20,1,1,1,8,1,0,2,1,1,1,2,2,6,2,1,1,1,1,2,0,0,1,Watch
2021-05-14,Friday,5,19,5,Summer,0,0,0,0,0,0,0,0.0,34.9,27.0,50.6,,0,0,0,88,21,9,7,7,125,136.0,142.0,127.0,130.57,7.48,123.0,131.0,None,0,6,7,6,2,0,4,3,0,2,1,3,5,0,0,28,17,2,2,9,17,0,17,10,3,1,0,7,3,0,3,28,9,2,2,17,9,0,9,0,248,0,13,0,235,13,0,0,174,0,8,0,166,8,0,0,244,0,13,0,231,13,0,0,663,0,24,1,638,24,0,0,542,0,8,1,533,8,0,0,2,8,0,0,1,8,1,0,2,1,1,1,1,2,6,1,1,1,1,1,3,0,0,0,Normal
2021-05-15,Saturday,6,19,5,Summer,1,0,0,0,0,0,0,0.7,33.4,25.5,49.1,,0,0,0,83,17,9,11,7,120,125.0,136.0,125.0,130.29,7.65,124.0,131.14,None,0,4,4,8,1,0,2,3,1,3,1,3,5,0,0,28,20,2,0,8,20,0,20,10,2,2,1,7,2,0,2,28,9,1,1,18,9,0,9,0,235,0,13,0,222,13,0,0,166,0,9,0,157,9,0,0,231,0,11,0,220,11,0,0,638,0,20,1,617,20,0,0,533,0,4,1,528,4,0,0,2,12,1,0,1,8,0,0,2,1,1,1,1,2,6,1,1,1,1,1,3,0,0,0,Normal
2021-05-16,Sunday,7,19,5,Summer,1,0,0,0,0,0,0,0.0,34.1,25.9,47.6,,0,0,0,76,15,7,10,7,108,120.0,125.0,118.0,129.57,8.31,122.0,130.86,None,0,8,3,1,3,0,1,1,2,3,1,3,8,0,0,28,17,8,2,9,17,0,17,10,3,0,0,7,3,0,3,28,6,4,1,21,6,0,6,0,222,0,11,0,211,11,0,0,157,0,2,0,155,2,0,0,220,0,11,0,209,11,0,0,617,0,18,1,598,18,0,0,528,0,4,1,523,4,0,0,2,20,1,1,1,8,0,0,2,1,1,1,2,2,6,1,1,1,1,1,4,0,0,1,Watch
2021-05-17,Monday,1,20,5,Summer,0,0,0,0,0,0,0,0.0,29.4,22.1,45.8,,0,0,0,102,18,8,7,7,135,108.0,120.0,130.0,128.14,10.7,143.0,129.86,None,0,7,3,6,2,0,5,2,1,0,1,3,4,0,0,28,16,5,0,12,16,0,16,10,3,2,2,5,3,0,3,28,6,1,0,22,6,0,6,0,211,0,13,0,198,13,0,1,155,0,7,0,148,7,0,0,209,0,13,0,196,13,0,1,598,0,23,1,574,23,0,0,523,0,4,1,518,4,0,0,2,12,1,0,1,8,1,0,3,1,1,1,1,2,6,1,1,1,1,1,2,0,0,0,Normal
2021-05-18,Tuesday,2,20,5,Summer,0,0,0,0,0,1,0,0.0,31.7,24.7,42.2,Diarrheal,2,0,4,103,21,14,8,9,146,135.0,108.0,136.0,128.86,10.96,130.0,129.29,None,0,5,2,10,4,0,4,8,1,1,1,3,8,0,0,28,19,1,1,8,19,0,19,10,3,1,2,5,3,0,3,28,10,0,2,16,10,0,10,0,198,0,17,0,181,17,0,0,148,0,11,0,137,11,0,0,196,0,14,0,182,14,0,0,574,0,25,1,548,25,0,0,518,0,11,1,506,11,0,0,2,20,1,1,1,8,1,0,3,1,1,1,2,2,6,2,1,1,1,1,2,0,0,1,Watch
2021-05-19,Wednesday,3,20,5,Summer,0,0,0,1,0,0,1,0.2,36.9,27.4,45.6,Diarrheal,2,0,2,114,25,9,12,10,160,146.0,135.0,142.0,130.29,12.36,144.0,130.43,None,0,2,5,13,5,1,6,2,0,1,2,4,7,0,0,28,21,2,4,3,21,0,21,10,5,2,1,4,5,0,5,28,11,1,1,16,11,0,11,0,181,0,20,0,161,20,0,0,137,0,14,0,123,14,0,1,182,0,15,0,167,15,0,0,548,0,29,1,518,29,0,0,506,0,9,0,497,9,0,0,2,8,0,0,1,20,1,1,3,1,1,2,1,3,7,1,1,1,1,1,2,0,0,1,Watch
2021-05-20,Thursday,4,20,5,Summer,0,0,0,0,0,1,0,0.0,32.0,24.9,38.7,Diarrheal,2,0,4,96,23,14,7,9,140,160.0,146.0,136.0,132.86,15.9,134.0,131.57,None,0,2,3,12,6,0,4,6,2,2,1,3,4,0,0,28,20,5,0,8,20,0,20,10,5,2,0,5,5,0,5,28,11,3,2,15,11,0,11,0,161,0,18,0,143,18,0,0,123,0,13,0,110,13,0,0,167,0,13,0,154,13,0,0,518,0,26,1,491,26,0,0,497,0,10,0,487,10,0,0,2,20,1,1,1,8,1,0,2,1,1,1,2,2,7,2,1,1,1,1,2,0,0,1,Watch
2021-05-21,Friday,5,20,5,Summer,0,0,0,0,0,0,0,0.0,34.5,25.2,48.8,Diarrheal,2,0,3,98,30,6,7,7,141,140.0,160.0,125.0,133.43,16.07,127.0,132.0,None,0,3,5,19,3,0,2,4,0,0,1,3,7,0,0,28,20,6,0,8,20,0,20,10,5,1,0,5,5,0,5,28,9,2,0,19,9,0,9,0,143,0,19,0,124,19,0,0,110,0,20,0,90,20,0,0,154,0,16,0,138,16,0,0,491,0,32,1,458,32,0,0,487,0,4,0,483,4,0,0,2,8,0,0,1,8,0,0,3,1,1,1,1,2,6,1,1,1,1,1,3,0,0,0,Watch
2021-05-22,Saturday,6,20,5,Summer,1,0,0,0,0,0,0,0.0,35.2,25.3,42.9,Diarrheal,2,0,3,83,27,9,13,9,132,141.0,140.0,120.0,135.71,15.84,125.0,133.0,None,0,3,6,14,4,0,5,2,0,2,1,3,6,0,0,28,19,6,1,8,19,0,19,10,3,3,2,5,3,0,3,28,11,1,1,16,11,0,11,0,424,300,19,1,404,19,0,0,90,0,15,0,75,15,0,0,138,0,14,0,124,14,0,0,458,0,28,1,429,28,0,0,483,0,11,0,472,11,0,0,2,8,0,0,1,8,1,0,2,1,2,1,1,2,6,1,1,1,1,1,4,0,0,0,Watch
2021-05-23,Sunday,7,20,5,Summer,1,0,0,0,0,0,0,0.2,33.2,25.3,41.6,Diarrheal,2,0,3,81,25,8,10,8,124,132.0,141.0,108.0,137.43,14.66,118.0,133.5,None,0,3,6,14,2,0,4,0,1,3,1,3,4,0,0,28,20,6,1,7,20,0,20,10,2,1,1,7,2,0,2,28,9,3,2,17,9,0,9,0,404,0,18,1,385,18,0,0,75,0,15,0,60,15,0,0,404,280,13,0,391,13,0,0,429,0,26,1,402,26,0,1,472,0,7,0,465,7,0,0,2,12,1,0,1,8,1,0,2,1,1,1,1,2,6,1,1,1,1,1,3,0,0,0,Watch
2021-05-24,Monday,1,21,5,Summer,0,0,0,0,0,0,0,0.0,34.4,26.7,44.4,Diarrheal,2,0,2,106,25,10,8,9,149,124.0,132.0,135.0,139.71,10.57,130.0,133.93,None,0,0,5,12,8,2,5,2,1,2,2,4,5,0,0,28,22,3,1,5,22,0,22,10,1,1,1,8,1,0,1,28,12,1,2,14,12,0,12,0,385,0,18,1,366,18,0,0,310,250,13,1,296,13,0,0,391,0,14,0,377,14,0,0,402,0,28,1,373,28,0,0,465,0,14,0,451,14,0,0,2,12,1,0,1,8,1,0,3,1,1,1,1,2,6,1,1,1,1,1,2,0,0,0,Watch
2021-05-25,Tuesday,2,21,5,Summer,0,0,0,0,0,1,0,0.0,31.7,24.1,51.7,Diarrheal,2,0,3,99,26,13,8,7,146,149.0,124.0,146.0,141.71,10.81,136.0,135.29,None,0,1,3,18,4,1,7,4,1,1,1,3,5,0,0,28,22,3,3,3,22,0,22,10,3,0,0,7,3,0,3,28,13,1,1,14,13,0,13,0,366,0,18,1,347,18,0,0,296,0,19,1,276,19,0,0,377,0,14,0,363,14,0,0,373,0,29,1,343,29,0,0,451,0,8,0,443,8,0,0,2,20,1,1,1,20,1,1,3,1,1,2,2,2,7,2,1,1,1,1,4,0,0,2,Watch
2021-05-26,Wednesday,3,21,5,Summer,0,0,0,1,0,0,1,0.0,30.7,22.1,48.1,Diarrheal,2,0,3,110,26,9,13,9,158,146.0,149.0,160.0,141.71,10.81,142.0,136.0,None,0,6,2,15,3,0,2,3,0,4,1,3,5,0,0,28,24,4,2,2,24,0,24,10,1,2,0,9,1,0,1,28,14,2,1,13,14,0,14,0,347,0,19,1,327,19,0,0,276,0,16,1,259,16,0,0,363,0,16,0,347,16,0,0,343,0,30,1,312,30,0,0,443,0,9,0,434,9,0,0,2,8,0,0,1,8,0,0,3,1,2,1,1,2,7,1,1,1,1,1,3,0,0,0,Watch
2021-05-27,Thursday,4,21,5,Summer,0,0,0,0,0,1,0,0.0,33.5,25.1,50.0,Diarrheal,2,0,2,97,27,13,5,9,142,158.0,146.0,140.0,141.43,10.34,136.0,137.14,None,0,6,3,16,2,0,2,8,1,2,1,3,6,0,0,28,25,6,0,3,25,0,25,10,0,1,2,8,0,0,0,28,15,1,2,11,15,0,15,0,327,0,20,1,306,20,0,0,259,0,17,0,242,17,0,0,347,0,16,0,331,16,0,0,312,0,29,1,282,29,0,0,434,0,8,0,426,8,0,0,2,20,1,1,1,8,0,0,3,1,1,1,2,2,7,2,1,1,1,1,2,0,0,1,Watch
2021-05-28,Friday,5,21,5,Summer,0,0,0,0,0,0,0,0.0,35.0,27.4,46.9,Diarrheal,2,0,2,96,26,9,6,6,137,142.0,158.0,141.0,141.71,10.32,125.0,137.57,None,0,3,4,16,3,0,8,0,1,0,1,3,7,0,0,28,21,6,0,7,21,0,21,10,2,0,2,6,2,0,2,28,15,2,2,11,15,0,15,0,306,0,16,1,289,16,0,0,242,0,17,0,225,17,0,0,331,0,14,0,317,14,0,0,982,700,28,2,952,28,0,0,426,0,8,0,418,8,0,0,2,12,1,0,1,20,1,1,2,1,1,2,1,2,7,1,1,1,1,1,4,0,0,1,Watch
2021-05-29,Saturday,6,21,5,Summer,1,0,0,0,0,0,0,0.0,31.7,23.8,49.0,Diarrheal,2,0,3,87,30,8,11,8,136,137.0,142.0,132.0,141.14,10.45,120.0,138.43,None,0,7,5,14,4,1,3,3,2,0,2,4,4,0,0,28,20,4,1,7,20,0,20,10,5,2,1,4,5,0,5,28,14,1,2,12,14,0,14,0,289,0,18,1,270,18,0,0,225,0,16,0,209,16,0,0,317,0,16,0,301,16,0,0,952,0,31,2,919,31,0,0,418,0,5,0,413,5,0,0,2,20,1,1,1,8,0,0,2,1,1,1,2,2,7,1,1,1,1,1,3,0,0,1,Watch
2021-05-30,Sunday,7,21,5,Summer,1,0,0,0,0,0,0,0.0,36.0,27.5,45.2,Diarrheal,2,0,4,82,25,9,10,8,126,136.0,137.0,124.0,141.71,10.04,108.0,139.57,None,0,8,3,12,2,0,4,2,1,2,1,3,4,0,0,28,22,3,3,3,22,0,22,10,5,2,0,5,5,0,5,28,13,2,2,13,13,0,13,0,270,0,17,1,252,17,0,0,209,0,13,0,196,13,0,0,301,0,14,0,287,14,0,0,919,0,27,2,890,27,0,0,413,0,6,0,407,6,0,0,2,12,1,0,1,8,1,0,2,1,1,1,1,2,7,1,1,1,1,1,2,0,0,0,Watch
2021-05-31,Monday,1,22,5,Summer,0,0,0,0,0,0,0,0.5,31.4,23.3,47.9,Diarrheal,2,0,3,106,28,8,6,7,148,126.0,136.0,149.0,142.0,9.55,135.0,140.86,None,0,7,3,14,4,0,3,3,0,2,1,3,7,0,0,28,21,5,2,5,21,0,21,10,4,2,2,4,4,0,4,28,12,3,2,14,12,0,12,0,252,0,17,0,235,17,0,0,196,0,15,0,181,15,0,0,287,0,16,0,271,16,0,0,890,0,31,2,857,31,0,0,407,0,8,0,399,8,0,0,2,8,0,0,1,8,0,0,3,1,1,1,1,2,7,1,1,1,1,1,3,0,0,0,Watch
2021-06-01,Tuesday,2,22,6,Monsoon,0,0,0,0,0,1,0,3.8,32.7,24.6,68.3,Diarrheal,2,0,3,104,34,12,5,9,155,148.0,126.0,146.0,141.86,9.45,146.0,141.79,None,0,8,2,20,4,0,0,9,0,3,0,2,6,0,0,28,18,9,1,9,18,0,18,10,4,1,1,5,4,0,4,28,11,3,2,15,11,0,11,0,235,0,22,0,213,22,0,0,181,0,21,0,160,21,0,0,271,0,19,0,252,19,0,0,857,0,36,2,819,36,0,0,399,0,7,0,392,7,0,0,2,8,1,0,1,8,0,0,3,1,1,1,1,2,6,2,1,1,1,1,2,0,0,0,Watch
2021-06-02,Wednesday,3,22,6,Monsoon,0,0,0,1,0,0,1,9.1,36.0,28.5,64.1,Diarrheal,2,0,3,117,29,8,11,9,165,155.0,148.0,158.0,143.14,10.48,160.0,142.43,None,0,3,3,20,3,0,3,1,1,3,1,3,5,0,0,28,19,3,2,7,19,0,19,10,5,1,0,5,5,0,5,28,11,3,1,16,11,0,11,0,213,0,21,0,192,21,0,1,160,0,21,0,139,21,0,0,252,0,17,0,235,17,0,0,819,0,33,2,784,33,0,0,392,0,10,0,382,10,0,0,2,12,1,0,1,8,0,0,3,1,1,1,1,3,6,1,1,1,1,1,2,0,0,0,Watch
2021-06-03,Thursday,4,22,6,Monsoon,0,0,0,0,0,1,0,10.5,33.0,24.1,73.6,Diarrheal,2,0,4,94,34,15,6,9,149,165.0,155.0,142.0,144.14,12.06,140.0,142.79,None,0,5,7,16,6,0,7,5,0,3,1,3,5,0,0,28,17,8,2,9,17,0,17,10,1,4,0,9,1,0,1,28,14,0,0,14,14,0,14,0,192,0,21,0,171,21,0,0,139,0,18,0,121,18,0,1,235,0,18,0,217,18,0,0,784,0,35,1,748,35,0,0,382,0,12,0,370,12,0,0,2,16,1,1,1,20,1,1,2,1,1,2,2,2,6,2,1,1,1,1,3,0,0,2,Watch
2021-06-04,Friday,5,22,6,Monsoon,0,0,0,0,0,0,0,0.4,33.1,24.4,69.1,,0,0,0,83,27,7,9,9,126,149.0,165.0,137.0,145.14,12.14,141.0,143.43,None,0,13,5,7,2,0,2,1,1,3,1,3,4,0,0,28,21,0,0,7,21,0,21,10,3,0,2,5,3,0,3,28,14,3,2,12,14,0,14,0,171,0,17,0,154,17,0,0,121,0,9,0,112,9,0,0,217,0,16,0,201,16,0,1,748,0,28,1,719,28,0,0,370,0,8,0,362,8,0,0,2,12,1,0,1,8,0,0,2,1,1,1,1,2,7,1,1,1,1,1,2,0,0,0,Normal
2021-06-05,Saturday,6,22,6,Monsoon,1,0,0,0,0,0,0,2.0,33.4,24.8,69.0,,0,0,0,78,24,8,12,7,122,126.0,149.0,136.0,143.57,13.7,132.0,142.36,None,0,8,4,5,7,1,6,1,1,0,2,4,8,0,0,28,20,4,1,7,20,0,20,10,1,2,0,9,1,0,1,28,13,5,2,13,13,0,13,0,154,0,14,0,140,14,0,0,112,0,7,0,105,7,0,0,201,0,14,0,187,14,0,0,719,0,25,1,693,25,0,0,362,0,11,0,351,11,0,0,2,12,1,0,1,20,1,1,2,1,1,2,1,2,6,1,1,1,1,1,2,0,0,1,Watch
2021-06-06,Sunday,7,22,6,Monsoon,1,0,0,0,1,0,0,40.2,36.8,30.4,81.7,,0,0,0,74,36,12,13,10,135,122.0,126.0,126.0,141.57,15.56,124.0,141.64,Flood_Disruption,2,13,8,8,7,1,6,5,0,1,2,4,8,0,0,28,20,4,2,6,20,0,20,10,4,0,1,5,4,0,4,28,13,3,1,14,13,0,13,0,140,0,20,0,120,20,0,0,105,0,11,0,94,11,0,0,187,0,19,0,168,19,0,0,693,0,35,1,657,35,0,0,351,0,11,0,340,11,0,0,2,8,1,0,1,20,1,1,2,1,3,2,1,2,7,2,1,1,1,1,3,0,0,1,Watch
2021-06-07,Monday,1,23,6,Monsoon,0,0,0,0,0,0,0,4.0,34.2,27.1,69.3,,0,0,0,91,25,10,9,8,135,135.0,122.0,148.0,142.86,14.55,149.0,142.43,None,0,9,3,10,3,0,7,2,1,0,1,3,6,0,0,28,18,5,0,10,18,0,18,10,1,3,1,8,1,0,1,28,16,2,1,11,16,0,16,0,420,300,16,1,403,16,0,0,94,0,12,0,82,12,0,0,168,0,15,0,153,15,0,0,657,0,27,1,629,27,0,0,340,0,12,0,328,12,0,0,2,12,1,0,1,20,1,1,2,1,1,2,1,2,6,1,1,1,1,1,4,0,0,1,Watch
2021-06-08,Tuesday,2,23,6,Monsoon,0,0,0,0,0,1,0,10.8,31.5,22.9,68.7,,0,0,0,93,26,12,8,9,139,135.0,135.0,155.0,141.0,14.61,146.0,141.43,None,0,11,8,5,2,1,4,5,1,2,2,4,5,0,0,28,21,2,0,7,21,0,21,10,2,0,0,8,2,0,2,28,18,1,0,10,18,0,18,0,403,0,16,1,386,16,0,0,332,250,7,1,324,7,0,0,153,0,16,0,137,16,0,0,629,0,28,1,600,28,0,0,328,0,11,0,317,11,0,0,2,12,1,0,1,8,1,0,2,1,1,1,1,2,7,2,1,1,1,1,3,0,0,0,Normal
2021-06-09,Wednesday,3,23,6,Monsoon,0,0,0,1,0,0,1,7.6,36.9,27.7,64.6,,0,0,0,99,29,9,13,9,150,139.0,135.0,165.0,138.71,13.45,158.0,140.93,Snakebite_Cluster,1,15,8,3,3,1,5,3,0,1,2,4,5,0,0,28,15,10,1,12,15,0,15,10,3,0,0,7,3,0,3,28,19,3,2,7,19,0,19,0,386,0,16,1,369,16,0,0,324,0,6,1,317,6,0,0,137,0,18,0,119,18,0,0,600,0,31,1,568,31,0,0,317,0,13,0,304,13,0,0,2,8,0,0,1,8,1,0,3,1,3,1,1,2,7,1,1,1,1,1,2,0,0,0,Normal
2021-06-10,Thursday,4,23,6,Monsoon,0,0,0,0,0,1,0,9.9,35.0,27.0,71.9,,0,0,0,91,27,13,6,7,137,150.0,139.0,149.0,136.57,9.78,142.0,140.36,None,0,9,4,7,7,1,5,5,1,2,1,3,5,0,0,28,16,2,2,10,16,0,16,10,4,2,1,5,4,0,4,28,13,7,1,14,13,0,13,0,369,0,15,1,353,15,0,0,317,0,9,1,307,9,0,0,399,280,16,0,383,16,0,0,568,0,29,1,538,29,0,0,304,0,5,0,299,5,0,0,2,20,1,1,1,8,1,0,2,1,1,1,2,2,6,2,1,1,1,1,4,0,0,1,Watch
2021-06-11,Friday,5,23,6,Monsoon,0,0,0,0,0,0,0,26.9,36.9,27.0,75.7,,0,0,0,85,29,9,7,9,130,137.0,150.0,126.0,134.86,8.41,137.0,140.0,None,0,10,8,6,5,3,5,2,1,1,4,6,8,0,0,28,18,3,0,10,18,0,18,10,4,1,0,6,4,0,4,28,9,7,2,17,9,0,9,0,353,0,17,1,335,17,0,0,307,0,8,1,298,8,0,0,383,0,16,0,367,16,0,0,538,0,30,1,507,30,0,0,299,0,12,0,287,12,0,0,2,12,1,0,1,8,1,0,2,1,1,1,1,2,6,1,1,1,1,1,2,0,0,0,Normal
2021-06-12,Saturday,6,23,6,Monsoon,1,0,0,0,0,0,0,53.6,31.6,22.9,89.5,,0,0,0,78,36,6,9,9,129,130.0,137.0,122.0,135.43,7.91,136.0,139.5,Flood_Disruption,2,11,12,5,8,0,3,1,1,1,2,4,4,0,0,28,20,0,1,7,20,0,20,10,0,4,2,8,0,0,0,28,14,2,0,14,14,0,14,0,335,0,18,1,316,18,0,0,298,0,8,1,289,8,0,0,367,0,19,0,348,19,0,0,507,0,35,1,471,35,0,0,287,0,20,0,267,20,0,0,2,12,1,0,1,8,0,0,2,1,2,1,1,2,6,1,1,1,1,1,2,0,0,0,Watch
2021-06-13,Sunday,7,23,6,Monsoon,1,0,0,0,0,0,0,4.9,35.9,28.0,68.5,,0,0,0,70,24,7,10,8,111,129.0,130.0,135.0,136.43,6.46,126.0,139.0,None,0,11,5,3,5,1,3,3,0,1,2,4,8,0,0,28,17,5,0,11,17,0,17,10,5,0,1,4,5,0,5,28,11,4,2,15,11,0,11,0,316,0,14,1,301,14,0,0,289,0,5,1,283,5,0,0,348,0,14,0,334,14,0,0,471,0,25,1,445,25,0,0,267,0,5,0,262,5,0,0,2,8,0,0,1,8,0,0,2,1,1,1,1,2,6,1,1,1,1,1,3,0,0,0,Normal
2021-06-14,Monday,1,24,6,Monsoon,0,0,0,0,0,0,0,8.1,33.3,24.9,71.2,,0,0,0,94,27,6,9,7,136,111.0,129.0,135.0,133.0,11.05,148.0,137.93,None,0,11,8,4,4,1,1,4,1,0,2,4,5,0,0,28,21,3,2,5,21,0,21,10,1,4,2,7,1,0,1,28,8,3,1,19,8,0,8,0,301,0,14,1,286,14,0,0,283,0,6,1,276,6,0,0,334,0,16,0,318,16,0,0,445,0,29,1,415,29,0,0,262,0,5,0,257,5,0,0,2,12,1,0,1,8,0,0,2,1,1,1,1,2,6,1,1,1,1,1,2,0,0,0,Normal
2021-06-15,Tuesday,2,24,6,Monsoon,0,0,0,0,0,1,0,23.6,35.8,27.9,74.8,,0,0,0,90,32,12,8,9,142,136.0,111.0,139.0,133.14,11.08,155.0,137.07,None,0,14,6,9,3,1,4,6,2,0,2,4,5,0,0,28,20,4,2,6,20,0,20,10,2,0,2,6,2,0,2,28,11,2,1,16,11,0,11,0,286,0,18,1,267,18,0,0,276,0,11,1,264,11,0,0,318,0,18,0,300,18,0,0,415,0,33,1,381,33,0,1,257,0,14,0,243,14,0,0,2,20,1,1,1,8,1,0,2,1,1,1,2,2,6,2,1,1,1,1,4,0,0,1,Watch
2021-06-16,Wednesday,3,24,6,Monsoon,0,0,0,1,0,0,1,18.7,34.1,27.4,74.1,,0,0,0,101,27,7,11,10,146,142.0,136.0,150.0,133.57,11.35,165.0,136.14,None,0,9,7,7,4,0,2,5,0,0,1,3,8,0,0,28,19,6,0,9,19,0,19,10,4,0,2,4,4,0,4,28,12,2,0,16,12,0,12,0,267,0,18,0,249,18,0,0,264,0,9,1,254,9,0,0,300,0,16,0,284,16,0,0,381,0,30,1,350,30,0,0,243,0,10,0,233,10,0,0,2,8,0,0,1,8,0,0,3,1,1,1,1,2,6,1,1,1,1,1,4,0,0,0,Normal
2021-06-17,Thursday,4,24,6,Monsoon,0,0,0,0,0,1,0,34.1,35.8,27.5,70.1,,0,0,0,83,30,12,8,8,133,146.0,142.0,137.0,133.0,10.58,149.0,134.79,None,0,12,7,6,5,0,2,8,1,1,1,3,8,0,0,28,21,3,1,6,21,0,21,10,4,1,1,5,4,0,4,28,12,2,2,14,12,0,12,0,249,0,16,0,233,16,0,0,254,0,8,0,246,8,0,0,284,0,17,0,267,17,0,0,350,0,31,1,318,31,0,0,233,0,8,0,225,8,0,1,2,12,1,0,1,8,0,0,2,1,1,1,1,2,7,2,1,1,1,1,3,0,0,0,Normal
2021-06-18,Friday,5,24,6,Monsoon,0,0,0,0,1,0,0,20.7,34.7,26.7,82.0,,0,0,0,94,29,11,7,8,141,133.0,146.0,130.0,132.43,10.46,126.0,133.64,None,0,15,4,5,5,0,5,3,0,3,1,3,8,0,0,28,21,4,1,6,21,0,21,10,4,1,0,6,4,0,4,28,11,4,0,17,11,0,11,0,233,0,15,0,218,15,0,0,246,0,7,0,239,7,0,0,267,0,18,0,249,18,0,0,318,0,31,1,286,31,0,0,225,0,8,0,217,8,0,0,2,8,1,0,1,8,1,0,2,1,1,1,1,2,7,2,1,1,1,1,4,0,0,0,Normal
2021-06-19,Saturday,6,24,6,Monsoon,1,0,0,0,0,0,0,36.7,35.1,27.4,89.3,,0,0,0,72,34,7,9,9,122,141.0,133.0,129.0,134.0,10.8,122.0,134.71,None,0,15,8,8,3,3,3,4,0,0,4,6,5,1,1,28,24,5,0,4,24,0,24,10,3,1,0,7,3,0,3,28,8,4,2,18,8,0,8,0,218,0,18,0,200,18,0,1,239,0,11,0,228,11,0,0,249,0,18,0,231,18,0,0,286,0,33,1,252,33,0,0,217,0,8,0,209,8,0,0,2,8,0,0,1,8,0,0,2,1,1,1,1,2,6,1,1,1,1,1,2,0,0,1,Watch
2021-06-20,Sunday,7,24,6,Monsoon,1,0,0,0,0,0,0,16.7,37.8,29.2,78.8,,0,0,0,72,30,7,11,7,120,122.0,141.0,111.0,133.0,11.51,135.0,134.71,None,0,14,10,3,3,1,4,1,0,2,3,5,6,0,0,28,14,11,1,13,14,0,14,10,7,0,1,2,7,0,7,28,10,0,0,18,10,0,10,0,200,0,14,0,186,14,0,0,228,0,6,0,222,6,0,0,231,0,17,0,214,17,0,0,952,700,30,2,920,30,0,0,209,0,10,0,199,10,0,0,2,8,0,0,1,8,1,0,2,1,1,1,1,2,6,1,1,1,1,1,4,0,0,0,Normal
2021-06-21,Monday,1,25,6,Monsoon,0,0,0,0,0,0,0,35.0,35.8,28.0,80.0,,0,0,0,95,31,6,7,8,139,120.0,122.0,136.0,134.29,9.27,135.0,133.64,None,0,16,10,4,1,1,4,1,0,1,2,4,5,0,0,28,15,4,1,12,15,0,15,10,8,0,0,2,8,0,8,28,12,0,2,14,12,0,12,0,186,0,15,0,171,15,0,0,222,0,7,0,215,7,0,0,214,0,19,0,195,19,0,1,920,0,32,2,886,32,0,0,199,0,10,0,189,10,0,0,2,8,0,0,1,8,1,0,2,1,1,1,1,2,6,1,1,1,1,1,3,0,0,0,Normal
2021-06-22,Tuesday,2,25,6,Monsoon,0,0,0,0,1,1,0,28.7,31.1,23.4,81.3,,0,0,0,94,29,15,8,8,146,139.0,120.0,142.0,134.71,9.41,139.0,133.93,None,0,12,7,3,7,1,5,5,0,5,2,4,4,0,0,28,19,1,0,9,19,0,19,10,5,3,2,3,5,0,5,28,12,3,1,15,12,0,12,0,171,0,15,0,156,15,0,0,215,0,6,0,209,6,0,0,195,0,17,0,178,17,0,0,886,0,31,2,853,31,0,0,189,0,10,0,179,10,0,0,2,16,1,1,1,8,1,0,2,1,1,1,2,2,7,2,1,1,1,1,4,0,0,1,Watch
2021-06-23,Wednesday,3,25,6,Monsoon,0,0,0,1,0,0,1,31.5,33.4,27.0,78.0,,0,0,0,98,29,6,10,7,143,146.0,139.0,146.0,135.29,9.94,150.0,134.43,None,0,8,8,6,7,0,2,2,2,0,2,4,5,0,0,28,19,5,1,8,19,0,19,10,2,3,1,7,2,0,2,28,12,2,2,14,12,0,12,0,156,0,15,0,141,15,0,0,209,0,8,0,201,8,0,0,178,0,17,0,161,17,0,0,853,0,31,2,820,31,0,0,179,0,8,0,171,8,0,0,2,20,1,1,1,8,0,0,3,1,1,1,2,2,6,1,1,1,1,1,2,0,0,1,Watch
2021-06-24,Thursday,4,25,6,Monsoon,0,0,0,0,0,1,0,24.1,36.3,29.2,79.4,,0,0,0,88,31,14,8,9,141,143.0,146.0,133.0,134.86,9.52,137.0,133.93,None,0,11,10,7,3,0,5,6,1,2,2,4,4,0,0,28,19,5,0,9,19,0,19,10,3,0,2,5,3,0,3,28,12,3,1,15,12,0,12,0,441,300,18,1,422,18,0,0,201,0,9,0,192,9,0,0,161,0,17,0,144,17,0,0,820,0,32,2,786,32,0,0,571,400,11,1,559,11,0,0,2,20,1,1,1,8,1,0,2,1,1,1,2,2,6,2,1,1,1,1,2,0,0,1,Watch
2021-06-25,Friday,5,25,6,Monsoon,0,0,0,0,0,0,0,6.2,35.1,24.6,70.1,,0,0,0,86,22,9,5,7,122,141.0,143.0,141.0,136.0,9.71,130.0,134.21,None,0,13,5,3,1,1,4,4,0,1,2,4,4,0,0,28,17,4,0,11,17,0,17,10,6,0,0,4,6,0,6,28,12,2,0,16,12,0,12,0,422,0,13,1,408,13,0,0,192,0,5,0,187,5,0,0,144,0,15,0,129,15,0,0,786,0,24,2,760,24,0,0,559,0,7,1,551,7,0,0,2,8,0,0,1,8,1,0,2,1,1,1,1,2,6,1,1,1,1,1,2,0,0,0,Normal
2021-06-26,Saturday,6,25,6,Monsoon,1,0,0,0,1,0,0,9.8,35.7,27.8,70.9,,0,0,0,81,23,11,11,9,126,122.0,141.0,122.0,133.29,10.55,129.0,133.64,None,0,11,4,5,3,0,6,3,1,1,1,3,6,0,0,28,22,1,0,6,22,0,22,10,6,3,2,2,6,0,6,28,9,3,2,17,9,0,9,0,408,0,16,1,391,16,0,0,187,0,7,0,180,7,0,0,129,0,14,0,115,14,0,0,760,0,25,1,734,25,0,0,551,0,2,1,548,2,0,0,2,12,1,0,1,20,1,1,2,1,1,2,1,2,7,2,1,1,1,1,3,0,0,1,Watch
2021-06-27,Sunday,7,25,6,Monsoon,1,0,0,0,0,0,0,11.8,36.4,28.9,71.2,,0,0,0,71,22,7,12,8,112,126.0,122.0,120.0,133.86,10.02,111.0,133.43,None,0,9,7,6,0,1,2,3,1,1,2,4,7,0,0,28,20,5,0,8,20,0,20,10,7,3,1,2,7,0,7,28,10,0,1,17,10,0,10,0,391,0,15,1,375,15,0,0,180,0,8,0,172,8,0,0,395,280,13,0,382,13,0,0,734,0,23,1,710,23,0,0,548,0,6,1,541,6,0,0,2,12,1,0,1,8,0,0,2,1,1,1,1,2,7,1,1,1,1,1,3,0,0,0,Normal
2021-06-28,Monday,1,26,6,Monsoon,0,0,0,0,0,0,0,29.7,36.0,25.6,81.7,,0,0,0,98,34,8,7,8,147,112.0,126.0,139.0,132.71,11.83,136.0,133.5,None,0,11,11,7,5,2,2,4,1,1,3,5,5,0,0,28,13,10,1,14,13,0,13,10,1,7,2,7,1,0,1,28,12,2,0,16,12,0,12,0,375,0,17,1,357,17,0,0,172,0,10,0,162,10,0,0,382,0,19,0,363,19,0,0,710,0,35,1,674,35,0,0,541,0,15,1,525,15,0,0,2,12,1,0,1,8,0,0,3,1,1,1,1,2,6,1,1,1,1,1,2,0,0,0,Normal
2021-06-29,Tuesday,2,26,6,Monsoon,0,0,0,0,0,1,0,12.3,33.4,24.6,65.2,,0,0,0,91,26,14,7,10,138,147.0,112.0,146.0,133.86,12.73,142.0,134.29,None,0,10,3,9,4,0,6,5,0,3,1,3,6,0,0,28,19,1,2,7,19,0,19,10,3,0,1,6,3,0,3,28,11,2,0,17,11,0,11,0,357,0,19,1,337,19,0,0,162,0,11,0,151,11,0,0,363,0,16,0,347,16,0,0,674,0,28,1,645,28,0,0,525,0,4,1,520,4,0,0,2,16,1,1,1,20,1,1,2,1,1,2,2,2,6,2,1,1,1,1,4,0,0,2,Watch
2021-06-30,Wednesday,3,26,6,Monsoon,0,0,0,1,0,0,1,36.0,31.8,20.9,89.8,,0,0,0,97,38,5,13,10,153,138.0,147.0,143.0,132.71,11.92,146.0,134.0,None,0,18,4,11,5,1,2,3,0,0,2,4,7,0,0,28,23,1,0,5,23,0,23,10,3,3,0,7,3,0,3,28,10,3,1,17,10,0,10,0,337,0,21,1,315,21,0,0,151,0,14,0,137,14,0,0,347,0,22,0,325,22,0,0,645,0,38,1,606,38,0,0,520,0,7,1,512,7,0,0,2,8,0,0,1,8,0,0,3,2,2,1,1,2,7,1,2,1,1,1,3,0,0,0,Normal
2021-07-01,Thursday,4,26,7,Monsoon,0,0,0,0,0,1,0,47.2,37.2,31.1,81.9,,0,0,0,82,36,10,8,8,136,153.0,138.0,141.0,134.14,13.56,133.0,134.5,Flood_Disruption,2,19,4,7,6,0,2,5,0,3,1,3,8,0,0,28,17,9,2,9,17,0,17,10,1,3,2,7,1,0,1,28,13,1,2,13,13,0,13,0,315,0,17,1,297,17,0,0,137,0,10,0,127,10,0,1,325,0,20,0,305,20,0,0,606,0,35,1,570,35,0,0,512,0,10,1,501,10,0,0,2,8,1,0,1,8,0,0,2,1,2,1,1,2,6,1,1,1,1,1,4,0,0,0,Watch
2021-07-02,Friday,5,26,7,Monsoon,0,0,0,0,0,0,0,24.1,31.8,24.5,80.1,,0,0,0,88,30,6,7,8,131,136.0,153.0,122.0,133.43,13.31,141.0,134.71,None,0,10,11,5,4,2,5,1,0,0,3,5,6,0,0,28,14,8,2,12,14,0,14,10,3,1,0,7,3,0,3,28,9,4,2,17,9,0,9,0,297,0,16,1,280,16,0,0,127,0,8,0,119,8,0,0,305,0,17,0,288,17,0,0,570,0,31,1,538,31,0,0,501,0,7,0,494,7,0,0,2,8,0,0,1,8,1,0,2,1,1,1,1,2,6,1,1,1,1,1,3,0,0,0,Normal
2021-07-03,Saturday,6,26,7,Monsoon,1,0,0,0,0,0,0,13.1,31.4,24.4,73.5,,0,0,0,72,23,7,11,6,113,131.0,136.0,126.0,134.71,12.56,122.0,134.0,None,0,12,3,5,3,1,1,6,0,0,1,3,5,0,0,28,19,0,2,7,19,0,19,10,2,2,2,6,2,0,2,28,4,5,1,23,4,0,4,0,280,0,12,1,267,12,0,0,119,0,7,0,112,7,0,0,288,0,14,0,274,14,0,0,538,0,24,1,513,24,0,0,494,0,2,0,492,2,0,0,2,8,0,0,1,8,0,0,2,1,1,1,1,2,6,1,1,1,1,1,4,0,0,0,Normal
2021-07-04,Sunday,7,26,7,Monsoon,1,0,0,0,0,0,0,16.1,32.8,25.3,73.7,,0,0,0,74,26,7,11,9,118,113.0,131.0,112.0,132.86,14.52,120.0,133.36,None,0,12,4,7,3,0,4,2,0,1,1,3,7,0,0,28,12,9,0,16,12,0,12,10,2,1,2,6,2,0,2,28,9,1,2,17,9,0,9,0,267,0,17,0,250,17,0,0,112,0,9,0,103,9,0,0,274,0,15,0,259,15,0,0,513,0,27,1,485,27,0,0,492,0,14,0,478,14,0,0,2,8,0,0,1,8,1,0,2,1,1,1,1,2,5,1,1,1,1,1,4,0,0,0,Normal
2021-07-05,Monday,1,27,7,Monsoon,0,0,0,0,0,0,0,20.8,32.8,23.9,83.2,,0,0,0,92,31,7,10,8,140,118.0,113.0,147.0,133.71,13.39,139.0,133.21,None,0,7,14,5,5,1,3,3,0,1,3,5,4,1,1,28,15,2,0,13,15,0,15,10,1,2,1,8,1,0,1,28,5,6,2,21,5,0,5,0,250,0,16,0,234,16,0,0,103,0,8,0,95,8,0,0,259,0,17,0,242,17,0,0,485,0,32,1,452,32,0,0,478,0,12,0,466,12,0,0,2,8,0,0,1,8,0,0,2,1,1,1,1,2,5,1,1,1,1,1,4,0,0,1,Watch
2021-07-06,Tuesday,2,27,7,Monsoon,0,0,0,0,0,1,0,10.3,33.1,25.6,70.9,,0,0,0,88,26,13,4,9,131,140.0,118.0,138.0,132.71,12.6,146.0,133.29,None,0,11,7,5,3,0,5,7,1,0,1,3,4,0,0,28,14,5,2,12,14,0,14,10,2,1,1,7,2,0,2,28,8,0,1,19,8,0,8,0,234,0,16,0,218,16,0,0,345,250,7,1,337,7,0,0,242,0,16,0,226,16,0,0,452,0,28,1,423,28,0,0,466,0,10,0,456,10,0,0,2,20,1,1,1,8,1,0,2,1,1,1,2,2,6,2,1,1,1,1,4,0,0,1,Watch
2021-07-07,Wednesday,3,27,7,Monsoon,0,0,0,1,0,0,1,28.3,33.0,24.9,81.6,,0,0,0,100,35,7,15,11,157,131.0,140.0,153.0,131.71,12.42,143.0,132.21,None,0,13,9,8,5,0,3,2,0,2,2,4,5,0,0,28,21,1,1,6,21,0,21,10,1,1,2,7,1,0,1,28,8,3,0,20,8,0,8,0,218,0,21,0,197,21,0,1,337,0,11,1,325,11,0,0,226,0,20,0,206,20,0,0,423,0,36,1,386,36,0,1,456,0,10,0,446,10,0,0,2,8,0,0,1,8,0,0,3,1,2,1,1,2,6,1,1,1,2,2,3,0,0,0,Normal
2021-07-08,Thursday,4,27,7,Monsoon,0,0,0,0,0,1,0,15.0,30.7,19.5,77.8,,0,0,0,85,30,12,9,9,136,157.0,131.0,136.0,132.29,13.43,141.0,133.21,None,0,9,11,5,5,1,5,6,0,1,3,5,5,0,0,28,22,4,2,4,22,0,22,10,2,0,2,6,2,0,2,28,8,3,2,18,8,0,8,0,197,0,17,0,180,17,0,0,325,0,8,1,316,8,0,0,206,0,17,0,189,17,0,1,386,0,31,1,354,31,0,0,446,0,12,0,434,12,0,0,2,8,1,0,1,8,1,0,2,1,1,1,1,2,6,2,1,1,1,1,4,0,0,0,Normal
2021-07-09,Friday,5,27,7,Monsoon,0,0,0,0,0,0,0,19.8,35.3,29.9,76.6,,0,0,0,84,29,8,4,7,125,136.0,157.0,131.0,132.29,13.43,122.0,132.86,None,0,10,8,9,2,0,3,0,1,4,1,3,4,0,0,28,25,2,1,2,25,0,25,10,2,1,1,7,2,0,2,28,8,1,1,19,8,0,8,0,180,0,15,0,165,15,0,0,316,0,11,1,304,11,0,0,189,0,16,0,173,16,0,0,354,0,30,1,323,30,0,0,434,0,6,0,428,6,0,0,2,12,1,0,1,8,0,0,2,1,1,1,1,2,6,1,1,1,1,1,4,0,0,0,Normal
2021-07-10,Saturday,6,27,7,Monsoon,1,0,0,0,0,0,0,25.1,33.1,26.2,83.5,,0,0,0,78,33,7,10,8,128,125.0,136.0,113.0,131.43,13.68,126.0,133.07,None,0,18,9,2,4,1,5,0,0,2,2,4,4,0,0,28,19,7,2,7,19,0,19,10,5,1,2,3,5,0,5,28,9,2,2,17,9,0,9,0,165,0,15,0,150,15,0,0,304,0,5,1,298,5,0,0,173,0,19,0,154,19,0,0,323,0,33,1,289,33,0,0,428,0,11,0,417,11,0,0,2,8,0,0,1,8,1,0,2,1,1,1,1,2,6,1,1,1,1,1,3,0,0,0,Normal
2021-07-11,Sunday,7,27,7,Monsoon,1,0,0,0,0,0,0,11.8,35.0,27.1,76.4,,0,0,0,73,30,6,11,8,120,128.0,125.0,118.0,133.57,11.65,112.0,133.21,None,0,11,6,10,3,0,2,3,1,0,1,3,8,0,0,28,21,4,0,7,21,0,21,10,1,5,2,7,1,0,1,28,6,4,0,22,6,0,6,0,150,0,17,0,133,17,0,0,298,0,12,1,285,12,0,0,154,0,16,0,138,16,0,0,289,0,30,1,258,30,0,0,417,0,5,0,412,5,0,0,2,12,1,0,1,8,0,0,2,1,1,1,1,2,6,1,1,1,1,1,4,0,0,0,Normal
2021-07-12,Monday,1,28,7,Monsoon,0,0,0,0,0,0,0,10.2,34.2,24.7,77.3,,0,0,0,93,28,7,8,8,136,120.0,128.0,140.0,133.86,11.28,147.0,133.79,None,0,8,6,11,3,0,4,2,0,1,1,3,7,0,0,28,24,1,0,4,24,0,24,10,0,1,1,9,0,0,0,28,7,3,2,19,7,0,7,0,433,300,17,1,415,17,0,0,285,0,13,1,271,13,0,0,138,0,16,0,122,16,0,0,958,700,30,2,926,30,0,0,412,0,11,0,401,11,0,0,2,8,0,0,1,8,1,0,2,1,1,1,1,2,6,1,1,1,1,1,2,0,0,0,Normal
2021-07-13,Tuesday,2,28,7,Monsoon,0,0,0,0,0,1,0,39.0,31.9,22.7,79.2,,0,0,0,90,30,11,5,8,136,136.0,120.0,131.0,133.29,11.05,138.0,133.0,None,0,18,3,7,2,0,6,5,0,0,1,3,7,0,0,28,26,2,1,1,26,0,26,10,1,0,1,8,1,0,1,28,7,3,2,19,7,0,7,0,415,0,16,1,398,16,0,0,271,0,9,1,261,9,0,0,122,0,19,0,103,19,0,0,926,0,31,2,893,31,0,0,401,0,8,0,393,8,0,0,2,8,1,0,1,20,1,1,2,1,1,2,1,2,6,2,1,1,1,1,3,0,0,1,Watch
2021-07-14,Wednesday,3,28,7,Monsoon,0,0,0,1,0,0,1,25.5,33.8,27.8,80.9,,0,0,0,96,29,6,13,9,144,136.0,136.0,157.0,134.0,11.05,153.0,132.86,None,0,14,7,4,4,0,1,3,1,1,1,3,4,0,0,28,25,7,2,1,25,0,25,10,2,0,0,8,2,0,2,28,9,0,2,17,9,0,9,0,398,0,16,1,381,16,0,0,261,0,6,1,254,6,0,0,383,280,18,0,365,18,0,0,893,0,31,2,860,31,0,0,393,0,8,0,385,8,0,0,2,12,1,0,1,8,0,0,2,1,2,1,1,2,7,1,1,1,1,1,4,0,0,0,Normal
2021-07-15,Thursday,4,28,7,Monsoon,0,0,0,0,0,1,0,17.3,33.1,25.7,73.4,,0,0,0,96,28,10,8,8,142,144.0,136.0,136.0,132.14,7.57,136.0,132.21,None,0,12,9,4,3,4,6,2,0,2,4,6,7,0,0,28,23,10,1,4,23,0,23,10,2,0,2,6,2,0,2,28,6,3,1,21,6,0,6,0,381,0,15,1,365,15,0,0,254,0,6,0,248,6,0,0,365,0,17,0,348,17,0,0,860,0,30,2,828,30,0,0,385,0,8,0,377,8,0,0,2,8,1,0,1,20,1,1,2,1,1,2,1,2,6,1,1,1,1,1,2,0,0,1,Watch
2021-07-16,Friday,5,28,7,Monsoon,0,0,0,0,0,0,0,16.4,35.0,27.2,77.0,,0,0,0,86,27,7,9,8,129,142.0,144.0,125.0,133.0,8.26,131.0,132.64,None,0,11,8,5,3,0,3,1,1,2,1,3,5,0,0,28,21,7,1,6,21,0,21,10,1,2,1,8,1,0,1,28,8,0,0,20,8,0,8,0,365,0,15,1,349,15,0,0,248,0,7,0,241,7,0,0,348,0,16,0,332,16,0,0,828,0,28,2,798,28,0,0,377,0,8,0,369,8,0,0,2,12,1,0,1,8,0,0,2,1,1,1,1,2,6,1,1,1,1,1,4,0,0,0,Normal
2021-07-17,Saturday,6,28,7,Monsoon,1,0,0,0,0,0,0,23.5,36.4,27.4,76.6,,0,0,0,75,30,6,12,8,123,129.0,142.0,128.0,133.57,7.82,113.0,132.5,None,0,11,8,8,3,0,2,2,1,1,2,4,7,0,0,28,16,9,1,11,16,0,16,10,1,0,1,8,1,0,1,28,11,1,2,15,11,0,11,0,349,0,16,1,332,16,0,0,241,0,10,0,231,10,0,0,332,0,16,0,316,16,0,0,798,0,30,2,766,30,0,0,369,0,12,0,357,12,0,0,2,12,1,0,1,8,0,0,2,1,1,1,1,2,6,1,1,1,1,1,4,0,0,0,Normal
2021-07-18,Sunday,7,28,7,Monsoon,1,0,0,0,0,0,0,22.9,34.6,25.9,84.5,,0,0,0,71,30,6,13,9,120,123.0,129.0,120.0,132.86,8.49,118.0,133.21,None,0,14,5,9,2,0,5,0,0,1,1,3,6,0,0,28,12,4,1,15,12,0,12,10,2,1,2,6,2,0,2,28,16,2,0,12,16,0,16,0,332,0,18,1,313,18,0,0,231,0,11,0,220,11,0,0,316,0,17,0,299,17,0,0,766,0,30,1,735,30,0,0,357,0,16,0,341,16,0,0,2,8,0,0,1,8,1,0,2,1,2,1,1,2,6,1,1,1,1,1,2,0,0,0,Normal
2021-07-19,Monday,1,29,7,Monsoon,0,0,0,0,0,0,0,29.2,34.0,26.2,79.2,,0,0,0,90,31,6,8,7,135,120.0,123.0,136.0,132.86,8.49,140.0,133.36,None,0,10,11,7,3,1,3,2,1,0,3,5,5,0,0,28,14,1,2,12,14,0,14,10,2,1,2,6,2,0,2,28,17,2,1,10,17,0,17,0,313,0,15,1,297,15,0,0,220,0,9,0,211,9,0,0,299,0,17,0,282,17,0,0,735,0,32,1,702,32,0,0,341,0,12,0,329,12,0,0,2,12,1,0,1,8,0,0,2,1,1,1,1,2,6,1,1,1,1,1,4,0,0,0,Normal
2021-07-20,Tuesday,2,29,7,Monsoon,0,0,0,0,0,1,0,15.0,34.4,27.5,70.4,,0,0,0,87,24,13,6,8,130,135.0,120.0,136.0,132.71,8.45,131.0,133.0,None,0,11,7,5,1,1,4,7,1,1,2,4,5,0,0,28,16,4,2,10,16,0,16,10,2,1,1,7,2,0,2,28,13,5,1,14,13,0,13,0,297,0,15,1,281,15,0,0,211,0,7,0,204,7,0,0,282,0,15,0,267,15,0,0,702,0,26,1,675,26,0,0,329,0,6,0,323,6,0,0,2,20,1,1,1,8,1,0,2,1,1,1,2,2,6,2,1,1,1,1,3,0,0,1,Watch
2021-07-21,Wednesday,3,29,7,Monsoon,0,0,0,1,0,0,1,32.7,31.5,22.5,85.4,,0,0,0,95,30,7,14,9,146,130.0,135.0,144.0,131.86,8.37,157.0,132.93,None,0,14,6,7,3,1,2,4,0,1,2,4,4,0,0,28,10,6,2,16,10,0,10,10,6,0,1,3,6,0,6,28,16,2,2,10,16,0,16,0,281,0,17,1,263,17,0,0,204,0,9,0,195,9,0,0,267,0,18,0,249,18,0,0,675,0,32,1,642,32,0,0,323,0,14,0,309,14,0,0,2,8,0,0,1,8,0,0,2,1,2,1,1,2,6,1,1,1,2,2,3,0,0,0,Normal
2021-07-22,Thursday,4,29,7,Monsoon,0,0,0,0,0,1,0,10.8,33.2,25.6,72.6,,0,0,0,82,22,11,7,7,122,146.0,130.0,142.0,132.14,8.81,136.0,132.14,None,0,10,7,4,1,0,5,3,1,2,1,3,8,0,0,28,12,2,1,15,12,0,12,10,1,6,2,7,1,0,1,28,14,4,2,12,14,0,14,0,263,0,13,0,250,13,0,0,195,0,6,0,189,6,0,0,249,0,14,0,235,14,0,0,642,0,24,1,617,24,0,0,309,0,8,0,301,8,0,0,2,12,1,0,1,8,1,0,2,1,1,1,1,2,6,2,1,1,1,1,2,0,0,0,Normal
2021-07-23,Friday,5,29,7,Monsoon,0,0,0,0,1,0,0,28.1,34.2,26.3,76.3,,0,0,0,82,31,8,8,8,129,122.0,146.0,129.0,129.29,8.38,125.0,131.14,None,0,13,6,7,5,1,1,3,0,4,2,4,6,0,0,28,10,4,0,18,10,0,10,10,5,0,1,4,5,0,5,28,13,3,0,15,13,0,13,0,250,0,16,0,234,16,0,0,189,0,9,0,180,9,0,0,235,0,18,0,217,18,0,0,617,0,31,1,585,31,0,0,301,0,8,0,293,8,0,0,2,8,0,0,1,8,0,0,2,1,1,1,1,2,6,1,1,1,1,1,3,0,0,0,Normal
2021-07-24,Saturday,6,29,7,Monsoon,1,0,0,0,0,0,0,13.6,34.8,28.2,78.6,,0,0,0,75,32,6,13,8,126,129.0,122.0,123.0,129.29,8.38,128.0,131.43,None,0,13,8,6,5,1,2,1,3,0,2,4,7,0,0,28,10,1,1,17,10,0,10,10,2,4,0,8,2,0,2,28,19,0,2,7,19,0,19,0,234,0,16,0,218,16,0,0,180,0,9,0,171,9,0,0,217,0,18,0,199,18,0,1,585,0,32,1,552,32,0,0,293,0,17,0,276,17,0,0,2,20,1,1,1,8,0,0,2,1,2,1,2,2,6,1,1,1,1,1,3,0,0,1,Watch
2021-07-25,Sunday,7,29,7,Monsoon,1,0,0,0,0,0,0,10.4,33.7,28.5,68.5,Malaria,4,1,6,74,56,6,10,9,146,126.0,129.0,120.0,129.71,8.12,120.0,131.29,None,0,40,7,4,5,2,1,2,1,2,3,5,8,0,0,28,8,4,2,18,8,0,8,10,4,1,1,5,4,0,4,28,18,5,1,9,18,0,18,0,218,0,20,0,198,20,0,1,171,0,9,0,162,9,0,0,199,0,31,0,168,31,0,0,552,0,51,1,500,51,0,0,276,0,17,0,259,17,0,0,2,12,1,0,1,8,0,0,2,2,1,1,1,2,6,1,2,2,1,1,3,0,0,0,High
2021-07-26,Monday,1,30,7,Monsoon,0,0,0,0,0,0,0,16.6,32.7,24.6,73.7,Malaria,4,1,7,89,59,8,9,10,165,146.0,126.0,135.0,133.43,8.75,136.0,133.14,None,0,36,5,10,8,1,3,2,0,3,2,4,4,0,0,28,7,3,0,21,7,0,7,10,5,3,1,4,5,0,5,28,15,7,2,11,15,0,15,0,198,0,24,0,174,24,0,0,162,0,15,0,147,15,0,0,168,0,32,0,136,32,0,0,500,0,54,1,445,54,0,0,259,0,15,0,244,15,0,0,2,8,0,0,1,8,0,0,2,2,1,1,1,3,6,1,2,2,1,1,3,0,0,0,High
2021-07-27,Tuesday,2,30,7,Monsoon,0,0,0,0,0,1,0,14.2,33.8,25.3,72.5,Malaria,4,1,6,95,59,12,8,10,174,165.0,146.0,130.0,137.71,14.15,136.0,135.21,None,0,39,4,10,6,0,2,3,3,4,1,3,5,0,0,28,5,4,0,23,5,0,5,10,3,5,0,7,3,0,3,28,17,3,1,10,17,0,17,0,174,0,24,0,150,24,0,0,147,0,15,0,132,15,0,0,136,0,33,0,103,33,0,0,445,0,55,1,389,55,0,1,244,0,16,0,228,16,0,0,2,20,1,1,1,8,0,0,2,2,1,1,2,3,6,2,2,2,1,1,4,0,0,1,High
2021-07-28,Wednesday,3,30,7,Monsoon,0,0,0,1,0,0,1,13.6,33.6,26.8,73.9,Malaria,4,1,7,101,56,6,14,11,177,174.0,165.0,146.0,144.0,18.45,144.0,137.93,Snakebite_Cluster,1,36,9,7,4,1,2,2,2,0,2,4,4,0,0,28,7,2,4,17,7,0,7,10,4,1,0,6,4,0,4,28,21,1,1,6,21,0,21,0,150,0,24,0,126,24,0,0,132,0,12,0,120,12,0,1,103,0,32,0,71,32,0,0,389,0,53,1,335,53,0,0,228,0,19,0,209,19,0,1,2,20,1,1,1,8,0,0,3,2,3,1,2,3,6,1,2,2,2,2,2,0,0,1,High
2021-07-29,Thursday,4,30,7,Monsoon,0,0,0,0,0,1,0,15.1,30.1,21.4,75.8,Malaria,4,1,6,90,57,11,8,10,166,177.0,174.0,122.0,148.43,21.81,142.0,140.29,None,0,33,9,7,8,2,4,3,2,2,3,5,4,1,1,28,9,2,0,19,9,0,9,10,3,3,1,6,3,0,3,28,20,5,0,8,20,0,20,0,126,0,23,0,103,23,0,0,120,0,12,0,108,12,0,0,71,0,31,0,40,31,0,0,335,0,53,1,281,53,0,0,209,0,18,0,191,18,0,0,2,20,1,1,1,8,1,0,2,2,1,1,2,3,6,2,2,2,1,1,4,0,0,2,High
2021-07-30,Friday,5,30,7,Monsoon,0,0,0,0,0,0,0,16.3,33.1,25.4,76.5,Malaria,4,1,5,82,58,6,7,9,153,166.0,177.0,129.0,154.71,19.51,129.0,142.0,None,0,37,7,7,7,1,2,2,1,1,2,4,8,0,0,28,13,0,1,14,13,0,13,10,1,3,1,8,1,0,1,28,18,6,1,9,18,0,18,0,403,300,22,1,380,22,0,0,108,0,12,0,96,12,0,0,320,280,32,0,288,32,0,0,281,0,53,0,228,53,0,0,191,0,16,0,175,16,0,0,2,12,1,0,1,8,0,0,2,2,1,1,1,2,6,1,2,2,1,1,3,0,0,0,High
2021-07-31,Saturday,6,30,7,Monsoon,1,0,0,0,0,0,0,11.8,33.1,27.3,71.2,Malaria,4,1,5,75,58,6,11,9,150,153.0,166.0,126.0,158.14,16.57,123.0,143.71,None,0,32,9,9,8,4,4,1,0,1,4,6,7,0,0,28,13,5,0,15,13,0,13,10,4,0,0,6,4,0,4,28,12,7,2,14,12,0,12,0,380,0,22,1,357,22,0,0,96,0,14,0,82,14,0,0,288,0,30,0,258,30,0,0,228,0,52,0,176,52,0,0,175,0,14,0,161,14,0,0,2,8,0,0,1,8,1,0,2,2,1,1,1,2,6,1,2,2,1,1,3,0,0,0,High
2021-08-01,Sunday,7,30,8,Monsoon,1,0,0,0,0,0,0,15.5,32.2,25.4,72.1,Malaria,4,1,7,74,62,7,10,10,153,150.0,153.0,146.0,161.57,11.17,120.0,145.64,None,0,39,10,10,3,2,2,2,2,1,3,5,6,0,0,28,16,2,0,12,16,0,16,10,4,2,1,5,4,0,4,28,11,4,2,15,11,0,11,0,357,0,24,1,332,24,0,0,82,0,15,0,67,15,0,0,258,0,33,0,225,33,0,0,876,700,56,2,818,56,0,0,161,0,17,0,144,17,0,0,2,20,1,1,1,8,0,0,2,2,1,1,2,2,6,1,2,2,1,1,3,0,0,1,High
2021-08-02,Monday,1,31,8,Monsoon,0,0,1,0,0,0,2,69.9,34.4,26.3,98.0,Malaria,4,1,7,90,72,4,14,13,180,153.0,150.0,165.0,162.57,9.98,135.0,148.0,Flood_Disruption,4,46,9,7,10,0,2,1,0,1,2,4,5,0,0,28,21,0,1,6,21,0,21,10,6,2,0,4,6,0,6,28,15,0,2,11,15,0,15,0,332,0,28,1,303,28,0,0,317,250,14,1,302,14,0,0,225,0,39,0,186,39,0,1,818,0,65,2,751,65,0,0,144,0,16,0,128,16,0,0,2,8,0,0,1,8,0,0,2,2,3,1,1,3,7,1,2,2,2,2,2,0,0,0,High
2021-08-03,Tuesday,2,31,8,Monsoon,0,0,0,0,0,1,0,25.4,32.0,24.0,85.4,Malaria,4,1,6,90,66,11,4,11,171,180.0,153.0,174.0,164.71,11.73,130.0,151.21,None,0,42,8,5,11,2,1,6,1,3,3,5,6,0,0,28,19,7,2,7,19,0,19,10,7,2,2,1,7,0,7,28,16,2,2,10,16,0,16,0,303,0,25,1,277,25,0,0,302,0,11,1,290,11,0,0,186,0,36,0,150,36,0,0,751,0,60,1,690,60,0,0,128,0,16,0,112,16,0,0,2,12,1,0,1,8,0,0,2,2,1,1,1,3,7,2,2,2,1,1,3,0,0,0,High
2021-08-04,Wednesday,3,31,8,Monsoon,0,0,0,1,0,0,1,19.5,32.7,25.9,72.3,Malaria,4,1,6,95,58,7,12,11,172,171.0,180.0,177.0,164.29,11.44,146.0,154.14,None,0,38,5,10,5,1,4,2,0,1,2,4,6,0,0,28,19,6,2,7,19,0,19,10,4,3,1,5,4,0,4,28,18,3,0,10,18,0,18,0,277,0,25,1,251,25,0,0,290,0,15,1,274,15,0,0,150,0,33,0,117,33,0,0,690,0,54,1,635,54,0,0,512,400,17,0,495,17,0,0,2,8,0,0,1,8,1,0,2,2,1,1,1,3,7,1,2,2,1,1,2,0,0,0,High
2021-08-05,Thursday,4,31,8,Monsoon,0,0,0,0,0,1,0,39.2,31.5,22.9,88.3,Malaria,4,1,7,81,65,10,5,9,161,172.0,171.0,166.0,163.57,10.76,122.0,156.0,Flood_Disruption,2,47,1,10,7,0,6,4,0,0,0,2,5,0,0,28,16,5,2,10,16,0,16,10,4,2,0,6,4,0,4,28,22,1,0,6,22,0,22,0,251,0,24,0,227,24,0,0,274,0,16,1,257,16,0,0,117,0,36,0,81,36,0,0,635,0,58,1,576,58,0,0,495,0,14,0,481,14,0,0,2,8,1,0,1,20,1,1,2,2,2,2,1,3,7,1,2,2,1,1,4,0,0,1,High
2021-08-06,Friday,5,31,8,Monsoon,0,0,0,0,0,0,0,16.4,29.9,22.2,79.1,Malaria,4,1,5,82,61,6,5,9,154,161.0,172.0,153.0,162.86,10.74,129.0,158.79,None,0,36,10,12,3,1,1,2,1,2,2,4,4,0,0,28,18,3,1,9,18,0,18,10,3,2,1,6,3,0,3,28,21,4,0,7,21,0,21,0,227,0,24,0,203,24,0,0,257,0,17,0,240,17,0,0,81,0,33,0,48,33,0,0,576,0,55,1,520,55,0,0,481,0,16,0,465,16,0,0,2,12,1,0,1,8,0,0,2,2,1,1,1,2,7,1,2,2,1,1,4,0,0,0,High
2021-08-07,Saturday,6,31,8,Monsoon,1,0,0,0,0,0,0,9.8,30.0,22.1,71.1,Malaria,4,1,5,76,59,5,11,10,151,154.0,161.0,150.0,163.0,10.61,126.0,160.57,None,0,37,6,6,10,2,4,0,1,0,3,5,6,0,0,28,18,7,0,10,18,0,18,10,2,2,2,6,2,0,2,28,22,1,1,5,22,0,22,0,203,0,23,0,180,23,0,1,240,0,11,0,229,11,0,0,48,0,32,0,16,32,0,0,520,0,53,1,466,53,0,0,465,0,13,0,452,13,0,0,2,12,1,0,1,8,1,0,2,2,1,1,1,2,7,1,2,2,1,1,2,0,0,0,High
2021-08-08,Sunday,7,31,8,Monsoon,1,0,0,0,0,0,0,8.3,34.6,28.4,71.1,Malaria,4,1,7,62,57,7,10,9,136,151.0,154.0,153.0,163.14,10.44,146.0,162.36,None,0,40,7,6,4,1,1,3,2,1,2,4,6,0,0,28,19,2,2,7,19,0,19,10,4,0,0,6,4,0,4,28,21,5,2,5,21,0,21,0,180,0,21,0,159,21,0,0,229,0,11,0,218,11,0,0,296,280,31,0,265,31,0,0,466,0,51,1,414,51,0,0,452,0,16,0,436,16,0,0,2,20,1,1,1,8,0,0,2,2,1,1,2,2,7,1,2,2,1,1,2,0,0,1,High
2021-08-09,Monday,1,32,8,Monsoon,0,0,0,0,0,0,0,5.5,33.5,27.6,69.1,,0,0,0,92,23,7,7,7,129,136.0,151.0,180.0,160.71,13.92,165.0,161.64,None,0,10,5,4,4,1,3,0,2,2,2,4,7,0,0,28,18,7,1,9,18,0,18,10,1,3,1,8,1,0,1,28,15,7,2,11,15,0,15,0,159,0,13,0,146,13,0,0,218,0,6,0,212,6,0,0,265,0,15,0,250,15,0,0,414,0,26,1,387,26,0,1,436,0,5,0,431,5,0,0,2,20,1,1,1,8,0,0,2,1,1,1,2,2,6,1,1,1,1,1,2,0,0,1,Watch
2021-08-10,Tuesday,2,32,8,Monsoon,0,0,0,0,0,1,0,12.4,29.4,20.8,82.0,,0,0,0,93,29,10,4,8,136,129.0,136.0,171.0,153.43,15.2,174.0,159.07,None,0,9,11,6,3,0,2,6,1,1,2,4,5,0,0,28,19,2,2,7,19,0,19,10,1,0,0,9,1,0,1,28,17,3,2,9,17,0,17,0,146,0,16,0,130,16,0,0,212,0,8,0,204,8,0,0,250,0,17,0,233,17,0,0,387,0,31,1,355,31,0,0,431,0,16,0,415,16,0,0,2,12,1,0,1,8,0,0,2,1,1,1,1,2,7,1,1,1,1,1,4,0,0,0,Normal
2021-08-11,Wednesday,3,32,8,Monsoon,0,0,1,1,0,0,3,33.8,32.0,24.9,81.6,,0,0,0,101,34,6,23,12,164,136.0,129.0,172.0,148.43,14.33,177.0,156.36,Road_Accident_Surge,4,15,10,1,8,1,1,3,1,1,3,5,4,1,1,28,25,2,0,3,25,0,25,10,3,1,2,5,3,0,3,28,16,2,1,11,16,0,16,0,130,0,20,0,110,20,0,0,204,0,4,0,200,4,0,0,233,0,20,0,213,20,0,0,355,0,35,1,319,35,0,0,415,0,8,0,407,8,0,0,2,12,1,0,1,8,0,0,3,1,3,1,1,3,7,1,1,1,2,3,4,0,0,1,High
2021-08-12,Thursday,4,32,8,Monsoon,0,0,1,0,0,1,1,5.8,31.7,26.5,67.5,,0,0,0,89,22,11,15,9,137,164.0,136.0,161.0,147.29,12.62,166.0,155.43,Road_Accident_Surge,2,7,5,7,3,2,2,7,1,1,3,5,8,0,0,28,25,7,0,3,25,0,25,10,3,2,1,6,3,0,3,28,10,6,1,17,10,0,10,0,410,300,16,1,393,16,0,0,200,0,8,0,192,8,0,0,213,0,14,0,199,14,0,1,319,0,25,1,293,25,0,0,407,0,4,0,403,4,0,0,2,12,1,0,1,8,0,0,2,1,3,1,1,2,7,2,1,1,2,3,2,1,1,1,Watch
2021-08-13,Friday,5,32,8,Monsoon,0,0,0,0,0,0,0,16.4,33.4,26.4,74.4,,0,0,0,84,27,6,6,6,123,137.0,164.0,154.0,143.86,11.65,153.0,153.36,None,0,9,8,2,8,1,4,1,1,0,2,4,6,0,0,28,20,7,2,6,20,0,20,10,2,2,1,7,2,0,2,28,8,5,1,19,8,0,8,0,393,0,12,1,380,12,0,0,192,0,4,0,188,4,0,0,199,0,15,0,184,15,0,0,293,0,28,1,264,28,0,0,403,0,11,0,392,11,0,0,2,12,1,0,1,8,1,0,2,1,1,1,1,2,6,1,1,1,1,1,2,0,0,0,Normal
2021-08-14,Saturday,6,32,8,Monsoon,1,0,0,0,0,0,0,5.7,33.6,24.9,62.6,,0,0,0,73,22,3,10,7,108,123.0,137.0,151.0,139.43,12.79,150.0,151.21,None,0,14,3,3,2,0,3,0,0,0,1,3,7,0,0,28,17,8,0,11,17,0,17,10,0,2,2,8,0,0,0,28,9,1,2,17,9,0,9,0,380,0,13,1,366,13,0,0,188,0,5,0,183,5,0,0,184,0,14,0,170,14,0,0,964,700,23,2,939,23,0,0,392,0,6,0,386,6,0,0,2,8,0,0,1,8,0,0,2,1,1,1,1,2,6,1,1,1,1,1,2,0,0,0,Normal
2021-08-15,Sunday,7,32,8,Monsoon,1,1,0,0,0,0,1,12.1,32.2,23.1,70.1,,0,0,0,64,22,7,12,8,105,108.0,123.0,136.0,133.29,15.75,153.0,148.21,None,0,11,7,3,1,2,3,3,1,0,3,5,4,1,1,28,19,2,1,8,19,0,19,10,1,0,0,9,1,0,1,28,10,2,3,15,10,0,10,0,366,0,14,1,351,14,0,0,183,0,5,0,178,5,0,0,170,0,13,0,157,13,0,0,939,0,23,2,914,23,0,0,386,0,11,0,375,11,0,0,2,12,1,0,1,8,0,0,2,1,1,1,1,2,6,1,1,1,1,1,3,0,0,1,Watch
2021-08-16,Monday,1,33,8,Monsoon,0,0,1,0,0,0,1,27.8,30.5,24.6,80.1,,0,0,0,96,28,4,13,8,141,105.0,108.0,129.0,128.86,18.48,180.0,144.79,None,0,11,9,6,2,2,1,1,1,1,3,5,4,1,1,28,20,4,1,7,20,0,20,10,2,1,1,7,2,0,2,28,6,5,0,22,6,0,6,0,351,0,16,1,334,16,0,0,178,0,8,0,170,8,0,0,157,0,17,0,140,17,0,0,914,0,30,2,882,30,0,0,375,0,8,0,367,8,0,0,2,12,1,0,1,8,0,0,2,1,2,1,1,2,6,1,1,1,1,1,2,0,0,1,Watch
2021-08-17,Tuesday,2,33,8,Monsoon,0,0,0,0,0,1,0,3.6,30.0,20.8,74.9,,0,0,0,91,24,12,5,5,132,141.0,105.0,136.0,130.57,18.97,171.0,142.0,None,0,9,10,1,4,1,4,5,1,2,2,4,4,0,0,28,17,5,0,11,17,0,17,10,3,0,0,7,3,0,3,28,8,0,1,19,8,0,8,0,334,0,10,1,323,10,0,0,170,0,3,0,167,3,0,0,140,0,15,0,125,15,0,0,882,0,26,2,854,26,0,0,367,0,10,0,357,10,0,0,2,12,1,0,1,8,1,0,2,1,1,1,1,2,6,2,1,1,1,1,3,0,0,0,Normal
2021-08-18,Wednesday,3,33,8,Monsoon,0,0,0,1,0,0,1,19.7,31.8,23.3,84.4,,0,0,0,97,33,5,12,8,147,132.0,141.0,164.0,130.0,18.85,172.0,139.21,None,0,17,8,6,2,0,4,1,0,0,2,4,7,0,0,28,17,2,0,11,17,0,17,10,1,2,2,7,1,0,1,28,12,2,0,16,12,0,12,0,323,0,16,1,306,16,0,0,167,0,9,0,158,9,0,0,405,280,20,0,385,20,0,0,854,0,34,2,818,34,0,0,357,0,16,0,341,16,0,0,2,8,0,0,1,8,1,0,3,1,1,1,1,2,6,1,1,1,1,1,2,0,0,0,Normal
2021-08-19,Thursday,4,33,8,Monsoon,0,0,0,0,0,1,0,19.0,33.7,25.2,78.0,Dengue,4,1,6,89,71,10,6,10,176,147.0,132.0,137.0,127.57,15.02,161.0,137.43,None,0,49,8,7,7,1,6,4,0,0,2,4,5,0,0,28,19,1,0,9,19,0,19,10,3,0,1,6,3,0,3,28,16,1,0,12,16,0,16,0,306,0,25,1,280,25,0,0,158,0,13,0,145,13,0,0,385,0,39,0,346,39,0,0,818,0,64,2,752,64,0,0,341,0,19,0,322,19,0,0,2,8,1,0,1,20,1,1,2,2,1,2,1,3,7,1,2,2,1,1,3,0,0,1,High
2021-08-20,Friday,5,33,8,Monsoon,0,0,0,0,0,0,0,10.4,33.7,25.4,75.5,Dengue,4,1,6,90,71,7,7,11,175,176.0,147.0,123.0,133.14,22.74,154.0,138.5,None,0,47,9,8,7,0,4,0,1,2,2,4,7,0,0,28,20,3,0,8,20,0,20,10,0,3,1,9,0,0,0,28,19,4,0,9,19,0,19,0,280,0,26,1,253,26,0,0,145,0,14,0,131,14,0,0,346,0,39,0,307,39,0,0,752,0,64,1,687,64,0,0,322,0,22,0,300,22,0,0,2,12,1,0,1,8,1,0,2,2,1,1,1,3,7,1,2,2,1,1,4,0,0,0,High
2021-08-21,Saturday,6,33,8,Monsoon,1,0,0,0,0,0,0,17.6,33.5,26.1,73.9,Dengue,4,1,7,79,67,5,11,12,162,175.0,176.0,108.0,140.57,26.41,151.0,140.0,None,0,42,8,10,7,0,1,1,2,1,2,4,8,0,0,28,24,2,2,2,24,0,24,10,0,0,0,10,0,0,0,28,22,3,1,5,22,0,22,0,253,0,27,0,226,27,0,0,131,0,16,0,115,16,0,1,307,0,36,0,271,36,0,0,687,0,60,1,626,60,0,0,300,0,20,0,280,20,0,0,2,20,1,1,1,8,0,0,2,2,1,1,2,3,7,1,2,2,1,1,4,0,0,1,High
2021-08-22,Sunday,7,33,8,Monsoon,1,0,0,0,0,0,0,21.0,31.8,26.9,80.7,Dengue,4,1,6,76,72,7,11,13,166,162.0,175.0,105.0,148.29,23.49,136.0,140.79,None,0,52,5,6,9,1,3,2,1,1,2,4,7,0,0,28,23,6,0,5,23,0,23,10,2,0,0,8,2,0,2,28,23,5,1,4,23,0,23,0,226,0,28,0,198,28,0,1,115,0,13,0,102,13,0,0,271,0,39,0,232,39,0,0,626,0,64,1,561,64,0,0,280,0,19,0,261,19,0,0,2,12,1,0,1,8,0,0,2,2,1,1,1,3,8,1,2,2,1,1,2,0,0,0,High
2021-08-23,Monday,1,34,8,Monsoon,0,0,0,0,0,0,0,0.0,32.3,23.5,69.3,Dengue,4,1,7,95,71,5,9,11,180,166.0,162.0,141.0,157.0,15.91,129.0,142.93,None,0,48,6,8,9,2,1,2,0,2,3,5,8,0,0,28,26,2,2,0,26,0,26,10,3,0,2,5,3,0,3,28,22,6,1,5,22,0,22,0,198,0,26,0,172,26,0,0,102,0,14,0,88,14,0,0,232,0,39,0,193,39,0,1,561,0,64,1,496,64,0,0,261,0,19,0,242,19,0,0,2,8,0,0,1,8,0,0,2,2,1,1,1,3,8,1,2,2,1,1,4,0,0,0,High
2021-08-24,Tuesday,2,34,8,Monsoon,0,0,0,0,0,1,0,1.1,29.9,22.0,69.1,Dengue,4,1,4,97,63,12,7,11,179,180.0,166.0,132.0,162.57,16.16,136.0,146.57,None,0,41,3,11,8,0,3,5,1,3,1,3,8,0,0,28,27,0,1,0,28,1,28,10,6,1,0,4,6,0,6,28,19,8,1,8,19,0,19,1,172,0,26,0,146,26,0,0,88,0,16,0,72,16,0,0,193,0,35,0,158,35,0,0,496,0,58,1,437,58,0,0,242,0,16,0,226,16,0,1,2,12,1,0,1,8,0,0,3,2,1,1,1,3,8,2,2,2,1,1,4,0,0,1,Critical
2021-08-25,Wednesday,3,34,8,Monsoon,0,0,0,1,0,0,1,1.6,31.8,24.0,72.0,Dengue,4,1,6,107,66,4,11,12,188,179.0,180.0,147.0,169.29,11.0,164.0,149.64,None,0,47,7,7,5,2,3,0,0,1,3,5,7,0,0,28,28,7,0,0,29,1,29,10,6,1,0,4,6,0,6,28,18,4,2,8,18,0,18,1,146,0,26,0,120,26,0,0,72,0,13,0,59,13,0,0,158,0,38,0,120,38,0,0,437,0,61,1,375,61,0,1,226,0,15,0,211,15,0,0,2,8,0,0,1,8,0,0,3,2,1,1,1,3,8,1,2,2,1,1,4,0,0,1,Critical
2021-08-26,Thursday,4,34,8,Monsoon,0,0,0,0,0,1,0,33.5,31.9,24.2,82.2,Dengue,4,1,5,87,75,10,4,11,176,188.0,179.0,176.0,175.14,8.11,137.0,151.36,None,0,56,3,8,8,1,3,5,1,1,1,3,8,0,0,28,23,8,1,4,23,0,23,10,3,5,1,6,3,0,3,28,20,5,2,6,20,0,20,0,120,0,27,0,93,27,0,0,309,250,15,1,293,15,0,0,120,0,42,0,78,42,0,0,375,0,67,1,307,67,0,0,211,0,20,0,191,20,0,0,2,12,1,0,1,8,0,0,2,2,1,1,1,3,7,1,2,2,1,1,4,0,0,0,High
2021-08-27,Friday,5,34,8,Monsoon,0,0,0,0,0,0,0,0.0,29.9,20.6,71.2,Dengue,4,1,5,95,68,6,7,10,176,176.0,188.0,175.0,175.14,8.11,123.0,154.14,None,0,53,7,6,2,0,3,1,0,2,1,3,7,0,0,28,24,3,2,2,24,0,24,10,1,3,1,8,1,0,1,28,21,4,2,5,21,0,21,0,393,300,24,1,368,24,0,0,293,0,12,1,280,12,0,0,78,0,39,0,39,39,0,0,307,0,62,0,245,62,0,0,191,0,18,0,173,18,0,0,2,8,0,0,1,8,0,0,2,2,1,1,1,3,7,1,2,2,1,1,2,0,0,0,High
2021-08-28,Saturday,6,34,8,Monsoon,1,0,0,0,0,0,0,3.1,31.7,25.3,77.6,Dengue,4,1,5,80,64,3,9,10,156,176.0,176.0,162.0,175.29,8.12,108.0,157.93,None,0,41,8,8,7,0,1,2,0,0,1,3,5,0,0,28,23,4,1,4,23,0,23,10,2,0,2,6,2,0,2,28,24,3,0,4,24,0,24,0,368,0,24,1,343,24,0,0,280,0,14,1,265,14,0,0,39,0,35,0,4,35,0,0,245,0,58,0,187,58,0,0,173,0,20,0,153,20,0,0,2,8,0,0,1,8,0,0,2,2,1,1,1,2,8,1,2,2,1,1,4,0,0,0,High
2021-08-29,Sunday,7,34,8,Monsoon,1,0,0,0,0,0,0,5.0,30.1,21.3,73.0,Dengue,4,1,6,74,70,5,10,10,159,156.0,176.0,166.0,174.43,9.65,105.0,161.36,None,0,52,8,3,7,1,3,1,0,1,2,4,4,0,0,28,21,5,0,7,21,0,21,10,2,1,0,8,2,0,2,28,26,2,2,0,28,2,28,2,343,0,23,1,319,23,0,0,265,0,10,1,254,10,0,0,284,280,39,0,245,39,0,0,187,0,62,0,125,62,0,0,153,0,21,0,132,21,0,0,2,8,0,0,1,8,0,0,2,2,1,1,1,2,8,1,2,2,1,1,4,0,0,1,Critical
2021-08-30,Monday,1,35,8,Monsoon,0,0,0,0,0,0,0,3.6,31.9,24.1,81.3,Dengue,4,1,7,101,68,6,5,10,180,159.0,156.0,180.0,173.43,10.77,141.0,165.21,None,0,54,3,4,7,1,3,2,1,0,1,3,5,0,0,28,24,3,2,2,24,0,24,10,2,1,0,8,2,0,2,28,24,7,0,4,24,0,24,0,319,0,23,1,295,23,0,0,254,0,10,0,244,10,0,0,245,0,40,0,205,40,0,0,825,700,62,2,761,62,0,0,132,0,12,0,120,12,0,0,2,12,1,0,1,8,0,0,3,2,1,1,1,3,8,1,2,2,1,1,4,0,0,0,High
2021-08-31,Tuesday,2,35,8,Monsoon,0,0,0,0,0,1,0,3.0,28.9,21.4,77.0,Dengue,4,1,5,93,65,11,8,12,177,180.0,159.0,179.0,173.43,10.77,132.0,168.0,None,0,43,5,11,6,0,4,2,0,5,1,3,6,0,0,28,26,3,2,0,26,0,26,10,1,2,0,9,1,0,1,28,26,4,0,2,26,0,26,0,295,0,27,1,267,27,0,0,244,0,16,0,228,16,0,0,205,0,36,0,169,36,0,1,761,0,59,1,701,59,0,0,520,400,18,1,501,18,0,0,2,8,1,0,1,8,1,0,2,2,1,1,1,3,8,2,2,2,1,1,4,0,0,0,High
2021-09-01,Wednesday,3,35,9,Monsoon,0,0,0,1,0,0,1,5.1,28.6,20.3,78.9,Dengue,4,1,6,106,68,7,12,13,193,177.0,180.0,188.0,173.14,10.64,147.0,171.21,None,0,43,10,8,7,1,3,4,0,0,3,5,5,0,0,28,26,5,2,0,29,3,29,10,0,1,1,9,0,0,0,28,26,5,1,1,26,0,26,3,267,0,28,0,239,28,0,0,228,0,14,0,214,14,0,0,169,0,38,0,131,38,0,0,701,0,63,1,637,63,0,0,501,0,20,0,481,20,0,0,2,8,0,0,1,8,0,0,3,2,1,1,1,3,8,1,2,2,1,1,2,0,0,1,Critical
2021-09-02,Thursday,4,35,9,Monsoon,0,0,0,0,0,1,0,0.0,28.9,21.2,74.2,Dengue,4,1,6,97,64,10,6,11,177,193.0,177.0,176.0,173.86,11.73,176.0,174.5,None,0,36,10,11,7,1,5,3,0,2,2,4,4,0,0,28,26,7,0,2,26,0,26,10,2,0,0,8,2,0,2,28,27,4,1,0,27,0,27,0,239,0,26,0,213,26,0,0,214,0,16,0,198,16,0,0,131,0,34,0,97,34,0,0,637,0,59,1,577,59,0,0,481,0,20,0,461,20,0,0,2,8,1,0,1,8,1,0,3,2,1,1,1,3,8,1,2,2,1,1,3,0,0,0,High
2021-09-03,Friday,5,35,9,Monsoon,0,0,0,0,0,0,0,2.9,31.4,21.7,68.2,Dengue,4,1,6,93,66,4,5,10,168,177.0,193.0,176.0,174.0,11.76,175.0,174.57,None,0,44,7,9,6,1,3,1,0,0,2,4,6,0,0,28,26,2,2,0,29,3,29,10,3,1,2,5,3,0,3,28,23,7,1,4,23,0,23,3,213,0,25,0,188,25,0,1,198,0,15,0,183,15,0,0,97,0,37,0,60,37,0,0,577,0,60,1,516,60,0,0,461,0,14,0,447,14,0,0,2,8,0,0,1,8,0,0,2,2,1,1,1,3,8,1,2,2,1,1,4,0,0,1,Critical
2021-09-04,Saturday,6,35,9,Monsoon,1,0,0,0,0,0,0,6.1,30.5,25.0,73.8,Dengue,4,1,7,82,65,5,11,10,163,168.0,177.0,156.0,172.86,11.9,162.0,174.07,None,0,49,5,5,6,1,1,2,0,2,2,4,6,0,0,28,27,4,1,0,29,2,29,10,4,0,2,4,4,0,4,28,26,0,2,0,28,2,28,4,188,0,23,0,165,23,0,0,183,0,11,0,172,11,0,0,60,0,37,0,23,37,0,0,516,0,59,1,456,59,0,0,447,0,17,0,430,17,0,0,2,8,0,0,1,8,0,0,2,2,1,1,1,3,8,1,2,2,1,1,2,0,0,2,Critical
2021-09-05,Sunday,7,35,9,Monsoon,1,0,0,0,1,0,0,0.7,27.8,18.0,73.2,Dengue,4,1,6,81,66,9,8,11,164,163.0,168.0,159.0,173.86,10.67,166.0,174.14,None,0,51,5,5,5,0,5,2,1,1,1,3,8,0,0,28,24,9,1,3,24,0,24,10,6,0,2,2,6,0,6,28,27,6,1,0,27,0,27,0,165,0,25,0,140,25,0,0,172,0,11,0,161,11,0,0,23,0,23,0,0,37,14,0,456,0,59,1,396,59,0,1,430,0,16,0,414,16,0,0,2,12,1,0,1,8,1,0,2,2,1,1,1,3,8,1,2,2,1,1,3,0,0,1,High
2021-09-06,Monday,1,36,9,Monsoon,0,0,0,0,0,0,0,21.6,25.2,17.5,79.2,Dengue,4,1,7,94,72,3,7,11,176,164.0,163.0,180.0,174.57,9.78,180.0,174.0,None,0,46,11,6,9,0,2,0,0,1,2,4,8,0,0,28,21,7,1,6,21,0,21,10,3,4,2,5,3,0,3,28,21,12,2,5,21,0,21,0,140,0,26,0,114,26,0,0,161,0,13,0,148,13,0,0,280,280,39,0,241,39,0,0,396,0,65,1,330,65,0,0,414,0,22,0,392,22,0,0,2,8,0,0,1,8,0,0,2,2,1,1,1,3,7,1,2,2,1,1,3,0,0,0,High
2021-09-07,Tuesday,2,36,9,Monsoon,0,0,0,0,0,1,0,12.0,28.8,20.2,70.4,Dengue,4,1,6,92,67,11,9,12,179,176.0,164.0,177.0,174.0,9.56,179.0,173.71,None,0,42,6,10,9,0,2,7,2,0,1,3,7,0,0,28,15,8,1,12,15,0,15,10,8,0,1,1,8,0,8,28,23,3,2,3,23,0,23,0,114,0,27,0,87,27,0,0,148,0,16,0,132,16,0,0,241,0,36,0,205,36,0,0,330,0,61,1,268,61,0,0,392,0,17,0,375,17,0,0,2,20,1,1,1,8,0,0,2,2,1,1,2,3,7,2,2,2,1,1,4,0,0,1,High
2021-09-08,Wednesday,3,36,9,Monsoon,0,0,0,1,0,0,1,12.2,30.1,23.9,82.1,Dengue,4,1,5,102,73,5,11,14,191,179.0,176.0,193.0,174.29,9.68,188.0,173.71,None,0,47,7,14,5,2,4,0,0,1,3,5,8,0,0,28,12,6,0,16,12,0,12,10,7,3,2,1,7,0,7,28,28,3,0,0,29,1,29,1,387,300,32,1,354,32,0,0,132,0,20,0,112,20,0,1,205,0,40,0,165,40,0,1,268,0,67,0,201,67,0,0,375,0,27,0,348,27,0,0,2,8,0,0,1,8,1,0,3,2,1,1,1,3,7,1,2,2,1,1,2,0,0,1,Critical
2021-09-09,Thursday,4,36,9,Monsoon,0,0,0,0,0,1,0,13.5,27.3,19.3,79.2,Dengue,4,1,6,90,68,12,7,12,177,191.0,179.0,177.0,174.0,9.13,176.0,173.93,None,0,48,7,7,6,2,3,4,0,5,3,5,5,0,0,28,18,2,0,10,18,0,18,10,6,3,1,3,6,0,6,28,27,1,1,0,30,3,30,3,354,0,27,1,326,27,0,0,112,0,13,0,99,13,0,0,165,0,38,0,127,38,0,0,201,0,62,0,139,62,0,0,348,0,13,0,335,13,0,0,2,8,1,0,1,8,0,0,2,2,1,1,1,3,8,2,2,2,1,1,4,0,0,1,Critical
2021-09-10,Friday,5,36,9,Monsoon,0,0,0,0,0,0,0,4.3,28.4,20.8,75.1,Dengue,4,1,6,92,65,5,6,11,168,177.0,191.0,168.0,174.0,9.13,176.0,174.0,None,0,46,9,3,7,2,2,2,0,1,3,5,8,0,0,28,17,6,1,10,17,0,17,10,5,3,2,3,5,0,5,28,25,9,0,3,25,0,25,0,326,0,24,1,301,24,0,0,99,0,9,0,90,9,0,0,127,0,37,0,90,37,0,0,839,700,59,2,778,59,0,0,335,0,18,0,317,18,0,0,2,8,0,0,1,8,0,0,2,2,1,1,1,3,7,1,2,2,1,1,4,0,0,0,High
2021-09-11,Saturday,6,36,9,Monsoon,1,0,0,0,0,0,0,23.3,27.4,18.7,77.7,Dengue,4,1,6,81,69,5,11,12,166,168.0,177.0,163.0,174.0,9.13,156.0,173.43,None,0,49,10,9,1,0,3,0,1,1,2,4,8,0,0,28,19,1,2,7,19,0,19,10,8,0,2,0,9,1,9,28,24,6,2,2,24,0,24,1,301,0,27,1,273,27,0,0,90,0,15,0,75,15,0,0,90,0,38,0,52,38,0,0,778,0,62,1,715,62,0,0,317,0,19,0,298,19,0,0,2,12,1,0,1,8,0,0,2,2,1,1,1,3,8,1,2,2,1,1,4,0,0,1,Critical
2021-09-12,Sunday,7,36,9,Monsoon,1,0,0,0,0,0,0,0.3,29.6,22.7,70.9,Dengue,4,1,5,78,64,6,13,11,161,166.0,168.0,164.0,174.43,8.67,159.0,174.14,Snakebite_Cluster,1,37,14,11,2,2,3,2,1,0,4,6,4,2,1,28,13,9,1,14,13,0,13,10,10,3,0,0,11,1,11,28,19,8,1,8,19,0,19,1,273,0,26,0,247,26,0,0,75,0,16,0,59,16,0,0,52,0,34,0,18,34,0,0,715,0,57,1,657,57,0,0,298,0,19,0,279,19,0,0,2,12,1,0,1,8,0,0,2,2,3,1,1,3,7,1,2,2,1,1,2,0,0,2,Critical
2021-09-13,Monday,1,37,9,Monsoon,0,0,0,0,0,0,0,36.0,30.4,22.2,85.3,Dengue,4,1,6,94,78,4,10,14,186,161.0,166.0,176.0,174.0,9.23,180.0,174.29,None,0,49,15,5,9,1,2,1,1,0,3,5,7,0,0,28,13,4,1,14,13,0,13,10,5,9,1,4,5,0,5,28,23,3,2,3,23,0,23,0,247,0,30,0,217,30,0,0,309,250,12,1,296,12,0,0,18,0,18,0,0,42,24,0,657,0,70,1,586,70,0,0,279,0,26,0,253,26,0,0,2,12,1,0,1,8,0,0,2,2,1,1,1,3,7,1,2,2,1,1,3,0,0,1,High
2021-09-14,Tuesday,2,37,9,Monsoon,0,0,0,0,0,1,0,27.6,29.1,20.4,78.2,Dengue,4,1,6,94,72,10,3,11,179,186.0,161.0,179.0,175.43,10.15,177.0,174.71,None,0,40,12,14,6,1,3,7,0,0,3,5,6,0,0,28,15,3,0,13,15,0,15,10,3,2,2,5,3,0,3,28,25,4,0,3,25,0,25,0,217,0,28,0,189,28,0,1,296,0,20,1,275,20,0,0,280,280,38,0,242,38,0,0,586,0,65,1,520,65,0,0,253,0,23,0,230,23,0,0,2,8,1,0,1,8,0,0,2,2,1,1,1,3,7,1,2,2,1,1,3,0,0,0,High
2021-09-15,Wednesday,3,37,9,Monsoon,0,0,0,1,0,0,1,23.9,27.2,18.1,85.2,Dengue,4,1,8,103,75,6,16,12,200,179.0,186.0,191.0,175.43,10.15,193.0,174.86,None,0,45,11,10,9,1,4,1,0,1,3,5,5,0,0,28,12,7,0,16,12,0,12,10,6,0,0,4,6,0,6,28,22,8,1,5,22,0,22,0,189,0,29,0,160,29,0,0,275,0,16,1,258,16,0,0,242,0,40,0,202,40,0,1,520,0,68,1,451,68,0,0,230,0,20,0,210,20,0,1,2,8,0,0,1,8,1,0,3,2,2,1,1,3,7,1,2,2,2,2,4,0,0,0,High
2021-09-16,Thursday,4,37,9,Monsoon,0,0,0,0,0,1,0,11.2,27.7,20.6,77.8,Dengue,4,1,8,87,67,9,6,10,169,200.0,179.0,177.0,176.71,12.37,177.0,175.36,None,0,45,8,9,5,2,2,2,2,3,3,5,6,0,0,28,10,5,2,16,10,0,10,10,9,1,1,0,9,0,9,28,24,1,2,2,24,0,24,0,160,0,25,0,135,25,0,0,258,0,15,0,243,15,0,0,202,0,37,0,165,37,0,0,451,0,61,1,389,61,0,1,210,0,16,0,194,16,0,0,2,20,1,1,1,8,0,0,2,2,1,1,2,3,7,1,2,2,1,1,4,0,0,1,High
2021-09-17,Friday,5,37,9,Monsoon,0,0,0,0,0,0,0,1.8,28.2,20.4,74.8,Dengue,4,1,5,88,67,5,7,11,167,169.0,200.0,168.0,175.57,12.66,168.0,174.79,None,0,42,5,9,11,0,3,2,0,0,1,3,8,0,0,28,11,3,2,15,11,0,11,10,8,3,2,0,8,0,8,28,22,7,2,4,22,0,22,0,135,0,26,0,109,26,0,0,243,0,15,0,228,15,0,0,165,0,36,0,129,36,0,0,389,0,61,1,327,61,0,0,194,0,16,0,178,16,0,0,2,8,0,0,1,8,0,0,2,2,1,1,1,3,7,1,2,2,1,1,4,0,0,0,High
2021-09-18,Saturday,6,37,9,Monsoon,1,0,0,0,0,0,0,1.7,27.5,18.8,73.3,Dengue,4,1,6,80,71,4,9,10,164,167.0,169.0,166.0,175.43,12.75,163.0,174.71,None,0,43,10,10,8,1,4,0,0,0,2,4,8,0,0,28,12,3,1,15,12,0,12,10,6,3,2,2,6,0,6,28,19,8,0,9,19,0,19,0,109,0,26,0,83,26,0,0,228,0,16,0,212,16,0,0,129,0,37,0,92,37,0,0,327,0,63,1,263,63,0,0,178,0,20,0,158,20,0,0,2,8,0,0,1,8,1,0,2,2,1,1,1,3,7,1,2,2,1,1,4,0,0,0,High
2021-09-19,Sunday,7,37,9,Monsoon,1,0,0,0,0,0,0,17.8,25.7,19.4,80.8,Dengue,4,1,5,73,75,4,9,12,161,164.0,167.0,161.0,175.14,12.98,164.0,174.79,None,0,52,12,5,6,4,3,0,0,1,5,6,5,1,1,28,15,2,3,10,15,0,15,10,5,4,2,3,5,0,5,28,18,5,1,9,18,0,18,0,383,300,27,1,355,27,0,0,212,0,12,0,200,12,0,0,92,0,40,0,52,40,0,0,263,0,66,0,197,66,0,0,158,0,21,0,137,21,0,0,2,8,0,0,1,8,0,0,2,2,1,1,1,3,7,1,2,2,1,1,2,0,0,1,High
2021-09-20,Monday,1,38,9,Monsoon,0,0,0,0,0,0,0,4.2,27.6,17.1,80.7,Dengue,4,1,6,94,71,6,5,10,176,161.0,164.0,186.0,175.14,12.98,176.0,174.57,None,0,48,6,11,6,1,3,1,1,1,2,4,6,0,0,28,18,2,1,9,18,0,18,10,3,3,1,6,3,0,3,28,21,1,2,5,21,0,21,0,355,0,26,1,328,26,0,0,200,0,17,0,183,17,0,0,52,0,39,0,13,39,0,0,197,0,64,0,133,64,0,0,137,0,16,0,121,16,0,0,2,12,1,0,1,8,0,0,2,2,1,1,1,3,7,1,2,2,1,1,3,0,0,0,High
2021-09-21,Tuesday,2,38,9,Monsoon,0,0,0,0,0,1,0,6.8,23.5,14.8,73.8,Dengue,4,1,6,93,66,10,8,13,177,176.0,161.0,179.0,173.71,12.23,179.0,174.57,None,0,44,11,5,6,0,7,2,0,1,2,4,6,0,0,28,22,2,2,4,22,0,22,10,3,2,2,5,3,0,3,28,22,4,1,5,22,0,22,0,328,0,27,1,300,27,0,0,183,0,11,0,172,11,0,0,293,280,37,0,256,37,0,0,833,700,60,2,771,60,0,0,121,0,20,0,101,20,0,0,2,8,1,0,1,20,1,1,2,2,1,2,1,3,7,1,2,2,1,1,2,0,0,1,High
2021-09-22,Wednesday,3,38,9,Monsoon,0,0,0,1,0,0,1,2.1,27.7,18.4,74.1,Dengue,4,1,7,102,65,3,15,11,185,177.0,176.0,200.0,173.43,12.13,191.0,174.43,None,0,46,9,6,4,2,1,0,0,2,3,5,7,0,0,28,17,7,2,9,17,0,17,10,3,1,1,6,3,0,3,28,23,7,0,5,23,0,23,0,300,0,25,1,274,25,0,0,172,0,12,0,160,12,0,0,256,0,37,0,219,37,0,0,771,0,60,1,710,60,0,0,501,400,26,0,475,26,0,0,2,8,0,0,1,8,0,0,3,2,2,1,1,3,7,1,2,2,2,2,2,0,0,0,High
2021-09-23,Thursday,4,38,9,Monsoon,0,0,0,0,0,1,0,3.0,24.9,15.8,75.2,Dengue,4,1,5,91,69,11,7,12,178,185.0,177.0,169.0,171.29,7.8,177.0,174.0,None,0,41,8,10,10,1,3,5,1,2,2,4,6,0,0,28,17,6,0,11,17,0,17,10,3,3,1,6,3,0,3,28,22,4,2,4,22,0,22,0,274,0,28,0,246,28,0,0,160,0,16,0,144,16,0,0,219,0,37,0,182,37,0,1,710,0,62,1,647,62,0,0,475,0,15,0,460,15,0,0,2,12,1,0,1,8,0,0,2,2,1,1,1,3,7,2,2,2,1,1,2,0,0,0,High
2021-09-24,Friday,5,38,9,Monsoon,0,0,0,0,0,0,0,8.5,28.8,20.6,79.3,Dengue,4,1,5,87,72,4,9,11,172,178.0,185.0,167.0,172.57,8.05,168.0,174.07,None,0,42,9,10,11,1,3,1,0,0,2,4,5,0,0,28,13,6,2,13,13,0,13,10,3,2,0,7,3,0,3,28,26,3,2,0,26,0,26,0,246,0,27,0,219,27,0,0,144,0,16,0,128,16,0,1,182,0,38,0,144,38,0,0,647,0,65,1,581,65,0,0,460,0,23,0,437,23,0,0,2,8,0,0,1,8,0,0,2,2,1,1,1,3,7,1,2,2,1,1,3,0,0,0,High
2021-09-25,Saturday,6,38,9,Monsoon,1,0,0,0,0,0,0,0.0,28.0,20.5,76.0,Dengue,4,1,4,79,62,4,14,10,159,172.0,178.0,164.0,173.29,7.74,166.0,174.36,None,0,32,8,15,7,1,1,2,1,0,2,4,8,0,0,28,13,3,1,14,13,0,13,10,4,1,2,4,4,0,4,28,26,4,2,0,27,1,27,1,219,0,26,0,193,26,0,1,128,0,20,0,108,20,0,0,144,0,32,0,112,32,0,0,581,0,56,1,524,56,0,0,437,0,19,0,418,19,0,0,2,12,1,0,1,8,0,0,2,2,2,1,1,2,7,1,2,2,2,2,4,0,0,1,Critical
2021-09-26,Sunday,7,38,9,Monsoon,1,0,0,0,0,0,0,8.5,29.8,22.9,72.9,Dengue,4,1,6,75,69,5,12,13,161,159.0,172.0,161.0,172.57,8.73,161.0,173.86,None,0,44,8,12,5,2,3,1,0,1,3,5,5,0,0,28,17,2,1,10,17,0,17,10,4,3,0,6,4,0,4,28,26,3,2,0,28,2,28,2,193,0,30,0,163,30,0,0,108,0,18,0,90,18,0,0,112,0,37,0,75,37,0,0,524,0,61,1,462,61,0,0,418,0,18,0,400,18,0,0,2,8,0,0,1,8,0,0,2,2,1,1,1,3,7,1,2,2,1,1,4,0,0,1,Critical
2021-09-27,Monday,1,39,9,Monsoon,0,0,0,0,0,0,0,4.7,27.0,16.9,79.0,Dengue,4,1,5,96,69,4,8,11,177,161.0,159.0,176.0,172.57,8.73,186.0,173.86,None,0,46,10,8,5,1,1,1,2,0,2,4,5,0,0,28,17,6,2,9,17,0,17,10,6,0,0,4,6,0,6,28,25,6,0,3,25,0,25,0,163,0,26,0,137,26,0,0,90,0,14,0,76,14,0,0,75,0,38,0,37,38,0,0,462,0,63,1,398,63,0,1,400,0,16,0,384,16,0,0,2,20,1,1,1,8,0,0,2,2,1,1,2,3,8,1,2,2,1,1,3,0,0,1,High
2021-09-28,Tuesday,2,39,9,Monsoon,0,0,0,0,0,1,0,10.0,27.0,19.1,79.4,Dengue,4,1,6,101,66,9,6,13,182,177.0,161.0,177.0,172.71,8.79,179.0,173.21,None,0,45,10,6,5,1,4,4,0,1,2,4,5,0,0,28,13,7,1,14,13,0,13,10,8,1,2,0,8,0,8,28,26,5,2,0,27,1,27,1,137,0,27,0,110,27,0,0,76,0,12,0,64,12,0,0,37,0,37,0,0,37,0,0,398,0,61,1,336,61,0,0,384,0,24,0,360,24,0,0,2,8,0,0,1,8,1,0,3,2,1,1,1,3,7,1,2,2,1,1,2,0,0,1,Critical
2021-09-29,Wednesday,3,39,9,Monsoon,0,0,0,1,0,0,1,14.3,24.8,16.3,87.1,Dengue,4,1,5,100,72,3,13,11,188,182.0,177.0,185.0,173.43,9.3,200.0,173.43,None,0,44,9,7,12,1,1,2,0,0,2,4,5,0,0,28,14,3,1,13,14,0,14,10,8,2,2,0,10,2,10,28,22,8,0,6,22,0,22,2,110,0,26,0,84,26,0,0,314,250,14,1,299,14,0,0,280,280,39,0,241,39,0,0,336,0,66,1,269,66,0,0,360,0,15,0,345,15,0,0,2,8,0,0,1,8,0,0,3,2,2,1,1,3,7,1,2,2,1,1,2,0,0,1,Critical
2021-09-30,Thursday,4,39,9,Monsoon,0,0,0,0,0,1,0,16.7,26.6,20.6,82.1,Dengue,4,1,6,86,74,10,9,13,179,188.0,182.0,178.0,173.86,9.88,169.0,172.57,None,0,47,7,8,12,0,2,7,0,1,1,3,6,0,0,28,18,3,1,9,18,0,18,10,4,6,2,4,4,0,4,28,24,4,2,2,24,0,24,0,384,300,29,1,354,29,0,0,299,0,15,1,283,15,0,0,241,0,40,0,201,40,0,1,269,0,66,0,203,66,0,0,345,0,20,0,325,20,0,0,2,8,1,0,1,8,0,0,2,2,1,1,1,3,7,1,2,2,1,1,3,0,0,0,High
2021-10-01,Friday,5,39,10,Post_Monsoon,0,0,0,0,0,0,0,0.3,25.5,15.7,49.7,Dengue,4,1,5,91,60,6,7,10,164,179.0,188.0,172.0,174.0,9.94,167.0,173.29,None,0,37,6,6,11,1,4,2,0,0,2,4,7,0,0,28,18,3,0,10,18,0,18,10,4,2,2,4,4,0,4,28,24,5,2,2,24,0,24,0,354,0,23,1,330,23,0,0,283,0,11,1,271,11,0,0,201,0,33,0,168,33,0,0,203,0,55,0,148,55,0,0,325,0,18,0,307,18,0,0,2,8,0,0,1,8,1,0,2,2,1,1,1,3,7,1,2,2,1,1,4,0,0,0,High
2021-10-02,Saturday,6,39,10,Post_Monsoon,1,1,0,0,0,0,1,0.6,27.2,18.6,43.9,,0,0,0,72,17,5,13,8,107,164.0,179.0,159.0,172.86,10.55,164.0,173.07,None,0,7,2,6,2,0,3,0,1,1,1,3,4,0,0,28,14,6,0,14,14,0,14,10,3,2,2,5,3,0,3,28,27,2,0,1,27,0,27,0,330,0,14,1,315,14,0,0,271,0,7,1,263,7,0,0,168,0,11,0,157,11,0,0,848,700,19,2,827,19,0,0,307,0,11,0,296,11,0,0,2,12,1,0,1,8,0,0,2,1,2,1,1,2,7,1,1,1,1,1,2,0,0,0,Normal
2021-10-03,Sunday,7,39,10,Post_Monsoon,1,0,0,0,0,0,0,5.6,23.1,15.7,59.9,,0,0,0,69,18,6,11,7,104,107.0,164.0,161.0,165.43,25.46,161.0,169.0,None,0,4,6,5,3,0,3,1,0,2,1,3,8,0,0,28,13,4,1,14,13,0,13,10,4,0,1,5,4,0,4,28,24,6,1,3,24,0,24,0,315,0,13,1,301,13,0,0,263,0,6,1,256,6,0,0,157,0,11,0,146,11,0,0,827,0,20,2,805,20,0,0,296,0,9,0,287,9,0,0,2,8,0,0,1,8,0,0,2,1,1,1,1,2,7,1,1,1,1,1,2,0,0,0,Normal
2021-10-04,Monday,1,40,10,Post_Monsoon,0,0,0,0,0,0,0,0.8,25.5,15.9,50.3,,0,0,0,85,17,6,7,6,115,104.0,107.0,177.0,157.29,33.44,176.0,164.93,None,0,6,4,6,1,0,2,2,1,1,1,3,5,0,0,28,12,4,0,16,12,0,12,10,4,1,0,6,4,0,4,28,19,7,2,7,19,0,19,0,301,0,12,1,288,12,0,0,256,0,7,0,249,7,0,0,146,0,11,0,135,11,0,0,805,0,20,2,783,20,0,0,287,0,6,0,281,6,0,0,2,12,1,0,1,8,0,0,2,1,1,1,1,2,6,1,1,1,1,1,3,0,0,0,Normal
2021-10-05,Tuesday,2,40,10,Post_Monsoon,0,0,0,0,0,1,0,4.4,27.2,20.5,58.3,,0,0,0,86,22,9,7,8,124,115.0,104.0,182.0,148.43,35.21,177.0,160.57,None,0,8,5,5,4,0,5,2,1,1,1,3,4,0,0,28,14,3,1,13,14,0,14,10,5,1,0,5,5,0,5,28,18,2,2,8,18,0,18,0,288,0,14,1,273,14,0,0,249,0,7,0,242,7,0,0,135,0,14,0,121,14,0,0,783,0,24,2,757,24,0,0,281,0,4,0,277,4,0,0,2,12,1,0,1,8,1,0,2,1,1,1,1,2,7,1,1,1,1,1,4,0,0,0,Normal
2021-10-06,Wednesday,3,40,10,Post_Monsoon,0,0,0,1,0,0,1,4.1,27.4,16.4,56.4,,0,0,0,93,19,6,13,8,131,124.0,115.0,188.0,140.14,33.09,185.0,156.79,None,0,4,2,9,4,0,3,1,1,1,1,3,7,0,0,28,16,4,0,12,16,0,16,10,2,4,0,8,2,0,2,28,14,5,2,12,14,0,14,0,273,0,15,1,257,15,0,0,242,0,10,0,232,10,0,0,401,280,12,0,389,12,0,0,757,0,23,1,733,23,0,0,277,0,3,0,274,3,0,0,2,12,1,0,1,8,0,0,2,1,2,1,1,2,6,1,1,1,1,1,2,0,0,0,Normal
2021-10-07,Thursday,4,40,10,Post_Monsoon,0,0,0,0,1,1,0,0.8,28.3,15.5,48.8,,0,0,0,90,17,13,5,8,125,131.0,124.0,179.0,132.0,26.72,178.0,152.93,None,0,6,4,3,4,1,4,2,2,5,1,3,5,0,0,28,20,2,0,8,20,0,20,10,1,2,2,7,1,0,1,28,12,3,1,15,12,0,12,0,257,0,13,0,244,13,0,0,232,0,4,0,228,4,0,0,389,0,12,0,377,12,0,0,733,0,21,1,711,21,0,0,274,0,5,0,269,5,0,0,2,20,1,1,1,8,1,0,2,1,1,1,2,2,6,2,1,1,1,1,4,0,0,1,Watch
2021-10-08,Friday,5,40,10,Post_Monsoon,0,0,0,0,0,0,0,0.9,26.1,20.1,41.8,,0,0,0,82,11,4,8,5,105,125.0,131.0,164.0,124.29,18.59,172.0,149.14,None,0,3,4,2,2,0,2,2,0,0,1,3,7,0,0,28,17,6,0,11,17,0,17,10,2,0,1,7,2,0,2,28,12,1,0,16,12,0,12,0,244,0,8,0,236,8,0,0,228,0,3,0,225,3,0,0,377,0,9,0,368,9,0,0,711,0,15,1,695,15,0,0,269,0,4,0,265,4,0,0,2,8,0,0,1,8,0,0,2,1,1,1,1,2,6,1,1,1,1,1,4,0,0,0,Normal
2021-10-09,Saturday,6,40,10,Post_Monsoon,1,0,0,0,0,0,0,0.0,27.0,20.3,51.4,,0,0,0,68,18,4,13,8,103,105.0,125.0,107.0,115.86,10.12,159.0,144.36,None,0,2,7,6,3,0,1,1,0,2,1,3,8,0,0,28,19,3,0,9,19,0,19,10,2,1,1,7,2,0,2,28,10,4,2,16,10,0,10,0,236,0,14,0,222,14,0,0,225,0,7,0,218,7,0,0,368,0,10,0,358,10,0,0,695,0,20,1,674,20,0,0,265,0,8,0,257,8,0,0,2,8,0,0,1,8,0,0,2,1,2,1,1,2,6,1,1,1,1,1,3,0,0,0,Normal
2021-10-10,Sunday,7,40,10,Post_Monsoon,1,0,0,0,0,0,0,0.0,27.4,20.2,44.9,,0,0,0,69,10,6,12,8,97,103.0,105.0,104.0,115.29,10.7,161.0,140.36,None,0,3,1,3,3,0,3,1,1,1,1,3,7,0,0,28,22,5,0,6,22,0,22,10,1,1,2,7,1,0,1,28,8,2,2,18,8,0,8,0,222,0,12,0,210,12,0,0,218,0,4,0,214,4,0,0,358,0,8,0,350,8,0,0,674,0,14,1,659,14,0,0,257,0,0,0,257,0,0,0,2,12,1,0,1,8,0,0,2,1,1,1,1,2,6,1,1,1,1,1,4,0,0,0,Normal
2021-10-11,Monday,1,41,10,Post_Monsoon,0,0,0,0,0,0,0,0.7,26.8,17.5,45.7,,0,0,0,87,14,6,8,6,115,97.0,103.0,115.0,114.29,11.96,177.0,135.79,None,0,8,0,3,3,0,4,1,0,1,0,2,7,0,0,28,23,3,0,5,23,0,23,10,1,1,2,7,1,0,1,28,9,0,0,19,9,0,9,0,210,0,10,0,200,10,0,1,214,0,4,0,210,4,0,0,350,0,11,0,339,11,0,0,659,0,18,1,640,18,0,0,257,0,2,0,255,2,0,0,2,8,0,0,1,8,1,0,2,1,1,1,1,2,6,1,1,1,1,1,2,0,0,0,Normal
2021-10-12,Tuesday,2,41,10,Post_Monsoon,0,0,1,0,0,1,1,0.1,24.5,15.2,51.7,,0,0,0,91,13,12,13,9,129,115.0,97.0,124.0,114.29,11.96,182.0,131.36,None,0,6,2,2,3,1,3,6,0,3,1,3,6,0,0,28,24,4,1,3,24,0,24,10,2,1,0,8,2,0,2,28,10,1,1,17,10,0,10,0,200,0,13,0,187,13,0,0,210,0,3,0,207,3,0,0,339,0,10,0,329,10,0,0,640,0,18,1,621,18,0,0,255,0,6,0,249,6,0,0,2,8,1,0,1,8,0,0,2,1,2,1,1,2,7,2,1,1,1,1,4,0,0,0,Normal
2021-10-13,Wednesday,3,41,10,Post_Monsoon,0,0,0,1,0,0,1,1.3,29.4,20.1,43.5,,0,0,0,92,12,5,13,6,122,129.0,115.0,131.0,115.0,12.65,188.0,127.57,None,0,5,5,0,2,0,2,0,1,2,1,3,5,0,0,28,22,5,0,6,22,0,22,10,3,0,2,5,3,0,3,28,11,1,2,15,11,0,11,0,187,0,9,0,178,9,0,0,207,0,1,0,206,1,0,0,329,0,10,0,319,10,0,0,621,0,17,1,603,17,0,0,249,0,6,0,243,6,0,0,2,12,1,0,1,8,0,0,2,1,2,1,1,2,7,1,1,1,1,1,3,0,0,0,Normal
2021-10-14,Thursday,4,41,10,Post_Monsoon,0,0,1,0,0,1,1,0.0,24.4,16.6,53.4,,0,0,0,89,14,9,17,8,129,122.0,129.0,125.0,113.71,11.35,179.0,122.86,Road_Accident_Surge,2,2,5,4,3,0,4,3,1,1,1,3,7,0,0,28,20,5,1,7,20,0,20,10,2,3,1,7,2,0,2,28,8,6,0,20,8,0,8,0,178,0,13,0,165,13,0,0,206,0,5,0,201,5,0,0,319,0,10,0,309,10,0,0,603,0,18,1,584,18,0,0,243,0,8,0,235,8,0,0,2,12,1,0,1,8,1,0,2,1,3,1,1,2,6,1,1,1,2,3,4,0,0,0,Watch
2021-10-15,Friday,5,41,10,Post_Monsoon,0,0,1,0,0,0,2,0.0,26.6,18.3,53.0,,0,0,0,86,12,4,16,8,118,129.0,122.0,105.0,114.29,11.98,164.0,119.29,Road_Accident_Surge,2,2,4,1,5,0,2,1,0,1,1,3,5,0,0,28,14,8,1,13,14,0,14,10,5,1,2,3,5,0,5,28,7,3,2,19,7,0,7,0,165,0,12,0,153,12,0,0,201,0,2,0,199,2,0,0,309,0,9,0,300,9,0,0,584,0,16,1,567,16,0,0,235,0,6,0,229,6,0,0,2,8,0,0,1,8,0,0,2,1,3,1,1,2,6,1,1,1,2,3,3,0,0,0,Watch
2021-10-16,Saturday,6,41,10,Post_Monsoon,1,0,0,0,0,0,0,4.3,22.5,13.9,54.1,,0,0,0,68,19,5,11,7,103,118.0,129.0,103.0,116.14,11.39,107.0,116.0,None,0,2,7,4,6,0,3,2,0,0,1,3,8,0,0,28,14,4,2,12,14,0,14,10,5,1,2,3,5,0,5,28,7,2,1,20,7,0,7,0,453,300,12,1,440,12,0,0,199,0,6,0,193,6,0,0,300,0,10,0,290,10,0,0,567,0,21,1,545,21,0,0,229,0,8,0,221,8,0,1,2,8,0,0,1,8,0,0,2,1,1,1,1,2,6,1,1,1,1,1,3,0,0,0,Normal
2021-10-17,Sunday,7,41,10,Post_Monsoon,1,0,1,0,0,0,2,4.8,23.6,17.1,50.4,,0,0,0,69,14,4,23,9,110,103.0,118.0,97.0,116.14,11.39,104.0,115.71,Road_Accident_Surge,4,4,4,1,5,0,2,1,0,1,1,3,6,0,0,28,17,2,1,10,17,0,17,10,1,5,1,8,1,0,1,28,6,4,2,20,6,0,6,0,440,0,13,1,426,13,0,0,193,0,2,0,191,2,0,0,290,0,9,0,281,9,0,0,545,0,17,1,527,17,0,0,221,0,8,0,213,8,0,0,2,8,0,0,1,8,0,0,2,1,3,1,1,2,6,1,1,1,2,3,2,1,1,1,High
2021-10-18,Monday,1,42,10,Post_Monsoon,0,0,0,0,0,0,0,0.0,24.5,15.8,52.0,,0,0,0,87,14,5,7,6,113,110.0,103.0,115.0,118.0,8.91,115.0,116.14,None,0,5,2,6,1,1,2,2,0,1,1,3,6,0,0,28,14,8,0,14,14,0,14,10,1,0,2,7,1,0,1,28,6,1,1,21,6,0,6,0,426,0,11,1,414,11,0,0,191,0,7,0,184,7,0,0,281,0,10,0,271,10,0,0,527,0,18,1,508,18,0,0,213,0,4,0,209,4,0,0,2,8,0,0,1,8,0,0,2,1,1,1,1,2,5,1,1,1,1,1,3,0,0,0,Normal
2021-10-19,Tuesday,2,42,10,Post_Monsoon,0,0,1,0,0,1,1,0.0,25.4,18.8,47.1,,0,0,0,91,12,12,14,9,129,113.0,110.0,129.0,117.71,9.04,124.0,116.0,None,0,7,1,2,2,0,1,9,2,0,1,3,7,0,0,28,17,4,2,9,17,0,17,10,2,0,2,6,2,0,2,28,7,0,0,21,7,0,7,0,414,0,13,1,400,13,0,0,184,0,3,0,181,3,0,0,271,0,10,0,261,10,0,0,508,0,17,1,490,17,0,0,209,0,2,0,207,2,0,0,2,20,1,1,1,8,0,0,2,1,2,1,2,2,6,2,1,1,2,2,3,0,0,1,Watch
2021-10-20,Wednesday,3,42,10,Post_Monsoon,0,0,0,1,0,0,1,0.6,26.0,18.9,45.2,,0,0,0,94,13,5,15,7,127,129.0,113.0,122.0,117.71,9.04,131.0,116.36,None,0,2,4,2,5,0,5,0,0,0,1,3,4,0,0,28,17,3,1,10,17,0,17,10,3,0,1,6,3,0,3,28,7,3,2,19,7,0,7,0,400,0,11,1,388,11,0,0,181,0,3,0,178,3,0,0,261,0,10,0,251,10,0,0,490,0,18,1,471,18,0,0,207,0,8,0,199,8,0,0,2,8,0,0,1,8,1,0,2,1,2,1,1,2,6,1,1,1,2,2,3,0,0,0,Normal
2021-10-21,Thursday,4,42,10,Post_Monsoon,0,0,0,0,0,1,0,0.0,24.3,15.5,63.5,,0,0,0,81,14,10,8,7,113,127.0,129.0,129.0,118.43,9.53,125.0,116.07,None,0,5,7,2,0,3,4,4,1,1,3,5,6,0,0,28,20,1,1,7,20,0,20,10,2,3,2,6,2,0,2,28,5,3,1,22,5,0,5,0,388,0,11,1,376,11,0,0,178,0,3,0,175,3,0,0,251,0,10,0,241,10,0,0,471,0,18,1,452,18,0,0,199,0,8,0,191,8,0,0,2,12,1,0,1,8,1,0,2,1,1,1,1,2,6,1,1,1,1,1,2,0,0,0,Normal
2021-10-22,Friday,5,42,10,Post_Monsoon,0,0,0,0,0,0,0,2.2,25.5,17.8,55.3,,0,0,0,81,14,6,7,7,108,113.0,127.0,118.0,116.14,8.59,105.0,115.21,None,0,5,5,3,1,0,4,1,0,1,1,3,7,0,0,28,19,3,0,9,19,0,19,10,3,0,2,5,3,0,3,28,6,3,0,22,6,0,6,0,376,0,11,1,364,11,0,0,175,0,4,0,171,4,0,0,241,0,10,0,231,10,0,0,452,0,18,1,433,18,0,0,191,0,10,0,181,10,0,0,2,8,0,0,1,8,1,0,2,1,1,1,1,2,6,1,1,1,1,1,4,0,0,0,Normal
2021-10-23,Saturday,6,42,10,Post_Monsoon,1,0,1,0,0,0,3,3.7,24.0,15.8,53.8,,0,0,0,75,18,4,22,9,119,108.0,113.0,103.0,114.71,8.99,103.0,115.43,Road_Accident_Surge,3,5,7,4,2,0,2,0,0,2,2,4,7,0,0,28,19,4,1,8,19,0,19,10,4,1,1,5,4,0,4,28,8,1,0,20,8,0,8,0,364,0,15,1,348,15,0,0,171,0,5,0,166,5,0,0,231,0,11,0,220,11,0,0,433,0,20,1,412,20,0,0,581,400,10,1,570,10,0,0,2,8,0,0,1,8,0,0,2,1,3,1,1,2,6,1,1,1,2,3,4,0,0,0,Watch
2021-10-24,Sunday,7,42,10,Post_Monsoon,1,0,0,0,0,0,0,2.5,22.3,13.7,53.0,,0,0,0,67,17,4,10,6,98,119.0,108.0,110.0,117.0,7.65,97.0,116.57,None,0,6,8,3,0,1,2,1,0,1,2,4,5,0,0,28,18,4,2,8,18,0,18,10,2,2,4,4,2,0,2,28,11,0,1,16,11,0,11,0,348,0,11,1,336,11,0,0,166,0,4,0,162,4,0,0,220,0,10,0,210,10,0,0,412,0,19,1,392,19,0,1,570,0,11,1,558,11,0,0,2,8,0,0,1,8,0,0,2,1,1,1,1,2,6,1,1,1,1,1,3,0,0,0,Normal
2021-10-25,Monday,1,43,10,Post_Monsoon,0,0,1,0,0,0,1,0.0,25.4,20.3,54.5,,0,0,0,92,16,5,15,7,128,98.0,119.0,113.0,115.29,10.01,115.0,116.64,Road_Accident_Surge,2,5,2,6,3,0,3,1,1,0,1,3,4,0,0,28,21,2,2,5,21,0,21,10,1,2,2,7,1,0,1,28,7,5,2,19,7,0,7,0,336,0,13,1,322,13,0,0,162,0,7,0,155,7,0,0,210,0,11,0,199,11,0,1,392,0,20,1,371,20,0,0,558,0,3,1,554,3,0,0,2,12,1,0,1,8,0,0,2,1,3,1,1,2,6,1,1,1,2,3,3,0,0,0,Watch
2021-10-26,Tuesday,2,43,10,Post_Monsoon,0,0,0,0,0,1,0,0.0,26.0,19.4,50.9,,0,0,0,89,14,9,6,5,118,128.0,98.0,129.0,117.43,10.86,129.0,117.57,None,0,3,5,5,1,1,4,5,0,0,2,4,4,0,0,28,22,2,2,4,22,0,22,10,1,0,0,9,1,0,1,28,9,0,1,18,9,0,9,0,322,0,10,1,311,10,0,0,155,0,6,0,149,6,0,0,199,0,10,0,189,10,0,0,371,0,18,1,352,18,0,0,554,0,7,1,546,7,0,0,2,8,0,0,1,8,1,0,2,1,1,1,1,2,6,1,1,1,1,1,3,0,0,0,Normal
2021-10-27,Wednesday,3,43,10,Post_Monsoon,0,0,0,1,0,0,1,0.6,26.0,19.9,45.7,,0,0,0,96,10,4,9,4,119,118.0,128.0,127.0,115.86,9.82,122.0,116.79,None,0,4,2,3,1,0,3,0,0,1,1,3,8,0,0,28,21,4,1,6,21,0,21,10,1,0,2,7,1,0,1,28,9,1,0,19,9,0,9,0,311,0,7,1,303,7,0,0,149,0,4,0,145,4,0,0,189,0,9,0,180,9,0,0,352,0,16,1,335,16,0,0,546,0,3,1,542,3,0,0,2,8,0,0,1,8,0,0,2,1,1,1,1,2,6,1,1,1,1,1,2,0,0,0,Normal
2021-10-28,Thursday,4,43,10,Post_Monsoon,0,0,0,0,0,1,0,0.0,27.4,16.9,48.9,,0,0,0,82,14,10,6,7,112,119.0,118.0,113.0,114.71,8.88,129.0,116.57,None,0,4,5,3,2,1,4,3,1,2,2,4,5,0,0,28,17,9,0,11,17,0,17,10,1,1,1,8,1,0,1,28,9,1,3,16,9,0,9,0,303,0,11,1,291,11,0,0,145,0,4,0,141,4,0,0,180,0,10,0,170,10,0,0,335,0,18,1,316,18,0,0,542,0,5,1,536,5,0,0,2,12,1,0,1,8,1,0,2,1,1,1,1,2,6,1,1,1,1,1,2,0,0,0,Normal
2021-10-29,Friday,5,43,10,Post_Monsoon,0,0,1,0,0,0,3,0.0,22.6,14.0,59.5,,0,0,0,80,15,5,20,7,120,112.0,119.0,108.0,114.57,8.91,118.0,115.36,Road_Accident_Surge,3,5,6,2,2,0,1,3,0,1,2,4,4,0,0,28,18,4,0,10,18,0,18,10,1,0,0,9,1,0,1,28,9,2,1,18,9,0,9,0,291,0,11,1,279,11,0,0,141,0,3,0,138,3,0,0,170,0,10,0,160,10,0,0,1016,700,18,2,996,18,0,0,536,0,7,1,528,7,0,0,2,8,0,0,1,8,0,0,2,1,3,1,1,2,6,1,1,1,2,3,3,0,0,0,Watch
2021-10-30,Saturday,6,43,10,Post_Monsoon,1,0,1,0,0,0,2,0.0,24.0,14.2,54.1,,0,0,0,80,14,4,20,7,118,120.0,112.0,119.0,116.29,8.63,103.0,115.5,Road_Accident_Surge,3,3,7,3,1,2,2,2,0,0,3,5,6,0,0,28,15,5,1,12,15,0,15,10,5,0,1,4,5,0,5,28,7,3,2,19,7,0,7,0,279,0,11,1,267,11,0,0,138,0,4,0,134,4,0,0,160,0,10,0,150,10,0,0,996,0,18,2,976,18,0,0,528,0,7,1,520,7,0,0,2,8,0,0,1,8,0,0,2,1,3,1,1,2,6,1,1,1,2,3,3,0,0,0,Watch
2021-10-31,Sunday,7,43,10,Post_Monsoon,1,0,0,0,0,0,0,0.0,24.9,17.4,47.5,,0,0,0,70,13,6,11,7,100,118.0,120.0,98.0,116.14,8.59,110.0,116.57,None,0,2,5,5,1,1,3,2,1,0,2,4,8,0,0,28,18,4,2,8,18,0,18,10,3,2,0,7,3,0,3,28,7,0,0,21,7,0,7,0,267,0,12,1,254,12,0,0,134,0,6,0,128,6,0,1,430,280,8,0,422,8,0,0,976,0,16,2,958,16,0,0,520,0,3,1,516,3,0,0,2,12,1,0,1,8,0,0,2,1,1,1,1,2,6,1,1,1,1,1,3,0,0,0,Normal
2021-11-01,Monday,1,44,11,Post_Monsoon,0,0,0,0,0,0,0,0.0,24.2,18.2,55.8,,0,0,0,85,17,5,8,6,115,100.0,118.0,128.0,116.43,8.0,113.0,115.86,None,0,5,6,5,1,1,2,0,2,1,2,4,5,0,0,28,16,5,1,11,16,0,16,10,3,0,0,7,3,0,3,28,8,2,0,20,8,0,8,0,254,0,11,0,243,11,0,0,128,0,6,0,122,6,0,0,422,0,11,0,411,11,0,0,958,0,20,2,936,20,0,0,516,0,10,1,505,10,0,0,2,20,1,1,1,8,0,0,2,1,1,1,2,2,6,1,1,1,1,1,3,0,0,1,Watch
2021-11-02,Tuesday,2,44,11,Post_Monsoon,0,0,0,0,0,1,0,0.0,25.7,17.2,52.4,,0,0,0,87,15,10,10,8,122,115.0,100.0,118.0,114.57,6.46,129.0,116.0,None,0,7,6,1,1,0,2,5,0,3,1,3,4,0,0,28,15,4,0,13,15,0,15,10,6,0,0,4,6,0,6,28,8,2,2,18,8,0,8,0,243,0,12,0,231,12,0,0,122,0,2,0,120,2,0,0,411,0,11,0,400,11,0,0,936,0,19,2,915,19,0,0,505,0,7,0,498,7,0,0,2,8,1,0,1,8,0,0,2,1,1,1,1,2,6,1,1,1,1,1,2,0,0,0,Normal
2021-11-03,Wednesday,3,44,11,Post_Monsoon,0,0,0,1,0,0,1,0.1,24.0,15.7,54.1,,0,0,0,90,18,5,11,8,124,122.0,115.0,119.0,115.14,6.9,127.0,115.5,None,0,7,6,0,5,2,3,1,0,1,3,5,4,1,1,28,17,2,1,10,17,0,17,10,2,6,2,6,2,0,2,28,8,2,1,19,8,0,8,0,231,0,12,0,219,12,0,0,120,0,2,0,118,2,0,0,400,0,12,0,388,12,0,0,915,0,22,2,891,22,0,0,498,0,9,0,489,9,0,0,2,8,0,0,1,8,0,0,2,1,1,1,1,2,6,1,1,1,1,1,4,0,0,1,Watch
2021-11-04,Thursday,4,44,11,Post_Monsoon,0,0,1,0,0,1,2,0.0,26.3,17.9,56.6,,0,0,0,93,18,10,14,9,135,124.0,122.0,112.0,115.86,7.49,113.0,115.29,None,0,5,4,5,4,0,3,5,1,1,1,3,4,0,0,28,15,7,2,11,15,0,15,10,1,2,0,9,1,0,1,28,8,3,2,18,8,0,8,0,219,0,15,0,204,15,0,0,118,0,6,0,112,6,0,0,388,0,12,0,376,12,0,0,891,0,22,2,867,22,0,0,489,0,8,0,481,8,0,0,2,12,1,0,1,8,0,0,2,1,2,1,1,2,6,1,1,1,2,2,2,0,0,0,Normal
2021-11-05,Friday,5,44,11,Post_Monsoon,0,0,0,0,0,0,0,10.9,23.2,14.8,52.8,,0,0,0,79,14,5,8,6,106,135.0,124.0,120.0,119.14,9.78,108.0,116.86,None,0,5,2,4,3,0,3,2,0,0,1,3,5,0,0,28,14,4,2,12,14,0,14,10,1,0,2,7,1,0,1,28,7,4,1,20,7,0,7,0,204,0,10,0,194,10,0,1,362,250,5,1,356,5,0,0,376,0,10,0,366,10,0,0,867,0,18,2,847,18,0,0,481,0,7,0,474,7,0,0,2,8,0,0,1,8,0,0,2,1,1,1,1,2,5,1,1,1,1,1,4,0,0,0,Normal
2021-11-06,Saturday,6,44,11,Post_Monsoon,1,0,0,0,0,0,0,0.0,22.3,15.7,55.4,,0,0,0,66,16,7,9,6,98,106.0,135.0,118.0,117.14,10.78,119.0,116.71,None,0,2,9,4,1,2,2,3,1,1,3,5,4,1,1,28,13,4,1,14,13,0,13,10,2,0,1,7,2,0,2,28,7,2,0,21,7,0,7,0,194,0,11,0,183,11,0,0,356,0,5,1,350,5,0,0,366,0,9,0,357,9,0,0,847,0,18,2,827,18,0,0,474,0,10,0,464,10,0,0,2,12,1,0,1,8,0,0,2,1,1,1,1,2,5,1,1,1,1,1,2,0,0,1,Watch
2021-11-07,Sunday,7,44,11,Post_Monsoon,1,0,0,0,1,0,0,0.0,23.2,15.1,53.8,,0,0,0,68,14,6,11,8,99,98.0,106.0,100.0,114.29,12.66,98.0,115.21,None,0,2,3,6,3,0,1,1,2,2,1,3,7,0,0,28,16,3,2,10,16,0,16,10,2,1,0,8,2,0,2,28,7,1,2,19,7,0,7,0,183,0,14,0,169,14,0,0,350,0,7,1,342,7,0,0,357,0,9,0,348,9,0,0,827,0,17,2,808,17,0,0,464,0,4,0,460,4,0,0,2,20,1,1,1,8,0,0,2,1,1,1,2,2,6,1,1,1,1,1,2,0,0,1,Watch
2021-11-08,Monday,1,45,11,Post_Monsoon,0,0,0,0,0,0,0,0.0,24.3,15.4,56.5,,0,0,0,90,16,5,6,5,117,99.0,98.0,115.0,114.14,12.82,128.0,115.29,None,0,4,2,7,3,0,2,1,1,1,0,2,5,0,0,28,14,4,2,12,14,0,14,10,1,2,0,9,1,0,1,28,8,1,2,18,8,0,8,0,169,0,10,0,159,10,0,0,342,0,8,1,333,8,0,0,348,0,11,0,337,11,0,0,808,0,20,2,786,20,0,0,460,0,5,0,455,5,0,0,2,12,1,0,1,8,0,0,2,1,1,1,1,2,5,1,1,1,1,1,3,0,0,0,Normal
2021-11-09,Tuesday,2,45,11,Post_Monsoon,0,0,1,0,0,1,2,1.6,21.5,13.5,55.2,,0,0,0,90,14,11,13,7,128,117.0,99.0,122.0,114.43,12.86,118.0,114.5,None,0,3,4,5,2,0,4,4,0,3,1,3,6,0,0,28,18,0,1,9,18,0,18,10,3,0,0,7,3,0,3,28,8,1,0,20,8,0,8,0,159,0,12,0,147,12,0,0,333,0,6,1,326,6,0,0,337,0,10,0,327,10,0,0,786,0,18,2,766,18,0,0,455,0,4,0,451,4,0,0,2,8,1,0,1,8,1,0,2,1,2,1,1,2,6,2,1,1,1,1,2,0,0,0,Normal
2021-11-10,Wednesday,3,45,11,Post_Monsoon,0,0,1,1,0,0,2,4.1,23.4,15.3,51.1,,0,1,8,112,15,5,88,24,220,128.0,117.0,124.0,115.29,13.52,119.0,115.21,Mass_Casualty,4,4,4,6,1,0,1,0,2,2,3,5,6,0,0,28,17,5,2,9,17,0,17,10,9,3,1,0,12,3,12,28,13,3,0,15,13,0,13,3,447,300,33,1,413,33,0,0,326,0,7,1,318,7,0,0,327,0,12,0,315,12,0,0,766,0,21,1,744,21,0,0,451,0,22,0,429,22,0,0,2,20,1,1,1,8,0,0,3,1,3,1,2,3,7,1,1,1,4,4,2,2,1,3,Critical
2021-11-11,Thursday,4,45,11,Post_Monsoon,0,0,1,0,0,1,3,0.0,24.2,15.5,53.4,,0,0,0,93,18,11,19,9,141,220.0,128.0,135.0,129.0,39.37,112.0,122.43,Road_Accident_Surge,3,3,5,5,5,0,5,5,0,1,1,3,7,0,0,28,18,4,0,10,18,0,18,10,7,6,1,2,7,0,7,28,11,5,1,16,11,0,11,0,413,0,15,1,397,15,0,0,318,0,6,1,311,6,0,0,315,0,12,0,303,12,0,0,744,0,22,1,721,22,0,0,429,0,8,0,421,8,0,0,2,8,1,0,1,8,1,0,2,1,3,1,1,2,7,2,1,1,2,3,3,0,0,0,Watch
2021-11-12,Friday,5,45,11,Post_Monsoon,0,0,0,0,0,0,0,1.1,22.8,13.7,52.2,,0,0,0,85,16,6,7,7,114,141.0,220.0,106.0,129.86,39.56,120.0,124.5,None,0,10,4,1,1,0,2,1,2,1,1,3,7,0,0,28,17,2,2,9,17,0,17,10,5,4,2,3,5,0,5,28,14,1,2,12,14,0,14,0,397,0,11,1,385,11,0,0,311,0,2,1,308,2,0,0,303,0,12,0,291,12,0,0,721,0,20,1,700,20,0,0,421,0,10,0,411,10,0,0,2,20,1,1,1,8,0,0,2,1,1,1,2,2,7,1,1,1,1,1,2,0,0,1,Watch
2021-11-13,Saturday,6,45,11,Post_Monsoon,1,0,0,0,0,0,0,0.0,25.5,18.7,51.1,,0,0,0,74,14,6,9,5,103,114.0,141.0,98.0,131.0,38.97,118.0,124.07,None,0,5,3,3,3,0,3,0,0,3,1,3,6,0,0,28,15,5,1,12,15,0,15,10,5,0,0,5,5,0,5,28,12,4,0,16,12,0,12,0,385,0,9,1,375,9,0,0,308,0,4,1,303,4,0,0,291,0,10,0,281,10,0,0,700,0,17,1,682,17,0,0,411,0,6,0,405,6,0,0,2,8,0,0,1,8,0,0,2,1,1,1,1,2,6,1,1,1,1,1,2,0,0,0,Normal
2021-11-14,Sunday,7,45,11,Post_Monsoon,1,0,0,0,0,0,0,0.8,23.3,15.3,49.3,,0,0,0,64,10,6,8,5,88,103.0,114.0,99.0,131.71,38.4,100.0,123.0,None,0,5,3,0,2,0,3,2,0,1,1,3,8,0,0,28,12,3,1,15,12,0,12,10,5,3,1,4,5,0,5,28,12,2,2,14,12,0,12,0,375,0,8,1,366,8,0,0,303,0,1,1,301,1,0,0,281,0,8,0,273,8,0,0,682,0,13,1,668,13,0,0,405,0,6,0,399,6,0,0,2,8,0,0,1,8,0,0,2,1,1,1,1,2,6,1,1,1,1,1,4,0,0,0,Normal
2021-11-15,Monday,1,46,11,Post_Monsoon,0,0,0,0,0,0,0,0.5,25.8,15.8,47.5,,0,0,0,91,16,5,8,5,120,88.0,103.0,117.0,130.14,39.9,115.0,122.14,None,0,5,6,2,3,0,4,0,0,1,1,3,4,0,0,28,15,1,2,11,15,0,15,10,4,1,0,6,4,0,4,28,13,0,1,14,13,0,13,0,366,0,9,1,356,9,0,0,301,0,3,1,297,3,0,0,273,0,11,0,262,11,0,0,668,0,20,1,647,20,0,0,399,0,5,0,394,5,0,0,2,8,0,0,1,8,1,0,2,1,1,1,1,2,6,1,1,1,1,1,2,0,0,0,Normal
2021-11-16,Tuesday,2,46,11,Post_Monsoon,0,0,0,0,0,1,0,0.0,21.7,14.7,54.1,,0,0,0,87,16,10,8,8,121,120.0,88.0,128.0,130.57,39.77,122.0,122.5,None,0,5,7,4,0,2,3,5,0,2,3,5,6,0,0,28,17,4,0,11,17,0,17,10,2,3,1,7,2,0,2,28,13,1,0,15,13,0,13,0,356,0,13,1,342,13,0,0,297,0,5,1,291,5,0,0,262,0,11,0,251,11,0,0,647,0,20,1,626,20,0,0,394,0,7,0,387,7,0,0,2,8,1,0,1,8,0,0,2,1,1,1,1,2,6,1,1,1,1,1,2,0,0,0,Normal
2021-11-17,Wednesday,3,46,11,Post_Monsoon,0,0,0,1,0,0,1,2.0,22.0,14.1,49.7,,0,0,0,100,14,5,12,7,131,121.0,120.0,220.0,129.57,39.91,124.0,122.43,None,0,10,2,2,0,0,2,1,0,2,1,3,5,0,0,28,16,5,0,12,16,0,16,10,0,2,0,10,0,0,0,28,12,4,0,16,12,0,12,0,342,0,11,1,330,11,0,0,291,0,3,1,287,3,0,0,251,0,12,0,239,12,0,0,626,0,19,1,606,19,0,0,387,0,7,0,380,7,0,0,2,8,0,0,1,8,0,0,3,1,1,1,1,2,6,1,1,1,1,1,3,0,0,0,Normal
2021-11-18,Thursday,4,46,11,Post_Monsoon,0,0,0,0,0,1,0,1.2,22.3,14.5,54.6,,0,0,0,81,18,9,8,6,116,131.0,121.0,141.0,116.86,16.23,135.0,122.93,None,0,7,2,4,5,0,2,6,1,0,1,3,6,0,0,28,17,2,1,10,17,0,17,10,2,0,0,8,2,0,2,28,12,1,1,15,12,0,12,0,330,0,11,1,318,11,0,0,287,0,5,1,281,5,0,0,239,0,12,0,227,12,0,0,606,0,21,1,584,21,0,0,380,0,3,0,377,3,0,0,2,12,1,0,1,8,0,0,2,1,1,1,1,2,6,1,1,1,1,1,2,0,0,0,Normal
2021-11-19,Friday,5,46,11,Post_Monsoon,0,0,0,0,0,0,0,0.0,20.8,13.0,61.3,,0,0,0,78,17,6,8,6,109,116.0,131.0,114.0,113.29,12.94,106.0,121.57,None,0,8,4,2,3,0,2,2,0,2,1,3,4,0,0,28,14,7,2,12,14,0,14,10,2,0,1,7,2,0,2,28,12,2,0,16,12,0,12,0,318,0,10,1,307,10,0,0,281,0,4,1,276,4,0,0,227,0,11,0,216,11,0,0,584,0,20,1,563,20,0,0,377,0,6,0,371,6,0,0,2,8,0,0,1,8,0,0,2,1,1,1,1,2,6,1,1,1,1,1,4,0,0,0,Normal
2021-11-20,Saturday,6,46,11,Post_Monsoon,1,0,0,0,0,0,0,0.3,21.5,12.5,47.6,,0,0,0,70,16,5,11,6,102,109.0,116.0,103.0,112.57,13.01,98.0,121.79,None,0,3,5,5,3,1,3,2,0,0,2,4,5,0,0,28,10,5,0,18,10,0,10,10,1,2,1,8,1,0,1,28,14,2,1,13,14,0,14,0,307,0,11,1,295,11,0,0,276,0,6,1,269,6,0,0,216,0,10,0,206,10,0,0,563,0,18,1,544,18,0,0,371,0,11,0,360,11,0,0,2,8,0,0,1,8,0,0,2,1,1,1,1,2,6,1,1,1,1,1,3,0,0,0,Normal
2021-11-21,Sunday,7,46,11,Post_Monsoon,1,0,0,0,0,0,0,0.0,25.2,17.2,52.4,,0,0,0,69,17,5,11,7,102,102.0,109.0,88.0,112.43,13.12,99.0,122.07,None,0,3,6,6,2,0,1,2,1,1,1,3,8,0,0,28,14,0,1,13,14,0,14,10,1,1,0,9,1,0,1,28,13,3,2,13,13,0,13,0,295,0,13,1,281,13,0,0,269,0,7,1,261,7,0,0,206,0,10,0,196,10,0,1,544,0,19,1,524,19,0,0,360,0,7,0,353,7,0,0,2,12,1,0,1,8,0,0,2,1,1,1,1,2,6,1,1,1,1,1,2,0,0,0,Normal
2021-11-22,Monday,1,47,11,Post_Monsoon,0,0,0,0,0,0,0,1.5,23.7,15.0,51.9,,0,0,0,88,19,7,7,6,121,102.0,102.0,120.0,114.43,9.93,117.0,122.29,None,0,6,5,3,5,0,2,3,2,0,1,3,8,0,0,28,12,6,1,15,12,0,12,10,1,0,1,8,1,0,1,28,8,7,2,18,8,0,8,0,281,0,11,1,269,11,0,0,261,0,5,1,255,5,0,0,196,0,12,0,184,12,0,0,524,0,22,1,501,22,0,0,353,0,6,0,347,6,0,0,2,20,1,1,1,8,0,0,2,1,1,1,2,2,5,1,1,1,1,1,4,0,0,1,Watch
2021-11-23,Tuesday,2,47,11,Post_Monsoon,0,0,0,0,0,1,0,0.4,17.8,10.2,58.5,,0,0,0,86,22,11,5,7,124,121.0,102.0,121.0,114.57,10.01,128.0,122.57,None,0,6,9,4,3,1,2,7,0,2,2,4,6,0,0,28,14,4,2,12,14,0,14,10,1,0,1,8,1,0,1,28,9,0,0,19,9,0,9,0,269,0,13,1,255,13,0,0,255,0,6,0,249,6,0,0,184,0,13,0,171,13,0,0,501,0,24,1,476,24,0,0,347,0,7,0,340,7,0,0,2,8,1,0,1,8,0,0,2,1,1,1,1,2,6,2,1,1,1,1,2,0,0,0,Normal
2021-11-24,Wednesday,3,47,11,Post_Monsoon,0,0,0,1,0,0,1,0.0,22.0,13.2,53.8,,0,0,0,96,18,5,14,7,133,124.0,121.0,131.0,115.0,10.34,220.0,122.29,None,0,5,6,4,3,1,2,1,1,1,2,4,4,0,0,28,15,3,2,11,15,0,15,10,3,0,2,5,3,0,3,28,7,3,2,19,7,0,7,0,255,0,12,0,243,12,0,0,249,0,5,0,244,5,0,0,171,0,12,0,159,12,0,0,476,0,22,1,453,22,0,0,340,0,6,0,334,6,0,0,2,12,1,0,1,8,0,0,2,1,2,1,1,2,6,1,1,1,2,2,3,0,0,0,Normal
2021-11-25,Thursday,4,47,11,Post_Monsoon,0,0,0,0,0,1,0,0.0,20.2,13.6,53.5,,0,0,0,84,14,10,5,6,113,133.0,124.0,116.0,115.29,10.79,141.0,116.07,None,0,4,4,5,1,1,4,4,0,2,1,3,7,0,0,28,15,5,0,13,15,0,15,10,4,0,1,5,4,0,4,28,5,2,3,20,5,0,5,0,243,0,11,0,232,11,0,0,244,0,6,0,238,6,0,0,159,0,10,0,149,10,0,0,453,0,18,1,434,18,0,0,334,0,3,0,331,3,0,0,2,8,1,0,1,8,1,0,2,1,1,1,1,2,6,1,1,1,1,1,3,0,0,0,Normal
2021-11-26,Friday,5,47,11,Post_Monsoon,0,0,0,0,0,0,0,0.0,24.5,16.4,50.1,,0,0,0,80,11,8,8,6,107,113.0,133.0,109.0,114.86,10.82,114.0,114.07,None,0,3,4,3,1,1,5,3,0,0,2,4,5,0,0,28,16,3,1,11,16,0,16,10,1,3,2,7,1,0,1,28,5,2,1,22,5,0,5,0,232,0,10,0,222,10,0,0,238,0,4,0,234,4,0,0,149,0,8,0,141,8,0,0,434,0,15,1,418,15,0,0,331,0,7,0,324,7,0,0,2,8,0,0,1,8,1,0,2,1,1,1,1,2,5,1,1,1,1,1,2,0,0,0,Normal
2021-11-27,Saturday,6,47,11,Post_Monsoon,1,0,1,0,0,0,1,0.0,24.1,15.2,55.4,,0,0,0,78,16,5,17,9,116,107.0,113.0,102.0,114.57,10.99,103.0,113.57,Road_Accident_Surge,2,7,3,1,5,1,2,1,0,2,2,4,5,0,0,28,17,4,2,9,17,0,17,10,2,0,0,8,2,0,2,28,8,0,1,19,8,0,8,0,222,0,14,0,208,14,0,0,234,0,2,0,232,2,0,0,421,280,11,0,410,11,0,0,418,0,19,1,398,19,0,1,324,0,8,0,316,8,0,0,2,8,0,0,1,8,0,0,2,1,3,1,1,2,6,1,1,1,2,3,2,1,1,1,Watch
2021-11-28,Sunday,7,47,11,Post_Monsoon,1,0,0,0,0,0,0,0.0,25.0,17.6,52.1,,0,0,0,65,10,7,12,6,94,116.0,107.0,102.0,116.57,9.72,88.0,114.5,None,0,5,4,0,1,0,1,4,1,1,1,3,4,0,0,28,18,2,0,10,18,0,18,10,3,0,1,6,3,0,3,28,10,0,1,17,10,0,10,0,208,0,9,0,199,9,0,1,232,0,1,0,231,1,0,0,410,0,8,0,402,8,0,0,398,0,13,1,384,13,0,0,316,0,6,0,310,6,0,0,2,12,1,0,1,8,0,0,2,1,1,1,1,2,6,1,1,1,1,1,3,0,0,0,Normal
2021-11-29,Monday,1,48,11,Post_Monsoon,0,0,0,0,0,0,0,0.0,18.7,12.9,54.3,,0,0,0,88,19,5,6,7,118,94.0,116.0,121.0,115.43,11.65,120.0,114.93,None,0,4,7,6,2,0,1,2,1,1,1,3,5,0,0,28,14,7,2,12,14,0,14,10,5,1,2,3,5,0,5,28,7,4,1,20,7,0,7,0,199,0,13,0,186,13,0,0,231,0,7,0,224,7,0,0,402,0,12,0,390,12,0,0,384,0,22,1,361,22,0,0,310,0,6,0,304,6,0,0,2,12,1,0,1,8,0,0,2,1,1,1,1,2,6,1,1,1,1,1,2,0,0,0,Normal
2021-11-30,Tuesday,2,48,11,Post_Monsoon,0,0,1,0,0,1,3,0.0,22.4,13.1,55.2,,0,0,0,92,15,12,17,8,136,118.0,94.0,124.0,115.0,11.49,121.0,114.79,Road_Accident_Surge,2,7,4,3,1,0,5,6,1,0,1,3,5,0,0,28,18,1,2,8,18,0,18,10,4,4,0,6,4,0,4,28,6,1,0,22,6,0,6,0,186,0,13,0,173,13,0,0,224,0,4,0,220,4,0,0,390,0,11,0,379,11,0,0,361,0,19,1,341,19,0,0,304,0,2,0,302,2,0,0,2,12,1,0,1,8,1,0,2,1,3,1,1,2,6,2,1,1,2,3,4,0,0,0,Watch
2021-12-01,Wednesday,3,48,12,Winter,0,0,0,1,0,0,1,0.0,19.5,13.5,57.6,,0,0,0,94,18,6,8,6,126,136.0,118.0,133.0,116.71,13.43,131.0,115.86,None,0,8,7,2,1,1,2,1,1,2,2,4,4,0,0,28,20,2,0,8,20,0,20,10,3,1,0,7,3,0,3,28,8,0,2,18,8,0,8,0,173,0,10,0,163,10,0,0,220,0,4,0,216,4,0,0,379,0,13,0,366,13,0,0,341,0,22,1,318,22,0,0,302,0,8,0,294,8,0,0,2,12,1,0,1,8,0,0,2,1,1,1,1,2,6,1,1,1,1,1,4,0,0,0,Normal
2021-12-02,Thursday,4,48,12,Winter,0,0,0,0,0,1,0,0.0,23.0,13.0,52.2,,0,0,0,86,18,11,7,8,122,126.0,136.0,113.0,115.71,12.41,116.0,115.5,None,0,7,8,2,1,2,2,5,1,3,3,5,6,0,0,28,16,10,0,12,16,0,16,10,2,2,2,6,2,0,2,28,7,2,1,20,7,0,7,0,163,0,13,0,150,13,0,0,216,0,4,0,212,4,0,0,366,0,12,0,354,12,0,0,1018,700,21,2,995,21,0,0,294,0,8,0,286,8,0,0,2,12,1,0,1,8,0,0,2,1,1,1,1,2,6,2,1,1,1,1,2,0,0,0,Normal
2021-12-03,Friday,5,48,12,Winter,0,0,0,0,0,0,0,0.0,24.3,14.9,51.8,,0,0,0,83,19,5,7,6,114,122.0,126.0,107.0,117.0,12.52,109.0,115.93,None,0,8,8,2,1,2,2,2,0,1,3,5,8,0,0,28,15,4,1,12,15,0,15,10,5,0,0,5,5,0,5,28,4,3,2,22,4,0,4,0,450,300,11,1,438,11,0,0,212,0,4,0,208,4,0,0,354,0,12,0,342,12,0,0,995,0,22,2,971,22,0,0,286,0,6,0,280,6,0,0,2,8,0,0,1,8,0,0,2,1,1,1,1,2,6,1,1,1,1,1,3,0,0,0,Normal
2021-12-04,Saturday,6,48,12,Winter,1,0,0,0,0,0,0,0.0,23.1,15.7,51.8,,0,0,0,68,15,4,12,7,99,114.0,122.0,116.0,118.0,11.95,102.0,116.29,None,0,3,5,6,1,0,2,0,0,2,1,3,4,0,0,28,15,3,2,11,15,0,15,10,2,4,2,6,2,0,2,28,6,1,2,20,6,0,6,0,438,0,12,1,425,12,0,0,208,0,7,0,201,7,0,0,342,0,9,0,333,9,0,0,971,0,17,2,952,17,0,0,280,0,8,0,272,8,0,0,2,8,0,0,1,8,0,0,2,1,1,1,1,2,5,1,1,1,1,1,2,0,0,0,Normal
2021-12-05,Sunday,7,48,12,Winter,1,0,0,0,0,0,0,0.0,21.7,13.8,55.4,,0,0,0,62,18,4,11,5,95,99.0,114.0,94.0,115.57,13.71,102.0,116.07,None,0,9,3,5,1,1,2,1,0,1,1,3,4,0,0,28,13,3,2,13,13,0,13,10,5,0,2,3,5,0,5,28,7,0,1,20,7,0,7,0,425,0,10,1,414,10,0,0,201,0,6,0,195,6,0,0,333,0,11,0,322,11,0,0,952,0,19,2,931,19,0,0,272,0,4,0,268,4,0,0,2,8,0,0,1,8,0,0,2,1,1,1,1,2,6,1,1,1,1,1,2,0,0,0,Normal
2021-12-06,Monday,1,49,12,Winter,0,0,0,0,0,0,0,0.0,24.6,18.0,50.7,,0,0,0,90,11,5,6,6,112,95.0,99.0,118.0,115.71,13.49,121.0,115.57,None,0,3,4,2,2,0,2,2,1,0,1,3,4,0,0,28,11,5,2,15,11,0,11,10,5,1,2,3,5,0,5,28,9,0,2,17,9,0,9,0,414,0,9,1,404,9,0,0,195,0,3,0,192,3,0,0,322,0,9,0,313,9,0,0,931,0,16,2,913,16,0,0,268,0,6,0,262,6,0,0,2,12,1,0,1,8,0,0,2,1,1,1,1,2,6,1,1,1,1,1,4,0,0,0,Normal
2021-12-07,Tuesday,2,49,12,Winter,0,0,0,0,0,1,0,0.0,24.4,15.0,58.4,,0,0,0,88,14,10,10,6,122,112.0,95.0,136.0,114.86,13.51,124.0,114.93,None,0,4,7,3,0,2,3,6,0,1,3,5,6,0,0,28,9,4,2,17,9,0,9,10,5,1,2,3,5,0,5,28,11,1,0,17,11,0,11,0,404,0,10,1,393,10,0,0,192,0,4,0,188,4,0,0,313,0,10,0,303,10,0,0,913,0,18,2,893,18,0,0,262,0,11,0,251,11,0,0,2,8,1,0,1,8,0,0,2,1,1,1,1,2,6,1,1,1,1,1,2,0,0,0,Normal
2021-12-08,Wednesday,3,49,12,Winter,0,0,0,1,0,0,1,0.0,20.2,11.0,62.0,,0,0,0,93,15,8,12,9,128,122.0,112.0,126.0,112.86,11.04,133.0,114.79,None,0,11,2,0,2,0,3,5,0,0,1,3,8,0,0,28,9,3,0,19,9,0,9,10,8,2,2,0,9,1,9,28,9,2,1,18,9,0,9,1,393,0,13,1,379,13,0,0,188,0,2,0,186,2,0,0,303,0,12,0,291,12,0,0,893,0,19,2,872,19,0,0,251,0,1,0,250,1,0,0,2,8,0,0,1,8,0,0,2,1,1,1,1,2,6,1,1,1,1,1,3,0,0,1,Critical
2021-12-09,Thursday,4,49,12,Winter,0,0,0,0,0,1,0,0.0,23.6,16.3,59.0,,0,0,0,84,17,10,7,6,118,128.0,122.0,122.0,113.14,11.39,113.0,114.43,None,0,5,4,6,2,0,1,5,3,1,1,3,5,0,0,28,10,2,0,18,10,0,10,10,4,5,2,4,4,0,4,28,12,0,1,15,12,0,12,0,379,0,12,1,366,12,0,0,186,0,7,0,179,7,0,0,291,0,11,0,280,11,0,0,872,0,20,2,850,20,0,0,250,0,8,0,242,8,0,0,2,20,1,1,1,8,0,0,2,1,1,1,2,2,6,1,1,1,1,1,2,0,0,1,Watch
2021-12-10,Friday,5,49,12,Winter,0,0,0,0,0,0,0,0.0,21.3,14.3,55.7,,0,0,0,85,18,8,7,6,118,118.0,128.0,114.0,112.57,11.03,107.0,114.79,None,0,3,5,3,7,0,3,4,1,0,1,3,4,0,0,28,12,3,0,16,12,0,12,10,1,4,0,9,1,0,1,28,9,3,0,19,9,0,9,0,366,0,11,1,354,11,0,0,179,0,4,0,175,4,0,0,280,0,11,0,269,11,0,0,850,0,21,2,827,21,0,0,242,0,2,0,240,2,0,0,2,12,1,0,1,8,0,0,2,1,1,1,1,2,5,1,1,1,1,1,2,0,0,0,Normal
2021-12-11,Saturday,6,49,12,Winter,1,0,0,0,0,0,0,0.0,25.1,17.8,47.0,,0,0,0,73,18,7,13,7,111,118.0,118.0,99.0,113.14,11.19,116.0,115.57,None,0,5,7,4,2,2,2,0,2,3,3,5,4,1,1,28,10,4,2,16,10,0,10,10,3,1,0,7,3,0,3,28,8,3,1,19,8,0,8,0,354,0,12,1,341,12,0,0,175,0,5,0,170,5,0,0,269,0,11,0,258,11,0,0,827,0,20,2,805,20,0,0,240,0,9,0,231,9,0,0,2,20,1,1,1,8,0,0,2,1,2,1,2,2,5,1,1,1,1,1,4,0,0,2,Watch
2021-12-12,Sunday,7,49,12,Winter,1,0,0,0,0,0,0,0.0,20.6,10.1,57.8,,0,0,0,68,19,4,10,5,101,111.0,118.0,95.0,114.86,9.72,94.0,115.21,None,0,5,9,1,4,1,1,2,0,1,2,4,7,0,0,28,9,2,2,17,9,0,9,10,3,2,2,5,3,0,3,28,8,2,1,19,8,0,8,0,341,0,9,1,331,9,0,0,170,0,3,0,167,3,0,0,258,0,11,0,247,11,0,0,805,0,21,2,782,21,0,0,231,0,9,0,222,9,0,1,2,8,0,0,1,8,0,0,2,1,1,1,1,2,5,1,1,1,1,1,4,0,0,0,Normal
2021-12-13,Monday,1,50,12,Winter,0,0,0,0,0,0,0,0.0,23.4,17.2,57.6,,0,0,0,90,18,6,5,6,119,101.0,111.0,112.0,115.71,8.05,118.0,115.71,None,0,4,6,7,1,0,4,2,0,0,1,3,5,0,0,28,9,2,2,17,9,0,9,10,3,0,1,6,3,0,3,28,11,1,2,15,11,0,11,0,331,0,12,1,318,12,0,0,167,0,8,0,159,8,0,0,247,0,12,0,235,12,0,0,782,0,22,2,758,22,0,0,222,0,11,0,211,11,0,0,2,8,0,0,1,8,1,0,2,1,1,1,1,2,5,1,1,1,1,1,4,0,0,0,Normal
2021-12-14,Tuesday,2,50,12,Winter,0,0,0,0,0,1,0,0.0,23.1,14.0,56.3,,0,0,0,86,16,10,8,6,120,119.0,101.0,122.0,116.71,7.96,136.0,115.79,None,0,2,6,5,3,0,5,3,1,1,1,3,5,0,0,28,13,1,0,15,13,0,13,10,1,2,0,9,1,0,1,28,10,2,1,17,10,0,10,0,318,0,11,1,306,11,0,0,159,0,6,0,153,6,0,0,235,0,10,0,225,10,0,0,758,0,20,1,737,20,0,0,211,0,5,0,206,5,0,0,2,12,1,0,1,8,1,0,2,1,1,1,1,2,6,1,1,1,1,1,2,0,0,0,Normal
2021-12-15,Wednesday,3,50,12,Winter,0,0,0,1,0,0,1,0.0,20.3,12.7,61.1,,0,0,0,88,18,7,15,8,128,120.0,119.0,128.0,116.43,7.8,126.0,114.64,None,0,6,8,1,3,1,5,2,0,0,2,4,5,0,0,28,14,4,2,12,14,0,14,10,2,0,1,7,2,0,2,28,12,0,2,14,12,0,12,0,306,0,13,1,292,13,0,0,153,0,3,0,150,3,0,0,225,0,12,0,213,12,0,0,737,0,21,1,715,21,0,0,206,0,9,0,197,9,0,0,2,8,0,0,1,8,1,0,2,1,2,1,1,2,6,1,1,1,2,2,2,0,0,0,Normal
2021-12-16,Thursday,4,50,12,Winter,0,0,0,0,0,1,0,0.0,25.0,19.7,56.6,,0,0,0,86,14,12,8,6,120,128.0,120.0,118.0,116.43,7.8,122.0,114.79,None,0,5,3,5,1,1,4,4,1,3,1,3,8,0,0,28,15,2,2,11,15,0,15,10,1,1,0,9,1,0,1,28,12,3,2,14,12,0,12,0,292,0,11,1,280,11,0,0,150,0,6,0,144,6,0,0,213,0,10,0,203,10,0,1,715,0,18,1,696,18,0,0,197,0,8,0,189,8,0,0,2,12,1,0,1,8,1,0,2,1,1,1,1,2,6,2,1,1,1,1,3,0,0,0,Normal
2021-12-17,Friday,5,50,12,Winter,0,0,0,0,0,0,0,0.0,18.5,9.2,56.4,,0,0,0,81,13,8,9,6,111,120.0,128.0,118.0,116.71,7.89,114.0,114.64,None,0,3,6,2,2,0,1,5,0,2,1,3,5,0,0,28,16,2,2,10,16,0,16,10,1,0,1,8,1,0,1,28,8,7,2,18,8,0,8,0,280,0,10,1,269,10,0,0,144,0,3,0,141,3,0,0,203,0,9,0,194,9,0,0,696,0,17,1,678,17,0,0,189,0,9,0,180,9,0,0,2,8,0,0,1,8,0,0,2,1,1,1,1,2,6,1,1,1,1,1,4,0,0,0,Normal
2021-12-18,Saturday,6,50,12,Winter,1,0,0,0,0,0,0,0.0,21.5,13.1,49.5,,0,0,0,69,13,8,11,7,101,111.0,120.0,111.0,115.71,8.1,99.0,114.43,None,0,3,8,1,1,0,5,2,1,0,2,4,7,0,0,28,14,4,1,13,14,0,14,10,2,0,2,6,2,0,2,28,11,1,1,16,11,0,11,0,269,0,11,1,257,11,0,0,141,0,2,0,139,2,0,0,194,0,9,0,185,9,0,0,678,0,16,1,661,16,0,0,180,0,12,0,168,12,0,0,2,12,1,0,1,8,1,0,2,1,1,1,1,2,6,1,1,1,1,1,4,0,0,0,Normal
2021-12-19,Sunday,7,50,12,Winter,1,0,0,0,0,0,0,0.0,18.6,11.3,48.5,,0,0,0,69,18,5,8,5,100,101.0,111.0,101.0,114.29,9.56,95.0,114.57,None,0,4,8,4,2,2,4,1,0,0,3,5,7,0,0,28,12,4,0,16,12,0,12,10,2,1,0,8,2,0,2,28,12,1,1,15,12,0,12,0,257,0,10,0,247,10,0,0,139,0,5,0,134,5,0,0,185,0,11,0,174,11,0,0,661,0,20,1,640,20,0,0,568,400,10,1,557,10,0,0,2,8,0,0,1,8,1,0,2,1,1,1,1,2,6,1,1,1,1,1,3,0,0,0,Normal
2021-12-20,Monday,1,51,12,Winter,0,0,0,0,0,0,0,0.2,20.1,11.3,59.5,,0,0,0,85,21,6,7,6,119,100.0,101.0,119.0,114.14,9.76,112.0,114.93,None,0,5,8,5,3,1,4,2,0,0,2,4,4,0,0,28,15,1,1,12,15,0,15,10,1,1,0,9,1,0,1,28,11,3,1,16,11,0,11,0,247,0,12,0,235,12,0,0,134,0,7,0,127,7,0,1,174,0,13,0,161,13,0,0,640,0,24,1,615,24,0,0,557,0,9,1,547,9,0,0,2,8,0,0,1,8,1,0,2,1,1,1,1,2,6,1,1,1,1,1,2,0,0,0,Normal
2021-12-21,Tuesday,2,51,12,Winter,0,0,0,0,0,1,0,0.0,22.2,15.5,47.5,,0,0,0,84,14,12,9,7,119,119.0,100.0,120.0,114.14,9.76,122.0,115.43,None,0,4,5,2,3,0,2,8,0,2,1,3,5,0,0,28,19,2,0,9,19,0,19,10,0,1,2,8,0,0,0,28,12,0,2,14,12,0,12,0,235,0,11,0,224,11,0,0,127,0,3,0,124,3,0,0,161,0,10,0,151,10,0,0,615,0,18,1,596,18,0,0,547,0,4,1,542,4,0,0,2,8,1,0,1,8,0,0,2,1,1,1,1,2,6,2,1,1,1,1,4,0,0,0,Normal
2021-12-22,Wednesday,3,51,12,Winter,0,0,0,1,0,0,1,0.0,21.3,13.2,56.6,,0,0,0,101,18,7,11,8,137,119.0,119.0,128.0,114.0,9.68,128.0,115.21,None,0,5,6,2,5,0,3,2,0,2,1,3,8,0,0,28,21,4,1,6,21,0,21,10,0,0,1,9,0,0,0,28,13,1,1,14,13,0,13,0,224,0,13,0,211,13,0,0,124,0,4,0,120,4,0,0,431,280,12,0,419,12,0,0,596,0,22,1,573,22,0,0,542,0,7,1,534,7,0,0,2,8,0,0,1,8,0,0,3,1,1,1,1,2,6,1,1,1,1,1,3,0,0,0,Normal
2021-12-23,Thursday,4,51,12,Winter,0,0,0,0,0,1,0,0.0,20.8,12.3,61.1,,0,0,0,86,22,10,9,7,127,137.0,119.0,120.0,115.29,11.82,118.0,115.86,None,0,7,5,4,6,0,1,6,0,3,1,3,8,0,0,28,22,2,2,4,22,0,22,10,1,0,0,9,1,0,1,28,16,0,1,11,16,0,16,0,211,0,13,0,198,13,0,1,120,0,6,0,114,6,0,0,419,0,13,0,406,13,0,0,573,0,24,1,548,24,0,0,534,0,8,1,525,8,0,0,2,8,1,0,1,8,0,0,2,1,1,1,1,2,7,1,1,1,1,1,4,0,0,0,Normal
2021-12-24,Friday,5,51,12,Winter,0,0,0,0,0,0,0,0.1,21.1,12.4,53.1,,0,0,0,81,18,10,8,7,117,127.0,137.0,111.0,116.29,12.45,118.0,116.5,None,0,3,8,3,4,0,6,1,1,2,1,3,6,0,0,28,25,2,1,2,25,0,25,10,1,0,0,9,1,0,1,28,14,4,1,13,14,0,14,0,198,0,12,0,186,12,0,0,114,0,4,0,110,4,0,0,406,0,11,0,395,11,0,0,548,0,21,1,526,21,0,0,525,0,8,1,516,8,0,0,2,12,1,0,1,20,1,1,2,1,1,2,1,2,7,1,1,1,1,1,3,0,0,1,Watch
2021-12-25,Saturday,6,51,12,Winter,1,1,0,0,0,0,1,0.0,19.8,12.2,58.0,,0,0,0,78,16,6,13,8,113,117.0,127.0,101.0,117.14,12.26,111.0,116.43,None,0,9,4,3,0,0,3,1,1,1,1,3,4,0,0,28,25,4,0,3,25,0,25,10,3,0,1,6,3,0,3,28,11,5,1,16,11,0,11,0,186,0,13,0,173,13,0,0,360,250,4,1,355,4,0,0,395,0,11,0,384,11,0,0,526,0,19,1,506,19,0,0,516,0,6,1,509,6,0,0,2,12,1,0,1,8,0,0,2,1,2,1,1,2,7,1,1,1,1,1,4,0,0,0,Normal
2021-12-26,Sunday,7,51,12,Winter,1,0,0,0,0,0,0,0.3,24.2,15.7,56.4,,0,0,0,73,13,5,12,4,103,113.0,117.0,100.0,118.86,10.62,101.0,116.57,None,0,4,6,1,2,0,4,0,0,1,1,3,5,0,0,28,13,14,1,14,13,0,13,10,3,1,0,7,3,0,3,28,9,3,2,17,9,0,9,0,173,0,7,0,166,7,0,0,355,0,2,1,352,2,0,0,384,0,9,0,375,9,0,0,506,0,16,1,489,16,0,0,509,0,5,1,503,5,0,0,2,8,0,0,1,8,1,0,2,1,1,1,1,2,6,1,1,1,1,1,4,0,0,0,Normal
2021-12-27,Monday,1,52,12,Winter,0,0,0,0,0,0,0,0.0,22.9,13.6,49.4,,0,0,0,88,14,6,7,6,115,103.0,113.0,119.0,119.29,9.88,119.0,116.71,None,0,4,4,2,4,1,3,1,0,2,2,4,8,0,0,28,14,3,2,12,14,0,14,10,4,0,0,6,4,0,4,28,6,4,2,20,6,0,6,0,166,0,10,0,156,10,0,0,352,0,3,1,348,3,0,0,375,0,10,0,365,10,0,0,489,0,18,1,470,18,0,0,503,0,5,0,498,5,0,0,2,8,0,0,1,8,0,0,2,1,1,1,1,2,6,1,1,1,1,1,3,0,0,0,Normal
2021-12-28,Tuesday,2,52,12,Winter,0,0,0,0,0,1,0,0.0,25.2,17.7,49.4,,0,0,0,83,13,11,9,6,116,115.0,103.0,119.0,118.71,10.0,120.0,116.43,None,0,4,4,2,3,1,4,4,1,2,2,4,7,0,0,28,14,4,1,13,14,0,14,10,3,2,0,7,3,0,3,28,4,3,1,23,4,0,4,0,456,300,10,1,445,10,0,0,348,0,3,1,344,3,0,0,365,0,10,0,355,10,0,0,470,0,17,1,452,17,0,0,498,0,5,0,493,5,0,0,2,12,1,0,1,8,1,0,2,1,1,1,1,2,5,2,1,1,1,1,3,0,0,0,Normal
2021-12-29,Wednesday,3,52,12,Winter,0,0,0,1,0,0,1,0.0,21.1,14.8,53.3,,0,0,0,100,18,6,13,7,137,116.0,115.0,137.0,118.29,10.04,128.0,116.14,None,0,7,4,6,1,1,2,3,0,1,2,4,4,0,0,28,17,2,0,11,17,0,17,10,5,0,2,3,5,0,5,28,3,1,0,25,3,0,3,0,445,0,13,1,431,13,0,0,344,0,7,1,336,7,0,0,355,0,13,0,342,13,0,0,452,0,22,1,429,22,0,0,493,0,3,0,490,3,0,0,2,8,0,0,1,8,0,0,3,1,2,1,1,2,6,1,1,1,1,1,4,0,0,0,Normal
2021-12-30,Thursday,4,52,12,Winter,0,0,0,0,0,1,0,0.0,22.8,14.2,53.3,,0,0,0,86,18,11,8,7,123,137.0,116.0,127.0,118.29,10.04,120.0,116.79,None,0,6,8,1,3,1,4,3,2,2,2,4,7,0,0,28,17,4,1,10,17,0,17,10,1,5,1,8,1,0,1,28,4,1,2,22,4,0,4,0,431,0,11,1,419,11,0,0,336,0,3,1,332,3,0,0,342,0,12,0,330,12,0,0,429,0,21,1,407,21,0,0,490,0,9,0,481,9,0,0,2,20,1,1,1,8,1,0,2,1,1,1,2,2,5,2,1,1,1,1,3,0,0,1,Watch
2021-12-31,Friday,5,52,12,Winter,0,0,0,0,0,0,0,0.0,19.9,15.7,57.7,,0,0,0,80,19,5,8,6,112,123.0,137.0,117.0,117.71,9.63,111.0,117.0,None,0,7,6,5,1,0,2,2,1,0,1,3,4,0,0,28,17,3,1,10,17,0,17,10,3,0,2,5,3,0,3,28,5,0,0,23,5,0,5,0,419,0,12,1,406,12,0,0,332,0,6,1,325,6,0,0,330,0,12,0,318,12,0,0,407,0,22,1,384,22,0,1,481,0,5,0,476,5,0,0,2,12,1,0,1,8,0,0,2,1,1,1,1,2,6,1,1,1,1,1,3,0,0,0,Normal
2022-01-01,Saturday,6,52,1,Winter,1,0,0,0,0,0,0,0.0,22.1,13.4,51.1,,0,0,0,76,14,6,10,6,106,112.0,123.0,113.0,117.0,9.84,101.0,117.07,None,0,4,4,4,2,4,3,2,0,1,4,6,5,1,1,28,12,9,1,15,12,0,12,10,1,3,1,8,1,0,1,28,5,1,2,21,5,0,5,0,406,0,10,1,395,10,0,0,325,0,5,1,319,5,0,0,318,0,10,0,308,10,0,0,384,0,17,1,366,17,0,0,476,0,7,0,469,7,0,0,2,8,0,0,1,8,0,0,2,1,1,1,1,2,5,1,1,1,1,1,3,0,0,1,Watch
2022-01-02,Sunday,7,52,1,Winter,1,0,0,0,0,0,0,0.0,20.4,14.7,48.5,,0,0,0,73,17,6,10,7,106,106.0,112.0,103.0,116.0,10.53,100.0,117.43,None,0,3,5,4,5,1,1,2,1,2,2,4,6,0,0,28,7,7,2,19,7,0,7,10,3,0,0,7,3,0,3,28,7,1,2,19,7,0,7,0,395,0,12,1,382,12,0,0,319,0,5,1,313,5,0,0,308,0,10,0,298,10,0,0,366,0,19,1,346,19,0,0,469,0,9,0,460,9,0,0,2,12,1,0,1,8,0,0,2,1,1,1,1,2,5,1,1,1,1,1,3,0,0,0,Normal
2022-01-03,Monday,1,1,1,Winter,0,0,0,0,0,0,0,0.0,22.6,14.5,55.6,,0,0,0,92,17,8,6,8,123,106.0,106.0,115.0,116.43,10.04,119.0,117.86,None,0,4,8,1,4,1,3,1,2,2,2,4,5,0,0,28,11,1,2,15,11,0,11,10,3,1,1,6,3,0,3,28,7,2,0,21,7,0,7,0,382,0,12,1,369,12,0,0,313,0,3,1,309,3,0,0,298,0,11,0,287,11,0,0,346,0,21,1,324,21,0,0,460,0,9,0,451,9,0,0,2,20,1,1,1,8,0,0,2,1,1,1,2,2,5,1,1,1,1,1,3,0,0,1,Watch
2022-01-04,Tuesday,2,1,1,Winter,0,0,0,0,0,1,0,0.0,21.0,11.6,51.7,,0,0,0,93,19,10,7,7,129,123.0,106.0,116.0,117.57,10.27,119.0,118.14,None,0,7,6,4,2,0,6,3,0,1,1,3,7,0,0,28,15,1,0,13,15,0,15,10,3,1,2,5,3,0,3,28,6,2,0,22,6,0,6,0,369,0,12,1,356,12,0,0,309,0,6,1,302,6,0,0,287,0,13,0,274,13,0,0,324,0,23,1,300,23,0,0,451,0,5,0,446,5,0,0,2,8,1,0,1,20,1,1,2,1,1,2,1,2,6,1,1,1,1,1,2,0,0,1,Watch
2022-01-05,Wednesday,3,1,1,Winter,0,0,0,1,0,0,1,0.0,21.4,10.5,59.7,,0,0,0,100,14,6,14,9,134,129.0,123.0,137.0,119.43,10.97,137.0,118.86,None,0,3,8,1,2,0,5,0,1,0,2,4,4,0,0,28,19,2,1,8,19,0,19,10,3,0,3,4,3,0,3,28,9,0,0,19,9,0,9,0,356,0,13,1,342,13,0,0,302,0,2,1,299,2,0,0,274,0,10,0,264,10,0,0,1000,700,19,2,979,19,0,0,446,0,10,0,436,10,0,0,2,12,1,0,1,8,1,0,3,1,2,1,1,2,6,1,1,1,2,2,4,0,0,0,Normal
2022-01-06,Thursday,4,1,1,Winter,0,0,0,0,0,1,0,0.0,20.9,14.0,54.2,,0,0,0,84,12,10,7,5,113,134.0,129.0,123.0,119.0,10.31,127.0,118.64,None,0,1,10,0,1,1,5,4,0,1,2,4,8,0,0,28,18,6,1,9,18,0,18,10,3,0,0,7,3,0,3,28,8,1,2,18,8,0,8,0,342,0,8,1,333,8,0,0,299,0,1,1,297,1,0,0,264,0,9,0,255,9,0,0,979,0,16,2,961,16,0,0,436,0,6,0,430,6,0,0,2,8,1,0,1,8,1,0,2,1,1,1,1,2,6,1,1,1,1,1,2,0,0,0,Normal
2022-01-07,Friday,5,1,1,Winter,0,0,0,0,0,0,0,0.0,21.8,15.5,50.3,,0,0,0,81,16,8,6,6,111,113.0,134.0,112.0,117.57,10.35,117.0,117.64,None,0,8,3,3,2,0,3,1,1,3,1,3,6,0,0,28,13,6,2,13,13,0,13,10,2,3,0,8,2,0,2,28,10,1,0,18,10,0,10,0,333,0,10,1,322,10,0,0,297,0,4,1,292,4,0,0,255,0,11,0,244,11,0,0,961,0,19,2,940,19,0,0,430,0,8,0,422,8,0,0,2,12,1,0,1,8,0,0,2,1,1,1,1,2,6,1,1,1,1,1,4,0,0,0,Normal
2022-01-08,Saturday,6,1,1,Winter,1,0,0,0,0,0,0,0.0,20.7,11.4,55.2,,0,0,0,77,20,5,14,6,116,111.0,113.0,106.0,117.43,10.43,113.0,117.21,None,0,6,7,5,2,0,3,0,2,0,1,3,5,0,0,28,14,2,0,14,14,0,14,10,4,0,0,6,4,0,4,28,8,3,1,19,8,0,8,0,322,0,12,1,309,12,0,0,292,0,6,1,285,6,0,0,244,0,12,0,232,12,0,0,940,0,22,2,916,22,0,0,422,0,6,0,416,6,0,0,2,20,1,1,1,8,0,0,2,1,2,1,2,2,6,1,1,1,2,2,4,0,0,1,Watch
2022-01-09,Sunday,7,1,1,Winter,1,0,0,0,0,0,0,0.0,24.6,16.4,52.2,Respiratory,4,1,7,88,44,6,9,8,147,116.0,111.0,106.0,118.86,9.4,103.0,117.43,None,0,6,29,4,5,16,5,0,0,1,16,15,8,7,1,28,13,4,1,14,13,0,13,10,6,0,2,2,6,0,6,28,11,0,2,15,11,0,11,0,309,0,17,1,291,17,0,0,285,0,8,1,276,8,0,0,232,0,21,0,211,21,0,0,916,0,42,2,872,42,0,0,416,0,37,0,379,37,0,0,2,8,0,0,1,8,1,0,2,2,1,1,1,2,6,1,2,1,1,1,4,0,0,1,High
2022-01-10,Monday,1,2,1,Winter,0,0,0,0,0,0,0,0.0,20.4,12.9,63.5,Respiratory,4,1,8,113,47,8,8,10,176,147.0,116.0,123.0,124.71,11.98,115.0,120.57,None,0,10,20,12,5,8,7,1,0,0,9,10,6,4,1,28,15,2,2,11,15,0,15,10,7,1,0,3,7,0,7,28,14,1,1,13,14,0,14,0,291,0,23,1,267,23,0,0,276,0,16,1,259,16,0,0,211,0,24,0,187,24,0,1,872,0,47,2,823,47,0,0,379,0,28,0,351,28,0,0,2,8,0,0,1,20,1,1,3,2,1,2,1,3,7,1,2,2,1,1,2,0,0,2,High
2022-01-11,Tuesday,2,2,1,Winter,0,0,0,0,0,1,0,0.0,22.7,15.6,56.9,Respiratory,4,1,5,109,45,12,9,13,175,176.0,147.0,129.0,132.29,21.49,116.0,124.93,None,0,6,31,5,3,13,3,4,2,3,14,14,6,8,1,28,17,3,1,10,17,0,17,10,9,3,0,1,9,0,9,28,16,1,1,11,16,0,16,0,267,0,24,0,243,24,0,0,259,0,9,0,250,9,0,0,187,0,22,0,165,22,0,0,823,0,45,2,776,45,0,0,351,0,36,0,315,36,0,0,2,20,1,1,1,8,0,0,3,2,1,1,2,3,7,2,2,2,1,1,4,0,0,2,High
2022-01-12,Wednesday,3,2,1,Winter,0,0,0,1,0,0,1,0.0,24.5,17.2,48.7,Respiratory,4,1,6,118,46,5,11,11,180,175.0,176.0,134.0,138.86,26.03,137.0,129.14,None,0,5,33,3,5,11,2,3,0,0,13,13,4,9,1,28,18,6,2,8,18,0,18,10,4,5,1,5,4,0,4,28,16,4,0,12,16,0,16,0,243,0,21,0,222,21,0,0,250,0,7,0,243,7,0,0,165,0,23,0,142,23,0,0,776,0,46,1,729,46,0,0,315,0,37,0,278,37,0,0,2,8,0,0,1,8,0,0,3,2,1,1,1,3,7,1,2,2,1,1,3,0,0,1,High
2022-01-13,Thursday,4,2,1,Winter,0,0,0,0,0,1,0,0.0,22.6,12.9,47.8,Respiratory,4,1,6,106,41,12,7,10,166,180.0,175.0,113.0,145.43,29.54,123.0,132.21,None,0,6,22,10,3,10,4,3,2,3,11,11,8,3,1,28,12,10,0,16,12,0,12,10,3,3,2,5,3,0,3,28,17,3,1,10,17,0,17,0,222,0,21,0,201,21,0,0,243,0,13,0,230,13,0,0,142,0,21,0,121,21,0,0,729,0,41,1,687,41,0,0,278,0,31,0,247,31,0,0,2,20,1,1,1,8,1,0,3,2,1,1,2,3,6,2,2,1,1,1,2,0,0,2,High
2022-01-14,Friday,5,2,1,Winter,0,0,0,0,0,0,0,0.0,21.1,12.6,54.4,Respiratory,4,1,7,100,45,6,5,9,156,166.0,180.0,111.0,153.0,26.94,112.0,135.29,None,0,3,32,7,3,15,2,2,1,1,15,14,8,6,1,28,11,5,2,15,11,0,11,10,3,1,1,6,3,0,3,28,17,4,0,11,17,0,17,0,201,0,20,0,181,20,0,1,230,0,11,0,219,11,0,0,121,0,21,0,100,21,0,0,687,0,44,1,642,44,0,0,247,0,40,0,207,40,0,1,2,12,1,0,1,8,0,0,3,2,1,1,1,2,6,1,2,2,1,1,3,0,0,1,High
2022-01-15,Saturday,6,2,1,Winter,1,0,0,0,0,0,0,0.0,19.6,9.9,52.2,Respiratory,4,1,5,95,43,7,8,8,153,156.0,166.0,116.0,159.43,20.82,106.0,138.43,None,0,5,22,10,6,6,5,1,0,1,8,9,4,5,1,28,11,5,2,15,11,0,11,10,3,1,2,5,3,0,3,28,17,2,0,11,17,0,17,0,181,0,19,0,162,19,0,0,219,0,13,0,206,13,0,0,100,0,21,0,79,21,0,0,642,0,42,1,599,42,0,0,207,0,24,0,183,24,0,0,2,8,0,0,1,8,1,0,2,2,1,1,1,2,6,1,2,1,1,1,3,0,0,1,High
2022-01-16,Sunday,7,2,1,Winter,1,0,0,0,0,0,0,0.0,20.7,12.3,51.7,Respiratory,4,1,6,91,43,7,11,9,152,153.0,156.0,147.0,164.71,11.92,106.0,141.79,None,0,4,28,6,5,12,2,3,0,2,13,13,8,5,1,28,14,4,2,12,14,0,14,10,2,2,1,7,2,0,2,28,17,1,1,10,17,0,17,0,162,0,19,0,143,19,0,0,206,0,10,0,196,10,0,0,359,280,20,0,339,20,0,0,599,0,42,1,556,42,0,0,183,0,30,0,153,30,0,0,2,8,0,0,1,8,0,0,2,2,1,1,1,2,6,1,1,1,1,1,4,0,0,1,High
2022-01-17,Monday,1,3,1,Winter,0,0,0,0,0,0,0,0.0,22.8,14.9,52.8,Respiratory,4,1,7,113,44,6,8,7,171,152.0,153.0,176.0,165.43,10.95,123.0,145.07,None,0,7,28,3,6,12,3,1,0,2,13,13,7,6,1,28,10,5,1,17,10,0,10,10,4,0,2,4,4,0,4,28,20,1,2,6,20,0,20,0,143,0,16,0,127,16,0,0,196,0,7,0,189,7,0,0,339,0,22,0,317,22,0,0,556,0,44,1,511,44,0,0,153,0,36,0,117,36,0,0,2,8,0,0,1,8,0,0,3,2,1,1,1,3,6,1,2,2,1,1,4,0,0,1,High
2022-01-18,Tuesday,2,3,1,Winter,0,0,0,0,0,1,0,0.0,24.1,18.4,61.4,Respiratory,4,1,6,113,48,10,7,10,178,171.0,152.0,175.0,164.71,10.39,129.0,148.5,None,0,4,33,5,6,16,3,6,0,1,16,15,6,9,1,28,12,3,1,15,12,0,12,10,2,4,0,8,2,0,2,28,20,3,1,7,20,0,20,0,127,0,21,0,106,21,0,0,189,0,9,0,180,9,0,0,317,0,23,0,294,23,0,0,511,0,47,1,463,47,0,0,117,0,39,0,78,39,0,0,2,8,1,0,1,8,0,0,3,2,1,1,1,3,6,1,2,2,1,1,2,0,0,1,High
2022-01-19,Wednesday,3,3,1,Winter,0,0,0,1,0,0,1,0.0,21.4,13.2,47.1,Respiratory,4,1,6,116,43,7,11,10,177,178.0,171.0,180.0,165.14,10.86,134.0,152.0,None,0,9,26,4,4,8,4,2,0,1,10,10,8,2,1,28,14,3,2,12,14,0,14,10,3,1,1,6,3,0,3,28,20,3,1,7,20,0,20,0,406,300,20,1,385,20,0,0,180,0,8,0,172,8,0,0,294,0,23,0,271,23,0,0,463,0,44,1,418,44,0,0,78,0,29,0,49,29,0,0,2,8,0,0,1,8,1,0,3,2,1,1,1,3,7,1,2,2,1,1,4,0,0,1,High
2022-01-20,Thursday,4,3,1,Winter,0,0,0,0,0,1,0,0.0,22.5,15.3,50.9,Respiratory,4,1,6,106,43,14,8,10,171,177.0,178.0,166.0,164.71,10.31,113.0,155.07,None,0,3,32,6,2,16,11,3,0,0,16,15,6,9,1,28,17,3,2,9,17,0,17,10,4,0,1,5,4,0,4,28,22,1,0,6,22,0,22,0,385,0,20,1,364,20,0,0,172,0,10,0,162,10,0,0,271,0,21,0,250,21,0,0,418,0,43,1,374,43,0,1,49,0,39,0,10,39,0,0,2,16,1,1,1,20,1,1,3,2,1,2,2,3,7,2,2,1,1,1,4,0,0,3,High
2022-01-21,Friday,5,3,1,Winter,0,0,0,0,1,0,0,0.0,23.2,16.4,48.5,Respiratory,4,1,5,106,44,9,11,10,170,171.0,177.0,156.0,165.43,10.54,111.0,159.21,None,0,8,28,3,5,11,5,2,1,1,12,12,7,5,1,28,19,2,2,7,19,0,19,10,4,0,2,4,4,0,4,28,21,7,0,7,21,0,21,0,364,0,20,1,343,20,0,0,162,0,7,0,155,7,0,0,250,0,22,0,228,22,0,0,374,0,44,1,329,44,0,0,410,400,39,0,371,39,0,0,2,12,1,0,1,8,1,0,3,2,1,1,1,3,7,1,2,2,1,1,2,0,0,1,High
2022-01-22,Saturday,6,3,1,Winter,1,0,0,0,0,0,0,0.0,19.4,13.4,53.7,Respiratory,4,1,6,98,45,7,11,11,161,170.0,171.0,153.0,167.43,9.87,116.0,163.43,None,0,3,28,6,8,8,3,3,1,0,10,10,4,6,1,28,20,5,1,7,20,0,20,10,1,4,0,9,1,0,1,28,21,4,2,5,21,0,21,0,343,0,22,1,320,22,0,0,155,0,10,0,145,10,0,0,228,0,21,0,207,21,0,0,329,0,44,1,284,44,0,0,371,0,32,0,339,32,0,0,2,12,1,0,1,8,0,0,3,2,1,1,1,3,7,1,2,2,1,1,2,0,0,1,High
2022-01-23,Sunday,7,3,1,Winter,1,0,0,0,0,0,0,0.0,23.7,16.5,54.1,Respiratory,4,1,6,94,46,7,12,11,159,161.0,170.0,152.0,168.57,8.5,147.0,166.64,None,0,3,37,5,1,11,4,2,1,0,14,14,4,10,1,28,19,5,2,7,19,0,19,10,3,1,0,7,3,0,3,28,23,2,1,4,23,0,23,0,320,0,22,1,297,22,0,0,145,0,9,0,136,9,0,0,207,0,21,0,186,21,0,1,284,0,44,0,240,44,0,0,339,0,39,0,300,39,0,0,2,12,1,0,1,8,1,0,2,2,1,1,1,2,7,1,2,2,1,1,3,0,0,1,High
2022-01-24,Monday,1,4,1,Winter,0,0,0,0,0,0,0,1.3,23.5,16.4,52.4,Respiratory,4,1,6,109,48,6,7,11,170,159.0,161.0,171.0,169.57,6.72,176.0,167.5,None,0,9,31,4,4,10,3,0,2,1,12,12,6,6,1,28,21,5,1,6,21,0,21,10,5,1,0,5,5,0,5,28,21,3,0,7,21,0,21,0,297,0,22,1,274,22,0,0,136,0,8,0,128,8,0,1,186,0,24,0,162,24,0,0,240,0,47,0,193,47,0,0,300,0,30,0,270,30,0,0,2,20,1,1,1,8,0,0,3,2,1,1,2,3,7,1,2,2,1,1,2,0,0,2,High
2022-01-25,Tuesday,2,4,1,Winter,0,0,0,0,0,1,0,0.0,21.5,14.4,51.4,Respiratory,4,1,6,110,47,11,4,9,172,170.0,159.0,178.0,169.43,6.69,175.0,167.07,None,0,6,28,7,6,10,1,5,4,1,11,11,5,6,1,28,18,4,1,9,18,0,18,10,6,1,2,2,6,0,6,28,26,1,0,2,26,0,26,0,274,0,20,1,253,20,0,0,128,0,11,0,117,11,0,0,162,0,23,0,139,23,0,0,893,700,46,2,845,46,0,0,270,0,38,0,232,38,0,0,2,20,1,1,1,8,0,0,3,2,1,1,2,3,8,2,2,2,1,1,2,0,0,2,High
2022-01-26,Wednesday,3,4,1,Winter,0,1,0,1,0,0,2,0.0,20.5,10.7,57.2,Respiratory,4,1,6,115,51,6,14,11,186,172.0,170.0,177.0,168.57,5.88,180.0,166.86,None,0,7,25,12,7,10,3,3,0,0,11,11,8,3,1,28,19,4,2,7,19,0,19,10,6,0,2,2,6,0,6,28,28,4,0,0,28,0,28,0,253,0,24,0,229,24,0,0,117,0,16,0,101,16,0,0,139,0,25,0,114,25,0,0,845,0,50,2,793,50,0,0,232,0,36,0,196,36,0,1,2,8,0,0,1,8,0,0,3,2,2,1,1,3,8,1,2,2,2,2,4,0,0,1,High
2022-01-27,Thursday,4,4,1,Winter,0,0,0,0,0,1,0,0.5,24.5,15.9,47.9,Respiratory,4,1,7,105,45,11,5,9,166,186.0,172.0,171.0,169.86,8.13,166.0,167.29,None,0,9,31,3,2,14,5,4,0,2,15,14,4,10,1,28,18,5,0,10,18,0,18,10,3,3,0,7,3,0,3,28,24,9,2,2,24,0,24,0,229,0,18,0,211,18,0,0,101,0,7,0,94,7,0,0,114,0,23,0,91,23,0,0,793,0,44,1,748,44,0,0,196,0,41,0,155,41,0,0,2,8,1,0,1,8,1,0,3,2,1,1,1,3,7,2,2,2,1,1,4,0,0,1,High
2022-01-28,Friday,5,4,1,Winter,0,0,0,0,0,0,0,0.0,21.7,14.2,50.7,Respiratory,4,1,6,103,43,7,8,9,161,166.0,186.0,170.0,169.14,8.22,156.0,167.29,None,0,9,24,5,5,7,5,1,1,0,9,10,7,3,1,28,19,1,2,7,19,0,19,10,6,2,1,3,6,0,6,28,23,3,2,3,23,0,23,0,211,0,19,0,192,19,0,1,94,0,9,0,85,9,0,0,91,0,22,0,69,22,0,0,748,0,43,1,704,43,0,0,155,0,26,0,129,26,0,0,2,12,1,0,1,8,1,0,3,2,1,1,1,3,8,1,2,1,1,1,4,0,0,1,High
2022-01-29,Saturday,6,4,1,Winter,1,0,0,0,0,0,0,0.0,23.2,16.9,58.7,Respiratory,4,1,6,97,45,7,10,9,159,161.0,166.0,161.0,167.86,8.68,153.0,167.64,None,0,5,30,6,4,19,4,2,1,0,18,17,7,10,1,28,16,6,0,12,16,0,16,10,2,6,1,7,2,0,2,28,25,2,2,1,25,0,25,0,192,0,19,0,173,19,0,0,335,250,10,1,324,10,0,0,349,280,22,0,327,22,0,0,704,0,44,1,659,44,0,0,129,0,42,0,87,42,0,0,2,12,1,0,1,8,1,0,3,2,1,1,1,2,7,1,2,2,1,1,3,0,0,1,High
2022-01-30,Sunday,7,4,1,Winter,1,0,0,0,0,0,0,0.0,24.2,16.6,57.8,Respiratory,4,1,6,91,48,7,13,11,159,159.0,161.0,159.0,167.57,8.93,152.0,168.07,None,0,7,31,6,4,10,3,2,0,2,12,12,8,4,1,28,17,4,1,10,17,0,17,10,2,2,2,6,2,0,2,28,21,8,2,5,21,0,21,0,173,0,22,0,151,22,0,0,324,0,10,1,313,10,0,0,327,0,23,0,304,23,0,0,659,0,46,1,612,46,0,0,87,0,36,0,51,36,0,0,2,8,0,0,1,8,0,0,2,2,2,1,1,2,7,1,2,2,1,1,2,0,0,1,High
2022-01-31,Monday,1,5,1,Winter,0,0,0,0,0,0,0,0.3,24.0,15.8,60.3,,0,0,0,90,17,6,8,6,121,159.0,159.0,170.0,167.57,8.93,171.0,168.57,None,0,4,8,3,2,1,1,2,1,2,2,4,8,0,0,28,19,3,1,8,19,0,19,10,2,1,1,7,2,0,2,28,14,7,2,12,14,0,14,0,151,0,11,0,140,11,0,0,313,0,4,1,308,4,0,0,304,0,11,0,293,11,0,0,612,0,21,1,590,21,0,0,51,0,5,0,46,5,0,0,2,12,1,0,1,8,0,0,2,1,1,1,1,2,6,1,1,1,1,1,3,0,0,0,Normal
2022-02-01,Tuesday,2,5,2,Winter,0,0,0,0,0,1,0,0.0,23.9,14.5,47.7,,0,0,0,99,18,12,6,7,135,121.0,159.0,172.0,160.57,18.43,178.0,165.0,None,0,3,5,5,5,2,7,1,2,2,2,4,8,0,0,28,20,4,0,8,20,0,20,10,3,1,2,5,3,0,3,28,9,5,1,18,9,0,9,0,140,0,13,0,127,13,0,0,308,0,6,1,301,6,0,0,293,0,12,0,281,12,0,0,590,0,22,1,567,22,0,0,46,0,4,0,42,4,0,0,2,20,1,1,1,20,1,1,3,1,1,2,2,2,6,2,1,1,1,1,3,0,0,2,Watch
2022-02-02,Wednesday,3,5,2,Winter,0,0,0,1,0,0,1,0.0,23.9,16.4,49.1,,0,0,0,97,19,7,10,8,133,135.0,121.0,186.0,155.29,19.66,177.0,161.93,None,0,4,7,3,5,2,2,2,0,3,3,5,5,0,0,28,21,4,0,7,21,0,21,10,1,3,2,7,1,0,1,28,9,2,1,18,9,0,9,0,427,300,13,1,413,13,0,0,301,0,5,1,295,5,0,0,281,0,12,0,269,12,0,0,567,0,23,1,543,23,0,0,442,400,9,0,433,9,0,0,2,8,0,0,1,8,0,0,3,1,1,1,1,2,6,1,1,1,1,1,4,0,0,0,Normal
2022-02-03,Thursday,4,5,2,Winter,0,0,0,0,0,1,0,0.0,20.9,12.0,59.6,,0,0,0,82,17,11,10,8,120,133.0,135.0,166.0,147.71,16.29,171.0,158.79,None,0,4,9,4,0,1,5,4,2,0,2,4,7,0,0,28,18,5,0,10,18,0,18,10,4,0,3,3,4,0,4,28,9,3,0,19,9,0,9,0,413,0,13,1,399,13,0,0,295,0,5,1,289,5,0,0,269,0,11,0,258,11,0,0,543,0,20,1,522,20,0,0,433,0,11,0,422,11,0,0,2,20,1,1,1,8,1,0,2,1,1,1,2,2,6,2,1,1,1,1,4,0,0,1,Watch
2022-02-04,Friday,5,5,2,Winter,0,0,0,0,0,0,0,0.0,25.4,17.7,56.1,,0,0,0,83,22,7,6,4,118,120.0,133.0,161.0,141.14,16.86,170.0,155.14,None,0,3,8,3,8,1,3,3,1,0,2,4,4,0,0,28,17,3,0,11,17,0,17,10,1,3,2,7,1,0,1,28,10,1,2,16,10,0,10,0,399,0,9,1,389,9,0,0,289,0,5,1,283,5,0,0,258,0,12,0,246,12,0,0,522,0,24,1,497,24,0,0,422,0,9,0,413,9,0,0,2,12,1,0,1,8,0,0,2,1,1,1,1,2,6,1,1,1,1,1,2,0,0,0,Normal
2022-02-05,Saturday,6,5,2,Winter,1,0,0,0,0,0,0,0.0,25.0,16.8,49.7,,0,0,0,78,19,7,12,7,116,118.0,120.0,159.0,135.0,16.33,161.0,151.43,None,0,3,7,7,2,0,3,1,2,1,1,3,6,0,0,28,18,3,2,8,18,0,18,10,2,0,0,8,2,0,2,28,8,4,0,20,8,0,8,0,389,0,13,1,375,13,0,0,283,0,8,1,274,8,0,0,246,0,11,0,235,11,0,0,497,0,21,1,475,21,0,0,413,0,8,0,405,8,0,0,2,20,1,1,1,8,0,0,2,1,1,1,2,2,6,1,1,1,1,1,3,0,0,1,Watch
2022-02-06,Sunday,7,5,2,Winter,1,0,0,0,0,0,0,0.0,23.1,14.9,45.4,,0,0,0,78,16,8,15,8,117,116.0,118.0,159.0,128.86,14.08,159.0,148.21,None,0,5,4,4,3,0,4,2,1,1,1,3,5,0,0,28,15,5,1,12,15,0,15,10,4,0,0,6,4,0,4,28,10,2,0,18,10,0,10,0,375,0,13,1,361,13,0,0,274,0,5,1,268,5,0,0,235,0,10,0,225,10,0,0,475,0,19,1,455,19,0,0,405,0,10,0,395,10,0,0,2,12,1,0,1,8,1,0,2,1,2,1,1,2,6,1,1,1,2,2,4,0,0,0,Normal
2022-02-07,Monday,1,6,2,Winter,0,0,0,0,0,0,0,0.0,22.7,15.5,51.6,,0,0,0,97,14,7,6,7,124,117.0,116.0,121.0,122.86,7.24,170.0,145.21,None,0,1,6,1,6,0,5,0,0,2,1,3,5,0,0,28,16,4,2,10,16,0,16,10,4,1,2,4,4,0,4,28,11,0,1,16,11,0,11,0,361,0,11,1,349,11,0,0,268,0,2,1,265,2,0,0,225,0,10,0,215,10,0,0,455,0,19,1,435,19,0,0,395,0,5,0,390,5,0,0,2,8,0,0,1,8,1,0,3,1,1,1,1,2,6,1,1,1,1,1,4,0,0,0,Normal
2022-02-08,Tuesday,2,6,2,Winter,0,0,0,0,0,1,0,0.0,26.1,14.8,53.5,,0,0,0,92,17,10,7,7,126,124.0,117.0,135.0,123.29,7.21,172.0,141.93,None,0,4,8,4,1,0,5,4,0,1,1,3,6,0,0,28,16,5,0,12,16,0,16,10,4,2,0,6,4,0,4,28,5,6,1,22,5,0,5,0,349,0,12,1,336,12,0,0,265,0,5,1,259,5,0,0,215,0,11,0,204,11,0,0,435,0,21,1,413,21,0,0,390,0,4,0,386,4,0,0,2,8,1,0,1,8,1,0,2,1,1,1,1,2,6,1,1,1,1,1,3,0,0,0,Normal
2022-02-09,Wednesday,3,6,2,Winter,0,0,0,1,0,0,1,0.0,26.4,18.3,42.6,,0,0,0,102,15,9,10,7,136,126.0,124.0,133.0,122.0,5.63,186.0,138.64,None,0,5,5,2,3,0,5,1,1,2,1,3,4,0,0,28,15,6,2,11,15,0,15,10,1,3,1,8,1,0,1,28,7,0,2,19,7,0,7,0,336,0,11,1,324,11,0,0,259,0,3,1,255,3,0,0,204,0,11,0,193,11,0,1,413,0,20,1,392,20,0,1,386,0,6,0,380,6,0,0,2,12,1,0,1,8,1,0,3,1,1,1,1,2,5,1,1,1,1,1,4,0,0,0,Normal
2022-02-10,Thursday,4,6,2,Winter,0,0,0,0,0,1,0,0.0,23.5,14.3,59.4,,0,0,0,92,17,12,8,6,129,136.0,126.0,120.0,122.43,6.5,166.0,135.07,None,0,6,4,3,4,0,4,6,0,2,1,3,6,0,0,28,13,5,0,15,13,0,13,10,1,1,2,7,1,0,1,28,4,5,2,22,4,0,4,0,324,0,11,1,312,11,0,0,255,0,4,1,250,4,0,0,193,0,12,0,181,12,0,0,392,0,21,1,370,21,0,0,380,0,6,0,374,6,0,0,2,8,1,0,1,8,1,0,2,1,1,1,1,2,5,2,1,1,1,1,2,0,0,0,Normal
2022-02-11,Friday,5,6,2,Winter,0,0,0,0,0,0,0,0.0,25.3,17.2,52.0,,0,0,0,85,16,8,7,6,116,129.0,136.0,118.0,123.71,6.78,161.0,132.43,None,0,4,6,4,2,2,3,1,1,3,3,5,6,0,0,28,12,3,1,15,12,0,12,10,2,0,1,7,2,0,2,28,7,0,2,19,7,0,7,0,312,0,11,1,300,11,0,0,250,0,5,0,245,5,0,0,181,0,11,0,170,11,0,0,370,0,20,1,349,20,0,0,374,0,11,0,363,11,0,0,2,12,1,0,1,8,0,0,2,1,1,1,1,2,5,1,1,1,1,1,3,0,0,0,Normal
2022-02-12,Saturday,6,6,2,Winter,1,0,0,0,0,0,0,0.7,24.3,14.4,46.0,,0,0,0,80,19,8,12,8,119,116.0,129.0,116.0,123.43,7.05,159.0,129.21,None,0,5,4,5,5,1,3,2,0,3,2,4,5,0,0,28,17,1,1,10,17,0,17,10,0,2,2,8,0,0,0,28,6,3,1,21,6,0,6,0,300,0,14,1,285,14,0,0,245,0,6,0,239,6,0,0,170,0,12,0,158,12,0,0,349,0,22,1,326,22,0,0,363,0,7,0,356,7,0,0,2,8,0,0,1,8,0,0,2,1,1,1,1,2,5,1,1,1,1,1,4,0,0,0,Normal
2022-02-13,Sunday,7,6,2,Winter,1,0,0,0,0,0,0,0.0,26.4,17.2,54.0,,0,0,0,77,23,8,11,7,119,119.0,116.0,117.0,123.86,6.66,159.0,126.36,None,0,12,6,3,2,1,3,1,0,4,2,4,6,0,0,28,18,3,2,8,18,0,18,10,1,0,2,7,1,0,1,28,8,0,2,18,8,0,8,0,285,0,13,1,271,13,0,0,239,0,5,0,234,5,0,0,158,0,14,0,144,14,0,0,326,0,25,1,300,25,0,0,356,0,8,0,348,8,0,0,2,8,0,0,1,8,0,0,2,1,1,1,1,2,6,1,1,1,1,1,3,0,0,0,Normal
2022-02-14,Monday,1,7,2,Winter,0,0,0,0,0,0,0,0.0,25.1,17.8,53.8,,0,0,0,98,12,8,9,8,127,119.0,119.0,124.0,124.14,6.4,121.0,123.5,None,0,4,6,2,0,1,3,3,0,2,2,4,7,0,0,28,18,6,0,10,18,0,18,10,2,0,0,8,2,0,2,28,8,1,0,20,8,0,8,0,271,0,12,1,258,12,0,0,234,0,3,0,231,3,0,0,144,0,10,0,134,10,0,0,1000,700,17,2,981,17,0,0,348,0,6,0,342,6,0,0,2,8,0,0,1,8,0,0,3,1,1,1,1,2,6,1,1,1,1,1,4,0,0,0,Normal
2022-02-15,Tuesday,2,7,2,Winter,0,0,0,0,0,1,0,0.0,25.9,15.9,53.4,,0,0,0,91,17,12,8,8,128,127.0,119.0,126.0,124.57,6.48,135.0,123.93,None,0,5,9,0,3,0,3,7,0,2,2,4,7,0,0,28,14,7,2,12,14,0,14,10,2,2,1,7,2,0,2,28,9,2,1,18,9,0,9,0,258,0,12,0,246,12,0,0,231,0,2,0,229,2,0,0,414,280,12,0,402,12,0,0,981,0,21,2,958,21,0,0,342,0,10,0,332,10,0,0,2,8,1,0,1,8,0,0,2,1,1,1,1,2,6,2,1,1,1,1,4,0,0,0,Normal
2022-02-16,Wednesday,3,7,2,Winter,0,0,0,1,0,0,1,0.1,24.2,16.8,48.2,,0,0,0,104,14,8,15,10,141,128.0,127.0,136.0,124.86,6.58,133.0,123.43,None,0,2,8,2,2,0,5,2,0,1,2,4,4,0,0,28,13,6,0,15,13,0,13,10,1,2,2,7,1,0,1,28,12,1,0,16,12,0,12,0,246,0,15,0,231,15,0,0,229,0,3,0,226,3,0,0,402,0,10,0,392,10,0,0,958,0,20,2,936,20,0,0,332,0,12,0,320,12,0,0,2,8,0,0,1,8,1,0,3,1,2,1,1,2,6,1,1,1,2,2,4,0,0,0,Normal
2022-02-17,Thursday,4,7,2,Winter,0,0,0,0,1,1,0,0.3,26.1,17.3,49.4,,0,0,0,91,20,16,7,8,134,141.0,128.0,129.0,125.57,7.89,120.0,124.0,None,0,4,6,5,5,1,4,3,0,9,2,4,6,0,0,28,15,1,1,12,15,0,15,10,1,1,2,7,1,0,1,28,13,3,0,15,13,0,13,0,231,0,14,0,217,14,0,0,226,0,6,0,220,6,0,0,392,0,12,0,380,12,0,0,936,0,23,2,911,23,0,0,320,0,12,0,308,12,0,0,2,16,1,1,1,8,1,0,2,1,1,1,2,2,6,2,1,1,1,1,2,0,0,1,Watch
2022-02-18,Friday,5,7,2,Winter,0,0,0,0,0,0,0,0.0,24.1,16.7,56.6,,0,0,0,90,16,6,7,9,119,134.0,141.0,116.0,126.29,8.38,118.0,125.0,None,0,2,6,4,4,1,4,1,1,0,2,4,7,0,0,28,16,4,0,12,16,0,16,10,2,0,1,7,2,0,2,28,11,5,3,14,11,0,11,0,217,0,14,0,203,14,0,0,220,0,5,0,215,5,0,0,380,0,10,0,370,10,0,0,911,0,20,2,889,20,0,0,308,0,10,0,298,10,0,0,2,12,1,0,1,8,1,0,2,1,1,1,1,2,6,1,1,1,1,1,4,0,0,0,Normal
2022-02-19,Saturday,6,7,2,Winter,1,0,0,0,0,0,0,0.0,27.2,19.9,44.8,,0,0,0,78,16,8,13,7,115,119.0,134.0,119.0,126.71,7.91,116.0,125.07,None,0,6,4,3,3,0,3,4,0,1,1,3,7,0,0,28,19,3,2,7,19,0,19,10,0,2,1,9,0,0,0,28,10,2,2,16,10,0,10,0,203,0,12,0,191,12,0,1,215,0,4,0,211,4,0,0,370,0,11,0,359,11,0,0,889,0,19,2,868,19,0,0,298,0,4,0,294,4,0,0,2,8,0,0,1,8,0,0,2,1,2,1,1,2,6,1,1,1,1,1,2,0,0,0,Normal
2022-02-20,Sunday,7,7,2,Winter,1,0,0,0,0,0,0,0.0,22.2,13.8,59.0,,0,0,0,77,21,10,10,8,118,115.0,119.0,119.0,126.14,8.56,117.0,125.0,None,0,7,8,3,3,1,3,3,2,2,2,4,6,0,0,28,21,3,1,6,21,0,21,10,2,0,0,8,2,0,2,28,10,1,2,16,10,0,10,0,191,0,14,0,177,14,0,0,211,0,5,0,206,5,0,0,359,0,13,0,346,13,0,0,868,0,23,2,843,23,0,0,294,0,7,0,287,7,0,0,2,20,1,1,1,8,0,0,2,1,1,1,2,2,6,1,1,1,1,1,2,0,0,1,Watch
2022-02-21,Monday,1,8,2,Winter,0,0,0,0,0,0,0,0.0,24.5,15.3,50.3,,0,0,0,97,18,8,7,7,130,118.0,115.0,127.0,126.0,8.68,124.0,125.07,None,0,9,4,2,3,0,4,3,1,0,1,3,4,0,0,28,19,7,4,5,19,0,19,10,3,1,1,6,3,0,3,28,9,1,0,19,9,0,9,0,177,0,12,0,165,12,0,0,206,0,4,0,202,4,0,0,346,0,13,0,333,13,0,0,843,0,22,2,819,22,0,0,287,0,2,0,285,2,0,0,2,12,1,0,1,8,1,0,3,1,1,1,1,2,6,1,1,1,1,1,2,0,0,0,Normal
2022-02-22,Tuesday,2,8,2,Winter,0,0,0,0,0,1,0,0.6,25.0,17.8,55.6,,0,0,0,93,20,14,4,7,131,130.0,118.0,128.0,126.43,8.8,126.0,125.5,None,0,6,6,1,7,0,4,2,3,5,1,3,4,0,0,28,17,6,2,9,17,0,17,10,2,1,0,8,2,0,2,28,11,1,2,15,11,0,11,0,165,0,12,0,153,12,0,0,202,0,3,0,199,3,0,0,333,0,13,0,320,13,0,0,819,0,23,2,794,23,0,0,285,0,9,0,276,9,0,0,2,20,1,1,1,8,1,0,2,1,1,1,2,2,6,2,1,1,1,1,2,0,0,1,Watch
2022-02-23,Wednesday,3,8,2,Winter,0,0,0,1,0,0,1,0.0,26.2,18.1,48.9,,0,0,0,101,20,7,16,8,144,131.0,130.0,141.0,126.86,8.94,136.0,125.86,None,0,4,10,3,3,1,3,1,1,2,3,5,5,0,0,28,19,3,0,9,19,0,19,10,2,0,2,6,2,0,2,28,12,2,2,14,12,0,12,0,153,0,14,0,139,14,0,0,199,0,5,0,194,5,0,0,320,0,13,0,307,13,0,0,794,0,24,2,768,24,0,0,276,0,12,0,264,12,0,0,2,12,1,0,1,8,0,0,3,1,2,1,1,2,6,1,1,1,2,2,3,0,0,0,Normal
2022-02-24,Thursday,4,8,2,Winter,0,0,0,0,0,1,0,0.0,25.6,19.1,45.5,,0,0,0,88,16,14,10,9,128,144.0,131.0,134.0,127.29,9.65,129.0,126.43,None,0,5,5,5,1,0,5,7,1,1,1,3,7,0,0,28,17,6,0,11,17,0,17,10,3,0,2,5,3,0,3,28,10,6,2,16,10,0,10,0,439,300,15,1,423,15,0,0,194,0,6,0,188,6,0,0,307,0,11,0,296,11,0,0,768,0,20,1,747,20,0,0,264,0,10,0,254,10,0,0,2,20,1,1,1,8,1,0,2,1,1,1,2,2,6,2,1,1,1,1,2,0,0,1,Watch
2022-02-25,Friday,5,8,2,Winter,0,0,0,0,0,0,0,0.0,23.6,15.3,46.6,,0,0,0,88,18,8,9,8,123,128.0,144.0,119.0,126.43,9.27,116.0,126.36,None,0,5,6,4,3,1,3,5,0,0,2,4,7,0,0,28,16,4,0,12,16,0,16,10,2,1,0,8,2,0,2,28,14,1,1,13,14,0,14,0,423,0,13,1,409,13,0,0,188,0,5,0,183,5,0,0,296,0,12,0,284,12,0,0,747,0,21,1,725,21,0,0,254,0,14,0,240,14,0,0,2,8,0,0,1,8,0,0,2,1,1,1,1,2,6,1,1,1,1,1,2,0,0,0,Normal
2022-02-26,Saturday,6,8,2,Winter,1,0,0,0,0,0,0,0.1,26.8,20.3,57.6,,0,0,0,80,22,5,11,8,118,123.0,128.0,115.0,127.0,8.91,119.0,126.86,None,0,8,6,4,4,2,3,2,0,0,3,5,7,0,0,28,18,3,2,8,18,0,18,10,0,2,0,10,0,0,0,28,14,3,0,14,14,0,14,0,409,0,14,1,394,14,0,0,183,0,6,0,177,6,0,0,284,0,13,0,271,13,0,0,725,0,24,1,700,24,0,0,240,0,11,0,229,11,0,0,2,8,0,0,1,8,0,0,2,1,1,1,1,2,6,1,1,1,1,1,2,0,0,0,Normal
2022-02-27,Sunday,7,8,2,Winter,1,0,0,0,0,0,0,0.0,27.4,20.8,51.8,,0,0,0,78,21,8,12,8,119,118.0,123.0,118.0,127.43,8.38,119.0,126.79,None,0,8,6,4,3,1,4,3,0,1,2,4,5,0,0,28,18,4,0,10,18,0,18,10,2,0,1,7,2,0,2,28,15,1,1,12,15,0,15,0,394,0,14,1,379,14,0,0,177,0,6,0,171,6,0,0,271,0,13,0,258,13,0,0,700,0,23,1,676,23,0,0,229,0,8,0,221,8,0,1,2,8,0,0,1,8,1,0,2,1,1,1,1,2,6,1,1,1,1,1,2,0,0,0,Normal
2022-02-28,Monday,1,9,2,Winter,0,0,0,0,0,0,0,0.0,26.3,19.7,43.6,,0,0,0,96,17,7,10,7,130,119.0,118.0,130.0,127.57,8.23,127.0,126.79,None,0,6,8,2,1,1,5,2,0,0,2,4,6,0,0,28,17,3,0,11,17,0,17,10,3,1,2,5,3,0,3,28,16,2,0,12,16,0,16,0,379,0,12,1,366,12,0,0,171,0,4,0,167,4,0,0,258,0,12,0,246,12,0,0,676,0,21,1,654,21,0,0,221,0,11,0,210,11,0,0,2,8,0,0,1,8,1,0,2,1,1,1,1,2,7,1,1,1,1,1,4,0,0,0,Normal
2022-03-01,Tuesday,2,9,3,Summer,0,0,0,0,0,1,0,0.0,26.4,18.1,43.6,,0,0,0,94,18,13,8,7,133,130.0,119.0,131.0,127.57,8.23,128.0,127.0,None,0,6,7,2,3,2,5,5,2,1,3,5,4,1,1,28,20,3,2,6,20,0,20,10,1,3,2,7,1,0,1,28,14,2,1,13,14,0,14,0,366,0,12,1,353,12,0,0,167,0,4,0,163,4,0,0,246,0,12,0,234,12,0,0,654,0,22,1,631,22,0,0,210,0,5,0,205,5,0,0,2,20,1,1,1,8,1,0,2,1,1,1,2,2,6,2,1,1,1,1,4,0,0,2,Watch
2022-03-02,Wednesday,3,9,3,Summer,0,0,0,1,0,0,1,0.0,26.1,19.7,45.3,,0,0,0,103,13,7,10,6,133,133.0,130.0,144.0,127.86,8.37,141.0,127.36,None,0,2,5,5,1,0,2,2,1,2,1,3,7,0,0,28,20,3,1,7,20,0,20,10,2,1,0,8,2,0,2,28,14,1,2,12,14,0,14,0,353,0,11,1,341,11,0,0,163,0,6,0,157,6,0,0,234,0,10,0,224,10,0,0,631,0,19,1,611,19,0,0,205,0,4,0,201,4,0,0,2,12,1,0,1,8,0,0,3,1,1,1,1,2,7,1,1,1,1,1,3,0,0,0,Normal
2022-03-03,Thursday,4,9,3,Summer,0,0,1,0,0,1,3,2.0,26.4,17.7,51.6,,0,0,0,95,15,12,18,10,140,133.0,133.0,128.0,126.29,5.85,134.0,126.79,Road_Accident_Surge,2,6,5,2,2,1,4,6,0,2,2,4,5,0,0,28,23,3,1,4,23,0,23,10,4,0,1,5,4,0,4,28,15,1,0,13,15,0,15,0,341,0,15,1,325,15,0,0,157,0,3,0,154,3,0,0,224,0,11,0,213,11,0,0,611,0,20,1,590,20,0,0,201,0,7,0,194,7,0,0,2,8,1,0,1,8,1,0,2,1,3,1,1,2,7,2,1,1,2,3,4,0,0,0,Watch
2022-03-04,Friday,5,9,3,Summer,0,0,1,0,0,0,2,0.4,31.5,25.1,45.4,,0,0,0,94,16,7,15,8,132,140.0,133.0,123.0,128.0,7.6,119.0,127.21,Road_Accident_Surge,2,6,4,4,2,0,3,3,0,1,1,3,6,0,0,28,23,6,0,5,23,0,23,10,3,3,1,6,3,0,3,28,9,6,0,19,9,0,9,0,325,0,13,1,311,13,0,0,154,0,5,0,149,5,0,0,213,0,12,0,201,12,0,1,590,0,20,1,569,20,0,0,194,0,2,0,192,2,0,0,2,8,0,0,1,8,0,0,2,1,3,1,1,2,6,1,1,1,2,3,2,1,1,1,Watch
2022-03-05,Saturday,6,9,3,Summer,1,0,0,0,0,0,0,0.0,26.5,17.8,43.9,,0,0,0,82,20,8,9,7,119,132.0,140.0,118.0,129.29,7.4,115.0,128.14,None,0,9,6,3,2,1,4,2,0,2,2,4,6,0,0,28,25,3,2,1,25,0,25,10,3,1,1,6,3,0,3,28,9,1,3,16,9,0,9,0,311,0,12,1,298,12,0,0,149,0,5,0,144,5,0,0,201,0,13,0,188,13,0,0,569,0,23,1,545,23,0,0,192,0,6,0,186,6,0,0,2,8,0,0,1,8,1,0,2,1,1,1,1,2,7,1,1,1,1,1,4,0,0,0,Normal
2022-03-06,Sunday,7,9,3,Summer,1,0,0,0,0,0,0,0.1,27.1,19.4,52.4,,0,0,0,77,16,8,11,6,112,119.0,132.0,119.0,129.43,7.19,118.0,128.43,None,0,5,2,7,2,0,3,3,1,1,1,3,5,0,0,28,22,7,2,4,22,0,22,10,3,1,0,7,3,0,3,28,9,1,0,19,9,0,9,0,298,0,12,1,285,12,0,0,144,0,8,0,136,8,0,0,188,0,10,0,178,10,0,0,545,0,19,1,525,19,0,0,586,400,3,1,582,3,0,0,2,12,1,0,1,8,0,0,2,1,1,1,1,2,6,1,1,1,1,1,4,0,0,0,Normal
2022-03-07,Monday,1,10,3,Summer,0,0,0,0,0,0,0,0.0,26.7,18.1,52.3,,0,0,0,97,20,8,8,6,133,112.0,119.0,130.0,128.43,8.86,130.0,128.0,None,0,5,6,3,6,2,5,2,0,1,3,5,4,1,1,28,19,5,0,9,19,0,19,10,5,1,2,3,5,0,5,28,10,0,2,16,10,0,10,0,285,0,11,1,273,11,0,0,136,0,5,0,131,5,0,0,178,0,13,0,165,13,0,0,525,0,24,1,500,24,0,0,582,0,7,1,574,7,0,0,2,8,0,0,1,8,1,0,3,1,1,1,1,2,6,1,1,1,1,1,2,0,0,1,Watch
2022-03-08,Tuesday,2,10,3,Summer,0,0,1,0,0,1,3,0.0,24.9,19.4,60.3,,0,0,0,100,21,12,17,11,150,133.0,112.0,133.0,128.86,9.0,131.0,128.21,Road_Accident_Surge,2,7,5,7,2,2,2,4,1,5,3,5,8,0,0,28,15,10,2,11,15,0,15,10,6,1,2,2,6,0,6,28,11,2,1,16,11,0,11,0,273,0,18,1,254,18,0,0,131,0,8,0,123,8,0,1,165,0,14,0,151,14,0,0,500,0,25,1,474,25,0,0,574,0,10,1,563,10,0,0,2,12,1,0,1,8,0,0,3,1,3,1,1,2,6,2,1,1,2,3,3,0,0,0,Watch
2022-03-09,Wednesday,3,10,3,Summer,0,0,1,1,0,0,4,0.0,25.0,17.9,49.5,,0,0,0,108,18,10,22,10,158,150.0,133.0,133.0,131.29,11.68,144.0,129.57,Road_Accident_Surge,3,5,7,4,2,0,4,4,0,2,2,4,4,0,0,28,17,2,0,11,17,0,17,10,7,2,2,1,7,0,7,28,13,1,2,13,13,0,13,0,254,0,16,0,238,16,0,0,123,0,5,0,118,5,0,0,151,0,13,0,138,13,0,0,474,0,23,1,450,23,0,0,563,0,10,1,552,10,0,0,2,8,1,0,1,8,1,0,3,1,3,1,1,2,7,1,1,1,2,3,4,0,0,0,Watch
2022-03-10,Thursday,4,10,3,Summer,0,0,1,0,1,1,1,0.0,27.3,18.0,61.2,,0,0,0,103,17,16,14,9,150,158.0,150.0,140.0,134.86,15.01,128.0,130.57,None,0,7,6,4,0,0,6,7,0,3,1,3,8,0,0,28,20,2,2,6,20,0,20,10,3,5,0,7,3,0,3,28,15,1,4,9,15,0,15,0,238,0,15,0,223,15,0,0,118,0,5,0,113,5,0,0,418,280,12,0,406,12,0,0,450,0,22,1,427,22,0,0,552,0,9,1,542,9,0,0,2,16,1,1,1,20,1,1,3,1,2,2,2,2,7,2,1,1,2,2,3,0,0,2,Watch
2022-03-11,Friday,5,10,3,Summer,0,0,0,0,1,0,0,0.0,27.4,18.9,43.5,,0,0,0,97,21,13,6,8,137,150.0,158.0,132.0,136.29,15.88,123.0,132.14,None,0,8,9,3,1,0,3,7,1,2,2,4,4,0,0,28,21,4,0,7,21,0,21,10,3,1,2,5,3,0,3,28,14,3,1,13,14,0,14,0,223,0,14,0,209,14,0,0,113,0,5,0,108,5,0,0,406,0,14,0,392,14,0,0,427,0,25,1,401,25,0,1,542,0,8,1,533,8,0,0,2,20,1,1,1,8,0,0,3,1,1,1,2,2,7,2,1,1,1,1,2,0,0,1,Watch
2022-03-12,Saturday,6,10,3,Summer,1,0,0,0,0,0,0,0.0,28.6,19.6,49.2,,0,0,0,82,17,9,11,8,119,137.0,150.0,119.0,137.0,15.78,118.0,133.14,None,0,3,9,2,3,2,6,1,2,0,3,5,4,1,1,28,20,5,0,8,20,0,20,10,2,2,1,7,2,0,2,28,14,3,1,13,14,0,14,0,209,0,13,0,196,13,0,1,108,0,4,0,104,4,0,0,392,0,11,0,381,11,0,0,401,0,20,1,380,20,0,0,533,0,12,1,520,12,0,0,2,20,1,1,1,20,1,1,2,1,1,2,2,2,7,1,1,1,1,1,4,0,0,3,High
2022-03-13,Sunday,7,10,3,Summer,1,0,0,0,0,0,0,0.5,27.1,18.2,52.8,,0,0,0,73,19,8,8,6,108,119.0,137.0,112.0,137.0,15.78,119.0,133.21,None,0,7,5,5,2,1,4,3,0,1,2,4,8,0,0,28,17,7,2,9,17,0,17,10,3,0,2,5,3,0,3,28,13,2,1,14,13,0,13,0,196,0,12,0,184,12,0,0,354,250,6,1,347,6,0,0,381,0,12,0,369,12,0,0,380,0,21,1,358,21,0,0,520,0,5,1,514,5,0,0,2,8,0,0,1,8,1,0,2,1,1,1,1,2,6,1,1,1,1,1,2,0,0,0,Normal
2022-03-14,Monday,1,11,3,Summer,0,0,0,0,0,0,0,0.0,29.3,21.8,51.8,,0,0,0,102,20,11,6,6,139,108.0,119.0,133.0,136.43,16.72,130.0,132.43,None,0,9,5,6,0,0,4,3,0,4,1,3,8,0,0,28,16,4,2,10,16,0,16,10,3,2,1,6,3,0,3,28,13,1,0,15,13,0,13,0,184,0,12,0,172,12,0,0,347,0,7,1,339,7,0,0,369,0,14,0,355,14,0,0,358,0,24,1,333,24,0,0,514,0,4,1,509,4,0,0,2,8,1,0,1,8,1,0,3,1,1,1,1,2,6,2,1,1,1,1,3,0,0,0,Normal
2022-03-15,Tuesday,2,11,3,Summer,0,0,0,0,0,1,0,0.0,27.4,19.7,49.7,,0,0,0,94,17,14,9,9,134,139.0,108.0,150.0,137.29,16.68,133.0,133.07,None,0,7,7,1,2,2,3,7,0,4,3,5,8,0,0,28,18,4,2,8,18,0,18,10,3,1,1,6,3,0,3,28,12,3,0,16,12,0,12,0,172,0,14,0,158,14,0,0,339,0,3,1,335,3,0,0,355,0,12,0,343,12,0,0,333,0,21,1,311,21,0,0,509,0,9,0,500,9,0,0,2,16,1,1,1,8,0,0,2,1,1,1,2,2,6,2,1,1,1,1,2,0,0,1,Watch
2022-03-16,Wednesday,3,11,3,Summer,0,0,0,1,1,0,1,0.0,27.2,21.8,49.7,,0,0,0,103,15,13,11,9,142,134.0,139.0,158.0,135.0,15.86,133.0,133.14,None,0,4,2,3,6,0,2,2,2,7,1,3,7,0,0,28,21,2,0,7,21,0,21,10,3,1,1,6,3,0,3,28,13,2,2,13,13,0,13,0,158,0,14,0,144,14,0,0,335,0,4,1,330,4,0,0,343,0,11,0,332,11,0,0,1011,700,20,2,989,20,0,0,500,0,7,0,493,7,0,0,2,20,1,1,1,8,0,0,3,1,1,1,2,2,7,2,1,1,1,1,3,0,0,1,Watch
2022-03-17,Thursday,4,11,3,Summer,0,0,0,0,0,1,0,0.0,29.2,20.1,51.5,,0,0,0,86,17,14,6,9,123,142.0,134.0,150.0,132.71,13.33,140.0,133.79,None,0,9,4,2,2,0,3,9,0,2,1,3,6,0,0,28,20,6,1,7,20,0,20,10,1,2,0,9,1,0,1,28,13,4,1,14,13,0,13,0,444,300,14,1,429,14,0,0,330,0,4,1,325,4,0,0,332,0,12,0,320,12,0,0,989,0,20,2,967,20,0,0,493,0,10,0,483,10,0,0,2,16,1,1,1,8,0,0,2,1,1,1,2,2,6,2,1,1,1,1,4,0,0,1,Watch
2022-03-18,Friday,5,11,3,Summer,0,0,0,0,0,0,0,0.0,27.6,19.5,50.6,,0,0,0,92,15,8,8,7,123,123.0,142.0,137.0,128.86,11.56,132.0,132.57,None,0,5,4,5,1,0,5,2,0,1,1,3,4,0,0,28,19,5,1,8,19,0,19,10,0,1,1,9,0,0,0,28,15,1,2,11,15,0,15,0,429,0,12,1,416,12,0,0,325,0,6,1,318,6,0,0,320,0,11,0,309,11,0,0,967,0,19,2,946,19,0,0,483,0,8,0,475,8,0,0,2,8,0,0,1,8,1,0,2,1,1,1,1,2,6,1,1,1,1,1,2,0,0,0,Normal
2022-03-19,Saturday,6,11,3,Summer,1,0,0,0,1,0,0,0.0,30.3,24.2,51.2,,0,0,0,86,16,11,11,9,124,123.0,123.0,119.0,126.86,11.18,119.0,131.93,None,0,3,4,4,5,0,6,3,0,2,1,3,6,0,0,28,18,6,2,8,18,0,18,10,3,0,2,5,3,0,3,28,15,1,1,12,15,0,15,0,416,0,14,1,401,14,0,0,318,0,5,1,312,5,0,0,309,0,10,0,299,10,0,0,946,0,20,2,924,20,0,0,475,0,4,0,471,4,0,0,2,8,1,0,1,20,1,1,2,1,1,2,1,2,7,2,1,1,1,1,2,0,0,1,Watch
2022-03-20,Sunday,7,11,3,Summer,1,0,0,0,0,0,0,0.5,25.9,18.2,51.4,,0,0,0,75,18,7,10,7,110,124.0,123.0,108.0,127.57,10.81,112.0,132.29,None,0,4,5,5,4,0,2,4,1,0,1,3,6,0,0,28,20,4,2,6,20,0,20,10,1,2,0,9,1,0,1,28,12,4,2,14,12,0,12,0,401,0,13,1,387,13,0,0,312,0,6,1,305,6,0,0,299,0,11,0,288,11,0,0,924,0,20,2,902,20,0,0,471,0,4,0,467,4,0,0,2,12,1,0,1,8,0,0,2,1,1,1,1,2,6,1,1,1,1,1,3,0,0,0,Normal
2022-03-21,Monday,1,12,3,Summer,0,0,0,0,0,0,0,0.0,28.5,19.8,46.2,,0,0,0,96,15,9,9,9,129,110.0,124.0,139.0,127.86,10.3,133.0,132.14,None,0,4,3,5,3,0,3,1,3,2,1,3,7,0,0,28,19,6,2,7,19,0,19,10,3,0,0,7,3,0,3,28,12,2,0,16,12,0,12,0,387,0,15,1,371,15,0,0,305,0,6,1,298,6,0,0,288,0,11,0,277,11,0,0,902,0,20,2,880,20,0,0,467,0,6,0,461,6,0,0,2,20,1,1,1,8,0,0,2,1,1,1,2,2,6,1,1,1,1,1,3,0,0,1,Watch
2022-03-22,Tuesday,2,12,3,Summer,0,0,0,0,0,1,0,0.0,29.0,18.4,53.0,,0,0,0,97,18,13,5,7,133,129.0,110.0,134.0,126.43,9.3,150.0,131.86,None,0,6,6,2,4,0,5,8,0,0,1,3,4,0,0,28,18,7,1,9,18,0,18,10,3,0,0,7,3,0,3,28,12,1,0,16,12,0,12,0,371,0,12,1,358,12,0,0,298,0,4,1,293,4,0,0,277,0,12,0,265,12,0,0,880,0,22,2,856,22,0,0,461,0,5,0,456,5,0,0,2,16,1,1,1,8,1,0,3,1,1,1,2,2,6,2,1,1,1,1,3,0,0,1,Watch
2022-03-23,Wednesday,3,12,3,Summer,0,0,0,1,0,0,1,0.2,29.9,21.9,44.9,,0,0,0,105,15,6,13,7,139,133.0,129.0,142.0,126.29,9.19,158.0,130.64,None,0,3,8,1,3,2,4,1,1,0,3,5,4,1,1,28,13,8,2,13,13,0,13,10,3,2,3,4,3,0,3,28,10,4,1,17,10,0,10,0,358,0,11,1,346,11,0,0,293,0,2,1,290,2,0,0,265,0,11,0,254,11,0,0,856,0,20,2,834,20,0,0,456,0,10,0,446,10,0,0,2,12,1,0,1,8,1,0,3,1,2,1,1,2,6,1,1,1,1,1,2,0,0,1,Watch
2022-03-24,Thursday,4,12,3,Summer,0,0,0,0,0,1,0,0.0,29.5,22.4,57.8,,0,0,0,93,15,12,3,8,123,139.0,133.0,123.0,125.86,8.49,150.0,129.29,None,0,7,4,2,2,0,2,6,2,2,1,3,6,0,0,28,14,3,2,12,14,0,14,10,1,3,0,9,1,0,1,28,12,1,2,14,12,0,12,0,346,0,12,1,333,12,0,0,290,0,3,1,286,3,0,0,254,0,11,0,243,11,0,0,834,0,19,2,813,19,0,0,446,0,8,0,438,8,0,0,2,20,1,1,1,8,0,0,2,1,1,1,2,2,6,2,1,1,1,1,4,0,0,1,Watch
2022-03-25,Friday,5,12,3,Summer,0,0,0,0,0,0,0,0.0,31.0,22.5,46.3,,0,0,0,88,13,10,7,5,118,123.0,139.0,123.0,125.86,8.49,137.0,127.36,None,0,5,4,4,0,1,7,1,1,1,2,4,8,0,0,28,11,4,0,17,11,0,11,10,0,1,1,9,0,0,0,28,16,0,2,10,16,0,16,0,333,0,9,1,323,9,0,0,286,0,5,1,280,5,0,0,243,0,10,0,233,10,0,0,813,0,17,2,794,17,0,0,438,0,11,0,427,11,0,0,2,12,1,0,1,20,1,1,2,1,1,2,1,2,6,1,1,1,1,1,3,0,0,1,Watch
2022-03-26,Saturday,6,12,3,Summer,1,0,0,0,1,0,0,0.5,26.9,20.5,48.6,,0,0,0,87,17,15,10,8,129,118.0,123.0,124.0,125.14,8.9,119.0,126.0,None,0,9,4,2,2,0,5,5,2,3,1,3,8,0,0,28,16,1,2,10,16,0,16,10,1,0,0,9,1,0,1,28,12,5,1,15,12,0,12,0,323,0,13,1,309,13,0,0,280,0,4,1,275,4,0,0,233,0,12,0,221,12,0,0,794,0,21,2,771,21,0,0,427,0,4,0,423,4,0,0,2,20,1,1,1,8,1,0,2,1,1,1,2,2,6,2,1,1,1,1,2,0,0,1,Watch
2022-03-27,Sunday,7,12,3,Summer,1,0,0,0,0,0,0,1.6,26.9,19.1,45.7,,0,0,0,83,15,8,10,6,116,129.0,118.0,110.0,125.86,8.98,108.0,126.71,None,0,5,1,5,4,0,4,3,0,1,0,2,6,0,0,28,15,4,0,13,15,0,15,10,3,0,0,7,3,0,3,28,11,2,0,17,11,0,11,0,309,0,11,1,297,11,0,0,275,0,6,1,268,6,0,0,221,0,10,0,211,10,0,0,771,0,19,2,750,19,0,0,423,0,2,0,421,2,0,0,2,8,0,0,1,8,1,0,2,1,1,1,1,2,6,1,1,1,1,1,2,0,0,0,Normal
2022-03-28,Monday,1,13,3,Summer,0,0,0,0,0,0,0,0.0,27.5,18.5,51.7,,0,0,0,101,17,8,8,6,134,116.0,129.0,129.0,126.71,7.61,139.0,127.29,None,0,6,4,5,2,0,4,1,0,3,1,3,5,0,0,28,17,2,2,9,17,0,17,10,2,1,0,8,2,0,2,28,7,6,0,21,7,0,7,0,297,0,11,1,285,11,0,0,268,0,6,1,261,6,0,0,211,0,12,0,199,12,0,1,750,0,22,1,727,22,0,0,421,0,6,0,415,6,0,0,2,8,0,0,1,8,1,0,3,1,1,1,1,2,6,1,1,1,1,1,3,0,0,0,Normal
2022-03-29,Tuesday,2,13,3,Summer,0,0,0,0,1,1,0,0.0,26.5,19.3,56.3,,0,0,0,101,17,15,8,8,141,134.0,116.0,133.0,127.43,8.02,134.0,126.93,None,0,5,5,5,2,1,4,3,1,7,2,4,6,0,0,28,17,4,0,11,17,0,17,10,2,1,1,7,2,0,2,28,10,0,0,18,10,0,10,0,285,0,14,1,270,14,0,0,261,0,6,1,254,6,0,0,199,0,12,0,187,12,0,0,727,0,22,1,704,22,0,0,415,0,9,0,406,9,0,0,2,20,1,1,1,8,1,0,3,1,1,1,2,2,6,2,1,1,1,1,3,0,0,1,Watch
2022-03-30,Wednesday,3,13,3,Summer,0,0,1,1,0,0,3,0.0,28.8,20.7,52.3,,0,0,0,108,18,11,22,11,159,141.0,134.0,139.0,128.57,9.21,142.0,127.43,Road_Accident_Surge,3,10,2,4,2,0,4,4,1,2,1,3,6,0,0,28,17,5,0,11,17,0,17,10,3,2,0,7,3,0,3,28,12,1,4,12,12,0,12,0,270,0,17,1,252,17,0,0,254,0,5,0,249,5,0,0,187,0,14,0,173,14,0,0,704,0,23,1,680,23,0,0,406,0,7,0,399,7,0,0,2,12,1,0,1,8,1,0,3,1,3,1,1,2,6,2,1,1,2,3,2,1,1,1,Watch
2022-03-31,Thursday,4,13,3,Summer,0,0,0,0,0,1,0,0.0,27.8,18.6,50.6,,0,0,0,93,18,15,6,7,132,159.0,141.0,123.0,131.43,13.91,123.0,128.64,None,0,5,6,4,3,0,3,8,1,3,1,3,7,0,0,28,20,3,1,7,20,0,20,10,2,2,1,7,2,0,2,28,10,2,2,16,10,0,10,0,252,0,12,0,240,12,0,0,249,0,5,0,244,5,0,0,173,0,12,0,161,12,0,0,680,0,22,1,657,22,0,0,399,0,3,0,396,3,0,0,2,20,1,1,1,8,0,0,2,1,1,1,2,2,6,2,1,1,1,1,4,0,0,1,Watch
2022-04-01,Friday,5,13,4,Summer,0,0,0,0,0,0,0,0.0,29.0,23.1,46.8,,0,0,0,89,17,9,6,7,121,132.0,159.0,118.0,132.71,13.48,123.0,129.29,None,0,7,7,2,1,0,5,2,0,2,1,3,5,0,0,28,22,1,1,5,22,0,22,10,3,1,1,6,3,0,3,28,11,1,2,15,11,0,11,0,240,0,12,0,228,12,0,0,244,0,4,0,240,4,0,0,161,0,12,0,149,12,0,0,657,0,21,1,635,21,0,0,396,0,8,0,388,8,0,0,2,8,0,0,1,8,1,0,2,1,1,1,1,2,7,1,1,1,1,1,4,0,0,0,Normal
2022-04-02,Saturday,6,13,4,Summer,1,0,0,0,1,0,0,2.2,29.1,21.7,41.1,,0,0,0,83,18,10,10,8,121,121.0,132.0,129.0,133.14,13.04,124.0,129.14,None,0,7,2,6,3,0,2,2,0,6,1,3,5,0,0,28,26,4,1,1,26,0,26,10,2,1,0,8,2,0,2,28,8,3,4,16,8,0,8,0,228,0,14,0,214,14,0,0,240,0,7,0,233,7,0,0,149,0,12,0,137,12,0,0,635,0,21,1,613,21,0,0,388,0,1,0,387,1,0,0,2,8,1,0,1,8,0,0,2,1,1,1,1,2,7,1,1,1,1,1,2,0,0,0,Normal
2022-04-03,Sunday,7,13,4,Summer,1,0,0,0,0,0,0,0.0,31.1,22.8,50.6,,0,0,0,77,18,8,15,8,118,121.0,121.0,116.0,132.0,13.69,110.0,128.93,None,0,6,2,6,4,1,4,3,0,1,1,3,6,0,0,28,27,2,1,0,28,1,28,10,5,0,0,5,5,0,5,28,9,0,1,18,9,0,9,1,214,0,14,0,200,14,0,1,233,0,7,0,226,7,0,0,417,280,11,0,406,11,0,0,613,0,21,1,591,21,0,0,387,0,4,0,383,4,0,0,2,8,0,0,1,8,1,0,2,1,2,1,1,2,7,1,1,1,2,2,3,0,0,1,High
2022-04-04,Monday,1,14,4,Summer,0,0,0,0,0,0,0,0.8,30.2,23.1,45.8,,0,0,0,96,15,10,6,5,127,118.0,121.0,134.0,132.29,13.37,129.0,129.5,None,0,6,5,2,2,5,3,5,0,2,4,6,8,0,0,28,21,10,1,6,21,0,21,10,2,3,2,6,2,0,2,28,9,2,2,17,9,0,9,0,200,0,9,0,191,9,0,0,226,0,3,0,223,3,0,0,406,0,11,0,395,11,0,0,591,0,20,1,570,20,0,0,383,0,10,0,373,10,0,0,2,8,1,0,1,8,0,0,2,1,1,1,1,2,6,1,1,1,1,1,3,0,0,0,Normal
2022-04-05,Tuesday,2,14,4,Summer,0,0,0,0,0,1,0,0.0,32.5,25.5,45.4,,0,0,0,93,13,14,8,8,128,127.0,118.0,141.0,131.29,13.47,133.0,129.36,None,0,5,3,5,0,1,5,6,2,1,1,3,8,0,0,28,25,2,1,2,25,0,25,10,3,0,1,6,3,0,3,28,8,2,0,20,8,0,8,0,191,0,13,0,178,13,0,0,223,0,6,0,217,6,0,0,395,0,10,0,385,10,0,0,570,0,18,1,551,18,0,0,373,0,4,0,369,4,0,0,2,20,1,1,1,8,1,0,2,1,1,1,2,2,7,2,1,1,1,1,2,0,0,1,Watch
2022-04-06,Wednesday,3,14,4,Summer,0,0,0,1,0,0,1,2.8,28.8,20.8,50.6,,0,0,0,104,16,9,12,9,141,128.0,127.0,159.0,129.43,12.88,139.0,129.0,None,0,3,6,1,6,0,2,3,2,2,1,3,7,0,0,28,27,2,0,1,27,0,27,10,7,0,1,2,7,0,7,28,5,4,1,22,5,0,5,0,178,0,14,0,164,14,0,0,217,0,2,0,215,2,0,0,385,0,11,0,374,11,0,0,551,0,21,1,529,21,0,0,369,0,5,0,364,5,0,0,2,20,1,1,1,8,0,0,3,1,1,1,2,2,7,1,1,1,1,1,3,0,0,1,Watch
2022-04-07,Thursday,4,14,4,Summer,0,0,0,0,0,1,0,0.0,29.8,23.3,53.7,,0,0,0,95,21,14,6,8,136,141.0,128.0,132.0,126.86,7.32,123.0,129.14,None,0,3,8,5,5,2,4,9,0,1,3,5,5,0,0,28,22,8,2,4,22,0,22,10,7,1,2,1,7,0,7,28,8,1,0,20,8,0,8,0,164,0,14,0,150,14,0,0,215,0,7,0,208,7,0,0,374,0,13,0,361,13,0,0,529,0,24,1,504,24,0,0,364,0,14,0,350,14,0,0,2,16,1,1,1,8,1,0,2,1,1,1,2,2,7,2,1,1,1,1,4,0,0,1,Watch
2022-04-08,Friday,5,14,4,Summer,0,0,0,0,0,0,0,0.0,31.9,23.2,45.7,,0,0,0,90,20,6,7,7,123,136.0,141.0,121.0,127.43,7.84,118.0,130.07,None,0,9,5,3,3,1,1,1,1,3,2,4,6,0,0,28,23,3,2,3,23,0,23,10,2,5,0,8,2,0,2,28,10,1,2,16,10,0,10,0,450,300,12,1,437,12,0,0,208,0,5,0,203,5,0,0,361,0,13,0,348,13,0,0,504,0,23,1,480,23,0,0,350,0,9,0,341,9,0,0,2,12,1,0,1,8,0,0,2,1,1,1,1,2,6,1,1,1,1,1,3,0,0,0,Normal
2022-04-09,Saturday,6,14,4,Summer,1,0,0,0,0,0,0,0.0,27.6,18.8,57.3,,0,0,0,83,20,9,14,9,126,123.0,136.0,121.0,127.71,7.63,129.0,130.43,None,0,8,7,4,1,0,4,2,1,2,1,3,6,0,0,28,24,6,1,3,24,0,24,10,2,0,2,6,2,0,2,28,11,1,1,16,11,0,11,0,437,0,15,1,421,15,0,0,203,0,6,0,197,6,0,0,348,0,13,0,335,13,0,0,480,0,23,1,456,23,0,0,341,0,8,0,333,8,0,0,2,12,1,0,1,8,1,0,2,1,2,1,1,2,7,1,1,1,2,2,4,0,0,0,Normal
2022-04-10,Sunday,7,14,4,Summer,1,0,0,0,0,0,0,0.0,28.7,22.4,43.3,,0,0,0,77,18,9,10,8,114,126.0,123.0,118.0,128.43,7.19,116.0,130.21,None,0,9,1,3,5,0,5,4,0,0,0,2,8,0,0,28,17,9,1,10,17,0,17,10,2,1,0,8,2,0,2,28,15,1,2,11,15,0,15,0,421,0,13,1,407,13,0,0,197,0,4,0,193,4,0,0,335,0,12,0,323,12,0,0,456,0,21,1,434,21,0,0,333,0,10,0,323,10,0,0,2,8,0,0,1,8,1,0,2,1,1,1,1,2,6,1,1,1,1,1,3,0,0,0,Normal
2022-04-11,Monday,1,15,4,Summer,0,0,0,0,0,0,0,0.0,29.3,21.8,47.5,,0,0,0,103,16,6,9,7,134,114.0,126.0,127.0,127.86,8.1,134.0,130.07,None,0,3,4,9,0,1,3,3,0,0,2,4,5,0,0,28,17,4,2,9,17,0,17,10,2,1,1,7,2,0,2,28,15,2,2,11,15,0,15,0,407,0,14,1,392,14,0,0,193,0,10,0,183,10,0,0,323,0,11,0,312,11,0,0,434,0,21,1,412,21,0,0,323,0,7,0,316,7,0,0,2,8,0,0,1,8,0,0,3,1,1,1,1,2,6,1,1,1,1,1,4,0,0,0,Normal
2022-04-12,Tuesday,2,15,4,Summer,0,0,0,0,0,1,0,0.0,28.7,21.5,51.0,,0,0,0,95,20,15,8,8,138,134.0,114.0,128.0,128.86,8.36,141.0,130.07,None,0,7,5,6,2,0,4,8,1,2,1,3,8,0,0,28,16,6,0,12,16,0,16,10,1,2,0,9,1,0,1,28,14,3,2,12,14,0,14,0,392,0,14,1,377,14,0,0,183,0,7,0,176,7,0,0,312,0,13,0,299,13,0,0,412,0,24,1,387,24,0,1,316,0,6,0,310,6,0,0,2,20,1,1,1,8,1,0,2,1,1,1,2,2,6,2,1,1,1,1,4,0,0,1,Watch
2022-04-13,Wednesday,3,15,4,Summer,0,0,0,1,0,0,1,0.9,30.6,21.9,44.6,,0,0,0,106,20,7,12,8,145,138.0,134.0,141.0,130.29,8.92,159.0,129.86,None,0,7,5,4,4,0,4,1,0,2,1,3,7,0,0,28,21,3,0,7,21,0,21,10,1,0,0,9,1,0,1,28,11,3,0,17,11,0,11,0,377,0,14,1,362,14,0,0,176,0,6,0,170,6,0,0,299,0,14,0,285,14,0,0,387,0,24,1,362,24,0,0,310,0,2,0,308,2,0,0,2,8,0,0,1,8,1,0,3,1,1,1,1,2,6,1,1,1,1,1,4,0,0,0,Normal
2022-04-14,Thursday,4,15,4,Summer,0,0,0,0,0,1,0,0.0,31.8,24.4,48.5,,0,0,0,91,17,15,5,7,128,145.0,138.0,136.0,130.86,9.69,132.0,128.86,None,0,8,4,4,1,1,10,5,0,0,1,3,7,0,0,28,25,1,1,2,25,0,25,10,2,0,1,7,2,0,2,28,12,0,0,16,12,0,12,0,362,0,12,1,349,12,0,0,170,0,5,0,165,5,0,0,285,0,12,0,273,12,0,0,362,0,21,1,340,21,0,0,308,0,5,0,303,5,0,0,2,16,1,1,1,20,1,1,2,1,1,2,2,2,7,2,1,1,1,1,3,0,0,2,Watch
2022-04-15,Friday,5,15,4,Summer,0,0,0,0,0,0,0,0.0,32.6,24.5,49.2,,0,0,0,94,15,10,6,6,125,128.0,145.0,123.0,129.71,9.48,121.0,128.57,None,0,4,7,4,0,0,6,2,1,1,1,3,7,0,0,28,25,3,1,2,25,0,25,10,4,0,1,5,4,0,4,28,9,4,0,19,9,0,9,0,349,0,11,1,337,11,0,0,165,0,5,0,160,5,0,0,273,0,11,0,262,11,0,0,340,0,20,1,319,20,0,0,303,0,6,0,297,6,0,0,2,12,1,0,1,20,1,1,2,1,1,2,1,2,7,1,1,1,1,1,4,0,0,1,Watch
2022-04-16,Saturday,6,15,4,Summer,1,0,0,0,0,0,0,0.0,30.3,21.3,51.1,,0,0,0,80,16,9,11,6,116,125.0,128.0,126.0,130.0,9.3,121.0,128.86,None,0,5,7,1,3,1,4,2,1,2,2,4,7,0,0,28,16,11,2,10,16,0,16,10,2,3,0,8,2,0,2,28,8,4,2,18,8,0,8,0,337,0,10,1,326,10,0,0,160,0,2,0,158,2,0,0,262,0,11,0,251,11,0,0,319,0,19,1,299,19,0,0,297,0,10,0,287,10,0,0,2,12,1,0,1,8,1,0,2,1,1,1,1,2,6,1,1,1,1,1,3,0,0,0,Normal
2022-04-17,Sunday,7,15,4,Summer,1,0,0,0,0,0,0,0.0,32.1,24.7,45.6,,0,0,0,75,16,11,11,7,113,116.0,125.0,114.0,128.57,10.5,118.0,128.5,None,0,5,5,4,2,1,3,3,0,5,2,4,7,0,0,28,18,3,2,8,18,0,18,10,1,2,0,9,1,0,1,28,7,2,2,19,7,0,7,0,326,0,12,1,313,12,0,0,158,0,5,0,153,5,0,0,251,0,10,0,241,10,0,0,999,700,19,2,978,19,0,0,287,0,5,0,282,5,0,0,2,8,1,0,1,8,0,0,2,1,1,1,1,2,6,2,1,1,1,1,4,0,0,0,Normal
2022-04-18,Monday,1,16,4,Summer,0,0,0,0,0,0,0,0.0,27.7,21.7,49.0,,0,0,0,98,20,10,4,6,132,113.0,116.0,134.0,128.43,10.7,127.0,128.14,None,0,8,2,8,2,0,4,3,2,1,0,2,7,0,0,28,16,3,2,10,16,0,16,10,2,0,0,8,2,0,2,28,9,2,2,17,9,0,9,0,313,0,13,1,299,13,0,0,153,0,9,0,144,9,0,0,241,0,14,0,227,14,0,0,978,0,24,2,952,24,0,0,282,0,9,0,273,9,0,0,2,20,1,1,1,8,1,0,3,1,1,1,2,2,6,1,1,1,1,1,3,0,0,1,Watch
2022-04-19,Tuesday,2,16,4,Summer,0,0,0,0,0,1,0,0.0,29.4,21.2,48.6,,0,0,0,101,18,14,6,7,139,132.0,113.0,138.0,128.14,10.58,128.0,128.5,None,0,7,4,4,3,2,5,7,1,1,2,4,5,0,0,28,12,9,0,16,12,0,12,10,4,0,1,5,4,0,4,28,5,4,2,21,5,0,5,0,299,0,12,1,286,12,0,0,144,0,5,0,139,5,0,0,227,0,13,0,214,13,0,0,952,0,22,2,928,22,0,0,273,0,4,0,269,4,0,0,2,20,1,1,1,8,1,0,3,1,1,1,2,2,5,2,1,1,1,1,3,0,0,1,Watch
2022-04-20,Wednesday,3,16,4,Summer,0,0,0,1,0,0,1,0.0,29.9,19.3,44.2,,0,0,0,101,13,8,15,10,137,139.0,132.0,145.0,128.29,10.71,141.0,129.29,None,0,4,6,1,2,2,3,3,1,1,3,5,6,0,0,28,13,2,0,15,13,0,13,10,5,1,1,4,5,0,5,28,8,2,0,20,8,0,8,0,286,0,14,1,271,14,0,0,139,0,2,0,137,2,0,0,214,0,10,0,204,10,0,0,928,0,18,2,908,18,0,0,269,0,15,0,254,15,0,0,2,12,1,0,1,8,0,0,3,1,2,1,1,2,6,1,1,1,2,2,2,0,0,0,Normal
2022-04-21,Thursday,4,16,4,Summer,0,0,0,0,0,1,0,2.4,30.3,23.1,50.8,,0,0,0,94,17,14,8,8,133,137.0,139.0,128.0,127.14,9.19,136.0,129.0,None,0,6,6,4,1,1,6,6,0,2,2,4,6,0,0,28,15,2,2,11,15,0,15,10,5,1,2,3,5,0,5,28,10,1,2,16,10,0,10,0,271,0,13,1,257,13,0,0,137,0,5,0,132,5,0,0,204,0,12,0,192,12,0,1,908,0,21,2,885,21,0,0,254,0,10,0,244,10,0,0,2,16,1,1,1,20,1,1,2,1,1,2,2,2,6,2,1,1,1,1,3,0,0,2,Watch
2022-04-22,Friday,5,16,4,Summer,0,0,0,0,0,0,0,0.1,32.5,26.4,40.3,,0,0,0,90,19,9,9,8,127,133.0,137.0,125.0,127.86,9.42,123.0,128.79,None,0,7,4,3,5,0,4,4,0,1,1,3,8,0,0,28,16,4,0,12,16,0,16,10,4,2,1,5,4,0,4,28,8,4,0,20,8,0,8,0,257,0,13,0,244,13,0,0,132,0,5,0,127,5,0,1,192,0,13,0,179,13,0,0,885,0,22,2,861,22,0,0,244,0,6,0,238,6,0,0,2,8,0,0,1,8,1,0,2,1,1,1,1,2,6,1,1,1,1,1,3,0,0,0,Normal
2022-04-23,Saturday,6,16,4,Summer,1,0,0,0,0,0,0,0.0,30.3,22.2,47.2,,0,0,0,77,17,6,14,8,114,127.0,133.0,116.0,128.14,9.36,126.0,129.07,None,0,8,6,1,2,1,2,2,0,2,2,4,7,0,0,28,15,3,2,11,15,0,15,10,4,1,1,5,4,0,4,28,6,7,0,22,6,0,6,0,244,0,12,0,232,12,0,0,127,0,3,0,124,3,0,0,179,0,11,0,168,11,0,0,861,0,20,2,839,20,0,0,238,0,14,0,224,14,0,1,2,8,0,0,1,8,0,0,2,1,2,1,1,2,6,1,1,1,2,2,2,0,0,0,Normal
2022-04-24,Sunday,7,16,4,Summer,1,0,0,0,0,0,0,0.0,30.2,23.6,43.7,,0,0,0,78,18,10,13,8,119,114.0,127.0,113.0,127.86,9.75,114.0,128.21,None,0,10,2,2,4,0,5,1,1,3,1,3,8,0,0,28,16,2,2,10,16,0,16,10,2,2,2,6,2,0,2,28,10,1,2,16,10,0,10,0,232,0,13,0,219,13,0,0,124,0,4,0,120,4,0,0,168,0,12,0,156,12,0,0,839,0,21,2,816,21,0,0,224,0,11,0,213,11,0,0,2,12,1,0,1,8,1,0,2,1,2,1,1,2,6,1,1,1,1,1,3,0,0,0,Normal
2022-04-25,Monday,1,17,4,Summer,0,0,0,0,0,0,0,0.0,33.1,25.9,42.3,,0,0,0,96,15,9,10,6,130,119.0,114.0,132.0,128.71,8.6,134.0,128.57,None,0,6,4,3,2,0,3,5,0,1,1,3,7,0,0,28,13,6,0,15,13,0,13,10,4,0,2,4,4,0,4,28,9,2,2,17,9,0,9,0,219,0,10,0,209,10,0,0,120,0,4,0,116,4,0,0,156,0,11,0,145,11,0,0,816,0,20,2,794,20,0,0,213,0,4,0,209,4,0,0,2,8,0,0,1,8,0,0,2,1,1,1,1,2,6,1,1,1,1,1,4,0,0,0,Normal
2022-04-26,Tuesday,2,17,4,Summer,0,0,0,0,0,1,0,0.0,29.3,22.2,45.7,,0,0,0,99,17,13,7,8,136,130.0,119.0,139.0,128.43,8.52,138.0,128.29,None,0,5,4,6,2,1,5,5,0,3,2,4,6,0,0,28,17,0,2,9,17,0,17,10,5,2,3,2,5,0,5,28,7,3,0,21,7,0,7,0,209,0,14,0,195,14,0,1,116,0,7,0,109,7,0,0,145,0,12,0,133,12,0,0,794,0,22,2,770,22,0,0,209,0,5,0,204,5,0,0,2,16,1,1,1,8,1,0,3,1,1,1,2,2,6,2,1,1,1,1,2,0,0,1,Watch
2022-04-27,Wednesday,3,17,4,Summer,0,0,0,1,0,0,1,0.0,31.2,23.8,51.2,,0,0,0,106,17,10,13,11,146,136.0,130.0,137.0,128.0,8.04,145.0,128.14,None,0,3,6,3,5,1,3,4,1,2,2,4,6,0,0,28,19,3,1,8,19,0,19,10,5,3,2,3,5,0,5,28,9,1,1,18,9,0,9,0,195,0,17,0,178,17,0,0,359,250,4,1,354,4,0,0,413,280,12,0,401,12,0,0,770,0,22,1,747,22,0,0,204,0,10,0,194,10,0,0,2,12,1,0,1,8,0,0,3,1,2,1,1,2,6,1,1,1,1,1,4,0,0,0,Normal
2022-04-28,Thursday,4,17,4,Summer,0,0,0,0,1,1,0,0.0,32.2,23.3,45.2,,0,0,0,97,20,17,6,8,140,146.0,136.0,133.0,129.29,9.88,128.0,128.21,None,0,8,5,4,3,0,9,6,0,2,1,3,7,0,0,28,22,3,2,4,22,0,22,10,4,3,1,5,4,0,4,28,8,1,2,18,8,0,8,0,178,0,14,0,164,14,0,0,354,0,6,1,347,6,0,0,401,0,13,0,388,13,0,0,747,0,24,1,722,24,0,0,194,0,2,0,192,2,0,0,2,16,1,1,1,20,1,1,3,1,1,2,2,2,6,2,1,1,1,1,3,0,0,2,Watch
2022-04-29,Friday,5,17,4,Summer,0,0,0,0,0,0,0,0.0,29.5,19.5,49.5,,0,0,0,91,16,8,10,7,125,140.0,146.0,127.0,130.29,10.54,125.0,129.07,None,0,5,3,3,5,1,3,4,0,1,1,3,8,0,0,28,20,6,2,6,20,0,20,10,2,3,0,8,2,0,2,28,9,1,1,18,9,0,9,0,164,0,12,0,152,12,0,0,347,0,4,1,342,4,0,0,388,0,11,0,377,11,0,0,722,0,20,1,701,20,0,0,192,0,6,0,186,6,0,0,2,8,0,0,1,8,0,0,2,1,1,1,1,2,6,1,1,1,1,1,2,0,0,0,Normal
2022-04-30,Saturday,6,17,4,Summer,1,0,0,0,0,0,0,0.0,33.7,24.1,45.2,,0,0,0,81,18,8,11,7,118,125.0,140.0,114.0,130.0,10.65,116.0,129.07,None,0,5,7,3,3,1,3,3,0,2,2,4,5,0,0,28,21,3,0,7,21,0,21,10,1,2,1,8,1,0,1,28,10,1,1,17,10,0,10,0,152,0,12,0,140,12,0,0,342,0,4,1,337,4,0,0,377,0,11,0,366,11,0,0,701,0,21,1,679,21,0,0,586,400,8,1,577,8,0,0,2,8,0,0,1,8,0,0,2,1,1,1,1,2,6,1,1,1,1,1,4,0,0,0,Normal
2022-05-01,Sunday,7,17,5,Summer,1,1,0,0,0,0,1,0.0,35.5,29.7,41.1,,0,0,0,80,18,9,14,9,121,118.0,125.0,119.0,130.57,9.85,113.0,129.21,None,0,7,7,3,1,0,4,3,0,2,1,3,5,0,0,28,20,5,1,7,20,0,20,10,2,1,0,8,2,0,2,28,13,0,1,14,13,0,13,0,440,300,14,1,425,14,0,0,337,0,4,1,332,4,0,0,366,0,12,0,354,12,0,0,679,0,21,1,657,21,0,0,577,0,10,1,566,10,0,0,2,8,0,0,1,8,1,0,2,1,2,1,1,2,6,1,1,1,2,2,3,0,0,0,Normal
2022-05-02,Monday,1,18,5,Summer,0,0,0,0,0,0,0,0.6,33.4,26.0,42.3,,0,0,0,93,16,9,5,7,123,121.0,118.0,130.0,130.86,9.54,132.0,129.79,None,0,8,4,2,2,0,6,2,1,0,1,3,5,0,0,28,24,1,0,4,24,0,24,10,4,0,1,5,4,0,4,28,9,4,0,19,9,0,9,0,425,0,11,1,413,11,0,0,332,0,3,1,328,3,0,0,354,0,12,0,342,12,0,0,657,0,20,1,636,20,0,0,566,0,2,1,563,2,0,0,2,12,1,0,1,20,1,1,2,1,1,2,1,2,7,1,1,1,1,1,3,0,0,1,Watch
2022-05-03,Tuesday,2,18,5,Summer,0,0,0,0,0,1,0,0.0,32.3,22.7,48.0,,0,0,0,95,14,14,5,8,128,123.0,121.0,136.0,129.86,9.93,139.0,129.14,None,0,6,5,0,3,0,8,4,0,2,1,3,4,0,0,28,20,7,2,6,20,0,20,10,5,1,0,5,5,0,5,28,12,0,2,14,12,0,12,0,413,0,12,1,400,12,0,0,328,0,1,1,326,1,0,0,342,0,11,0,331,11,0,0,636,0,19,1,616,19,0,0,563,0,8,1,554,8,0,0,2,16,1,1,1,20,1,1,2,1,1,2,2,2,7,2,1,1,1,1,2,0,0,2,Watch
2022-05-04,Wednesday,3,18,5,Summer,0,0,0,1,0,0,1,0.0,31.4,21.4,52.6,,0,0,0,104,17,8,13,7,142,128.0,123.0,146.0,128.71,9.62,137.0,128.36,None,0,6,6,2,3,0,5,2,0,1,1,3,7,0,0,28,21,1,1,6,21,0,21,10,3,4,2,5,3,0,3,28,15,0,1,12,15,0,15,0,400,0,12,1,387,12,0,0,326,0,4,1,321,4,0,0,331,0,12,0,319,12,0,0,616,0,22,1,593,22,0,0,554,0,9,1,544,9,0,0,2,8,0,0,1,8,1,0,3,1,2,1,1,2,7,1,1,1,1,1,3,0,0,0,Normal
2022-05-05,Thursday,4,18,5,Summer,0,0,0,0,0,1,0,0.0,32.0,23.4,50.5,,0,0,0,90,15,13,8,8,126,142.0,128.0,140.0,128.14,8.64,133.0,128.71,None,0,5,7,2,1,1,5,6,1,1,2,4,8,0,0,28,20,6,2,6,20,0,20,10,5,0,0,5,5,0,5,28,15,1,0,13,15,0,15,0,387,0,12,1,374,12,0,0,321,0,3,1,317,3,0,0,319,0,11,0,308,11,0,0,593,0,19,1,573,19,0,0,544,0,6,1,537,6,0,0,2,20,1,1,1,8,1,0,2,1,1,1,2,2,7,2,1,1,1,1,4,0,0,1,Watch
2022-05-06,Friday,5,18,5,Summer,0,0,0,0,0,0,0,0.0,33.6,26.0,42.9,,0,0,0,86,15,10,6,7,117,126.0,142.0,125.0,126.14,7.16,127.0,128.21,None,0,6,2,5,2,0,5,1,2,2,0,2,7,0,0,28,20,4,1,7,20,0,20,10,6,1,2,2,6,0,6,28,12,4,2,14,12,0,12,0,374,0,12,1,361,12,0,0,317,0,6,1,310,6,0,0,308,0,11,0,297,11,0,0,573,0,19,1,553,19,0,0,537,0,3,1,533,3,0,0,2,20,1,1,1,8,1,0,2,1,1,1,2,2,7,1,1,1,1,1,2,0,0,1,Watch
2022-05-07,Saturday,6,18,5,Summer,1,0,0,0,0,0,0,0.0,28.4,21.0,44.6,,0,0,0,85,15,8,11,6,119,117.0,126.0,118.0,125.0,7.86,114.0,127.5,None,0,7,3,3,2,0,4,2,2,0,1,3,4,0,0,28,16,8,1,11,16,0,16,10,4,3,2,4,4,0,4,28,11,2,2,15,11,0,11,0,361,0,10,1,350,10,0,0,310,0,4,1,305,4,0,0,297,0,11,0,286,11,0,0,553,0,19,1,533,19,0,0,533,0,4,1,528,4,0,0,2,20,1,1,1,8,1,0,2,1,1,1,2,2,6,1,1,1,1,1,2,0,0,1,Watch
2022-05-08,Sunday,7,18,5,Summer,1,0,0,0,0,0,0,0.0,31.6,22.1,47.1,,0,0,0,80,16,10,13,9,119,119.0,117.0,121.0,125.14,7.74,119.0,127.86,None,0,4,5,3,4,0,7,1,1,1,1,3,5,0,0,28,20,3,0,8,20,0,20,10,2,4,2,6,2,0,2,28,8,3,0,20,8,0,8,0,350,0,14,1,335,14,0,0,305,0,4,1,300,4,0,0,286,0,10,0,276,10,0,0,533,0,19,1,513,19,0,0,528,0,2,1,525,2,0,0,2,12,1,0,1,20,1,1,2,1,2,2,1,2,6,1,1,1,1,1,4,0,0,1,Watch
2022-05-09,Monday,1,19,5,Summer,0,0,0,0,0,0,0,0.0,31.0,24.3,40.1,,0,0,0,102,17,8,6,7,133,119.0,119.0,123.0,124.86,7.92,130.0,127.86,None,0,8,2,4,3,1,4,3,1,0,1,3,8,0,0,28,22,3,2,4,22,0,22,10,2,1,1,7,2,0,2,28,9,0,2,17,9,0,9,0,335,0,12,1,322,12,0,0,300,0,5,1,294,5,0,0,276,0,13,0,263,13,0,0,513,0,22,1,490,22,0,0,525,0,4,1,520,4,0,0,2,12,1,0,1,8,1,0,3,1,1,1,1,2,6,1,1,1,1,1,4,0,0,0,Normal
2022-05-10,Tuesday,2,19,5,Summer,0,0,0,0,0,1,0,0.0,32.3,23.8,41.6,,0,0,0,96,16,15,8,9,135,133.0,119.0,128.0,126.29,8.34,136.0,128.07,None,0,5,5,4,2,1,1,11,1,2,2,4,4,0,0,28,23,6,2,3,23,0,23,10,3,0,2,5,3,0,3,28,6,4,2,20,6,0,6,0,322,0,14,1,307,14,0,0,294,0,5,1,288,5,0,0,263,0,11,0,252,11,0,0,490,0,20,1,469,20,0,0,520,0,5,1,514,5,0,0,2,20,1,1,1,8,0,0,2,1,1,1,2,2,6,2,1,1,1,1,2,0,0,1,Watch
2022-05-11,Wednesday,3,19,5,Summer,0,0,0,1,0,0,1,0.0,33.3,25.5,50.7,,0,0,0,106,19,7,11,9,143,135.0,133.0,142.0,127.29,8.89,146.0,128.0,None,0,6,5,4,4,0,3,2,0,2,1,3,7,0,0,28,19,10,0,9,19,0,19,10,3,2,2,5,3,0,3,28,6,1,2,20,6,0,6,0,307,0,15,1,291,15,0,0,288,0,6,1,281,6,0,0,252,0,13,0,239,13,0,0,469,0,24,1,444,24,0,0,514,0,4,1,509,4,0,0,2,8,0,0,1,8,0,0,3,1,1,1,1,2,6,1,1,1,1,1,3,0,0,0,Normal
2022-05-12,Thursday,4,19,5,Summer,0,0,0,0,0,1,0,0.0,33.2,25.9,52.0,,0,0,0,92,15,15,8,7,130,143.0,135.0,126.0,127.43,9.13,140.0,127.79,None,0,5,4,2,4,0,3,9,1,2,1,3,6,0,0,28,16,7,2,10,16,0,16,10,0,3,2,8,0,0,0,28,7,2,0,21,7,0,7,0,291,0,11,1,279,11,0,0,281,0,3,1,277,3,0,0,239,0,11,0,228,11,0,0,444,0,19,1,424,19,0,0,509,0,8,1,500,8,0,0,2,20,1,1,1,8,0,0,2,1,1,1,2,2,5,2,1,1,1,1,2,0,0,1,Watch
2022-05-13,Friday,5,19,5,Summer,0,0,0,0,0,0,0,0.0,32.3,20.6,42.1,,0,0,0,93,19,9,9,7,130,130.0,143.0,117.0,128.0,9.15,125.0,127.07,None,0,8,4,3,4,0,1,4,1,3,1,3,8,0,0,28,19,4,0,9,19,0,19,10,0,0,2,8,0,0,0,28,5,2,1,22,5,0,5,0,279,0,12,1,266,12,0,0,277,0,5,1,271,5,0,0,228,0,13,0,215,13,0,0,424,0,23,1,400,23,0,1,500,0,2,0,498,2,0,0,2,12,1,0,1,8,0,0,2,1,1,1,1,2,6,1,1,1,1,1,2,0,0,0,Normal
2022-05-14,Saturday,6,19,5,Summer,1,0,0,0,0,0,0,0.0,33.1,24.7,43.0,,0,0,0,77,11,9,10,6,107,130.0,130.0,119.0,129.86,7.97,118.0,127.43,None,0,6,1,2,2,0,3,4,1,1,0,2,6,0,0,28,19,4,0,9,19,0,19,10,1,0,1,8,1,0,1,28,4,2,2,22,4,0,4,0,266,0,9,1,256,9,0,0,271,0,3,1,267,3,0,0,215,0,9,0,206,9,0,0,400,0,15,1,384,15,0,0,498,0,2,0,496,2,0,0,2,12,1,0,1,8,0,0,2,1,1,1,1,2,6,1,1,1,1,1,2,0,0,0,Normal
2022-05-15,Sunday,7,19,5,Summer,1,0,0,0,0,0,0,0.0,34.3,24.6,46.6,,0,0,0,78,14,10,7,6,109,107.0,130.0,119.0,128.14,10.88,121.0,126.64,None,0,4,5,4,1,0,6,3,0,1,1,3,6,0,0,28,20,1,2,6,20,0,20,10,2,0,2,6,2,0,2,28,6,1,1,21,6,0,6,0,256,0,10,0,246,10,0,0,267,0,5,1,261,5,0,0,206,0,10,0,196,10,0,1,384,0,17,1,366,17,0,0,496,0,8,0,488,8,0,0,2,8,1,0,1,20,1,1,2,1,1,2,1,2,6,1,1,1,1,1,4,0,0,1,Watch
2022-05-16,Monday,1,20,5,Summer,0,0,0,0,0,0,0,0.0,33.0,25.9,50.0,,0,0,0,97,14,9,7,5,127,109.0,107.0,133.0,126.71,12.52,123.0,125.79,None,0,6,3,3,2,0,5,4,0,0,1,3,7,0,0,28,14,9,2,12,14,0,14,10,0,2,0,10,0,0,0,28,5,3,1,22,5,0,5,0,246,0,9,0,237,9,0,0,261,0,4,1,256,4,0,0,196,0,11,0,185,11,0,0,366,0,19,1,346,19,0,0,488,0,6,0,482,6,0,0,2,8,0,0,1,8,1,0,3,1,1,1,1,2,5,1,1,1,1,1,3,0,0,0,Normal
2022-05-17,Tuesday,2,20,5,Summer,0,0,0,0,0,1,0,0.0,33.2,24.6,44.0,,0,0,0,96,21,14,8,8,139,127.0,109.0,135.0,125.86,12.26,128.0,126.07,None,0,11,4,2,4,0,7,3,1,3,1,3,8,0,0,28,15,2,1,12,15,0,15,10,4,0,2,4,4,0,4,28,3,3,0,25,3,0,3,0,237,0,13,0,224,13,0,0,256,0,4,1,251,4,0,0,185,0,14,0,171,14,0,0,346,0,24,1,321,24,0,0,482,0,4,0,478,4,0,0,2,20,1,1,1,20,1,1,2,1,1,2,2,2,5,2,1,1,1,1,3,0,0,2,Watch
2022-05-18,Wednesday,3,20,5,Summer,0,0,0,1,0,0,1,0.0,34.2,28.0,42.2,,0,0,0,103,18,10,12,9,143,139.0,127.0,143.0,126.43,12.76,142.0,126.86,None,0,11,5,2,0,2,7,2,0,1,3,5,6,0,0,28,17,2,2,9,17,0,17,10,3,2,1,6,3,0,3,28,4,3,1,23,4,0,4,0,224,0,14,0,210,14,0,0,251,0,4,0,247,4,0,0,171,0,14,0,157,14,0,0,1021,700,23,2,996,23,0,0,478,0,12,0,466,12,0,0,2,8,1,0,1,20,1,1,3,1,1,2,1,2,6,1,1,1,1,1,2,0,0,1,Watch
2022-05-19,Thursday,4,20,5,Summer,0,0,0,0,0,1,0,0.9,34.0,25.9,42.6,,0,0,0,90,18,15,6,6,129,143.0,139.0,130.0,126.43,12.76,126.0,126.93,None,0,8,2,5,3,0,3,11,0,1,0,2,7,0,0,28,19,2,0,9,19,0,19,10,3,2,0,7,3,0,3,28,4,0,1,23,4,0,4,0,210,0,11,0,199,11,0,1,247,0,6,0,241,6,0,0,157,0,12,0,145,12,0,0,996,0,22,2,972,22,0,0,466,0,1,0,465,1,0,0,2,16,1,1,1,8,0,0,2,1,1,1,2,2,6,2,1,1,1,1,3,0,0,1,Watch
2022-05-20,Friday,5,20,5,Summer,0,0,0,0,0,0,0,0.0,32.0,23.3,44.3,,0,0,0,92,18,9,8,8,127,129.0,143.0,130.0,126.29,12.72,117.0,127.14,None,0,9,5,2,2,1,4,3,0,2,2,4,8,0,0,28,21,4,0,7,21,0,21,10,1,3,0,9,1,0,1,28,5,0,1,22,5,0,5,0,199,0,13,0,186,13,0,0,241,0,4,0,237,4,0,0,145,0,13,0,132,13,0,0,972,0,22,2,948,22,0,0,465,0,5,0,460,5,0,0,2,8,0,0,1,8,1,0,2,1,1,1,1,2,6,1,1,1,1,1,3,0,0,0,Normal
2022-05-21,Saturday,6,20,5,Summer,1,0,0,0,0,0,0,0.0,31.6,23.2,48.4,,0,0,0,79,16,9,11,6,115,127.0,129.0,107.0,125.86,12.64,119.0,127.86,None,0,5,6,2,3,0,4,4,0,1,1,3,6,0,0,28,16,6,1,11,16,0,16,10,3,1,2,5,3,0,3,28,7,0,0,21,7,0,7,0,186,0,10,0,176,10,0,0,237,0,3,0,234,3,0,0,412,280,11,0,401,11,0,0,948,0,19,2,927,19,0,0,460,0,7,0,453,7,0,0,2,8,0,0,1,8,1,0,2,1,1,1,1,2,6,1,1,1,1,1,2,0,0,0,Normal
2022-05-22,Sunday,7,20,5,Summer,1,0,0,0,0,0,0,0.6,31.3,25.9,54.3,,0,0,0,78,15,7,9,6,109,115.0,127.0,109.0,127.0,11.16,119.0,127.57,None,0,5,6,3,1,0,2,2,1,2,1,3,7,0,0,28,18,1,0,10,18,0,18,10,3,1,0,7,3,0,3,28,6,3,0,22,6,0,6,0,176,0,10,0,166,10,0,0,234,0,4,0,230,4,0,0,401,0,10,0,391,10,0,0,927,0,18,2,907,18,0,0,453,0,7,0,446,7,0,0,2,12,1,0,1,8,0,0,2,1,1,1,1,2,6,1,1,1,1,1,4,0,0,0,Normal
2022-05-23,Monday,1,21,5,Summer,0,0,0,0,0,0,0,0.0,33.0,24.7,45.8,Diarrheal,4,1,5,111,33,9,6,7,159,109.0,115.0,127.0,127.0,11.16,133.0,126.86,None,0,3,6,16,8,2,5,4,0,0,2,4,5,0,0,28,14,6,0,14,14,0,14,10,1,3,2,7,1,0,1,28,9,1,1,18,9,0,9,0,166,0,18,0,148,18,0,0,230,0,18,0,212,18,0,0,391,0,18,0,373,18,0,0,907,0,35,2,870,35,0,0,446,0,17,0,429,17,0,0,2,8,0,0,1,8,1,0,3,1,1,1,1,2,6,1,1,1,1,1,3,0,0,0,High
2022-05-24,Tuesday,2,21,5,Summer,0,0,0,0,0,1,0,0.2,33.2,26.7,48.2,Diarrheal,4,1,6,110,37,14,7,10,168,159.0,109.0,139.0,131.57,15.81,135.0,128.71,None,0,4,5,25,3,0,5,4,0,5,1,3,5,0,0,28,16,1,0,12,16,0,16,10,2,1,0,8,2,0,2,28,13,1,0,15,13,0,13,0,448,300,25,1,422,25,0,0,212,0,26,0,186,26,0,0,373,0,19,0,354,19,0,0,870,0,38,2,830,38,0,0,429,0,16,0,413,16,0,0,2,16,1,1,1,8,1,0,3,1,1,1,2,3,6,2,1,1,1,1,3,0,0,1,High
2022-05-25,Wednesday,3,21,5,Summer,0,0,0,1,0,0,1,2.2,31.1,22.5,51.5,Diarrheal,4,1,6,121,39,9,15,11,184,168.0,159.0,143.0,135.71,20.36,143.0,131.07,None,0,9,4,22,4,1,4,5,0,0,2,4,4,0,0,28,16,5,0,12,16,0,16,10,5,1,1,4,5,0,5,28,14,1,2,12,14,0,14,0,422,0,26,1,395,26,0,0,186,0,24,0,162,24,0,0,354,0,22,0,332,22,0,0,830,0,41,2,787,41,0,0,413,0,11,0,402,11,0,0,2,8,0,0,1,8,1,0,3,2,2,1,1,3,6,1,2,1,2,2,2,0,0,0,High
2022-05-26,Thursday,4,21,5,Summer,0,0,0,0,0,1,0,0.0,33.7,24.6,47.0,Diarrheal,4,1,8,105,38,15,5,10,163,184.0,168.0,129.0,141.57,26.56,130.0,134.0,None,0,12,1,20,5,1,3,8,0,4,1,3,7,0,0,28,16,5,1,11,16,0,16,10,3,3,1,6,3,0,3,28,18,0,0,10,18,0,18,0,395,0,24,1,370,24,0,0,162,0,22,0,140,22,0,0,332,0,21,0,311,21,0,0,787,0,39,1,747,39,0,0,402,0,13,0,389,13,0,0,2,16,1,1,1,8,0,0,3,2,1,1,2,3,7,2,2,1,1,1,2,0,0,1,High
2022-05-27,Friday,5,21,5,Summer,0,0,0,0,0,0,0,0.0,29.2,21.7,49.0,Diarrheal,4,1,7,102,37,9,10,9,158,163.0,184.0,127.0,146.43,26.93,130.0,136.36,None,0,6,8,20,3,1,4,1,0,4,2,4,5,0,0,28,21,2,1,6,21,0,21,10,3,1,1,6,3,0,3,28,11,8,2,15,11,0,11,0,370,0,22,1,347,22,0,0,140,0,22,0,118,22,0,1,311,0,19,0,292,19,0,0,747,0,38,1,708,38,0,0,389,0,11,0,378,11,0,0,2,8,0,0,1,8,1,0,3,1,1,1,1,2,6,1,1,1,1,1,3,0,0,0,High
2022-05-28,Saturday,6,21,5,Summer,1,0,0,0,0,0,0,0.0,32.9,26.0,45.8,Diarrheal,4,1,6,96,35,8,9,9,148,158.0,163.0,115.0,150.86,25.9,107.0,138.36,None,0,5,4,20,6,0,2,2,1,3,1,3,8,0,0,28,20,5,1,7,20,0,20,10,1,3,0,9,1,0,1,28,14,1,1,13,14,0,14,0,347,0,22,1,324,22,0,0,118,0,22,0,96,22,0,0,292,0,18,0,274,18,0,0,708,0,36,1,671,36,0,0,378,0,14,0,364,14,0,0,2,12,1,0,1,8,0,0,2,1,1,1,1,2,6,1,1,1,1,1,2,0,0,0,High
2022-05-29,Sunday,7,21,5,Summer,1,0,0,0,0,0,0,0.6,33.0,25.9,43.6,Diarrheal,4,1,5,99,41,7,10,9,157,148.0,158.0,109.0,155.57,21.59,109.0,141.29,None,0,8,4,25,4,0,5,1,0,1,1,3,8,0,0,28,19,7,2,7,19,0,19,10,3,0,2,5,3,0,3,28,15,0,1,12,15,0,15,0,324,0,24,1,299,24,0,0,96,0,27,0,69,27,0,0,274,0,21,0,253,21,0,0,671,0,41,1,629,41,0,0,364,0,8,0,356,8,0,0,2,8,0,0,1,8,1,0,3,2,1,1,1,2,7,1,2,1,1,1,3,0,0,0,High
2022-05-30,Monday,1,22,5,Summer,0,0,0,0,0,0,0,0.0,35.4,27.9,43.6,Diarrheal,4,1,5,116,34,9,6,10,165,157.0,148.0,159.0,162.43,10.46,127.0,144.71,None,0,8,0,23,3,0,6,2,1,0,0,2,8,0,0,28,16,7,0,12,16,0,16,10,3,2,2,5,3,0,3,28,16,3,2,10,16,0,16,0,299,0,24,1,274,24,0,0,69,0,24,0,45,24,0,0,253,0,19,0,234,19,0,0,629,0,36,1,592,36,0,0,356,0,12,0,344,12,0,0,2,12,1,0,1,20,1,1,3,1,1,2,1,3,6,1,1,1,1,1,4,0,0,1,High
2022-05-31,Tuesday,2,22,5,Summer,0,0,0,0,0,1,0,0.3,32.6,25.2,44.3,Diarrheal,4,1,7,112,35,14,8,9,169,165.0,157.0,168.0,163.29,10.39,139.0,147.43,None,0,6,5,21,3,0,6,4,0,4,1,3,5,0,0,28,12,6,2,14,12,0,12,10,6,1,2,2,6,0,6,28,16,3,1,11,16,0,16,0,274,0,22,1,251,22,0,0,45,0,22,0,23,22,0,0,234,0,19,0,215,19,0,0,592,0,37,1,554,37,0,0,344,0,12,0,332,12,0,0,2,16,1,1,1,20,1,1,3,1,1,2,2,3,6,2,1,1,1,1,2,0,0,2,High
2022-06-01,Wednesday,3,22,6,Monsoon,0,0,0,1,0,0,1,36.0,32.9,25.2,80.4,Diarrheal,4,1,6,114,54,8,14,13,190,169.0,165.0,184.0,163.43,10.46,143.0,149.57,None,0,9,5,34,6,0,3,4,1,0,1,3,7,0,0,28,13,3,0,15,13,0,13,10,9,3,1,0,9,0,9,28,17,2,0,11,17,0,17,0,251,0,34,0,217,34,0,0,273,250,36,0,237,36,0,0,215,0,26,0,189,26,0,1,554,0,52,1,501,52,0,0,332,0,12,0,320,12,0,0,2,12,1,0,1,8,0,0,3,2,2,1,1,3,7,1,2,2,2,2,2,0,0,0,High
2022-06-02,Thursday,4,22,6,Monsoon,0,0,0,0,0,1,0,8.6,37.8,29.9,72.6,Diarrheal,4,1,6,109,44,13,7,10,173,190.0,169.0,163.0,164.29,12.21,129.0,152.93,None,0,9,6,27,2,0,2,10,1,0,1,3,7,0,0,28,12,6,1,15,12,0,12,10,5,7,0,5,5,0,5,28,15,4,3,10,15,0,15,0,217,0,27,0,190,27,0,1,237,0,29,0,208,29,0,0,189,0,23,0,166,23,0,0,501,0,44,1,456,44,0,0,320,0,11,0,309,11,0,0,2,20,1,1,1,8,0,0,3,2,1,1,2,3,6,2,2,2,1,1,4,0,0,1,High
2022-06-03,Friday,5,22,6,Monsoon,0,0,0,0,0,0,0,21.8,32.6,23.1,81.2,Diarrheal,4,1,5,103,48,7,8,8,166,173.0,190.0,158.0,165.71,12.56,127.0,156.07,None,0,11,4,26,7,1,2,2,0,3,2,4,6,0,0,28,17,0,0,11,17,0,17,10,6,0,1,3,6,0,6,28,14,3,1,13,14,0,14,0,190,0,25,0,165,25,0,0,208,0,28,0,180,28,0,0,166,0,24,0,142,24,0,0,456,0,47,1,408,47,0,0,309,0,11,0,298,11,0,0,2,8,0,0,1,8,0,0,3,2,1,1,1,3,7,1,2,2,1,1,3,0,0,0,High
2022-06-04,Saturday,6,22,6,Monsoon,1,0,0,0,0,0,0,38.9,33.2,25.8,79.4,Diarrheal,4,1,7,99,56,6,11,11,172,166.0,173.0,148.0,166.86,12.16,115.0,158.86,None,0,9,10,33,4,2,3,2,0,1,3,5,6,0,0,28,19,2,1,8,19,0,19,10,5,1,0,5,5,0,5,28,17,4,2,9,17,0,17,0,165,0,32,0,133,32,0,0,180,0,35,0,145,35,0,0,142,0,26,0,116,26,0,0,408,0,53,1,354,53,0,1,298,0,25,0,273,25,0,0,2,8,0,0,1,8,0,0,3,2,1,1,1,3,7,1,2,2,1,1,2,0,0,0,High
2022-06-05,Sunday,7,22,6,Monsoon,1,0,0,0,0,0,0,5.7,32.9,26.9,71.2,Diarrheal,4,1,6,93,51,8,13,10,165,172.0,166.0,157.0,170.29,9.44,109.0,162.93,None,0,7,7,35,2,0,4,3,0,1,1,3,6,0,0,28,22,1,2,4,22,0,22,10,4,3,2,4,4,0,4,28,19,2,1,8,19,0,19,0,133,0,30,0,103,30,0,0,145,0,37,0,108,37,0,1,116,0,24,0,92,24,0,0,354,0,48,1,305,48,0,0,273,0,16,0,257,16,0,0,2,8,0,0,1,8,1,0,2,2,2,1,1,3,7,1,2,2,1,1,4,0,0,0,High
2022-06-06,Monday,1,23,6,Monsoon,0,0,0,0,0,0,0,5.2,33.4,25.4,75.7,Diarrheal,4,1,5,114,49,7,9,10,179,165.0,172.0,165.0,171.43,8.16,159.0,166.93,None,0,7,9,26,7,0,2,2,0,3,2,4,5,0,0,28,13,12,0,15,13,0,13,10,3,1,0,7,3,0,3,28,23,3,0,5,23,0,23,0,103,0,27,0,76,27,0,0,108,0,28,0,80,28,0,0,92,0,24,0,68,24,0,0,305,0,48,1,256,48,0,0,257,0,22,0,235,22,0,0,2,8,0,0,1,8,0,0,3,2,1,1,1,3,7,1,2,2,1,1,3,0,0,0,High
2022-06-07,Tuesday,2,23,6,Monsoon,0,0,0,0,0,1,0,8.9,33.6,28.0,80.3,Diarrheal,4,1,6,114,46,13,9,10,182,179.0,165.0,169.0,173.43,8.05,168.0,168.36,None,0,5,10,24,7,2,4,7,0,2,3,5,6,0,0,28,12,7,1,15,12,0,12,10,2,3,0,8,2,0,2,28,19,6,1,8,19,0,19,0,376,300,26,1,349,26,0,0,80,0,26,0,54,26,0,0,348,280,23,0,325,23,0,0,256,0,46,0,210,46,0,0,235,0,15,0,220,15,0,1,2,16,1,1,1,8,1,0,3,2,1,1,2,3,6,2,2,2,1,1,3,0,0,1,High
2022-06-08,Wednesday,3,23,6,Monsoon,0,0,0,1,0,0,1,16.6,35.5,26.6,70.4,Diarrheal,4,1,6,121,49,7,13,11,190,182.0,179.0,190.0,175.29,8.31,184.0,169.36,None,0,12,8,24,5,2,4,2,1,0,3,5,8,0,0,28,16,1,1,11,16,0,16,10,3,0,2,5,3,0,3,28,22,2,0,6,22,0,22,0,349,0,28,1,320,28,0,0,54,0,26,0,28,26,0,0,325,0,26,0,299,26,0,0,210,0,49,0,161,49,0,0,220,0,20,0,200,20,0,0,2,12,1,0,1,8,1,0,3,2,2,1,1,3,7,1,2,2,1,1,4,0,0,0,High
2022-06-09,Thursday,4,23,6,Monsoon,0,0,0,0,0,1,0,6.1,34.6,25.7,71.8,Diarrheal,4,1,6,107,45,14,10,10,176,190.0,182.0,173.0,175.29,8.31,163.0,169.79,None,0,8,7,22,8,0,6,4,2,2,1,3,5,0,0,28,20,3,1,7,20,0,20,10,2,2,1,7,2,0,2,28,19,5,0,9,19,0,19,0,320,0,25,1,294,25,0,0,28,0,24,0,4,24,0,0,299,0,23,0,276,23,0,0,861,700,45,2,814,45,0,0,200,0,12,0,188,12,0,0,2,20,1,1,1,20,1,1,3,2,1,2,2,3,7,2,2,2,1,1,3,0,0,2,High
2022-06-10,Friday,5,23,6,Monsoon,0,0,0,0,0,0,0,18.2,37.8,30.1,77.1,Diarrheal,4,1,6,104,45,8,8,9,165,176.0,190.0,166.0,175.71,8.26,158.0,170.71,None,0,5,6,32,2,0,2,1,2,3,1,3,4,0,0,28,17,7,1,10,17,0,17,10,4,1,0,6,4,0,4,28,18,3,0,10,18,0,18,0,294,0,27,1,266,27,0,0,254,250,33,0,221,33,0,0,276,0,22,0,254,22,0,0,814,0,44,2,768,44,0,0,188,0,11,0,177,11,0,0,2,20,1,1,1,8,0,0,3,2,1,1,2,3,7,1,2,2,1,1,4,0,0,1,High
2022-06-11,Saturday,6,23,6,Monsoon,1,0,0,0,0,0,0,7.8,35.9,26.6,71.2,Diarrheal,4,1,6,96,46,5,11,9,158,165.0,176.0,172.0,175.57,8.43,148.0,171.21,None,0,12,5,24,5,1,2,2,0,1,2,4,4,0,0,28,20,1,0,8,20,0,20,10,1,3,2,7,1,0,1,28,20,3,0,8,20,0,20,0,266,0,25,0,241,25,0,0,221,0,26,0,195,26,0,0,254,0,23,0,231,23,0,0,768,0,44,1,723,44,0,0,177,0,17,0,160,17,0,0,2,8,0,0,1,8,0,0,2,2,1,1,1,2,7,1,2,2,1,1,4,0,0,0,High
2022-06-12,Sunday,7,23,6,Monsoon,1,0,0,0,0,0,0,26.6,36.7,26.8,72.9,Diarrheal,4,1,6,96,48,5,13,11,162,158.0,165.0,165.0,173.57,10.46,157.0,171.93,Snakebite_Cluster,1,11,12,23,2,3,3,1,0,1,4,6,6,0,0,28,23,4,2,3,23,0,23,10,4,1,1,5,4,0,4,28,11,9,2,15,11,0,11,0,241,0,27,0,214,27,0,0,195,0,26,0,169,26,0,0,231,0,24,0,207,24,0,0,723,0,46,1,676,46,0,0,160,0,12,0,148,12,0,0,2,8,0,0,1,8,0,0,2,2,3,1,1,3,7,1,2,2,1,1,4,0,0,0,High
2022-06-13,Monday,1,24,6,Monsoon,0,0,0,0,0,0,0,33.4,36.8,27.5,71.0,Diarrheal,4,1,6,113,51,7,6,9,177,162.0,158.0,179.0,173.14,10.86,165.0,172.29,None,0,11,10,28,2,3,3,2,0,2,4,6,5,1,1,28,19,9,0,9,19,0,19,10,3,3,0,7,3,0,3,28,10,3,1,17,10,0,10,0,214,0,27,0,187,27,0,1,169,0,30,0,139,30,0,0,207,0,26,0,181,26,0,1,676,0,50,1,625,50,0,0,148,0,15,0,133,15,0,0,2,8,0,0,1,8,0,0,3,2,1,1,1,3,6,1,2,2,1,1,4,0,0,1,High
2022-06-14,Tuesday,2,24,6,Monsoon,0,0,0,0,0,1,0,15.0,37.1,26.8,68.6,Diarrheal,4,1,7,115,43,13,8,11,179,177.0,162.0,182.0,172.86,10.72,169.0,173.14,None,0,9,5,24,5,0,3,9,1,0,1,3,6,0,0,28,21,3,1,6,21,0,21,10,4,2,1,5,4,0,4,28,9,4,1,18,9,0,9,0,187,0,27,0,160,27,0,0,139,0,26,0,113,26,0,1,181,0,23,0,158,23,0,0,625,0,44,1,580,44,0,0,533,400,12,1,520,12,0,0,2,20,1,1,1,8,0,0,3,2,1,1,2,3,6,2,2,2,1,1,2,0,0,1,High
2022-06-15,Wednesday,3,24,6,Monsoon,0,0,0,1,0,0,1,12.8,36.8,26.3,72.4,,0,0,0,103,29,8,11,9,151,179.0,177.0,190.0,172.43,10.4,190.0,173.86,None,0,11,6,9,3,0,4,1,1,2,1,3,8,0,0,28,21,5,1,6,21,0,21,10,4,0,1,5,4,0,4,28,10,3,1,17,10,0,10,0,160,0,18,0,142,18,0,0,113,0,11,0,102,11,0,0,158,0,18,0,140,18,0,0,580,0,31,1,548,31,0,0,520,0,11,1,508,11,0,0,2,12,1,0,1,8,1,0,3,1,1,1,1,2,6,1,1,1,1,1,2,0,0,0,Normal
2022-06-16,Thursday,4,24,6,Monsoon,0,0,0,0,0,1,0,19.6,33.2,26.2,81.2,,0,0,0,88,34,12,7,9,141,151.0,179.0,176.0,166.86,9.93,173.0,171.07,None,0,10,7,10,7,1,6,4,1,1,2,4,4,0,0,28,20,7,2,6,20,0,20,10,3,3,2,5,3,0,3,28,8,3,2,18,8,0,8,0,142,0,19,0,123,19,0,0,102,0,12,0,90,12,0,0,140,0,18,0,122,18,0,0,548,0,34,1,513,34,0,0,508,0,6,1,501,6,0,0,2,12,1,0,1,20,1,1,2,1,1,2,1,2,6,2,1,1,1,1,3,0,0,1,Watch
2022-06-17,Friday,5,24,6,Monsoon,0,0,0,0,0,0,0,32.9,35.9,26.5,76.3,,0,0,0,89,31,8,6,9,134,141.0,151.0,165.0,161.86,12.54,166.0,168.79,None,0,11,6,8,6,0,6,1,0,1,1,3,4,0,0,28,15,8,1,12,15,0,15,10,3,2,1,6,3,0,3,28,12,0,2,14,12,0,12,0,123,0,18,0,105,18,0,0,90,0,10,0,80,10,0,0,122,0,18,0,104,18,0,0,513,0,32,1,480,32,0,0,501,0,11,0,490,11,0,0,2,8,0,0,1,20,1,1,2,1,1,2,1,2,6,1,1,1,1,1,4,0,0,1,Watch
2022-06-18,Saturday,6,24,6,Monsoon,1,0,0,0,0,0,0,24.1,36.5,29.6,86.7,,0,0,0,83,32,6,11,8,132,134.0,141.0,158.0,157.43,15.72,172.0,166.5,None,0,14,8,4,6,2,3,3,0,0,3,5,5,0,0,28,16,1,2,10,16,0,16,10,3,0,2,5,3,0,3,28,14,4,2,12,14,0,14,0,405,300,16,1,388,16,0,0,80,0,7,0,73,7,0,0,104,0,18,0,86,18,0,0,480,0,32,1,447,32,0,0,490,0,18,0,472,18,0,0,2,8,0,0,1,8,0,0,2,1,1,1,1,2,6,1,1,1,1,1,4,0,0,0,Normal
2022-06-19,Sunday,7,24,6,Monsoon,1,0,0,0,0,0,0,30.7,32.2,23.8,79.8,,0,0,0,74,32,8,11,7,125,132.0,134.0,162.0,153.71,18.05,165.0,163.64,None,0,12,10,8,2,0,2,3,2,1,2,4,6,0,0,28,18,2,0,10,18,0,18,10,2,3,0,8,2,0,2,28,12,3,1,15,12,0,12,0,388,0,16,1,371,16,0,0,323,250,10,1,312,10,0,0,366,280,17,0,349,17,0,0,447,0,32,1,414,32,0,0,472,0,7,0,465,7,0,0,2,20,1,1,1,8,0,0,2,1,1,1,2,2,6,1,1,1,1,1,4,0,0,1,Watch
2022-06-20,Monday,1,25,6,Monsoon,0,0,0,0,1,0,0,34.1,33.0,24.8,89.6,,0,0,0,100,31,10,5,8,146,125.0,132.0,177.0,148.43,20.14,179.0,160.79,None,0,14,12,2,3,2,2,1,2,5,3,5,7,0,0,28,18,5,0,10,18,0,18,10,2,1,1,7,2,0,2,28,13,1,2,13,13,0,13,0,371,0,15,1,355,15,0,0,312,0,5,1,306,5,0,0,349,0,19,0,330,19,0,0,414,0,33,1,380,33,0,1,465,0,12,0,453,12,0,0,2,20,1,1,1,8,0,0,3,1,1,1,2,2,6,1,1,1,1,1,3,0,0,1,Watch
2022-06-21,Tuesday,2,25,6,Monsoon,0,0,0,0,0,1,0,9.2,39.2,30.8,66.8,,0,0,0,100,28,13,6,8,147,146.0,125.0,179.0,144.0,16.44,182.0,158.43,None,0,11,8,6,3,2,3,9,1,0,3,5,4,1,1,28,15,7,1,12,15,0,15,10,4,1,0,6,4,0,4,28,9,5,2,17,9,0,9,0,355,0,16,1,338,16,0,0,306,0,8,1,297,8,0,0,330,0,17,0,313,17,0,0,380,0,30,1,349,30,0,0,453,0,8,0,445,8,0,0,2,20,1,1,1,8,0,0,3,1,1,1,2,2,6,2,1,1,1,1,2,0,0,2,Watch
2022-06-22,Wednesday,3,25,6,Monsoon,0,0,0,1,0,0,1,19.7,36.6,28.3,78.9,,0,0,0,104,29,6,13,10,152,147.0,146.0,151.0,139.43,8.7,190.0,155.93,None,0,13,8,1,7,3,4,1,0,1,4,6,4,2,1,28,15,4,2,11,15,0,15,10,3,2,1,6,3,0,3,28,12,2,1,15,12,0,12,0,338,0,17,1,320,17,0,0,297,0,4,1,292,4,0,0,313,0,18,0,295,18,0,0,349,0,32,1,316,32,0,0,445,0,16,0,429,16,0,0,2,8,0,0,1,8,1,0,3,1,2,1,1,2,6,1,1,1,1,1,3,0,0,1,Watch
2022-06-23,Thursday,4,25,6,Monsoon,0,0,0,0,1,1,0,36.9,32.9,25.8,81.9,,0,0,0,91,30,14,7,9,142,152.0,147.0,141.0,139.57,8.89,176.0,153.21,None,0,12,4,8,6,1,4,7,1,2,2,4,4,0,0,28,13,6,0,15,13,0,13,10,5,1,1,4,5,0,5,28,13,1,1,14,13,0,13,0,320,0,18,1,301,18,0,0,292,0,10,1,281,10,0,0,295,0,17,0,278,17,0,0,316,0,31,1,284,31,0,0,429,0,7,0,422,7,0,0,2,20,1,1,1,8,1,0,2,1,1,1,2,2,6,2,1,1,1,1,4,0,0,1,Watch
2022-06-24,Friday,5,25,6,Monsoon,0,0,0,0,0,0,0,43.3,36.0,25.7,82.8,,0,0,0,86,36,7,8,8,137,142.0,152.0,134.0,139.71,8.92,165.0,150.79,Flood_Disruption,2,11,9,11,5,3,5,1,0,1,4,6,8,0,0,28,14,1,0,14,14,0,14,10,3,4,2,5,3,0,3,28,12,5,2,14,12,0,12,0,301,0,18,1,282,18,0,0,281,0,14,1,266,14,0,0,278,0,19,0,259,19,0,0,284,0,36,0,248,36,0,0,422,0,15,0,407,15,0,0,2,8,0,0,1,8,1,0,2,1,2,1,1,2,6,1,1,1,1,1,4,0,0,0,Watch
2022-06-25,Saturday,6,25,6,Monsoon,1,0,0,0,0,0,0,31.0,35.3,25.8,76.3,,0,0,0,76,32,7,9,7,124,137.0,142.0,132.0,140.14,8.71,158.0,148.79,None,0,14,5,10,3,0,2,4,0,1,1,3,4,0,0,28,14,2,0,14,14,0,14,10,5,0,1,4,5,0,5,28,12,3,2,14,12,0,12,0,282,0,16,1,265,16,0,0,266,0,12,1,253,12,0,0,259,0,18,0,241,18,0,0,948,700,32,2,914,32,0,0,407,0,8,0,399,8,0,0,2,8,0,0,1,8,0,0,2,1,1,1,1,2,6,1,1,1,1,1,3,0,0,0,Normal
2022-06-26,Sunday,7,25,6,Monsoon,1,0,0,0,0,0,0,24.2,34.4,27.5,75.1,,0,0,0,75,28,7,12,8,122,124.0,137.0,125.0,139.0,10.11,162.0,146.36,None,0,7,11,6,4,1,1,2,1,3,3,5,7,0,0,28,14,5,3,11,14,0,14,10,2,4,0,8,2,0,2,28,10,4,1,17,10,0,10,0,265,0,16,0,249,16,0,0,253,0,8,0,245,8,0,0,241,0,15,0,226,15,0,0,914,0,28,2,884,28,0,0,399,0,10,0,389,10,0,0,2,12,1,0,1,8,0,0,2,1,1,1,1,2,6,1,1,1,1,1,3,0,0,0,Normal
2022-06-27,Monday,1,26,6,Monsoon,0,0,0,0,0,0,0,14.4,31.1,25.0,75.7,,0,0,0,92,27,9,8,8,136,122.0,124.0,146.0,138.57,10.74,177.0,143.5,None,0,6,4,10,7,0,5,2,1,1,1,3,6,0,0,28,14,2,0,14,14,0,14,10,2,1,2,6,2,0,2,28,13,2,0,15,13,0,13,0,249,0,17,0,232,17,0,0,245,0,12,0,233,12,0,0,226,0,15,0,211,15,0,0,884,0,29,2,853,29,0,0,389,0,12,0,377,12,0,0,2,12,1,0,1,8,1,0,2,1,1,1,1,2,6,1,1,1,1,1,2,0,0,0,Normal
2022-06-28,Tuesday,2,26,6,Monsoon,0,0,0,0,0,1,0,48.6,33.7,25.2,84.0,,0,0,0,92,32,11,6,9,141,136.0,122.0,147.0,137.14,10.32,179.0,140.57,Flood_Disruption,2,11,9,8,4,3,7,3,0,1,4,6,4,2,1,28,11,6,1,16,11,0,11,10,3,1,1,6,3,0,3,28,11,6,1,16,11,0,11,0,232,0,18,0,214,18,0,0,233,0,10,0,223,10,0,0,211,0,18,0,193,18,0,1,853,0,33,2,818,33,0,0,377,0,15,0,362,15,0,0,2,8,1,0,1,20,1,1,2,1,2,2,1,2,6,2,1,1,1,1,4,0,0,2,Watch
2022-06-29,Wednesday,3,26,6,Monsoon,0,0,0,1,0,0,1,7.3,33.1,24.6,68.3,,0,0,0,108,27,7,17,9,159,141.0,136.0,152.0,136.29,9.69,151.0,137.86,Snakebite_Cluster,2,14,4,5,4,1,4,3,0,0,2,4,6,0,0,28,17,3,1,10,17,0,17,10,3,0,2,5,3,0,3,28,9,2,0,19,9,0,9,0,214,0,16,0,198,16,0,1,223,0,7,0,216,7,0,0,193,0,18,0,175,18,0,0,818,0,30,2,786,30,0,0,362,0,3,0,359,3,0,0,2,8,0,0,1,8,1,0,3,1,3,1,1,2,6,1,1,1,2,2,3,0,0,0,Watch
2022-06-30,Thursday,4,26,6,Monsoon,0,0,0,0,0,1,0,16.8,35.9,29.7,75.2,,0,0,0,89,31,12,7,9,139,159.0,141.0,142.0,137.29,11.46,141.0,138.43,None,0,8,13,3,7,0,3,8,1,0,2,4,5,0,0,28,16,6,1,11,16,0,16,10,2,3,2,6,2,0,2,28,8,3,1,19,8,0,8,0,198,0,16,0,182,16,0,0,216,0,6,0,210,6,0,0,175,0,17,0,158,17,0,0,786,0,32,2,752,32,0,0,359,0,10,0,349,10,0,0,2,12,1,0,1,8,0,0,2,1,1,1,1,2,6,2,1,1,1,1,4,0,0,0,Normal
2022-07-01,Friday,5,26,7,Monsoon,0,0,0,0,0,0,0,20.3,31.4,24.3,84.7,,0,0,0,86,29,7,7,7,129,139.0,159.0,137.0,136.86,11.33,134.0,138.29,None,0,13,6,7,3,0,0,4,1,2,1,3,6,0,0,28,6,12,2,20,6,0,6,10,4,0,0,6,4,0,4,28,10,1,2,16,10,0,10,0,182,0,15,0,167,15,0,0,210,0,9,0,201,9,0,0,158,0,17,0,141,17,0,0,752,0,30,1,721,30,0,0,349,0,9,0,340,9,0,0,2,12,1,0,1,8,0,0,2,1,1,1,1,2,5,1,1,1,1,1,2,0,0,0,Normal
2022-07-02,Saturday,6,26,7,Monsoon,1,0,0,0,0,0,0,14.2,33.7,25.1,76.7,,0,0,0,77,25,8,10,7,120,129.0,139.0,124.0,135.71,11.66,132.0,137.93,None,0,12,6,5,2,0,4,3,1,0,1,3,4,0,0,28,9,2,2,17,9,0,9,10,4,2,1,5,4,0,4,28,8,2,2,18,8,0,8,0,167,0,14,0,153,14,0,0,201,0,7,0,194,7,0,0,141,0,15,0,126,15,0,0,721,0,26,1,694,26,0,0,340,0,3,0,337,3,0,0,2,12,1,0,1,8,1,0,2,1,1,1,1,2,5,1,1,1,1,1,4,0,0,0,Normal
2022-07-03,Sunday,7,26,7,Monsoon,1,0,0,0,0,0,0,15.8,33.8,26.5,73.8,,0,0,0,77,27,6,9,7,119,120.0,129.0,122.0,135.14,12.3,125.0,137.07,None,0,10,7,5,5,0,3,2,0,1,1,3,7,0,0,28,9,3,0,19,9,0,9,10,4,1,0,6,4,0,4,28,10,1,0,18,10,0,10,0,153,0,14,0,139,14,0,0,194,0,7,0,187,7,0,0,126,0,15,0,111,15,0,0,694,0,28,1,665,28,0,0,337,0,10,0,327,10,0,0,2,8,0,0,1,8,0,0,2,1,1,1,1,2,5,1,1,1,1,1,2,0,0,0,Normal
2022-07-04,Monday,1,27,7,Monsoon,0,0,0,0,1,0,0,30.9,34.4,28.1,84.2,,0,0,0,99,38,9,5,7,151,119.0,120.0,136.0,134.71,12.79,146.0,136.64,None,0,16,10,7,5,2,5,2,0,2,3,5,7,0,0,28,10,1,1,17,10,0,10,10,4,0,2,4,4,0,4,28,10,5,0,18,10,0,10,0,439,300,16,1,422,16,0,0,187,0,10,0,177,10,0,0,391,280,21,0,370,21,0,0,665,0,38,1,626,38,0,0,327,0,17,0,310,17,0,0,2,8,0,0,1,8,1,0,3,2,1,1,1,2,6,1,2,1,1,1,2,0,0,0,Normal
2022-07-05,Tuesday,2,27,7,Monsoon,0,0,0,0,0,1,0,12.0,36.8,26.7,70.5,,0,0,0,90,21,14,7,8,132,151.0,119.0,141.0,136.86,14.02,147.0,137.0,None,0,7,5,8,1,0,4,9,0,1,1,3,4,0,0,28,14,2,0,14,14,0,14,10,2,3,1,7,2,0,2,28,6,5,1,21,6,0,6,0,422,0,15,1,406,15,0,0,177,0,9,0,168,9,0,0,370,0,13,0,357,13,0,0,626,0,24,1,601,24,0,0,310,0,4,0,306,4,0,0,2,16,1,1,1,8,1,0,2,1,1,1,2,2,5,2,1,1,1,1,4,0,0,1,Watch
2022-07-06,Wednesday,3,27,7,Monsoon,0,0,0,1,0,0,1,8.9,33.4,24.9,73.8,,0,0,0,101,25,7,12,8,145,132.0,151.0,159.0,135.57,14.0,152.0,135.93,None,0,12,5,5,3,1,1,6,0,0,2,4,6,0,0,28,16,2,2,10,16,0,16,10,2,2,1,7,2,0,2,28,6,2,1,21,6,0,6,0,406,0,15,1,390,15,0,0,168,0,7,0,161,7,0,0,357,0,16,0,341,16,0,0,601,0,28,1,572,28,0,0,306,0,7,0,299,7,0,0,2,8,0,0,1,8,0,0,3,1,1,1,1,2,6,1,1,1,1,1,4,0,0,0,Normal
2022-07-07,Thursday,4,27,7,Monsoon,0,0,0,0,0,1,0,17.4,30.7,22.5,78.8,,0,0,0,90,28,10,8,7,136,145.0,132.0,139.0,133.57,11.24,142.0,135.43,None,0,9,6,8,5,1,2,4,2,2,2,4,7,0,0,28,14,4,2,12,14,0,14,10,2,1,0,8,2,0,2,28,8,2,0,20,8,0,8,0,390,0,15,1,374,15,0,0,161,0,10,0,151,10,0,0,341,0,16,0,325,16,0,0,572,0,30,1,541,30,0,0,299,0,12,0,287,12,0,0,2,20,1,1,1,8,0,0,2,1,1,1,2,2,6,1,1,1,1,1,4,0,0,1,Watch
2022-07-08,Friday,5,27,7,Monsoon,0,0,0,0,0,0,0,16.6,33.8,26.8,77.9,,0,0,0,88,29,5,7,7,129,136.0,145.0,129.0,133.14,11.08,137.0,135.0,None,0,9,5,8,7,0,3,1,0,1,1,3,4,0,0,28,14,1,2,12,14,0,14,10,2,0,1,7,2,0,2,28,13,1,2,13,13,0,13,0,374,0,15,1,358,15,0,0,151,0,10,0,141,10,0,0,325,0,16,0,309,16,0,0,541,0,30,1,510,30,0,0,287,0,14,0,273,14,0,0,2,8,0,0,1,8,0,0,2,1,1,1,1,2,6,1,1,1,1,1,4,0,0,0,Normal
2022-07-09,Saturday,6,27,7,Monsoon,1,0,0,0,0,0,0,24.1,35.8,28.4,81.4,,0,0,0,78,32,5,9,6,124,129.0,136.0,120.0,133.14,11.08,124.0,134.43,None,0,12,7,9,4,0,1,2,0,2,1,3,7,0,0,28,15,1,1,12,15,0,15,10,1,1,1,8,1,0,1,28,14,3,2,12,14,0,14,0,358,0,15,1,342,15,0,0,141,0,11,0,130,11,0,0,309,0,18,0,291,18,0,0,510,0,32,1,477,32,0,0,273,0,12,0,261,12,0,0,2,8,0,0,1,8,0,0,2,1,1,1,1,2,6,1,1,1,1,1,3,0,0,0,Normal
2022-07-10,Sunday,7,27,7,Monsoon,1,0,0,0,0,0,0,33.9,35.0,26.2,78.6,,0,0,0,76,36,7,11,10,130,124.0,129.0,119.0,133.71,10.47,122.0,134.43,None,0,17,7,6,6,4,3,1,2,1,4,6,6,0,0,28,14,4,1,13,14,0,14,10,3,0,2,5,3,0,3,28,17,2,0,11,17,0,17,0,342,0,19,1,322,19,0,0,130,0,9,0,121,9,0,1,291,0,20,0,271,20,0,0,477,0,35,1,441,35,0,0,261,0,17,0,244,17,0,0,2,20,1,1,1,8,0,0,2,1,1,1,2,2,6,1,1,1,1,1,4,0,0,1,Watch
2022-07-11,Monday,1,28,7,Monsoon,0,0,0,0,0,0,0,19.5,33.2,25.7,76.6,,0,0,0,97,30,8,5,9,140,130.0,124.0,151.0,135.29,8.84,136.0,135.0,None,0,16,6,5,3,1,3,2,0,3,2,4,5,0,0,28,13,4,1,14,13,0,13,10,5,1,0,5,5,0,5,28,17,3,0,11,17,0,17,0,322,0,17,1,304,17,0,0,121,0,8,0,113,8,0,0,271,0,19,0,252,19,0,0,441,0,32,1,408,32,0,0,244,0,10,0,234,10,0,0,2,8,0,0,1,8,0,0,3,1,1,1,1,2,6,1,1,1,1,1,2,0,0,0,Normal
2022-07-12,Tuesday,2,28,7,Monsoon,0,0,0,0,0,1,0,14.8,30.9,24.4,78.4,,0,0,0,90,25,13,8,10,136,140.0,130.0,132.0,133.71,6.61,141.0,135.29,None,0,11,6,5,3,0,2,10,0,1,1,3,6,0,0,28,16,1,2,10,16,0,16,10,3,2,2,5,3,0,3,28,18,5,0,10,18,0,18,0,304,0,17,1,286,17,0,0,113,0,7,0,106,7,0,0,252,0,15,0,237,15,0,0,408,0,27,1,380,27,0,1,234,0,15,0,219,15,0,1,2,16,1,1,1,8,0,0,2,1,1,1,2,2,7,2,1,1,1,1,3,0,0,1,Watch
2022-07-13,Wednesday,3,28,7,Monsoon,0,0,0,1,0,0,1,10.7,34.2,29.4,71.9,,0,0,0,98,28,7,13,8,146,136.0,140.0,145.0,134.29,6.61,159.0,134.93,Snakebite_Cluster,1,11,6,9,2,0,4,2,0,1,1,3,7,0,0,28,18,1,2,8,18,0,18,10,2,3,3,5,2,0,2,28,17,4,1,10,17,0,17,0,286,0,16,1,269,16,0,0,106,0,11,0,95,11,0,0,237,0,17,0,220,17,0,0,380,0,30,1,349,30,0,0,219,0,9,0,210,9,0,0,2,8,0,0,1,8,1,0,3,1,3,1,1,2,7,1,1,1,1,1,2,0,0,0,Normal
2022-07-14,Thursday,4,28,7,Monsoon,0,0,0,0,0,1,0,19.5,33.8,27.4,70.5,,0,0,0,95,23,10,7,9,135,146.0,136.0,136.0,134.43,6.84,139.0,134.0,None,0,8,4,7,4,1,7,2,0,1,2,4,7,0,0,28,16,6,1,11,16,0,16,10,2,2,2,6,2,0,2,28,20,0,2,6,20,0,20,0,269,0,16,1,252,16,0,0,95,0,9,0,86,9,0,0,220,0,14,0,206,14,0,0,349,0,26,1,322,26,0,0,210,0,9,0,201,9,0,0,2,8,1,0,1,20,1,1,2,1,1,2,1,2,7,1,1,1,1,1,2,0,0,1,Watch
2022-07-15,Friday,5,28,7,Monsoon,0,0,0,0,0,0,0,17.4,33.8,25.0,76.4,,0,0,0,88,24,8,7,7,127,135.0,146.0,129.0,134.29,6.82,129.0,133.71,None,0,10,8,6,0,2,4,2,1,1,3,5,7,0,0,28,19,2,2,7,19,0,19,10,3,0,1,6,3,0,3,28,14,7,1,13,14,0,14,0,252,0,14,0,238,14,0,0,336,250,8,1,327,8,0,0,206,0,15,0,191,15,0,1,322,0,26,1,295,26,0,0,201,0,8,0,193,8,0,0,2,12,1,0,1,8,1,0,2,1,1,1,1,2,7,1,1,1,1,1,3,0,0,0,Normal
2022-07-16,Saturday,6,28,7,Monsoon,1,0,0,0,0,0,0,39.6,30.6,23.8,87.5,,0,0,0,75,31,6,12,8,124,127.0,135.0,124.0,134.0,7.07,120.0,133.57,Flood_Disruption,2,13,7,10,1,2,3,1,0,2,3,5,4,1,1,28,18,7,1,9,18,0,18,10,1,2,2,7,1,0,1,28,16,0,2,10,16,0,16,0,238,0,17,0,221,17,0,0,327,0,12,1,314,12,0,0,191,0,17,0,174,17,0,0,295,0,31,1,263,31,0,0,193,0,9,0,184,9,0,0,2,8,0,0,1,8,0,0,2,1,2,1,1,2,6,1,1,1,1,1,3,0,0,1,Watch
2022-07-17,Sunday,7,28,7,Monsoon,1,0,0,0,0,0,0,28.1,31.8,24.3,80.2,,0,0,0,70,33,5,12,9,120,124.0,127.0,130.0,134.0,7.07,119.0,133.86,None,0,11,6,12,4,1,2,3,0,0,2,4,7,0,0,28,19,4,2,7,19,0,19,10,4,0,0,6,4,0,4,28,10,7,0,18,10,0,10,0,221,0,19,0,202,19,0,0,314,0,14,1,299,14,0,0,174,0,17,0,157,17,0,0,963,700,32,2,929,32,0,0,184,0,6,0,178,6,0,0,2,8,0,0,1,8,0,0,2,1,1,1,1,2,6,1,1,1,1,1,3,0,0,0,Normal
2022-07-18,Monday,1,29,7,Monsoon,0,0,0,0,0,0,0,7.6,32.5,25.9,75.8,,0,0,0,95,22,7,5,7,129,120.0,124.0,140.0,132.57,8.58,151.0,133.93,None,0,7,6,6,3,2,5,1,0,1,2,4,4,0,0,28,20,3,2,6,20,0,20,10,2,3,0,8,2,0,2,28,12,0,0,16,12,0,12,0,202,0,14,0,188,14,0,1,299,0,8,1,290,8,0,0,157,0,14,0,143,14,0,0,929,0,25,2,902,25,0,0,178,0,9,0,169,9,0,0,2,8,0,0,1,8,1,0,2,1,1,1,1,2,6,1,1,1,1,1,4,0,0,0,Normal
2022-07-19,Tuesday,2,29,7,Monsoon,0,0,0,0,0,1,0,14.4,32.4,25.9,70.8,,0,0,0,91,21,11,8,7,131,129.0,120.0,136.0,131.0,8.07,132.0,132.36,None,0,2,6,10,3,0,9,1,0,1,1,3,7,0,0,28,23,1,1,4,23,0,23,10,2,2,2,6,2,0,2,28,12,1,2,14,12,0,12,0,188,0,15,0,173,15,0,0,290,0,11,1,278,11,0,0,143,0,12,0,131,12,0,0,902,0,24,2,876,24,0,0,569,400,5,1,563,5,0,0,2,8,1,0,1,20,1,1,2,1,1,2,1,2,7,2,1,1,1,1,3,0,0,1,Watch
2022-07-20,Wednesday,3,29,7,Monsoon,0,0,0,1,0,0,1,27.3,35.8,28.8,79.7,,0,0,0,96,33,5,14,9,148,131.0,129.0,146.0,130.29,7.81,145.0,132.29,None,0,13,7,8,5,1,2,2,1,0,2,4,5,0,0,28,25,3,2,1,25,0,25,10,3,0,0,7,3,0,3,28,13,2,1,14,13,0,13,0,173,0,18,0,155,18,0,0,278,0,10,1,267,10,0,0,131,0,19,0,112,19,0,0,876,0,34,2,840,34,0,0,563,0,10,1,552,10,0,0,2,12,1,0,1,8,0,0,2,1,2,1,1,2,7,1,1,1,2,2,4,0,0,0,Normal
2022-07-21,Thursday,4,29,7,Monsoon,0,0,0,0,0,1,0,14.6,33.4,27.1,76.3,,0,0,0,89,26,11,7,7,133,148.0,131.0,135.0,130.57,8.4,136.0,132.5,None,0,8,3,6,9,0,4,6,0,1,1,3,4,0,0,28,24,6,0,4,24,0,24,10,2,3,2,6,2,0,2,28,11,2,2,15,11,0,11,0,155,0,14,0,141,14,0,0,267,0,8,1,258,8,0,0,392,280,15,0,377,15,0,0,840,0,28,2,810,28,0,0,552,0,2,1,549,2,0,0,2,8,1,0,1,8,1,0,2,1,1,1,1,2,7,2,1,1,1,1,3,0,0,0,Normal
2022-07-22,Friday,5,29,7,Monsoon,0,0,0,0,0,0,0,17.0,35.0,27.1,74.7,,0,0,0,83,30,7,4,7,124,133.0,148.0,127.0,130.29,8.28,129.0,132.29,None,0,8,6,12,4,1,3,4,0,0,2,4,7,0,0,28,23,3,1,4,23,0,23,10,4,0,2,4,4,0,4,28,11,3,0,17,11,0,11,0,141,0,16,0,125,16,0,0,258,0,14,0,244,14,0,0,377,0,16,0,361,16,0,0,810,0,31,2,777,31,0,0,549,0,10,1,538,10,0,0,2,8,0,0,1,8,0,0,2,1,1,1,1,2,7,1,1,1,1,1,3,0,0,0,Normal
2022-07-23,Saturday,6,29,7,Monsoon,1,0,0,0,0,0,0,10.6,32.1,25.2,67.1,,0,0,0,77,28,7,10,9,122,124.0,133.0,124.0,129.86,8.51,124.0,131.93,None,0,16,5,4,3,3,5,2,0,0,3,5,6,0,0,28,15,10,0,13,15,0,15,10,5,2,2,3,5,0,5,28,7,8,1,20,7,0,7,0,425,300,16,1,408,16,0,0,244,0,6,0,238,6,0,0,361,0,17,0,344,17,0,0,777,0,29,1,747,29,0,0,538,0,13,1,524,13,0,0,2,8,0,0,1,8,1,0,2,1,1,1,1,2,6,1,1,1,1,1,4,0,0,0,Normal
2022-07-24,Sunday,7,29,7,Monsoon,1,0,0,0,0,0,0,26.6,30.7,22.4,84.5,,0,0,0,74,27,6,10,8,117,122.0,124.0,120.0,129.57,8.73,130.0,131.79,None,0,16,2,3,6,1,4,1,0,1,1,3,7,0,0,28,13,4,1,14,13,0,13,10,4,2,2,4,4,0,4,28,8,4,0,20,8,0,8,0,408,0,15,1,392,15,0,0,238,0,5,0,233,5,0,0,344,0,16,0,328,16,0,0,747,0,28,1,718,28,0,0,524,0,12,1,511,12,0,0,2,8,0,0,1,8,1,0,2,1,1,1,1,2,6,1,1,1,1,1,2,0,0,0,Normal
2022-07-25,Monday,1,30,7,Monsoon,0,0,0,0,0,0,0,26.7,32.9,23.4,83.2,,0,0,0,94,25,5,9,6,133,117.0,122.0,129.0,129.14,9.25,140.0,130.86,None,0,8,8,6,3,1,3,1,0,1,2,4,5,0,0,28,13,4,0,15,13,0,13,10,2,4,0,8,2,0,2,28,7,1,1,20,7,0,7,0,392,0,13,1,378,13,0,0,233,0,8,0,225,8,0,0,328,0,15,0,313,15,0,0,718,0,28,1,689,28,0,0,511,0,5,1,505,5,0,0,2,8,0,0,1,8,0,0,2,1,1,1,1,2,5,1,1,1,1,1,4,0,0,0,Normal
2022-07-26,Tuesday,2,30,7,Monsoon,0,0,0,0,0,1,0,12.9,34.4,25.6,71.7,Malaria,4,1,6,89,56,10,9,11,164,133.0,117.0,131.0,129.71,9.35,136.0,130.36,None,0,37,10,7,2,1,4,6,0,0,2,4,5,0,0,28,16,2,1,11,16,0,16,10,2,1,2,6,2,0,2,28,10,2,0,18,10,0,10,0,378,0,24,1,353,24,0,0,225,0,12,0,213,12,0,0,313,0,31,0,282,31,0,0,689,0,52,1,636,52,0,0,505,0,20,0,485,20,0,0,2,8,1,0,1,8,1,0,2,2,1,1,1,3,6,1,2,2,1,1,4,0,0,0,High
2022-07-27,Wednesday,3,30,7,Monsoon,0,0,0,1,0,0,1,27.5,31.8,22.1,76.3,Malaria,4,1,6,99,58,4,11,10,172,164.0,133.0,148.0,134.43,15.26,146.0,132.36,None,0,27,10,11,10,3,0,2,0,2,4,6,7,0,0,28,20,2,2,6,20,0,20,10,2,1,2,6,2,0,2,28,12,1,1,15,12,0,12,0,353,0,24,1,328,24,0,0,213,0,16,0,197,16,0,0,282,0,31,0,251,31,0,0,636,0,54,1,581,54,0,0,485,0,17,0,468,17,0,0,2,8,0,0,1,8,0,0,3,2,1,1,1,3,6,1,2,2,1,1,4,0,0,0,High
2022-07-28,Thursday,4,30,7,Monsoon,0,0,0,0,0,1,0,11.1,29.3,22.6,84.2,Malaria,4,1,6,87,61,11,8,11,167,172.0,164.0,133.0,137.86,19.91,135.0,134.21,None,0,32,6,9,14,3,3,6,0,2,3,5,5,0,0,28,20,4,2,6,20,0,20,10,2,2,0,8,2,0,2,28,13,4,0,15,13,0,13,0,328,0,25,1,302,25,0,0,197,0,14,0,183,14,0,0,251,0,32,0,219,32,0,0,581,0,56,1,524,56,0,0,468,0,19,0,449,19,0,0,2,8,1,0,1,8,0,0,2,2,1,1,1,3,6,2,2,2,1,1,4,0,0,0,High
2022-07-29,Friday,5,30,7,Monsoon,0,0,0,0,0,0,0,32.5,32.9,21.6,83.5,Malaria,4,1,5,85,60,5,8,11,158,167.0,172.0,124.0,142.71,22.15,127.0,136.5,None,0,38,9,9,4,2,3,0,1,1,3,5,8,0,0,28,23,1,1,4,23,0,23,10,2,1,0,8,2,0,2,28,14,5,1,13,14,0,14,0,302,0,25,1,276,25,0,0,183,0,14,0,169,14,0,0,219,0,33,0,186,33,0,1,524,0,55,1,468,55,0,0,449,0,22,0,427,22,0,0,2,12,1,0,1,8,0,0,2,2,1,1,1,2,7,1,2,2,1,1,2,0,0,0,High
2022-07-30,Saturday,6,30,7,Monsoon,1,0,0,0,0,0,0,23.8,33.5,24.5,76.5,Malaria,4,1,6,78,60,6,13,11,157,158.0,167.0,122.0,147.57,21.23,124.0,138.71,None,0,38,9,7,6,0,1,3,1,1,2,4,7,0,0,28,19,7,0,9,19,0,19,10,2,2,1,7,2,0,2,28,17,3,1,10,17,0,17,0,276,0,24,1,251,24,0,0,169,0,12,0,157,12,0,0,186,0,32,0,154,32,0,0,468,0,54,1,413,54,0,0,427,0,20,0,407,20,0,0,2,12,1,0,1,8,0,0,2,2,2,1,1,2,7,1,2,2,1,1,2,0,0,0,High
2022-07-31,Sunday,7,30,7,Monsoon,1,0,0,0,1,0,0,17.7,32.7,24.1,78.5,Malaria,4,1,7,80,62,9,12,12,163,157.0,158.0,117.0,152.57,18.57,120.0,141.07,None,0,44,5,5,8,0,3,3,1,2,1,3,8,0,0,28,22,3,2,4,22,0,22,10,3,0,4,3,3,0,3,28,18,4,2,8,18,0,18,0,251,0,25,0,226,25,0,0,157,0,11,0,146,11,0,0,154,0,34,0,120,34,0,0,413,0,56,1,356,56,0,1,407,0,16,0,391,16,0,0,2,12,1,0,1,8,0,0,2,2,1,1,1,3,7,1,2,2,1,1,3,0,0,0,High
2022-08-01,Monday,1,31,8,Monsoon,0,0,0,0,0,0,0,20.8,34.7,27.4,76.7,Malaria,4,1,5,94,63,6,6,11,169,163.0,157.0,133.0,159.14,11.68,129.0,144.14,None,0,47,7,0,9,2,2,3,0,1,3,5,4,1,1,28,21,5,1,6,21,0,21,10,4,1,1,5,4,0,4,28,21,2,0,7,21,0,21,0,226,0,23,0,203,23,0,0,146,0,6,0,140,6,0,0,120,0,36,0,84,36,0,0,356,0,58,1,297,58,0,0,391,0,19,0,372,19,0,0,2,8,0,0,1,8,0,0,2,2,1,1,1,3,7,1,2,2,1,1,2,0,0,1,High
2022-08-02,Tuesday,2,31,8,Monsoon,0,0,0,0,0,1,0,34.7,31.1,21.8,85.8,Malaria,4,1,7,91,63,12,8,11,174,169.0,163.0,164.0,164.29,5.12,131.0,147.0,None,0,49,3,5,6,1,3,5,1,3,1,3,6,0,0,28,21,3,1,6,21,0,21,10,4,2,0,6,4,0,4,28,22,5,2,4,22,0,22,0,203,0,24,0,179,24,0,1,140,0,11,0,129,11,0,1,84,0,36,0,48,36,0,0,297,0,58,0,239,58,0,0,372,0,18,0,354,18,0,0,2,12,1,0,1,8,0,0,2,2,1,1,1,3,7,2,2,2,1,1,2,0,0,0,High
2022-08-03,Wednesday,3,31,8,Monsoon,0,0,0,1,0,0,1,8.5,35.6,27.5,77.5,Malaria,4,1,6,103,61,7,13,12,184,174.0,169.0,172.0,165.71,6.13,148.0,150.07,None,0,45,6,5,5,1,2,2,1,2,2,4,6,0,0,28,21,4,1,6,21,0,21,10,5,2,1,4,5,0,5,28,25,2,0,3,25,0,25,0,179,0,25,0,154,25,0,0,129,0,11,0,118,11,0,0,48,0,36,0,12,36,0,0,239,0,57,0,182,57,0,0,354,0,18,0,336,18,0,0,2,12,1,0,1,8,0,0,3,2,2,1,1,3,8,1,2,2,1,1,4,0,0,0,High
2022-08-04,Thursday,4,31,8,Monsoon,0,0,0,0,0,1,0,27.9,33.6,26.5,79.1,Malaria,4,1,6,84,59,12,6,11,161,184.0,174.0,167.0,167.43,8.76,133.0,152.64,None,0,37,7,7,8,1,3,4,2,3,2,4,8,0,0,28,20,4,2,6,20,0,20,10,6,1,1,3,6,0,6,28,25,6,0,3,25,0,25,0,154,0,24,0,130,24,0,0,118,0,12,0,106,12,0,0,292,280,32,0,260,32,0,0,182,0,54,0,128,54,0,0,336,0,20,0,316,20,0,0,2,20,1,1,1,8,0,0,2,2,1,1,2,3,8,2,2,2,1,1,2,0,0,1,High
2022-08-05,Friday,5,31,8,Monsoon,0,0,0,0,0,0,0,29.7,31.2,21.7,77.7,Malaria,4,1,5,84,62,6,8,10,160,161.0,184.0,158.0,166.57,9.05,124.0,154.64,None,0,39,6,9,8,0,3,1,1,1,1,3,6,0,0,28,24,1,0,4,24,0,24,10,7,1,1,2,7,0,7,28,24,4,0,4,24,0,24,0,130,0,24,0,106,24,0,0,106,0,14,0,92,14,0,0,260,0,34,0,226,34,0,0,828,700,56,2,770,56,0,0,316,0,13,0,303,13,0,0,2,12,1,0,1,8,0,0,2,2,1,1,1,3,8,1,2,2,1,1,2,0,0,0,High
2022-08-06,Saturday,6,31,8,Monsoon,1,0,0,0,0,0,0,70.7,32.9,26.1,96.2,Malaria,4,1,6,72,73,3,12,10,160,160.0,161.0,157.0,166.86,8.81,122.0,157.21,Flood_Disruption,4,42,12,11,8,1,1,2,0,0,3,5,8,0,0,28,24,5,0,4,24,0,24,10,8,2,1,1,8,0,8,28,23,3,1,4,23,0,23,0,106,0,26,0,80,26,0,0,92,0,17,0,75,17,0,0,226,0,38,0,188,38,0,1,770,0,64,1,705,64,0,0,303,0,15,0,288,15,0,0,2,8,0,0,1,8,0,0,2,2,2,1,1,3,8,1,2,2,1,1,4,0,0,0,High
2022-08-07,Sunday,7,31,8,Monsoon,1,0,0,0,0,0,0,25.6,35.1,26.1,74.7,Malaria,4,1,7,73,63,7,13,12,156,160.0,160.0,163.0,167.29,8.38,117.0,159.93,None,0,42,5,10,6,1,2,3,0,2,2,4,5,0,0,28,21,9,1,6,21,0,21,10,1,8,2,7,1,0,1,28,25,3,0,3,25,0,25,0,380,300,27,1,352,27,0,0,325,250,15,1,309,15,0,0,188,0,34,0,154,34,0,0,705,0,56,1,648,56,0,0,288,0,17,0,271,17,0,0,2,8,0,0,1,8,0,0,2,2,2,1,1,2,7,1,2,2,1,1,3,0,0,0,High
2022-08-08,Monday,1,32,8,Monsoon,0,0,0,0,1,0,0,7.1,30.6,21.4,69.9,Malaria,4,1,6,96,56,8,6,9,166,156.0,160.0,169.0,166.29,9.21,133.0,162.71,None,0,44,8,3,1,0,4,1,1,2,1,3,8,0,0,28,21,3,1,6,21,0,21,10,0,1,2,8,0,0,0,28,24,7,2,2,24,0,24,0,352,0,20,1,331,20,0,0,309,0,8,1,300,8,0,0,154,0,33,0,121,33,0,0,648,0,52,1,595,52,0,0,271,0,20,0,251,20,0,0,2,12,1,0,1,8,1,0,2,2,1,1,1,3,7,1,2,2,1,1,2,0,0,0,High
2022-08-09,Tuesday,2,32,8,Monsoon,0,0,0,0,0,1,0,6.9,29.5,22.2,78.4,Malaria,4,1,7,96,55,12,7,12,170,166.0,156.0,174.0,165.86,9.14,164.0,165.07,None,0,32,6,11,6,1,6,1,1,4,2,4,6,0,0,28,19,7,2,7,19,0,19,10,1,0,1,8,1,0,1,28,22,8,1,5,22,0,22,0,331,0,26,1,304,26,0,0,300,0,15,1,284,15,0,0,121,0,30,0,91,30,0,0,595,0,52,1,542,52,0,0,251,0,20,0,231,20,0,0,2,12,1,0,1,20,1,1,2,2,1,2,1,3,7,2,2,2,1,1,4,0,0,1,High
2022-08-10,Wednesday,3,32,8,Monsoon,0,0,0,1,0,0,1,16.7,32.4,24.9,76.6,Malaria,4,1,7,101,57,6,12,10,176,170.0,166.0,184.0,165.29,8.73,172.0,165.5,None,0,37,6,6,8,1,4,0,0,2,2,4,8,0,0,28,17,6,1,10,17,0,17,10,3,0,0,7,3,0,3,28,23,3,0,5,23,0,23,0,304,0,22,1,281,22,0,0,284,0,11,1,272,11,0,0,91,0,32,0,59,32,0,0,542,0,54,1,487,54,0,0,231,0,16,0,215,16,0,1,2,8,0,0,1,8,1,0,3,2,1,1,1,3,7,1,2,2,1,1,4,0,0,0,High
2022-08-11,Thursday,4,32,8,Monsoon,0,0,0,0,0,1,0,11.9,28.6,21.4,79.0,Malaria,4,1,6,86,54,12,7,11,159,176.0,170.0,161.0,164.14,6.42,167.0,165.79,None,0,28,12,10,4,3,4,7,0,1,4,6,5,1,1,28,14,9,0,14,14,0,14,10,4,0,0,6,4,0,4,28,23,4,2,3,23,0,23,0,281,0,24,1,256,24,0,0,272,0,14,1,257,14,0,0,59,0,29,0,30,29,0,0,487,0,50,1,436,50,0,0,215,0,20,0,195,20,0,0,2,8,1,0,1,8,1,0,2,2,1,1,1,2,7,2,2,2,1,1,4,0,0,1,High
2022-08-12,Friday,5,32,8,Monsoon,0,0,0,0,0,0,0,21.7,35.0,28.0,71.7,Malaria,4,1,7,80,60,5,6,9,151,159.0,176.0,160.0,163.86,6.6,158.0,165.21,None,0,36,6,7,11,0,2,2,1,0,1,3,5,0,0,28,11,7,0,17,11,0,11,10,2,2,0,8,2,0,2,28,23,5,0,5,23,0,23,0,256,0,22,0,234,22,0,0,257,0,12,0,245,12,0,0,310,280,32,0,278,32,0,0,436,0,54,1,381,54,0,1,195,0,17,0,178,17,0,0,2,12,1,0,1,8,0,0,2,2,1,1,1,2,7,1,2,2,1,1,3,0,0,0,High
2022-08-13,Saturday,6,32,8,Monsoon,1,0,0,0,0,0,0,17.5,32.1,24.0,77.2,Malaria,4,1,6,72,57,5,14,10,148,151.0,159.0,160.0,162.57,7.96,157.0,164.71,None,0,36,7,10,4,1,2,2,1,0,2,4,6,0,0,28,15,0,2,11,15,0,15,10,2,2,1,7,2,0,2,28,21,6,2,5,21,0,21,0,234,0,24,0,210,24,0,0,245,0,15,0,230,15,0,0,278,0,31,0,247,31,0,0,381,0,51,1,329,51,0,0,178,0,16,0,162,16,0,0,2,12,1,0,1,8,0,0,2,2,2,1,1,2,7,1,2,2,2,2,2,0,0,0,High
2022-08-14,Sunday,7,32,8,Monsoon,1,0,0,0,0,0,0,11.4,30.8,22.7,75.1,Malaria,4,1,7,76,61,6,11,11,154,148.0,151.0,156.0,160.86,9.48,163.0,164.07,None,0,47,4,3,7,0,5,0,0,1,1,3,6,0,0,28,16,3,1,11,16,0,16,10,2,1,0,8,2,0,2,28,24,3,1,3,24,0,24,0,210,0,23,0,187,23,0,1,230,0,9,0,221,9,0,0,247,0,35,0,212,35,0,0,329,0,55,1,273,55,0,0,162,0,18,0,144,18,0,0,2,8,0,0,1,8,1,0,2,2,1,1,1,2,7,1,2,2,1,1,3,0,0,0,High
2022-08-15,Monday,1,33,8,Monsoon,0,1,0,0,0,0,1,28.1,31.7,24.7,81.3,Malaria,4,1,6,86,61,5,9,12,161,154.0,148.0,166.0,160.57,9.65,169.0,163.43,None,0,36,14,8,3,0,1,3,0,1,2,4,4,0,0,28,24,1,2,2,24,0,24,10,3,0,0,7,3,0,3,28,23,3,0,5,23,0,23,0,187,0,26,0,161,26,0,0,221,0,13,0,208,13,0,0,212,0,33,0,179,33,0,1,273,0,56,0,217,56,0,0,144,0,15,0,129,15,0,0,2,8,0,0,1,8,0,0,2,2,1,1,1,3,8,1,2,2,1,1,4,0,0,0,High
2022-08-16,Tuesday,2,33,8,Monsoon,0,0,0,0,0,1,0,22.9,32.3,22.6,86.6,Malaria,4,1,6,91,62,11,7,11,171,161.0,154.0,170.0,159.86,9.4,174.0,162.86,None,0,39,7,9,7,1,3,4,2,2,2,4,7,0,0,28,26,3,0,2,26,0,26,10,2,1,0,8,2,0,2,28,21,8,3,4,21,0,21,0,161,0,25,0,136,25,0,0,208,0,14,0,194,14,0,0,179,0,34,0,145,34,0,0,217,0,57,0,160,57,0,0,129,0,20,0,109,20,0,0,2,20,1,1,1,8,0,0,2,2,1,1,2,3,8,2,2,2,1,1,3,0,0,1,High
2022-08-17,Wednesday,3,33,8,Monsoon,0,0,0,1,0,0,1,23.2,34.0,27.4,71.6,Malaria,4,1,5,99,58,5,10,12,172,171.0,161.0,176.0,160.0,9.56,184.0,162.64,None,0,39,6,7,6,0,2,2,0,1,1,3,6,0,0,28,22,8,0,6,22,0,22,10,3,1,3,4,3,0,3,28,24,3,0,4,24,0,24,0,136,0,25,0,111,25,0,0,194,0,12,0,182,12,0,0,145,0,33,0,112,33,0,0,860,700,54,2,804,54,0,0,509,400,19,0,490,19,0,0,2,8,0,0,1,8,0,0,3,2,1,1,1,3,8,1,2,2,1,1,4,0,0,0,High
2022-08-18,Thursday,4,33,8,Monsoon,0,0,0,0,0,1,0,8.0,31.3,22.7,82.4,Malaria,4,1,7,83,57,10,6,10,156,172.0,171.0,159.0,159.43,8.67,161.0,161.79,None,0,40,6,5,6,2,3,4,0,3,2,4,4,0,0,28,23,6,0,5,23,0,23,10,0,3,0,10,0,0,0,28,22,5,2,4,22,0,22,0,111,0,22,0,89,22,0,0,182,0,10,0,172,10,0,0,112,0,32,0,80,32,0,0,804,0,52,2,750,52,0,0,490,0,15,0,475,15,0,0,2,8,1,0,1,8,0,0,2,2,1,1,1,2,7,1,2,2,1,1,4,0,0,0,High
2022-08-19,Friday,5,33,8,Monsoon,0,0,1,0,0,0,3,12.1,26.7,19.1,85.9,,0,0,0,88,28,7,21,11,144,156.0,172.0,151.0,159.0,8.75,160.0,161.43,Road_Accident_Surge,3,8,11,6,3,3,5,2,0,0,4,6,6,0,0,28,20,7,1,7,20,0,20,10,6,0,2,2,6,0,6,28,20,3,2,6,20,0,20,0,389,300,19,1,369,19,0,0,172,0,8,0,164,8,0,0,80,0,16,0,64,16,0,0,750,0,29,1,720,29,0,0,475,0,10,0,465,10,0,0,2,8,0,0,1,8,1,0,2,1,3,1,1,2,7,1,1,1,2,3,4,0,0,0,Watch
2022-08-20,Saturday,6,33,8,Monsoon,1,0,1,0,0,0,2,15.9,32.9,22.8,79.5,,0,0,0,81,24,4,20,8,129,144.0,156.0,148.0,158.0,9.93,160.0,160.29,Road_Accident_Surge,3,12,6,3,3,0,1,0,0,3,2,4,7,0,0,28,22,2,0,6,22,0,22,10,3,4,1,6,3,0,3,28,18,5,0,10,18,0,18,0,369,0,14,1,354,14,0,0,164,0,5,0,159,5,0,0,64,0,15,0,49,15,0,0,720,0,26,1,693,26,0,0,465,0,9,0,456,9,0,0,2,8,0,0,1,8,0,0,2,1,3,1,1,2,7,1,1,1,2,3,4,0,0,0,Watch
2022-08-21,Sunday,7,33,8,Monsoon,1,0,0,0,0,0,0,14.8,30.9,22.7,81.0,Dengue,3,1,5,73,60,7,12,10,152,129.0,144.0,154.0,155.29,14.04,156.0,158.07,None,0,38,10,6,6,2,1,3,1,2,3,5,4,1,1,28,18,9,0,10,18,0,18,10,4,0,2,4,4,0,4,28,17,5,0,11,17,0,17,0,354,0,23,1,330,23,0,0,159,0,11,0,148,11,0,0,329,280,32,0,297,32,0,0,693,0,54,1,638,54,0,0,456,0,18,0,438,18,0,0,2,12,1,0,1,8,0,0,2,2,1,1,1,2,7,1,2,2,1,1,3,0,0,1,Watch
2022-08-22,Monday,1,34,8,Monsoon,0,0,0,0,0,0,0,5.9,29.9,23.1,74.6,Dengue,3,1,4,98,57,7,6,9,168,152.0,129.0,161.0,155.0,14.08,166.0,157.79,None,0,40,3,7,7,0,1,6,0,0,1,3,8,0,0,28,21,4,2,5,21,0,21,10,4,0,1,5,4,0,4,28,16,3,2,10,16,0,16,0,330,0,21,1,308,21,0,0,148,0,12,0,136,12,0,0,297,0,33,0,264,33,0,0,638,0,53,1,584,53,0,0,438,0,8,0,430,8,0,0,2,8,0,0,1,8,0,0,3,2,1,1,1,3,7,1,2,2,1,1,4,0,0,0,Watch
2022-08-23,Tuesday,2,34,8,Monsoon,0,0,0,0,0,1,0,19.0,29.3,22.7,80.4,Dengue,3,1,5,90,62,11,6,11,169,168.0,152.0,171.0,156.0,14.71,170.0,157.93,None,0,46,4,9,3,1,2,6,0,3,1,3,7,0,0,28,20,7,2,6,20,0,20,10,5,0,2,3,5,0,5,28,18,2,1,9,18,0,18,0,308,0,25,1,282,25,0,0,136,0,14,0,122,14,0,1,264,0,35,0,229,35,0,0,584,0,57,1,526,57,0,0,430,0,14,0,416,14,0,0,2,8,1,0,1,8,0,0,2,2,1,1,1,3,7,2,2,2,1,1,4,0,0,0,Watch
2022-08-24,Wednesday,3,34,8,Monsoon,0,0,0,1,1,0,1,18.5,27.7,18.0,79.0,Dengue,3,1,5,104,57,9,14,12,184,169.0,168.0,172.0,155.71,14.43,176.0,157.86,None,0,37,5,7,8,1,4,3,0,2,2,4,5,0,0,28,24,3,1,3,24,0,24,10,5,3,0,5,5,0,5,28,16,4,1,11,16,0,16,0,282,0,25,1,256,25,0,0,122,0,12,0,110,12,0,0,229,0,33,0,196,33,0,1,526,0,54,1,471,54,0,0,416,0,10,0,406,10,0,0,2,8,0,0,1,8,1,0,3,2,2,1,1,3,7,1,2,2,2,2,4,0,0,0,Watch
2022-08-25,Thursday,4,34,8,Monsoon,0,0,0,0,0,1,0,11.2,30.0,21.5,74.3,Dengue,3,1,6,91,59,9,8,11,167,184.0,169.0,156.0,157.43,16.78,159.0,158.43,None,0,36,10,8,5,1,3,5,0,1,2,4,7,0,0,28,22,9,1,5,22,0,22,10,6,1,2,2,6,0,6,28,15,3,2,11,15,0,15,0,256,0,24,0,232,24,0,0,110,0,13,0,97,13,0,0,196,0,32,0,164,32,0,0,471,0,54,1,416,54,0,0,406,0,13,0,393,13,0,0,2,8,0,0,1,8,0,0,2,2,1,1,1,3,7,1,2,2,1,1,3,0,0,0,Watch
2022-08-26,Friday,5,34,8,Monsoon,0,0,0,0,0,0,0,15.3,34.8,27.3,75.3,Dengue,3,1,5,93,56,6,6,9,161,167.0,184.0,144.0,159.0,17.09,151.0,159.0,None,0,37,7,7,5,0,2,1,1,2,1,3,8,0,0,28,19,8,1,8,19,0,19,10,3,3,1,6,3,0,3,28,17,2,0,11,17,0,17,0,232,0,21,0,211,21,0,0,97,0,12,0,85,12,0,0,164,0,32,0,132,32,0,0,416,0,52,1,363,52,0,1,393,0,14,0,379,14,0,0,2,12,1,0,1,8,0,0,2,2,1,1,1,3,7,1,2,2,1,1,2,0,0,0,Watch
2022-08-27,Saturday,6,34,8,Monsoon,1,0,0,0,1,0,0,8.0,28.0,18.3,82.4,Dengue,3,1,3,86,60,7,12,11,165,161.0,167.0,129.0,161.43,15.95,148.0,159.71,None,0,38,6,5,11,0,3,2,1,1,1,3,8,0,0,28,19,2,1,8,19,0,19,10,5,0,1,4,5,0,5,28,19,5,1,8,19,0,19,0,211,0,24,0,187,24,0,1,85,0,10,0,75,10,0,0,132,0,33,0,99,33,0,0,363,0,55,1,307,55,0,0,379,0,20,0,359,20,0,0,2,12,1,0,1,8,0,0,2,2,1,1,1,3,7,1,2,2,1,1,3,0,0,0,Watch
2022-08-28,Sunday,7,34,8,Monsoon,1,0,0,0,0,0,0,0.0,29.7,21.8,67.8,Dengue,3,1,4,79,57,5,13,11,154,165.0,161.0,152.0,166.57,8.93,154.0,160.93,Snakebite_Cluster,1,42,7,4,4,1,2,2,1,0,2,4,7,0,0,28,22,2,0,6,22,0,22,10,4,2,2,4,4,0,4,28,23,1,1,4,23,0,23,0,187,0,23,0,164,23,0,0,325,250,9,1,315,9,0,0,99,0,32,0,67,32,0,0,307,0,52,1,254,52,0,0,359,0,17,0,342,17,0,0,2,12,1,0,1,8,0,0,2,2,3,1,1,2,8,1,2,2,1,1,2,0,0,0,Watch
2022-08-29,Monday,1,35,8,Monsoon,0,0,0,0,0,0,0,0.0,29.5,22.8,70.5,Dengue,3,1,4,95,56,5,7,10,163,154.0,165.0,168.0,166.86,8.48,161.0,160.93,None,0,39,7,7,3,2,2,1,1,1,3,5,5,0,0,28,22,6,2,4,22,0,22,10,4,2,1,5,4,0,4,28,14,11,1,13,14,0,14,0,164,0,22,0,142,22,0,0,315,0,12,1,302,12,0,0,67,0,32,0,35,32,0,0,254,0,52,0,202,52,0,0,342,0,12,0,330,12,0,0,2,12,1,0,1,8,0,0,2,2,1,1,1,3,7,1,2,2,1,1,4,0,0,0,Watch
2022-08-30,Tuesday,2,35,8,Monsoon,0,0,0,0,0,1,0,12.8,30.3,22.1,78.8,Dengue,3,1,4,96,59,12,7,11,174,163.0,154.0,169.0,166.14,8.56,171.0,161.07,None,0,36,9,10,4,1,4,6,0,2,2,4,4,0,0,28,26,4,0,2,26,0,26,10,3,2,1,6,3,0,3,28,14,2,0,14,14,0,14,0,142,0,25,0,117,25,0,0,302,0,15,1,286,15,0,0,315,280,33,0,282,33,0,0,202,0,55,0,147,55,0,0,330,0,12,0,318,12,0,0,2,8,1,0,1,8,1,0,2,2,1,1,1,3,7,2,2,2,1,1,3,0,0,0,Watch
2022-08-31,Wednesday,3,35,8,Monsoon,0,0,0,1,0,0,1,6.2,29.5,20.9,83.7,Dengue,3,1,6,99,56,5,13,11,173,174.0,163.0,184.0,166.86,8.97,172.0,161.29,Snakebite_Cluster,1,42,6,5,3,0,2,2,1,0,1,3,5,0,0,28,24,8,2,2,24,0,24,10,5,0,1,4,5,0,5,28,14,3,1,13,14,0,14,0,117,0,23,0,94,23,0,0,286,0,10,1,275,10,0,0,282,0,33,0,249,33,0,0,847,700,53,2,792,53,0,0,318,0,12,0,306,12,0,0,2,12,1,0,1,8,0,0,3,2,3,1,1,3,7,1,2,2,1,1,3,0,0,0,Watch
2022-09-01,Thursday,4,35,9,Monsoon,0,0,0,0,0,1,0,51.5,27.1,17.7,97.7,Dengue,3,1,5,86,70,11,6,11,173,173.0,174.0,167.0,165.29,6.43,156.0,161.36,Flood_Disruption,2,41,12,8,9,0,5,3,3,0,2,4,8,0,0,28,26,5,2,0,28,2,28,10,5,1,0,5,5,0,5,28,13,2,2,13,13,0,13,2,394,300,26,1,367,26,0,0,275,0,14,1,260,14,0,0,249,0,37,0,212,37,0,0,792,0,63,1,728,63,0,0,306,0,11,0,295,11,0,0,2,20,1,1,1,8,1,0,2,2,2,1,2,3,7,2,2,2,1,1,4,0,0,2,High
2022-09-02,Friday,5,35,9,Monsoon,0,0,0,0,0,0,0,2.0,31.7,22.3,70.3,Dengue,3,1,4,92,54,7,7,12,160,173.0,173.0,161.0,166.14,6.98,144.0,162.57,None,0,38,7,2,7,2,4,3,0,0,3,5,5,0,0,28,27,3,1,0,30,3,30,10,4,1,1,5,4,0,4,28,19,1,1,8,19,0,19,3,367,0,23,1,343,23,0,0,260,0,7,1,252,7,0,0,212,0,31,0,181,31,0,1,728,0,51,1,676,51,0,0,295,0,22,0,273,22,0,0,2,8,0,0,1,8,1,0,2,2,1,1,1,3,8,1,2,2,1,1,3,0,0,1,High
2022-09-03,Saturday,6,35,9,Monsoon,1,0,0,0,0,0,0,17.4,30.2,22.4,71.7,Dengue,3,1,4,78,55,5,8,9,146,160.0,173.0,165.0,166.0,7.09,129.0,163.71,None,0,41,4,7,3,0,2,1,1,1,1,3,5,0,0,28,28,7,0,0,30,2,30,10,1,4,2,7,1,0,1,28,18,2,0,10,18,0,18,2,343,0,21,1,321,21,0,0,252,0,12,0,240,12,0,0,181,0,31,0,150,31,0,0,676,0,50,1,625,50,0,0,273,0,7,0,266,7,0,0,2,12,1,0,1,8,0,0,2,2,1,1,1,2,7,1,2,2,1,1,4,0,0,1,High
2022-09-04,Sunday,7,35,9,Monsoon,1,0,0,0,0,0,0,5.2,30.0,21.9,71.7,Dengue,3,1,5,76,54,6,11,10,147,146.0,160.0,154.0,163.29,10.0,152.0,164.93,None,0,37,7,5,5,1,2,2,0,2,2,4,8,0,0,28,26,7,2,0,29,3,29,10,3,0,0,7,3,0,3,28,15,5,0,13,15,0,15,3,321,0,22,1,298,22,0,0,240,0,10,0,230,10,0,0,150,0,30,0,120,30,0,0,625,0,49,1,575,49,0,0,266,0,11,0,255,11,0,0,2,8,0,0,1,8,0,0,2,2,1,1,1,2,7,1,2,2,1,1,3,0,0,1,High
2022-09-05,Monday,1,36,9,Monsoon,0,0,0,0,0,0,0,6.4,33.6,25.8,68.5,Dengue,3,1,4,95,55,5,6,8,161,147.0,146.0,163.0,162.29,11.16,168.0,164.57,None,0,36,6,9,4,1,2,1,0,2,2,4,5,0,0,28,26,5,2,0,29,3,29,10,3,1,0,7,3,0,3,28,13,4,0,15,13,0,13,3,298,0,21,1,276,21,0,0,230,0,14,0,216,14,0,0,120,0,31,0,89,31,0,0,575,0,52,1,522,52,0,0,255,0,11,0,244,11,0,0,2,8,0,0,1,8,0,0,2,2,1,1,1,3,7,1,2,2,1,1,2,0,0,1,High
2022-09-06,Tuesday,2,36,9,Monsoon,0,0,0,0,0,1,0,11.7,28.6,19.6,81.2,Dengue,3,1,4,100,59,10,7,12,176,161.0,147.0,174.0,162.0,11.16,169.0,164.07,None,0,41,9,4,5,0,4,4,1,1,2,4,6,0,0,28,26,9,2,0,28,2,28,10,3,2,2,5,3,0,3,28,13,2,0,15,13,0,13,2,276,0,24,1,251,24,0,0,216,0,10,0,206,10,0,0,89,0,34,0,55,34,0,0,522,0,55,1,466,55,0,0,244,0,12,0,232,12,0,0,2,12,1,0,1,8,1,0,3,2,1,1,1,3,7,1,2,2,1,1,2,0,0,1,High
2022-09-07,Wednesday,3,36,9,Monsoon,0,0,0,1,0,0,1,17.1,29.3,22.1,81.7,Dengue,3,1,5,101,62,4,13,11,180,176.0,161.0,173.0,162.29,11.49,184.0,164.57,None,0,42,9,8,3,0,1,1,0,2,2,4,5,0,0,28,24,8,0,4,24,0,24,10,2,1,0,8,2,0,2,28,18,2,2,8,18,0,18,0,251,0,25,0,226,25,0,0,206,0,13,0,193,13,0,0,55,0,35,0,20,35,0,0,466,0,58,1,407,58,0,0,232,0,22,0,210,22,0,1,2,8,0,0,1,8,0,0,3,2,2,1,1,3,7,1,2,2,1,1,2,0,0,0,Watch
2022-09-08,Thursday,4,36,9,Monsoon,0,0,0,0,0,1,0,3.2,34.1,25.9,76.1,Dengue,3,1,5,89,58,11,8,11,166,180.0,176.0,173.0,163.29,12.62,167.0,164.29,None,0,41,4,3,10,0,5,5,1,0,1,3,5,0,0,28,21,5,1,6,21,0,21,10,2,2,0,8,2,0,2,28,23,2,1,4,23,0,23,0,226,0,23,0,203,23,0,0,193,0,8,0,185,8,0,0,300,280,33,0,267,33,0,0,407,0,54,1,352,54,0,1,210,0,19,0,191,19,0,0,2,12,1,0,1,8,1,0,2,2,1,1,1,3,7,2,2,2,1,1,4,0,0,0,Watch
2022-09-09,Friday,5,36,9,Monsoon,0,0,0,0,1,0,0,13.3,29.4,21.1,82.6,Dengue,3,1,5,89,60,9,4,8,162,166.0,180.0,160.0,162.29,12.08,161.0,164.21,None,0,38,8,12,2,0,4,2,0,3,1,3,6,0,0,28,18,8,0,10,18,0,18,10,2,2,2,6,2,0,2,28,21,3,1,6,21,0,21,0,203,0,22,0,181,22,0,1,185,0,17,0,168,17,0,0,267,0,33,0,234,33,0,0,352,0,55,1,296,55,0,0,191,0,9,0,182,9,0,0,2,8,0,0,1,8,1,0,2,2,1,1,1,3,7,1,2,2,1,1,4,0,0,0,Watch
2022-09-10,Saturday,6,36,9,Monsoon,1,0,0,0,0,0,0,0.0,30.5,20.7,71.0,,0,0,0,75,19,5,11,7,110,162.0,166.0,146.0,162.57,12.05,165.0,164.29,None,0,5,6,5,3,1,2,1,1,1,2,4,7,0,0,28,14,8,0,14,14,0,14,10,3,0,0,7,3,0,3,28,20,3,2,6,20,0,20,0,181,0,13,0,168,13,0,0,168,0,6,0,162,6,0,0,234,0,11,0,223,11,0,0,296,0,21,1,274,21,0,0,182,0,8,0,174,8,0,0,2,12,1,0,1,8,0,0,2,1,1,1,1,2,7,1,1,1,1,1,4,0,0,0,Normal
2022-09-11,Sunday,7,36,9,Monsoon,1,0,0,0,0,0,0,4.7,27.0,18.0,78.2,,0,0,0,72,22,4,11,7,109,110.0,162.0,147.0,157.43,21.78,154.0,160.36,None,0,12,5,3,2,1,2,0,0,2,2,4,5,0,0,28,14,4,0,14,14,0,14,10,3,2,0,7,3,0,3,28,18,3,0,10,18,0,18,0,168,0,13,0,155,13,0,0,162,0,5,0,157,5,0,0,223,0,14,0,209,14,0,0,274,0,23,1,250,23,0,0,174,0,5,0,169,5,0,0,2,8,0,0,1,8,0,0,2,1,1,1,1,2,6,1,1,1,1,1,3,0,0,0,Normal
2022-09-12,Monday,1,37,9,Monsoon,0,0,0,0,0,0,0,11.2,26.7,20.3,73.8,,0,0,0,88,28,5,7,7,128,109.0,110.0,161.0,152.0,27.65,163.0,157.14,None,0,13,10,3,2,0,3,1,0,1,2,4,4,0,0,28,16,1,2,10,16,0,16,10,1,2,1,8,1,0,1,28,22,0,0,6,22,0,22,0,155,0,14,0,141,14,0,0,157,0,6,0,151,6,0,0,209,0,17,0,192,17,0,1,250,0,29,0,221,29,0,0,169,0,13,0,156,13,0,0,2,8,0,0,1,8,0,0,2,1,1,1,1,2,7,1,1,1,1,1,3,0,0,0,Normal
2022-09-13,Tuesday,2,37,9,Monsoon,0,0,0,0,0,1,0,7.6,24.2,17.5,73.2,,0,0,0,85,25,10,8,9,128,128.0,109.0,176.0,147.29,28.51,174.0,154.64,None,0,11,8,5,1,1,3,4,0,3,2,4,7,0,0,28,16,5,2,10,16,0,16,10,3,0,2,5,3,0,3,28,19,5,1,8,19,0,19,0,141,0,16,0,125,16,0,0,151,0,7,0,144,7,0,0,192,0,15,0,177,15,0,0,921,700,27,2,892,27,0,0,156,0,9,0,147,9,0,0,2,8,1,0,1,8,0,0,2,1,1,1,1,2,7,1,1,1,1,1,4,0,0,0,Normal
2022-09-14,Wednesday,3,37,9,Monsoon,0,0,0,1,0,0,1,5.3,29.4,20.3,77.5,,0,0,0,95,27,6,13,9,141,128.0,128.0,180.0,140.43,26.48,173.0,151.36,Snakebite_Cluster,1,14,3,6,4,0,2,3,1,0,1,3,6,0,0,28,15,6,2,11,15,0,15,10,3,2,2,5,3,0,3,28,18,3,1,9,18,0,18,0,425,300,17,1,407,17,0,0,144,0,8,0,136,8,0,0,177,0,17,0,160,17,0,0,892,0,29,2,861,29,0,0,547,400,6,1,540,6,0,0,2,12,1,0,1,8,0,0,2,1,3,1,1,2,7,1,1,1,1,1,4,0,0,0,Normal
2022-09-15,Thursday,4,37,9,Monsoon,0,0,0,0,0,1,0,6.8,24.9,15.0,71.3,,0,0,0,83,25,11,8,7,127,141.0,128.0,166.0,134.86,21.13,173.0,149.07,None,0,12,6,4,3,0,4,5,0,2,1,3,7,0,0,28,12,5,1,15,12,0,12,10,1,2,0,9,1,0,1,28,20,3,0,8,20,0,20,0,407,0,13,1,393,13,0,0,136,0,6,0,130,6,0,0,160,0,15,0,145,15,0,0,861,0,27,2,832,27,0,0,540,0,13,1,526,13,0,0,2,8,1,0,1,8,1,0,2,1,1,1,1,2,6,2,1,1,1,1,2,0,0,0,Normal
2022-09-16,Friday,5,37,9,Monsoon,0,0,0,0,0,0,0,15.7,28.3,20.5,80.5,,0,0,0,82,33,7,3,7,125,127.0,141.0,162.0,129.29,16.9,160.0,145.79,None,0,14,6,10,3,1,3,1,2,1,2,4,6,0,0,28,15,2,1,12,15,0,15,10,1,0,0,9,1,0,1,28,20,2,1,7,20,0,20,0,393,0,16,1,376,16,0,0,130,0,12,0,118,12,0,1,145,0,18,0,127,18,0,0,832,0,33,2,797,33,0,0,526,0,8,1,517,8,0,0,2,20,1,1,1,8,0,0,2,1,1,1,2,2,7,1,1,1,1,1,4,0,0,1,Watch
2022-09-17,Saturday,6,37,9,Monsoon,1,0,0,0,0,0,0,4.5,29.9,22.1,76.9,,0,0,0,76,24,4,13,6,117,125.0,127.0,110.0,124.0,10.36,146.0,143.29,None,0,8,7,6,3,1,3,0,0,1,2,4,7,0,0,28,14,5,0,14,14,0,14,10,1,1,1,8,1,0,1,28,16,5,0,12,16,0,16,0,376,0,13,1,362,13,0,0,118,0,8,0,110,8,0,0,127,0,14,0,113,14,0,0,797,0,25,2,770,25,0,0,517,0,6,1,510,6,0,0,2,8,0,0,1,8,0,0,2,1,2,1,1,2,6,1,1,1,1,1,2,0,0,0,Normal
2022-09-18,Sunday,7,37,9,Monsoon,1,0,0,0,0,0,0,0.0,27.2,19.9,77.0,,0,0,0,76,27,6,10,9,119,117.0,125.0,109.0,125.0,9.24,147.0,141.21,None,0,9,10,6,2,2,2,2,1,1,3,5,7,0,0,28,16,5,2,10,16,0,16,10,1,0,2,7,1,0,1,28,17,1,0,11,17,0,17,0,362,0,17,1,344,17,0,0,110,0,8,0,102,8,0,0,393,280,15,0,378,15,0,0,770,0,28,1,741,28,0,0,510,0,11,0,499,11,0,0,2,12,1,0,1,8,0,0,2,1,1,1,1,2,6,1,1,1,1,1,3,0,0,0,Normal
2022-09-19,Monday,1,38,9,Monsoon,0,0,0,0,1,0,0,5.1,27.4,20.2,75.0,,0,0,0,95,23,7,5,7,130,119.0,117.0,128.0,126.43,7.21,161.0,139.21,None,0,9,5,7,2,0,2,3,0,2,1,3,7,0,0,28,14,5,2,12,14,0,14,10,0,1,0,10,0,0,0,28,17,4,2,9,17,0,17,0,344,0,14,1,329,14,0,0,102,0,9,0,93,9,0,0,378,0,15,0,363,15,0,0,741,0,26,1,714,26,0,0,499,0,10,0,489,10,0,0,2,8,0,0,1,8,0,0,2,1,1,1,1,2,6,1,1,1,1,1,2,0,0,0,Normal
2022-09-20,Tuesday,2,38,9,Monsoon,0,0,0,0,0,1,0,4.7,28.1,20.7,81.7,,0,0,0,88,28,10,7,8,133,130.0,119.0,128.0,126.71,7.3,176.0,137.0,None,0,13,6,8,1,1,3,5,1,1,2,4,7,0,0,28,15,2,1,12,15,0,15,10,1,0,2,7,1,0,1,28,13,8,3,12,13,0,13,0,329,0,16,1,312,16,0,0,93,0,10,0,83,10,0,0,363,0,17,0,346,17,0,0,714,0,29,1,684,29,0,0,489,0,12,0,477,12,0,0,2,12,1,0,1,8,0,0,2,1,1,1,1,2,6,1,1,1,1,1,4,0,0,0,Normal
2022-09-21,Wednesday,3,38,9,Monsoon,0,0,0,1,0,0,1,10.0,25.6,17.4,75.3,,0,0,0,99,30,6,11,9,146,133.0,130.0,141.0,127.43,7.63,180.0,133.93,None,0,17,7,3,3,1,3,2,1,0,2,4,6,0,0,28,19,1,2,7,19,0,19,10,1,0,0,9,1,0,1,28,14,3,2,12,14,0,14,0,312,0,16,1,295,16,0,0,333,250,6,1,326,6,0,0,346,0,19,0,327,19,0,0,684,0,32,1,651,32,0,0,477,0,12,0,465,12,0,0,2,12,1,0,1,8,0,0,3,1,1,1,1,2,6,1,1,1,1,1,3,0,0,0,Normal
2022-09-22,Thursday,4,38,9,Monsoon,0,0,0,0,0,1,0,2.5,26.9,18.6,75.0,,0,0,0,85,24,11,8,8,128,146.0,133.0,127.0,128.14,8.98,166.0,131.5,None,0,12,7,4,1,3,5,4,1,1,3,5,5,0,0,28,21,5,1,6,21,0,21,10,1,0,0,9,1,0,1,28,13,2,0,15,13,0,13,0,295,0,14,1,280,14,0,0,326,0,6,1,319,6,0,0,327,0,15,0,312,15,0,0,651,0,26,1,624,26,0,0,465,0,8,0,457,8,0,0,2,12,1,0,1,8,1,0,2,1,1,1,1,2,6,2,1,1,1,1,2,0,0,0,Normal
2022-09-23,Friday,5,38,9,Monsoon,0,0,0,0,0,0,0,40.7,27.2,19.1,89.7,,0,0,0,79,32,4,6,7,121,128.0,146.0,125.0,128.29,8.97,162.0,128.79,Flood_Disruption,2,13,8,8,3,1,1,2,0,1,2,4,6,0,0,28,16,7,1,11,16,0,16,10,4,0,1,5,4,0,4,28,13,2,2,13,13,0,13,0,280,0,16,1,263,16,0,0,319,0,10,1,308,10,0,0,312,0,18,0,294,18,0,0,624,0,32,1,591,32,0,0,457,0,9,0,448,9,0,0,2,8,0,0,1,8,0,0,2,1,2,1,1,2,6,1,1,1,1,1,4,0,0,0,Watch
2022-09-24,Saturday,6,38,9,Monsoon,1,0,0,0,0,0,0,18.0,26.2,18.1,74.3,,0,0,0,72,24,6,9,8,111,121.0,128.0,117.0,127.71,9.28,110.0,125.86,None,0,8,4,7,5,2,2,2,0,2,2,4,7,0,0,28,17,5,2,9,17,0,17,10,4,0,0,6,4,0,4,28,10,5,2,16,10,0,10,0,263,0,15,0,248,15,0,0,308,0,9,1,298,9,0,0,294,0,14,0,280,14,0,0,591,0,25,1,565,25,0,0,448,0,8,0,440,8,0,0,2,8,0,0,1,8,0,0,2,1,1,1,1,2,6,1,1,1,1,1,4,0,0,0,Normal
2022-09-25,Sunday,7,38,9,Monsoon,1,0,0,0,0,0,0,12.5,27.3,22.1,77.3,,0,0,0,68,25,3,13,7,109,111.0,121.0,119.0,126.86,10.44,109.0,125.93,None,0,12,7,4,2,0,1,1,0,1,1,3,6,0,0,28,15,4,0,13,15,0,15,10,6,1,2,2,6,0,6,28,10,2,1,17,10,0,10,0,248,0,13,0,235,13,0,0,298,0,6,1,291,6,0,0,280,0,15,0,265,15,0,0,565,0,25,1,539,25,0,0,440,0,8,0,432,8,0,0,2,8,0,0,1,8,0,0,2,1,2,1,1,2,6,1,1,1,1,1,3,0,0,0,Normal
2022-09-26,Monday,1,39,9,Monsoon,0,0,0,0,0,0,0,21.4,26.1,19.5,84.1,,0,0,0,87,26,4,7,7,124,109.0,111.0,130.0,125.43,11.99,128.0,125.93,None,0,8,7,7,4,1,0,3,0,1,2,4,6,0,0,28,15,5,2,11,15,0,15,10,5,1,0,5,5,0,5,28,10,2,2,16,10,0,10,0,235,0,14,0,221,14,0,0,291,0,9,1,281,9,0,0,265,0,15,0,250,15,0,0,539,0,28,1,510,28,0,0,432,0,8,0,424,8,0,0,2,8,0,0,1,8,0,0,2,1,1,1,1,2,6,1,1,1,1,1,2,0,0,0,Normal
2022-09-27,Tuesday,2,39,9,Monsoon,0,0,0,0,0,1,0,23.6,25.9,18.0,84.5,,0,0,0,83,30,9,5,8,127,124.0,109.0,133.0,124.57,11.84,128.0,125.64,None,0,15,8,3,4,2,5,2,0,2,3,5,5,0,0,28,9,9,2,17,9,0,9,10,5,3,2,3,5,0,5,28,9,3,2,17,9,0,9,0,221,0,15,0,206,15,0,0,281,0,6,1,274,6,0,0,250,0,18,0,232,18,0,0,510,0,31,1,478,31,0,0,424,0,10,0,414,10,0,0,2,8,0,0,1,8,1,0,2,1,1,1,1,2,5,1,1,1,1,1,2,0,0,0,Normal
2022-09-28,Wednesday,3,39,9,Monsoon,0,0,0,1,0,0,1,0.0,28.7,23.0,72.9,,0,0,0,98,23,4,13,7,138,127.0,124.0,146.0,123.71,11.41,141.0,125.57,None,0,11,8,3,1,1,2,1,1,0,2,4,4,0,0,28,10,2,0,18,10,0,10,10,1,5,1,8,1,0,1,28,10,2,0,18,10,0,10,0,206,0,13,0,193,13,0,1,274,0,5,1,268,5,0,0,232,0,15,0,217,15,0,0,478,0,26,1,451,26,0,0,414,0,11,0,403,11,0,0,2,12,1,0,1,8,0,0,3,1,2,1,1,2,5,1,1,1,1,1,4,0,0,0,Normal
2022-09-29,Thursday,4,39,9,Monsoon,0,0,0,0,0,1,0,3.5,29.3,20.7,83.8,,0,0,0,85,24,10,5,7,124,138.0,127.0,128.0,122.57,9.33,127.0,125.36,None,0,5,5,9,5,1,2,5,1,2,2,4,6,0,0,28,10,4,1,17,10,0,10,10,1,0,1,8,1,0,1,28,11,2,2,15,11,0,11,0,193,0,15,0,178,15,0,0,268,0,10,1,257,10,0,0,217,0,14,0,203,14,0,1,451,0,26,1,424,26,0,0,403,0,9,0,394,9,0,0,2,12,1,0,1,8,0,0,2,1,1,1,1,2,5,1,1,1,1,1,4,0,0,0,Normal
2022-09-30,Friday,5,39,9,Monsoon,0,0,0,0,0,0,0,0.0,27.0,16.9,80.5,,0,0,0,81,22,4,4,5,111,124.0,138.0,121.0,122.0,9.1,125.0,125.14,None,0,7,4,4,7,0,1,3,0,0,1,3,8,0,0,28,11,1,0,17,11,0,11,10,3,0,1,6,3,0,3,28,12,0,0,16,12,0,12,0,178,0,10,0,168,10,0,0,257,0,6,1,250,6,0,0,203,0,13,0,190,13,0,0,424,0,24,1,399,24,0,1,394,0,4,0,390,4,0,0,2,8,0,0,1,8,0,0,2,1,1,1,1,2,6,1,1,1,1,1,3,0,0,0,Normal
2022-10-01,Saturday,6,39,10,Post_Monsoon,1,0,0,0,0,0,0,0.3,25.2,17.0,50.2,,0,0,0,70,14,6,11,6,101,111.0,124.0,111.0,120.57,9.9,117.0,124.14,None,0,3,8,1,2,4,1,3,1,1,4,6,7,0,0,28,11,5,1,16,11,0,11,10,3,1,1,6,3,0,3,28,9,3,0,19,9,0,9,0,168,0,10,0,158,10,0,0,250,0,2,0,248,2,0,0,190,0,9,0,181,9,0,0,399,0,17,1,381,17,0,0,390,0,7,0,383,7,0,0,2,12,1,0,1,8,0,0,2,1,1,1,1,2,5,1,1,1,1,1,3,0,0,0,Normal
2022-10-02,Sunday,7,39,10,Post_Monsoon,1,1,0,0,0,0,1,0.1,26.5,21.0,47.1,,0,0,0,72,16,4,12,6,104,101.0,111.0,109.0,119.14,11.73,119.0,123.0,None,0,6,5,3,2,0,2,2,0,0,1,3,7,0,0,28,13,1,3,12,13,0,13,10,4,1,1,5,4,0,4,28,8,2,0,20,8,0,8,0,158,0,10,0,148,10,0,0,248,0,4,0,244,4,0,0,181,0,10,0,171,10,0,0,381,0,19,1,361,19,0,0,383,0,4,0,379,4,0,0,2,8,0,0,1,8,0,0,2,1,1,1,1,2,6,1,1,1,1,1,3,0,0,0,Normal
2022-10-03,Monday,1,40,10,Post_Monsoon,0,0,0,0,0,0,0,0.6,28.0,19.8,47.4,,0,0,0,87,13,6,6,6,112,104.0,101.0,124.0,118.43,12.45,130.0,121.93,None,0,5,2,2,4,1,4,1,1,0,1,3,7,0,0,28,15,3,1,12,15,0,15,10,1,3,0,9,1,0,1,28,7,2,2,19,7,0,7,0,448,300,10,1,437,10,0,0,244,0,3,0,241,3,0,0,171,0,10,0,161,10,0,0,361,0,17,1,343,17,0,0,379,0,4,0,375,4,0,0,2,12,1,0,1,8,1,0,2,1,1,1,1,2,5,1,1,1,1,1,3,0,0,0,Normal
2022-10-04,Tuesday,2,40,10,Post_Monsoon,0,0,0,0,0,1,0,0.0,25.5,18.4,54.9,,0,0,0,87,14,11,10,7,122,112.0,104.0,127.0,116.71,12.39,133.0,120.64,None,0,4,3,3,4,0,2,5,3,1,1,3,8,0,0,28,18,4,1,9,18,0,18,10,1,0,0,9,1,0,1,28,5,2,2,21,5,0,5,0,437,0,11,1,425,11,0,0,241,0,4,0,237,4,0,0,161,0,10,0,151,10,0,0,343,0,18,1,324,18,0,0,375,0,2,0,373,2,0,0,2,20,1,1,1,8,0,0,2,1,1,1,2,2,6,2,1,1,1,1,3,0,0,1,Watch
2022-10-05,Wednesday,3,40,10,Post_Monsoon,0,0,0,1,0,0,1,0.5,27.3,19.3,46.9,,0,0,0,93,16,5,12,8,126,122.0,112.0,138.0,116.0,11.92,146.0,119.86,None,0,6,4,3,3,0,3,0,0,2,1,3,5,0,0,28,20,2,1,7,20,0,20,10,0,1,0,10,0,0,0,28,8,1,0,20,8,0,8,0,425,0,13,1,411,13,0,0,237,0,4,0,233,4,0,0,431,280,11,0,420,11,0,0,1024,700,20,2,1002,20,0,0,373,0,10,0,363,10,0,0,2,8,0,0,1,8,0,0,2,1,1,1,1,2,6,1,1,1,1,1,2,0,0,0,Normal
2022-10-06,Thursday,4,40,10,Post_Monsoon,0,0,0,0,0,1,0,0.0,23.2,13.7,51.1,,0,0,0,89,14,11,7,8,121,126.0,122.0,124.0,114.29,9.18,128.0,118.43,None,0,3,5,4,2,1,5,4,0,2,2,4,7,0,0,28,22,3,2,4,22,0,22,10,2,0,0,8,2,0,2,28,7,2,2,19,7,0,7,0,411,0,13,1,397,13,0,0,233,0,5,0,228,5,0,0,420,0,10,0,410,10,0,0,1002,0,18,2,982,18,0,0,363,0,5,0,358,5,0,0,2,8,1,0,1,8,1,0,2,1,1,1,1,2,6,2,1,1,1,1,3,0,0,0,Normal
2022-10-07,Friday,5,40,10,Post_Monsoon,0,0,0,0,0,0,0,0.0,22.6,14.2,52.4,,0,0,0,84,17,5,7,5,113,121.0,126.0,111.0,113.86,8.77,121.0,117.93,None,0,5,3,6,3,0,5,0,0,0,1,3,4,0,0,28,16,8,2,10,16,0,16,10,1,2,0,9,1,0,1,28,8,1,0,20,8,0,8,0,397,0,10,1,386,10,0,0,228,0,7,0,221,7,0,0,410,0,11,0,399,11,0,0,982,0,20,2,960,20,0,0,358,0,6,0,352,6,0,0,2,8,0,0,1,8,1,0,2,1,1,1,1,2,6,1,1,1,1,1,4,0,0,0,Normal
2022-10-08,Saturday,6,40,10,Post_Monsoon,1,0,0,0,0,0,0,0.0,24.9,15.8,52.6,,0,0,0,77,15,7,9,7,108,113.0,121.0,101.0,114.14,8.71,111.0,117.36,None,0,4,5,5,1,2,2,3,2,0,2,4,5,0,0,28,16,3,2,10,16,0,16,10,2,1,0,8,2,0,2,28,7,3,1,20,7,0,7,0,386,0,12,1,373,12,0,0,221,0,6,0,215,6,0,0,399,0,10,0,389,10,0,0,960,0,18,2,940,18,0,0,352,0,8,0,344,8,0,0,2,20,1,1,1,8,0,0,2,1,1,1,2,2,6,1,1,1,1,1,4,0,0,1,Watch
2022-10-09,Sunday,7,40,10,Post_Monsoon,1,0,1,0,0,0,2,1.2,25.4,17.2,57.0,,0,0,0,74,16,5,19,9,114,108.0,113.0,104.0,115.14,7.45,109.0,117.14,Road_Accident_Surge,3,4,5,6,1,2,2,3,0,0,3,5,4,1,1,28,17,3,1,10,17,0,17,10,3,1,0,7,3,0,3,28,10,0,2,16,10,0,10,0,373,0,15,1,357,15,0,0,215,0,7,0,208,7,0,0,389,0,10,0,379,10,0,0,940,0,19,2,919,19,0,0,344,0,10,0,334,10,0,0,2,8,0,0,1,8,0,0,2,1,3,1,1,2,6,1,1,1,2,3,4,0,0,1,Watch
2022-10-10,Monday,1,41,10,Post_Monsoon,0,0,0,0,0,0,0,0.0,25.3,15.6,54.0,,0,0,0,95,15,6,8,7,124,114.0,108.0,112.0,116.57,6.0,124.0,117.5,None,0,6,6,2,1,2,2,1,2,1,3,5,6,0,0,28,16,7,2,10,16,0,16,10,2,1,2,6,2,0,2,28,11,0,2,15,11,0,11,0,357,0,11,1,345,11,0,0,208,0,3,0,205,3,0,0,379,0,11,0,368,11,0,0,919,0,20,2,897,20,0,0,334,0,7,0,327,7,0,0,2,20,1,1,1,8,0,0,2,1,1,1,2,2,6,1,1,1,1,1,2,0,0,1,Watch
2022-10-11,Tuesday,2,41,10,Post_Monsoon,0,0,0,0,0,1,0,4.6,26.2,17.5,53.7,,0,0,0,91,14,9,8,6,122,124.0,114.0,122.0,118.29,6.16,127.0,117.5,None,0,7,1,6,0,1,2,4,1,2,1,3,4,0,0,28,20,1,0,8,20,0,20,10,2,0,1,7,2,0,2,28,12,0,0,16,12,0,12,0,345,0,11,1,333,11,0,0,205,0,7,0,198,7,0,0,368,0,11,0,357,11,0,0,897,0,18,2,877,18,0,0,327,0,3,0,324,3,0,0,2,12,1,0,1,8,0,0,2,1,1,1,1,2,6,1,1,1,1,1,2,0,0,0,Normal
2022-10-12,Wednesday,3,41,10,Post_Monsoon,0,0,0,1,0,0,1,0.0,22.5,13.4,52.3,,0,0,0,95,11,6,12,7,124,122.0,124.0,126.0,118.29,6.16,138.0,117.14,None,0,5,3,1,2,0,3,1,2,0,1,3,5,0,0,28,16,8,1,11,16,0,16,10,1,2,1,8,1,0,1,28,13,1,2,13,13,0,13,0,333,0,10,1,322,10,0,0,198,0,2,0,196,2,0,0,357,0,10,0,347,10,0,0,877,0,16,2,859,16,0,0,324,0,6,0,318,6,0,0,2,20,1,1,1,8,0,0,2,1,1,1,2,2,6,1,1,1,1,1,2,0,0,1,Watch
2022-10-13,Thursday,4,41,10,Post_Monsoon,0,0,0,0,0,1,0,0.0,25.9,17.5,52.0,,0,0,0,85,15,11,5,6,116,124.0,122.0,121.0,118.0,5.83,124.0,116.14,None,0,2,7,4,2,1,3,6,1,1,2,4,4,0,0,28,16,3,1,11,16,0,16,10,3,0,2,5,3,0,3,28,12,2,2,14,12,0,12,0,322,0,11,1,310,11,0,0,196,0,5,0,191,5,0,0,347,0,10,0,337,10,0,0,859,0,19,2,838,19,0,0,318,0,6,0,312,6,0,0,2,12,1,0,1,8,0,0,2,1,1,1,1,2,6,2,1,1,1,1,2,0,0,0,Normal
2022-10-14,Friday,5,41,10,Post_Monsoon,0,0,0,0,0,0,0,5.3,23.7,14.8,57.0,,0,0,0,84,19,6,8,6,117,116.0,124.0,113.0,117.29,5.72,111.0,115.57,None,0,6,4,1,8,1,2,2,0,2,2,4,4,0,0,28,15,4,2,11,15,0,15,10,3,2,1,6,3,0,3,28,13,0,1,14,13,0,13,0,310,0,10,1,299,10,0,0,191,0,3,0,188,3,0,0,337,0,12,0,325,12,0,0,838,0,22,2,814,22,0,0,312,0,5,0,307,5,0,0,2,8,0,0,1,8,0,0,2,1,1,1,1,2,6,1,1,1,1,1,4,0,0,0,Normal
2022-10-15,Saturday,6,41,10,Post_Monsoon,1,0,0,0,0,0,0,0.0,25.1,17.9,50.2,,0,0,0,73,18,5,8,7,104,117.0,116.0,108.0,117.86,5.46,101.0,116.0,None,0,3,8,4,3,0,1,1,0,3,1,3,6,0,0,28,12,8,2,14,12,0,12,10,0,3,0,10,0,0,0,28,15,0,2,11,15,0,15,0,299,0,12,1,286,12,0,0,188,0,5,0,183,5,0,0,325,0,11,0,314,11,0,0,814,0,20,2,792,20,0,0,307,0,8,0,299,8,0,0,2,8,0,0,1,8,0,0,2,1,1,1,1,2,6,1,1,1,1,1,2,0,0,0,Normal
2022-10-16,Sunday,7,41,10,Post_Monsoon,1,0,0,0,0,0,0,0.0,24.1,16.4,46.7,,0,0,0,69,16,6,9,7,100,104.0,117.0,114.0,117.29,6.56,104.0,116.21,None,0,7,5,1,3,1,3,1,0,2,2,4,6,0,0,28,12,5,1,15,12,0,12,10,1,0,2,7,1,0,1,28,13,3,2,13,13,0,13,0,286,0,11,1,274,11,0,0,183,0,2,0,181,2,0,0,314,0,10,0,304,10,0,0,792,0,18,2,772,18,0,0,299,0,5,0,294,5,0,0,2,8,0,0,1,8,0,0,2,1,1,1,1,2,6,1,1,1,1,1,2,0,0,0,Normal
2022-10-17,Monday,1,42,10,Post_Monsoon,0,0,0,0,0,0,0,1.3,25.5,17.6,49.3,,0,0,0,87,12,5,5,4,109,100.0,104.0,124.0,115.29,8.96,112.0,115.93,None,0,3,0,5,4,0,1,3,0,1,0,2,6,0,0,28,13,2,1,14,13,0,13,10,1,1,2,7,1,0,1,28,10,3,0,18,10,0,10,0,274,0,8,1,265,8,0,0,181,0,6,0,175,6,0,0,304,0,9,0,295,9,0,0,772,0,17,2,753,17,0,0,294,0,0,0,294,0,0,0,2,8,0,0,1,8,0,0,2,1,1,1,1,2,6,1,1,1,1,1,3,0,0,0,Normal
2022-10-18,Tuesday,2,42,10,Post_Monsoon,0,0,0,0,0,1,0,0.0,24.6,14.9,43.8,,0,0,0,85,13,10,5,6,113,109.0,100.0,122.0,113.14,8.39,122.0,115.71,None,0,4,2,5,2,0,3,4,0,3,0,2,5,0,0,28,15,2,2,11,15,0,15,10,2,0,0,8,2,0,2,28,11,0,1,16,11,0,11,0,265,0,11,1,253,11,0,0,175,0,6,0,169,6,0,0,295,0,10,0,285,10,0,0,753,0,17,1,735,17,0,0,294,0,3,0,291,3,0,0,2,8,1,0,1,8,0,0,2,1,1,1,1,2,6,1,1,1,1,1,2,0,0,0,Normal
2022-10-19,Wednesday,3,42,10,Post_Monsoon,0,0,0,1,0,0,1,0.0,27.1,19.4,52.6,,0,0,0,94,13,7,10,7,124,113.0,109.0,124.0,111.86,7.59,126.0,115.07,None,0,4,2,6,1,0,1,6,0,0,1,3,6,0,0,28,16,3,1,11,16,0,16,10,2,1,2,6,2,0,2,28,11,2,0,17,11,0,11,0,253,0,12,0,241,12,0,0,169,0,7,0,162,7,0,0,285,0,10,0,275,10,0,0,735,0,18,1,716,18,0,0,291,0,5,0,286,5,0,0,2,8,0,0,1,8,0,0,2,1,1,1,1,2,6,1,1,1,1,1,3,0,0,0,Normal
2022-10-20,Thursday,4,42,10,Post_Monsoon,0,0,0,0,0,1,0,1.0,27.9,19.1,50.9,,0,0,0,81,14,12,6,6,113,124.0,113.0,116.0,111.86,7.59,121.0,114.93,None,0,7,2,1,4,0,4,6,2,0,0,2,4,0,0,28,15,4,1,12,15,0,15,10,4,0,0,6,4,0,4,28,10,2,1,17,10,0,10,0,241,0,10,0,231,10,0,0,162,0,2,0,160,2,0,0,275,0,10,0,265,10,0,0,716,0,18,1,697,18,0,0,286,0,3,0,283,3,0,0,2,20,1,1,1,8,1,0,2,1,1,1,2,2,6,2,1,1,1,1,2,0,0,1,Watch
2022-10-21,Friday,5,42,10,Post_Monsoon,0,0,0,0,0,0,0,0.0,23.0,14.2,52.2,,0,0,0,89,16,5,6,5,116,113.0,124.0,117.0,111.43,7.42,113.0,114.36,None,0,9,2,2,3,0,0,3,1,1,0,2,6,0,0,28,9,8,1,18,9,0,9,10,1,4,2,7,1,0,1,28,9,3,1,18,9,0,9,0,231,0,9,0,222,9,0,0,160,0,3,0,157,3,0,0,265,0,12,0,253,12,0,0,697,0,20,1,676,20,0,0,283,0,5,0,278,5,0,0,2,12,1,0,1,8,0,0,2,1,1,1,1,2,5,1,1,1,1,1,2,0,0,0,Normal
2022-10-22,Saturday,6,42,10,Post_Monsoon,1,0,1,0,0,0,1,1.0,26.1,17.3,51.6,,0,0,0,78,12,5,20,8,115,116.0,113.0,104.0,111.29,7.32,108.0,114.57,Road_Accident_Surge,3,5,4,3,0,0,3,1,0,1,1,3,8,0,0,28,11,2,1,16,11,0,11,10,3,0,1,6,3,0,3,28,8,3,2,18,8,0,8,0,222,0,12,0,210,12,0,0,157,0,4,0,153,4,0,0,253,0,9,0,244,9,0,0,676,0,16,1,659,16,0,0,278,0,6,0,272,6,0,0,2,8,0,0,1,8,0,0,2,1,3,1,1,2,5,1,1,1,2,3,3,0,0,0,Watch
2022-10-23,Sunday,7,42,10,Post_Monsoon,1,0,0,0,0,0,0,0.0,25.5,18.8,55.3,,0,0,0,68,20,5,12,7,105,115.0,116.0,100.0,112.86,6.75,114.0,115.07,None,0,5,4,6,5,0,3,1,1,0,1,3,4,0,0,28,12,2,1,15,12,0,12,10,3,1,0,7,3,0,3,28,10,1,1,17,10,0,10,0,210,0,13,0,197,13,0,1,153,0,7,0,146,7,0,0,244,0,11,0,233,11,0,0,659,0,21,1,637,21,0,0,272,0,8,0,264,8,0,0,2,12,1,0,1,8,0,0,2,1,1,1,1,2,6,1,1,1,1,1,4,0,0,0,Normal
2022-10-24,Monday,1,43,10,Post_Monsoon,0,0,1,0,0,0,2,0.6,23.7,15.5,46.7,,0,0,0,95,16,6,16,8,133,105.0,115.0,109.0,113.57,5.5,124.0,114.43,Road_Accident_Surge,2,10,3,1,2,0,2,2,1,1,1,3,4,0,0,28,16,1,1,11,16,0,16,10,0,3,2,8,0,0,0,28,11,2,2,15,11,0,11,0,197,0,12,0,185,12,0,0,146,0,2,0,144,2,0,0,233,0,12,0,221,12,0,0,637,0,20,1,616,20,0,0,264,0,8,0,256,8,0,0,2,12,1,0,1,8,0,0,2,1,3,1,1,2,6,1,1,1,2,3,4,0,0,0,Watch
2022-10-25,Tuesday,2,43,10,Post_Monsoon,0,0,0,0,0,1,0,0.0,23.7,17.5,59.9,,0,0,0,83,16,11,7,7,117,133.0,105.0,113.0,117.0,8.33,122.0,115.07,None,0,10,3,3,0,0,5,5,0,1,1,3,7,0,0,28,16,3,2,10,16,0,16,10,0,0,1,9,0,0,0,28,12,3,2,14,12,0,12,0,185,0,12,0,173,12,0,0,144,0,4,0,140,4,0,0,221,0,12,0,209,12,0,0,616,0,19,1,596,19,0,0,256,0,10,0,246,10,0,0,2,8,1,0,1,8,1,0,2,1,1,1,1,2,6,2,1,1,1,1,4,0,0,0,Normal
2022-10-26,Wednesday,3,43,10,Post_Monsoon,0,0,0,1,0,0,1,0.0,24.2,15.3,48.2,,0,0,0,95,13,5,13,8,126,117.0,133.0,124.0,117.57,8.17,124.0,114.71,None,0,6,3,4,0,0,3,1,0,1,1,3,6,0,0,28,16,1,1,11,16,0,16,10,2,0,2,6,2,0,2,28,16,1,2,10,16,0,16,0,173,0,13,0,160,13,0,0,140,0,5,0,135,5,0,0,209,0,10,0,199,10,0,1,596,0,18,1,577,18,0,0,246,0,12,0,234,12,0,0,2,8,0,0,1,8,0,0,2,1,2,1,1,2,6,1,1,1,1,1,3,0,0,0,Normal
2022-10-27,Thursday,4,43,10,Post_Monsoon,0,0,0,0,0,1,0,1.2,26.8,18.4,55.3,,0,0,0,84,17,10,8,8,119,126.0,117.0,113.0,117.86,8.42,116.0,114.86,None,0,6,7,3,1,1,2,6,1,1,2,4,5,0,0,28,17,4,2,9,17,0,17,10,3,0,0,7,3,0,3,28,13,5,1,14,13,0,13,0,160,0,13,0,147,13,0,0,135,0,4,0,131,4,0,0,199,0,11,0,188,11,0,0,577,0,20,1,556,20,0,0,234,0,8,0,226,8,0,1,2,12,1,0,1,8,0,0,2,1,1,1,1,2,6,1,1,1,1,1,4,0,0,0,Normal
2022-10-28,Friday,5,43,10,Post_Monsoon,0,0,0,0,0,0,0,0.2,24.3,19.8,49.4,,0,0,0,80,12,5,8,7,105,119.0,126.0,116.0,118.71,8.19,117.0,115.07,None,0,4,2,5,1,0,2,1,1,1,1,3,7,0,0,28,18,4,0,10,18,0,18,10,2,1,0,8,2,0,2,28,14,1,1,13,14,0,14,0,447,300,12,1,434,12,0,0,131,0,6,0,125,6,0,1,188,0,9,0,179,9,0,0,556,0,16,1,539,16,0,0,226,0,5,0,221,5,0,0,2,12,1,0,1,8,0,0,2,1,1,1,1,2,6,1,1,1,1,1,2,0,0,0,Normal
2022-10-29,Saturday,6,43,10,Post_Monsoon,1,0,0,0,1,0,0,0.0,25.6,16.3,51.0,,0,0,0,73,13,9,13,7,108,105.0,119.0,115.0,117.14,9.51,104.0,114.21,None,0,2,6,2,3,1,4,2,1,2,2,4,5,0,0,28,16,5,2,10,16,0,16,10,3,0,1,6,3,0,3,28,14,3,1,13,14,0,14,0,434,0,11,1,422,11,0,0,125,0,3,0,122,3,0,0,179,0,9,0,170,9,0,0,539,0,16,1,522,16,0,0,221,0,10,0,211,10,0,0,2,12,1,0,1,8,1,0,2,1,2,1,1,2,6,1,1,1,1,1,3,0,0,0,Normal
2022-10-30,Sunday,7,43,10,Post_Monsoon,1,0,0,0,0,0,0,0.4,22.1,14.5,55.5,,0,0,0,69,16,4,11,7,100,108.0,105.0,105.0,116.14,10.03,100.0,114.5,None,0,4,4,6,2,0,2,2,0,0,1,3,7,0,0,28,15,6,2,11,15,0,15,10,2,1,0,8,2,0,2,28,12,4,2,14,12,0,12,0,422,0,13,1,408,13,0,0,122,0,7,0,115,7,0,0,170,0,10,0,160,10,0,0,522,0,18,1,503,18,0,0,211,0,6,0,205,6,0,0,2,8,0,0,1,8,0,0,2,1,1,1,1,2,6,1,1,1,1,1,3,0,0,0,Normal
2022-10-31,Monday,1,44,10,Post_Monsoon,0,0,0,0,0,0,0,1.7,26.8,19.1,50.4,,0,0,0,93,16,8,6,8,123,100.0,108.0,133.0,115.43,10.94,109.0,114.5,None,0,2,6,4,4,1,5,0,1,2,2,4,6,0,0,28,19,1,1,8,19,0,19,10,4,0,3,3,4,0,4,28,11,2,1,16,11,0,11,0,408,0,13,1,394,13,0,0,115,0,5,0,110,5,0,0,160,0,11,0,149,11,0,0,503,0,20,1,482,20,0,0,205,0,6,0,199,6,0,0,2,12,1,0,1,8,1,0,2,1,1,1,1,2,6,1,1,1,1,1,4,0,0,0,Normal
2022-11-01,Tuesday,2,44,11,Post_Monsoon,0,0,0,0,0,1,0,3.2,25.3,15.7,58.6,,0,0,0,81,16,9,7,9,113,123.0,100.0,117.0,114.0,9.04,113.0,115.5,None,0,6,4,3,3,0,5,0,1,3,1,3,4,0,0,28,19,6,2,7,19,0,19,10,3,3,1,6,3,0,3,28,7,5,0,21,7,0,7,0,394,0,14,1,379,14,0,0,110,0,4,0,106,4,0,0,429,280,11,0,418,11,0,0,482,0,19,1,462,19,0,0,199,0,4,0,195,4,0,0,2,12,1,0,1,8,1,0,2,1,1,1,1,2,6,1,1,1,1,1,3,0,0,0,Normal
2022-11-02,Wednesday,3,44,11,Post_Monsoon,0,0,0,1,0,0,1,1.6,26.8,20.6,51.8,,0,0,0,92,15,5,11,6,123,113.0,123.0,126.0,113.43,8.96,124.0,115.5,None,0,3,3,3,6,0,3,1,0,1,1,3,7,0,0,28,20,3,1,7,20,0,20,10,1,3,2,7,1,0,1,28,6,2,0,22,6,0,6,0,379,0,10,1,368,10,0,0,356,250,4,1,351,4,0,0,418,0,10,0,408,10,0,0,462,0,19,1,442,19,0,0,195,0,4,0,191,4,0,0,2,8,0,0,1,8,0,0,2,1,1,1,1,2,6,1,1,1,1,1,4,0,0,0,Normal
2022-11-03,Thursday,4,44,11,Post_Monsoon,0,0,0,0,0,1,0,0.0,23.7,14.6,50.3,,0,0,0,85,12,12,4,8,113,123.0,113.0,119.0,113.0,8.4,113.0,115.43,None,0,5,5,0,2,1,2,7,2,1,2,4,7,0,0,28,19,5,0,9,19,0,19,10,0,1,0,10,0,0,0,28,9,1,1,18,9,0,9,0,368,0,11,1,356,11,0,0,351,0,1,1,349,1,0,0,408,0,9,0,399,9,0,0,442,0,16,1,425,16,0,0,591,400,11,1,579,11,0,0,2,20,1,1,1,8,0,0,2,1,1,1,2,2,6,2,1,1,1,1,4,0,0,1,Watch
2022-11-04,Friday,5,44,11,Post_Monsoon,0,0,0,0,0,0,0,0.0,23.9,15.3,49.9,,0,0,0,79,19,6,6,5,110,113.0,123.0,105.0,112.14,8.04,116.0,115.43,None,0,7,8,3,1,1,2,1,1,2,2,4,5,0,0,28,16,5,2,10,16,0,16,10,1,0,0,9,1,0,1,28,8,3,0,20,8,0,8,0,356,0,10,1,345,10,0,0,349,0,5,1,343,5,0,0,399,0,12,0,387,12,0,0,425,0,22,1,402,22,0,1,579,0,9,1,569,9,0,0,2,12,1,0,1,8,0,0,2,1,1,1,1,2,6,1,1,1,1,1,2,0,0,0,Normal
2022-11-05,Saturday,6,44,11,Post_Monsoon,1,0,0,0,0,0,0,0.8,23.3,17.7,49.3,,0,0,0,70,14,6,11,6,101,110.0,113.0,108.0,112.86,7.59,115.0,115.0,None,0,1,3,8,2,0,3,2,0,1,1,3,7,0,0,28,19,1,2,7,19,0,19,10,3,0,2,5,3,0,3,28,6,2,1,21,6,0,6,0,345,0,12,1,332,12,0,0,343,0,9,1,333,9,0,0,387,0,9,0,378,9,0,0,402,0,17,1,384,17,0,0,569,0,2,1,566,2,0,0,2,8,0,0,1,8,0,0,2,1,1,1,1,2,6,1,1,1,1,1,3,0,0,0,Normal
2022-11-06,Sunday,7,44,11,Post_Monsoon,1,0,0,0,0,0,0,0.0,23.8,15.9,55.2,,0,0,0,70,13,4,11,7,98,101.0,110.0,100.0,111.86,8.56,105.0,114.0,None,0,2,4,3,4,0,1,2,0,1,1,3,7,0,0,28,18,5,1,9,18,0,18,10,3,3,2,5,3,0,3,28,1,5,2,25,1,0,1,0,332,0,11,1,320,11,0,0,333,0,4,1,328,4,0,0,378,0,8,0,370,8,0,0,384,0,16,1,367,16,0,0,566,0,2,1,563,2,0,0,2,8,0,0,1,8,0,0,2,1,1,1,1,2,5,1,1,1,1,1,4,0,0,0,Normal
2022-11-07,Monday,1,45,11,Post_Monsoon,0,0,0,0,0,0,0,0.0,23.8,16.2,58.3,,0,0,0,86,16,5,6,8,113,98.0,101.0,123.0,111.57,8.97,133.0,113.5,None,0,7,4,4,1,0,1,3,0,1,1,3,8,0,0,28,17,3,0,11,17,0,17,10,2,2,0,8,2,0,2,28,6,0,0,22,6,0,6,0,320,0,13,1,306,13,0,0,328,0,5,1,322,5,0,0,370,0,11,0,359,11,0,0,367,0,20,1,346,20,0,0,563,0,12,1,550,12,0,0,2,8,0,0,1,8,0,0,2,1,1,1,1,2,6,1,1,1,1,1,3,0,0,0,Normal
2022-11-08,Tuesday,2,45,11,Post_Monsoon,0,0,0,0,0,1,0,0.7,24.0,15.5,52.2,,0,1,8,93,12,10,89,24,204,113.0,98.0,113.0,110.14,7.75,117.0,112.07,Mass_Casualty,5,5,2,5,0,0,3,6,1,0,3,5,8,0,0,28,17,8,2,9,17,0,17,10,8,1,2,0,10,2,10,28,13,0,0,15,13,0,13,2,306,0,32,1,273,32,0,0,322,0,6,1,315,6,0,0,359,0,10,0,349,10,0,0,346,0,17,1,328,17,0,0,550,0,20,1,529,20,0,0,2,12,1,0,1,8,0,0,2,1,3,1,1,3,7,1,1,1,4,4,4,0,0,1,Critical
2022-11-09,Wednesday,3,45,11,Post_Monsoon,0,0,0,1,0,0,1,0.0,24.1,16.1,55.6,,0,0,0,93,16,5,11,6,125,204.0,113.0,123.0,123.14,33.89,126.0,118.29,None,0,4,4,6,2,0,2,0,1,2,1,3,5,0,0,28,21,0,1,6,21,0,21,10,6,5,0,4,6,0,6,28,9,5,0,19,9,0,9,0,273,0,11,1,261,11,0,0,315,0,7,1,307,7,0,0,349,0,11,0,338,11,0,0,1028,700,20,2,1006,20,0,0,529,0,4,1,524,4,0,0,2,12,1,0,1,8,0,0,2,1,1,1,1,2,7,1,1,1,1,1,4,0,0,0,Normal
2022-11-10,Thursday,4,45,11,Post_Monsoon,0,0,0,0,0,1,0,0.9,22.4,14.2,46.9,,0,0,0,85,14,11,6,8,116,125.0,204.0,113.0,123.43,33.89,119.0,118.21,None,0,6,4,2,2,1,1,5,3,2,1,3,8,0,0,28,21,6,2,5,21,0,21,10,4,2,2,4,4,0,4,28,9,2,2,17,9,0,9,0,261,0,12,0,249,12,0,0,307,0,3,1,303,3,0,0,338,0,10,0,328,10,0,0,1006,0,18,2,986,18,0,0,524,0,7,1,516,7,0,0,2,20,1,1,1,8,0,0,2,1,1,1,2,2,6,2,1,1,1,1,4,0,0,1,Watch
2022-11-11,Friday,5,45,11,Post_Monsoon,0,0,0,0,0,0,0,0.0,26.8,18.6,45.5,,0,0,0,88,13,4,6,6,111,116.0,125.0,110.0,123.86,33.78,105.0,118.0,None,0,3,6,2,2,0,2,1,0,1,1,3,4,0,0,28,19,6,0,9,19,0,19,10,2,3,0,8,2,0,2,28,10,0,0,18,10,0,10,0,249,0,10,0,239,10,0,0,303,0,3,1,299,3,0,0,328,0,10,0,318,10,0,0,986,0,17,2,967,17,0,0,516,0,5,1,510,5,0,0,2,8,0,0,1,8,0,0,2,1,1,1,1,2,6,1,1,1,1,1,2,0,0,0,Normal
2022-11-12,Saturday,6,45,11,Post_Monsoon,1,0,0,0,1,0,0,0.0,24.9,17.5,58.9,,0,0,0,81,21,8,11,7,121,111.0,116.0,101.0,124.0,33.72,108.0,118.43,None,0,5,8,5,3,2,3,3,0,2,3,5,5,0,0,28,16,6,1,11,16,0,16,10,4,0,0,6,4,0,4,28,9,3,2,17,9,0,9,0,239,0,13,0,226,13,0,0,299,0,7,1,291,7,0,0,318,0,12,0,306,12,0,0,967,0,23,2,942,23,0,0,510,0,10,0,500,10,0,0,2,8,0,0,1,8,0,0,2,1,1,1,1,2,6,1,1,1,1,1,2,0,0,0,Normal
2022-11-13,Sunday,7,45,11,Post_Monsoon,1,0,0,0,0,0,0,0.0,22.7,16.5,58.2,,0,0,0,66,20,5,9,7,100,121.0,111.0,98.0,126.86,32.48,100.0,119.36,None,0,7,3,6,4,0,1,4,0,0,1,3,7,0,0,28,15,5,0,13,15,0,15,10,3,2,2,5,3,0,3,28,11,0,2,15,11,0,11,0,226,0,13,0,213,13,0,0,291,0,7,1,283,7,0,0,306,0,12,0,294,12,0,0,942,0,21,2,919,21,0,0,500,0,6,0,494,6,0,0,2,8,0,0,1,8,0,0,2,1,1,1,1,2,6,1,1,1,1,1,4,0,0,0,Normal
2022-11-14,Monday,1,46,11,Post_Monsoon,0,0,0,0,0,0,0,0.0,25.5,18.6,51.1,,0,0,0,84,13,6,7,6,110,100.0,121.0,113.0,127.14,32.23,123.0,119.36,None,0,2,3,6,2,0,1,3,0,2,1,3,6,0,0,28,19,0,2,7,19,0,19,10,0,3,0,10,0,0,0,28,13,0,1,14,13,0,13,0,213,0,11,0,202,11,0,0,283,0,7,1,275,7,0,0,294,0,9,0,285,9,0,0,919,0,17,2,900,17,0,0,494,0,6,0,488,6,0,0,2,8,0,0,1,8,0,0,2,1,1,1,1,2,6,1,1,1,1,1,3,0,0,0,Normal
2022-11-15,Tuesday,2,46,11,Post_Monsoon,0,0,1,0,0,1,3,0.3,21.5,14.2,57.8,,0,0,0,92,16,10,18,10,136,110.0,100.0,204.0,126.71,32.43,113.0,118.43,Road_Accident_Surge,2,9,2,3,2,0,6,3,0,1,1,3,5,0,0,28,19,6,1,8,19,0,19,10,2,0,1,7,2,0,2,28,15,0,2,11,15,0,15,0,202,0,15,0,187,15,0,1,275,0,4,1,270,4,0,0,285,0,12,0,273,12,0,0,900,0,20,2,878,20,0,0,488,0,5,0,483,5,0,0,2,8,1,0,1,20,1,1,2,1,3,2,1,2,7,1,1,1,2,3,2,1,1,2,Watch
2022-11-16,Wednesday,3,46,11,Post_Monsoon,0,0,0,1,0,0,1,2.6,26.7,18.4,50.8,,0,0,0,94,17,5,13,8,129,136.0,110.0,125.0,117.0,10.8,123.0,120.07,None,0,5,7,3,2,0,1,2,1,1,1,3,4,0,0,28,21,4,0,7,21,0,21,10,0,2,1,9,0,0,0,28,15,2,0,13,15,0,15,0,187,0,13,0,174,13,0,0,270,0,4,1,265,4,0,0,273,0,12,0,261,12,0,0,878,0,21,2,855,21,0,0,483,0,8,0,475,8,0,0,2,12,1,0,1,8,0,0,2,1,2,1,1,2,7,1,1,1,1,1,3,0,0,0,Normal
2022-11-17,Thursday,4,46,11,Post_Monsoon,0,0,0,0,0,1,0,0.0,24.8,15.8,50.7,,0,0,0,88,15,11,6,6,120,129.0,136.0,116.0,117.57,11.3,113.0,120.5,None,0,8,2,4,1,0,4,3,4,0,0,2,7,0,0,28,24,0,1,3,24,0,24,10,0,0,0,10,0,0,0,28,15,3,0,13,15,0,15,0,174,0,11,0,163,11,0,0,265,0,5,1,259,5,0,0,261,0,11,0,250,11,0,0,855,0,19,2,834,19,0,0,475,0,7,0,468,7,0,0,2,20,1,1,1,8,1,0,2,1,1,1,2,2,7,2,1,1,1,1,3,0,0,1,Watch
2022-11-18,Friday,5,46,11,Post_Monsoon,0,0,0,0,0,0,0,0.0,21.5,13.0,48.9,,0,0,0,86,18,5,7,5,116,120.0,129.0,111.0,118.14,11.31,110.0,121.0,None,0,7,4,3,4,1,3,0,0,2,2,4,8,0,0,28,23,2,1,4,23,0,23,10,1,0,0,9,1,0,1,28,14,4,1,13,14,0,14,0,163,0,10,0,153,10,0,0,259,0,4,1,254,4,0,0,250,0,12,0,238,12,0,0,834,0,21,2,811,21,0,0,468,0,9,0,459,9,0,0,2,8,0,0,1,8,0,0,2,1,1,1,1,2,7,1,1,1,1,1,2,0,0,0,Normal
2022-11-19,Saturday,6,46,11,Post_Monsoon,1,0,0,0,0,0,0,0.0,20.6,13.3,51.6,,0,0,0,71,15,6,12,7,104,116.0,120.0,121.0,118.86,10.99,101.0,121.43,None,0,7,3,1,4,1,3,2,1,0,2,4,7,0,0,28,25,5,0,3,25,0,25,10,1,0,1,8,1,0,1,28,13,1,3,12,13,0,13,0,153,0,11,0,142,11,0,0,254,0,2,1,251,2,0,0,238,0,10,0,228,10,0,0,811,0,18,2,791,18,0,0,459,0,2,0,457,2,0,0,2,12,1,0,1,8,0,0,2,1,1,1,1,2,7,1,1,1,1,1,2,0,0,0,Normal
2022-11-20,Sunday,7,46,11,Post_Monsoon,1,0,0,0,0,0,0,0.0,21.7,14.3,54.2,,0,0,0,69,17,4,11,8,101,104.0,116.0,100.0,116.43,12.07,98.0,121.64,None,0,6,4,4,3,0,1,2,0,1,1,3,6,0,0,28,21,7,2,5,21,0,21,10,2,1,1,7,2,0,2,28,15,1,0,13,15,0,15,0,442,300,13,1,428,13,0,0,251,0,5,0,246,5,0,0,228,0,11,0,217,11,0,0,791,0,19,2,770,19,0,0,457,0,8,0,449,8,0,0,2,8,0,0,1,8,0,0,2,1,1,1,1,2,7,1,1,1,1,1,3,0,0,0,Normal
2022-11-21,Monday,1,47,11,Post_Monsoon,0,0,0,0,1,0,0,0.0,23.7,17.9,55.8,,0,0,0,91,16,8,7,6,122,101.0,104.0,110.0,116.57,11.88,113.0,121.86,None,0,2,8,5,1,0,3,3,0,2,1,3,7,0,0,28,20,3,0,8,20,0,20,10,1,2,0,9,1,0,1,28,17,1,1,10,17,0,17,0,428,0,11,1,416,11,0,0,246,0,6,0,240,6,0,0,217,0,11,0,206,11,0,0,770,0,20,2,748,20,0,0,449,0,10,0,439,10,0,0,2,8,0,0,1,8,0,0,2,1,1,1,1,2,7,1,1,1,1,1,4,0,0,0,Normal
2022-11-22,Tuesday,2,47,11,Post_Monsoon,0,0,0,0,0,1,0,0.0,23.5,15.3,52.5,,0,0,0,89,18,10,9,8,126,122.0,101.0,136.0,118.29,11.67,204.0,122.5,None,0,5,6,6,1,2,4,5,1,0,3,5,5,0,0,28,13,12,0,15,13,0,13,10,1,1,2,7,1,0,1,28,17,2,1,10,17,0,17,0,416,0,14,1,401,14,0,0,240,0,7,0,233,7,0,0,206,0,12,0,194,12,0,1,748,0,22,1,725,22,0,0,439,0,9,0,430,9,0,0,2,12,1,0,1,8,1,0,2,1,1,1,1,2,6,1,1,1,1,1,3,0,0,0,Normal
2022-11-23,Wednesday,3,47,11,Post_Monsoon,0,0,0,1,0,0,1,0.0,23.5,15.0,51.4,,0,0,0,94,13,3,10,8,120,126.0,122.0,129.0,116.86,9.89,125.0,116.93,None,0,2,6,5,0,0,0,3,0,0,1,3,8,0,0,28,13,5,0,15,13,0,13,10,1,1,1,8,1,0,1,28,14,5,1,13,14,0,14,0,401,0,13,1,387,13,0,0,233,0,6,0,227,6,0,0,194,0,10,0,184,10,0,0,725,0,18,1,706,18,0,0,430,0,7,0,423,7,0,0,2,8,0,0,1,8,0,0,2,1,1,1,1,2,6,1,1,1,1,1,3,0,0,0,Normal
2022-11-24,Thursday,4,47,11,Post_Monsoon,0,0,0,0,0,1,0,0.0,21.5,11.2,48.8,,0,0,0,88,15,9,6,6,118,120.0,126.0,120.0,115.57,8.75,116.0,116.57,None,0,5,4,4,2,0,4,3,1,1,1,3,4,0,0,28,14,3,2,12,14,0,14,10,0,1,1,9,0,0,0,28,14,2,0,14,14,0,14,0,387,0,11,1,375,11,0,0,227,0,5,0,222,5,0,0,184,0,11,0,173,11,0,0,706,0,19,1,686,19,0,0,423,0,6,0,417,6,0,0,2,12,1,0,1,8,1,0,2,1,1,1,1,2,6,1,1,1,1,1,4,0,0,0,Normal
2022-11-25,Friday,5,47,11,Post_Monsoon,0,0,1,0,0,0,3,0.0,24.7,14.8,58.4,,0,0,0,89,14,5,16,9,124,118.0,120.0,116.0,115.29,8.63,111.0,116.71,Road_Accident_Surge,2,3,6,1,4,2,2,0,0,3,3,5,6,0,0,28,19,2,0,9,19,0,19,10,1,0,2,7,1,0,1,28,10,5,2,16,10,0,10,0,375,0,13,1,361,13,0,0,222,0,2,0,220,2,0,0,173,0,10,0,163,10,0,0,686,0,18,1,667,18,0,0,417,0,7,0,410,7,0,0,2,8,0,0,1,8,0,0,2,1,3,1,1,2,6,1,1,1,2,3,4,0,0,0,Watch
2022-11-26,Saturday,6,47,11,Post_Monsoon,1,0,0,0,0,0,0,0.0,25.8,17.6,51.4,,0,0,0,74,14,5,11,6,104,124.0,118.0,104.0,116.43,9.16,121.0,117.64,None,0,3,8,2,1,1,2,0,0,3,2,4,5,0,0,28,17,6,0,11,17,0,17,10,3,0,3,4,3,0,3,28,8,2,1,19,8,0,8,0,361,0,10,1,350,10,0,0,220,0,3,0,217,3,0,0,163,0,9,0,154,9,0,0,667,0,17,1,649,17,0,0,410,0,5,0,405,5,0,0,2,8,0,0,1,8,0,0,2,1,1,1,1,2,6,1,1,1,1,1,3,0,0,0,Normal
2022-11-27,Sunday,7,47,11,Post_Monsoon,1,0,0,0,0,0,0,0.0,21.7,12.8,55.2,,0,0,0,67,14,5,11,7,97,104.0,124.0,101.0,116.43,9.16,100.0,116.43,None,0,6,4,2,2,0,3,2,0,0,1,3,8,0,0,28,16,6,1,11,16,0,16,10,3,1,2,5,3,0,3,28,7,2,1,20,7,0,7,0,350,0,11,1,338,11,0,0,217,0,3,0,214,3,0,0,154,0,9,0,145,9,0,0,649,0,17,1,631,17,0,0,405,0,4,0,401,4,0,0,2,8,0,0,1,8,0,0,2,1,1,1,1,2,6,1,1,1,1,1,4,0,0,0,Normal
2022-11-28,Monday,1,48,11,Post_Monsoon,0,0,0,0,0,0,0,0.0,21.4,12.7,59.5,,0,0,0,88,10,5,9,5,112,97.0,104.0,122.0,115.86,10.18,110.0,116.21,None,0,5,2,2,1,0,2,3,0,0,1,3,5,0,0,28,17,3,0,11,17,0,17,10,4,0,1,5,4,0,4,28,5,2,3,20,5,0,5,0,338,0,8,1,329,8,0,0,214,0,3,0,211,3,0,0,425,280,9,0,416,9,0,0,631,0,15,1,615,15,0,0,401,0,1,0,400,1,0,0,2,8,0,0,1,8,0,0,2,1,1,1,1,2,6,1,1,1,1,1,4,0,0,0,Normal
2022-11-29,Tuesday,2,48,11,Post_Monsoon,0,0,1,0,0,1,3,0.7,21.6,16.4,52.5,,0,0,0,93,17,11,19,9,140,112.0,97.0,126.0,114.43,9.91,136.0,116.36,Road_Accident_Surge,3,5,3,5,4,0,4,4,0,3,1,3,7,0,0,28,14,6,0,14,14,0,14,10,7,0,1,2,7,0,7,28,6,2,0,22,6,0,6,0,329,0,15,1,313,15,0,0,211,0,6,0,205,6,0,0,416,0,12,0,404,12,0,0,615,0,21,1,593,21,0,0,400,0,8,0,392,8,0,0,2,8,1,0,1,8,1,0,2,1,3,1,1,2,6,2,1,1,2,3,2,1,1,1,Watch
2022-11-30,Wednesday,3,48,11,Post_Monsoon,0,0,0,1,0,0,1,1.4,22.4,14.8,51.9,,0,0,0,97,12,6,12,7,127,140.0,112.0,120.0,116.43,12.98,129.0,116.64,None,0,1,4,6,1,0,2,3,0,1,1,3,4,0,0,28,13,6,0,15,13,0,13,10,4,4,2,4,4,0,4,28,5,2,1,22,5,0,5,0,313,0,12,1,300,12,0,0,205,0,7,0,198,7,0,0,404,0,9,0,395,9,0,0,593,0,17,1,575,17,0,0,392,0,4,0,388,4,0,0,2,8,0,0,1,8,0,0,3,1,1,1,1,2,5,1,1,1,1,1,3,0,0,0,Normal
2022-12-01,Thursday,4,48,12,Winter,0,0,0,0,0,1,0,0.0,21.0,12.4,59.7,,0,0,0,84,19,10,6,7,119,127.0,140.0,118.0,117.43,13.48,120.0,116.5,None,0,4,7,4,4,1,3,3,0,4,2,4,4,0,0,28,17,1,1,10,17,0,17,10,2,3,1,7,2,0,2,28,5,1,2,21,5,0,5,0,300,0,12,1,287,12,0,0,198,0,6,0,192,6,0,0,395,0,12,0,383,12,0,0,575,0,22,1,552,22,0,0,388,0,6,0,382,6,0,0,2,8,1,0,1,8,0,0,2,1,1,1,1,2,6,1,1,1,1,1,2,0,0,0,Normal
2022-12-02,Friday,5,48,12,Winter,0,0,0,0,0,0,0,0.0,19.7,11.4,58.5,,0,0,0,78,16,4,7,4,105,119.0,127.0,124.0,117.57,13.49,116.0,116.43,None,0,4,8,2,2,1,2,1,0,1,2,4,6,0,0,28,15,4,4,9,15,0,15,10,1,1,1,8,1,0,1,28,5,2,0,23,5,0,5,0,287,0,8,1,278,8,0,0,192,0,3,0,189,3,0,0,383,0,10,0,373,10,0,0,552,0,19,1,532,19,0,0,382,0,9,0,373,9,0,0,2,8,0,0,1,8,0,0,2,1,1,1,1,2,5,1,1,1,1,1,3,0,0,0,Normal
2022-12-03,Saturday,6,48,12,Winter,1,0,0,0,0,0,0,0.0,19.6,10.2,52.7,,0,0,0,74,15,7,11,7,107,105.0,119.0,104.0,114.86,13.83,104.0,115.64,None,0,4,5,3,3,0,2,2,1,2,1,3,7,0,0,28,16,2,1,11,16,0,16,10,2,1,1,7,2,0,2,28,7,0,0,21,7,0,7,0,278,0,12,1,265,12,0,0,189,0,4,0,185,4,0,0,373,0,10,0,363,10,0,0,532,0,18,1,513,18,0,0,373,0,6,0,367,6,0,0,2,12,1,0,1,8,0,0,2,1,1,1,1,2,6,1,1,1,1,1,4,0,0,0,Normal
2022-12-04,Sunday,7,48,12,Winter,1,0,0,0,0,0,0,0.0,19.9,12.3,54.2,,0,0,0,73,16,7,12,8,108,107.0,105.0,97.0,115.29,13.53,101.0,115.86,None,0,5,6,1,4,0,4,2,0,1,1,3,5,0,0,28,21,1,2,5,21,0,21,10,0,2,0,10,0,0,0,28,9,0,0,19,9,0,9,0,265,0,12,1,252,12,0,0,185,0,2,0,183,2,0,0,363,0,10,0,353,10,0,0,513,0,19,1,493,19,0,0,367,0,7,0,360,7,0,0,2,8,0,0,1,8,1,0,2,1,1,1,1,2,6,1,1,1,1,1,4,0,0,0,Normal
2022-12-05,Monday,1,49,12,Winter,0,0,0,0,1,0,0,0.0,21.2,13.4,58.2,,0,0,0,96,15,10,9,8,130,108.0,107.0,112.0,116.86,11.85,122.0,116.36,None,0,6,5,2,2,1,6,3,1,0,2,4,7,0,0,28,21,5,0,7,21,0,21,10,2,0,2,6,2,0,2,28,8,2,2,18,8,0,8,0,252,0,12,0,240,12,0,0,183,0,3,0,180,3,0,0,353,0,11,0,342,11,0,0,493,0,20,1,472,20,0,0,360,0,5,0,355,5,0,0,2,12,1,0,1,20,1,1,2,1,1,2,1,2,6,1,1,1,1,1,3,0,0,1,Watch
2022-12-06,Tuesday,2,49,12,Winter,0,0,0,0,0,1,0,0.0,22.4,13.5,55.3,,0,0,0,90,13,10,7,6,120,130.0,108.0,140.0,119.43,12.45,126.0,116.93,None,0,1,3,6,3,0,3,2,3,2,1,3,6,0,0,28,16,8,2,10,16,0,16,10,2,1,1,7,2,0,2,28,10,0,2,16,10,0,10,0,240,0,11,0,229,11,0,0,180,0,7,0,173,7,0,0,342,0,9,0,333,9,0,0,472,0,18,1,453,18,0,0,355,0,6,0,349,6,0,0,2,20,1,1,1,8,0,0,2,1,1,1,2,2,6,1,1,1,1,1,3,0,0,1,Watch
2022-12-07,Wednesday,3,49,12,Winter,0,0,0,1,0,0,1,0.0,22.3,14.2,51.1,,0,0,0,96,13,5,14,7,128,120.0,130.0,127.0,116.57,9.3,120.0,116.5,None,0,3,0,5,5,0,3,1,1,0,0,2,8,0,0,28,19,2,2,7,19,0,19,10,0,2,0,10,0,0,0,28,11,1,2,15,11,0,11,0,229,0,12,0,217,12,0,0,173,0,6,0,167,6,0,0,333,0,10,0,323,10,0,0,453,0,18,1,434,18,0,0,349,0,4,0,345,4,0,0,2,12,1,0,1,8,0,0,2,1,2,1,1,2,6,1,1,1,2,2,4,0,0,0,Normal
2022-12-08,Thursday,4,49,12,Winter,0,0,0,0,0,1,0,0.0,19.8,10.8,59.9,,0,0,0,91,13,10,7,9,121,128.0,120.0,119.0,116.71,9.47,118.0,117.07,None,0,1,9,3,0,2,3,4,1,2,3,5,5,0,0,28,23,4,0,5,23,0,23,10,0,0,0,10,0,0,0,28,9,3,0,19,9,0,9,0,217,0,14,0,203,14,0,0,167,0,4,0,163,4,0,0,323,0,9,0,314,9,0,0,434,0,18,1,415,18,0,0,345,0,8,0,337,8,0,0,2,12,1,0,1,8,0,0,2,1,1,1,1,2,6,1,1,1,1,1,2,0,0,0,Normal
2022-12-09,Friday,5,49,12,Winter,0,0,0,0,0,0,0,0.0,25.2,15.6,57.8,,0,0,0,82,19,4,7,5,112,121.0,128.0,105.0,117.0,9.56,124.0,117.29,None,0,6,9,1,3,1,2,1,0,1,2,4,5,0,0,28,23,4,2,3,23,0,23,10,0,0,2,8,0,0,0,28,7,3,1,20,7,0,7,0,203,0,9,0,194,9,0,1,163,0,3,0,160,3,0,0,314,0,12,0,302,12,0,0,415,0,22,1,392,22,0,1,337,0,7,0,330,7,0,0,2,8,0,0,1,8,0,0,2,1,1,1,1,2,6,1,1,1,1,1,4,0,0,0,Normal
2022-12-10,Saturday,6,49,12,Winter,1,0,0,0,0,0,0,0.0,21.6,14.3,55.6,,0,0,0,74,14,7,11,6,106,112.0,121.0,107.0,118.0,8.57,104.0,116.43,None,0,7,3,2,2,0,3,2,1,1,1,3,8,0,0,28,18,8,2,8,18,0,18,10,1,0,1,8,1,0,1,28,6,3,2,20,6,0,6,0,194,0,10,0,184,10,0,0,160,0,3,0,157,3,0,0,302,0,10,0,292,10,0,0,392,0,17,1,374,17,0,0,330,0,6,0,324,6,0,0,2,12,1,0,1,8,0,0,2,1,1,1,1,2,6,1,1,1,1,1,2,0,0,0,Normal
2022-12-11,Sunday,7,49,12,Winter,1,0,0,0,0,0,0,0.3,20.7,13.0,51.0,,0,0,0,68,16,5,13,6,102,106.0,112.0,108.0,117.86,8.76,97.0,116.57,None,0,4,9,1,2,1,3,0,1,1,2,4,5,0,0,28,15,8,2,11,15,0,15,10,1,1,1,8,1,0,1,28,4,2,2,22,4,0,4,0,184,0,10,0,174,10,0,0,157,0,2,0,155,2,0,0,292,0,10,0,282,10,0,0,374,0,18,1,355,18,0,0,324,0,5,0,319,5,0,0,2,12,1,0,1,8,0,0,2,1,2,1,1,2,5,1,1,1,1,1,4,0,0,0,Normal
2022-12-12,Monday,1,50,12,Winter,0,0,0,0,0,0,0,0.0,24.4,17.7,53.1,,0,0,0,90,17,8,5,5,120,102.0,106.0,130.0,117.0,9.9,112.0,116.93,None,0,3,10,3,1,1,4,3,0,1,2,4,5,0,0,28,17,2,0,11,17,0,17,10,0,1,1,9,0,0,0,28,4,1,2,22,4,0,4,0,174,0,9,0,165,9,0,0,155,0,4,0,151,4,0,0,282,0,11,0,271,11,0,0,355,0,21,1,333,21,0,0,319,0,8,0,311,8,0,0,2,8,0,0,1,8,1,0,2,1,1,1,1,2,5,1,1,1,1,1,2,0,0,0,Normal
2022-12-13,Tuesday,2,50,12,Winter,0,0,0,0,0,1,0,0.0,20.7,11.7,57.6,,0,0,0,92,18,12,8,7,130,120.0,102.0,120.0,115.57,8.55,140.0,117.5,None,0,2,9,3,4,1,6,4,1,1,2,4,8,0,0,28,15,3,1,12,15,0,15,10,2,0,0,8,2,0,2,28,8,0,2,18,8,0,8,0,165,0,12,0,153,12,0,0,151,0,4,0,147,4,0,0,271,0,11,0,260,11,0,0,333,0,22,1,310,22,0,0,311,0,13,0,298,13,0,0,2,12,1,0,1,20,1,1,2,1,1,2,1,2,6,2,1,1,1,1,3,0,0,1,Watch
2022-12-14,Wednesday,3,50,12,Winter,0,0,0,1,0,0,1,0.4,20.1,12.8,47.5,,0,0,0,97,16,8,13,7,134,130.0,120.0,128.0,117.0,9.9,127.0,116.79,None,0,6,5,2,3,1,8,0,0,0,2,4,8,0,0,28,18,3,2,8,18,0,18,10,2,0,0,8,2,0,2,28,7,2,0,21,7,0,7,0,453,300,11,1,441,11,0,0,147,0,3,0,144,3,0,0,260,0,12,0,248,12,0,0,1010,700,21,2,987,21,0,0,298,0,5,0,293,5,0,0,2,8,0,0,1,20,1,1,3,1,2,2,1,2,6,1,1,1,1,1,4,0,0,1,Watch
2022-12-15,Thursday,4,50,12,Winter,0,0,0,0,0,1,0,0.0,18.9,10.1,62.4,,0,0,0,86,21,12,4,6,123,134.0,130.0,121.0,117.86,11.01,119.0,117.29,None,0,6,6,5,4,2,4,5,1,2,2,4,4,0,0,28,18,3,0,10,18,0,18,10,2,0,0,8,2,0,2,28,8,2,2,18,8,0,8,0,441,0,12,1,428,12,0,0,144,0,7,0,137,7,0,0,248,0,13,0,235,13,0,0,987,0,24,2,961,24,0,0,293,0,11,0,282,11,0,0,2,12,1,0,1,8,1,0,2,1,1,1,1,2,6,2,1,1,1,1,4,0,0,0,Normal
2022-12-16,Friday,5,50,12,Winter,0,0,0,0,0,0,0,0.0,19.8,11.2,54.9,,0,0,0,83,17,6,5,6,111,123.0,134.0,112.0,118.14,11.12,105.0,117.57,None,0,4,4,6,3,1,3,2,0,1,1,3,8,0,0,28,14,5,1,13,14,0,14,10,3,1,2,5,3,0,3,28,10,1,2,16,10,0,10,0,428,0,12,1,415,12,0,0,137,0,7,0,130,7,0,0,235,0,11,0,224,11,0,0,961,0,20,2,939,20,0,0,282,0,9,0,273,9,0,0,2,8,0,0,1,8,0,0,2,1,1,1,1,2,6,1,1,1,1,1,4,0,0,0,Normal
2022-12-17,Saturday,6,50,12,Winter,1,0,0,0,0,0,0,0.0,22.1,13.4,58.7,,0,0,0,70,18,6,12,6,106,111.0,123.0,106.0,118.0,11.2,107.0,118.0,None,0,2,10,4,2,1,2,2,0,2,3,5,7,0,0,28,18,1,1,9,18,0,18,10,2,1,2,6,2,0,2,28,7,4,0,21,7,0,7,0,415,0,11,1,403,11,0,0,130,0,5,0,125,5,0,1,224,0,10,0,214,10,0,0,939,0,20,2,917,20,0,0,273,0,8,0,265,8,0,0,2,8,0,0,1,8,0,0,2,1,1,1,1,2,6,1,1,1,1,1,4,0,0,0,Normal
2022-12-18,Sunday,7,50,12,Winter,1,0,0,0,0,0,0,0.0,25.0,16.2,50.8,,0,0,0,73,13,8,10,8,104,106.0,111.0,102.0,118.0,11.2,108.0,117.93,None,0,3,5,2,3,1,3,3,0,2,2,4,5,0,0,28,22,0,2,4,22,0,22,10,3,1,0,7,3,0,3,28,7,2,1,20,7,0,7,0,403,0,12,1,390,12,0,0,125,0,3,0,122,3,0,0,214,0,9,0,205,9,0,0,917,0,16,2,899,16,0,0,265,0,7,0,258,7,0,0,2,8,0,0,1,8,0,0,2,1,1,1,1,2,6,1,1,1,1,1,3,0,0,0,Normal
2022-12-19,Monday,1,51,12,Winter,0,0,0,0,0,0,0,0.0,21.7,11.8,57.9,,0,0,0,94,16,6,9,6,125,104.0,106.0,120.0,118.29,10.81,130.0,117.64,None,0,4,6,4,2,1,4,1,0,1,2,4,6,0,0,28,17,7,2,9,17,0,17,10,6,0,2,2,6,0,6,28,6,2,0,22,6,0,6,0,390,0,11,1,378,11,0,0,122,0,5,0,117,5,0,0,205,0,11,0,194,11,0,1,899,0,20,2,877,20,0,0,258,0,6,0,252,6,0,0,2,8,0,0,1,8,1,0,2,1,1,1,1,2,6,1,1,1,1,1,4,0,0,0,Normal
2022-12-20,Tuesday,2,51,12,Winter,0,0,0,0,0,1,0,0.0,23.0,15.2,50.5,,0,0,0,89,15,13,9,8,126,125.0,104.0,130.0,119.0,11.06,120.0,117.29,None,0,6,6,3,0,0,9,2,1,1,1,3,5,0,0,28,21,2,2,5,21,0,21,10,4,2,2,4,4,0,4,28,7,1,2,19,7,0,7,0,378,0,13,1,364,13,0,0,117,0,4,0,113,4,0,0,194,0,11,0,183,11,0,0,877,0,19,2,856,19,0,0,252,0,7,0,245,7,0,0,2,20,1,1,1,20,1,1,2,1,1,2,2,2,6,2,1,1,1,1,4,0,0,2,Watch
2022-12-21,Wednesday,3,51,12,Winter,0,0,0,1,0,0,1,0.0,20.7,13.7,55.9,,0,0,0,96,14,5,12,7,127,126.0,125.0,134.0,118.43,10.57,128.0,117.71,None,0,4,4,2,4,1,3,2,0,0,2,4,4,0,0,28,21,5,2,5,21,0,21,10,3,2,0,7,3,0,3,28,5,3,1,22,5,0,5,0,364,0,11,1,352,11,0,0,113,0,3,0,110,3,0,0,183,0,10,0,173,10,0,0,856,0,19,2,835,19,0,0,245,0,5,0,240,5,0,0,2,8,0,0,1,8,0,0,2,1,1,1,1,2,6,1,1,1,1,1,4,0,0,0,Normal
2022-12-22,Thursday,4,51,12,Winter,0,0,0,0,0,1,0,0.0,24.3,16.3,56.2,,0,0,0,88,17,11,6,6,122,127.0,126.0,123.0,117.43,9.3,121.0,117.64,None,0,6,4,4,3,1,5,5,0,1,1,3,4,0,0,28,19,5,1,8,19,0,19,10,2,2,1,7,2,0,2,28,7,0,0,21,7,0,7,0,352,0,11,1,340,11,0,0,360,250,5,1,354,5,0,0,173,0,12,0,161,12,0,0,835,0,21,2,812,21,0,0,240,0,7,0,233,7,0,0,2,8,1,0,1,8,1,0,2,1,1,1,1,2,6,2,1,1,1,1,2,0,0,0,Normal
2022-12-23,Friday,5,51,12,Winter,0,0,0,0,0,0,0,0.0,19.2,12.1,50.5,,0,0,0,82,15,6,9,7,112,122.0,127.0,111.0,117.29,9.22,112.0,117.71,None,0,2,9,4,0,0,2,1,0,3,2,4,4,0,0,28,15,6,1,12,15,0,15,10,2,1,0,8,2,0,2,28,10,1,1,17,10,0,10,0,340,0,12,1,327,12,0,0,354,0,5,1,348,5,0,0,161,0,10,0,151,10,0,0,812,0,19,2,791,19,0,0,233,0,12,0,221,12,0,1,2,8,0,0,1,8,0,0,2,1,1,1,1,2,6,1,1,1,1,1,2,0,0,0,Normal
2022-12-24,Saturday,6,51,12,Winter,1,0,0,0,0,0,0,0.0,25.4,19.4,49.8,,0,0,0,75,20,7,13,7,115,112.0,122.0,106.0,117.43,9.13,106.0,117.71,None,0,5,8,4,3,2,2,4,1,0,3,5,6,0,0,28,9,8,0,19,9,0,9,10,3,2,2,5,3,0,3,28,12,0,0,16,12,0,12,0,327,0,13,1,313,13,0,0,348,0,6,1,341,6,0,0,151,0,12,0,139,12,0,0,791,0,22,2,767,22,0,0,221,0,10,0,211,10,0,0,2,12,1,0,1,8,0,0,2,1,2,1,1,2,6,1,1,1,1,1,3,0,0,0,Normal
2022-12-25,Sunday,7,51,12,Winter,1,1,0,0,0,0,1,0.0,21.9,14.2,57.5,,0,0,0,74,16,4,14,6,108,115.0,112.0,104.0,118.71,7.99,102.0,118.36,None,0,5,6,2,3,2,1,2,0,1,3,5,8,0,0,28,10,4,1,17,10,0,10,10,0,3,3,7,0,0,0,28,11,2,1,16,11,0,11,0,313,0,10,1,302,10,0,0,341,0,3,1,337,3,0,0,419,280,10,0,409,10,0,0,767,0,19,1,747,19,0,0,211,0,7,0,204,7,0,0,2,8,0,0,1,8,0,0,2,1,2,1,1,2,5,1,1,1,2,2,4,0,0,0,Normal
2022-12-26,Monday,1,52,12,Winter,0,0,0,0,0,0,0,2.4,21.7,13.5,52.3,,0,0,0,87,20,5,6,5,118,108.0,115.0,125.0,119.29,7.0,120.0,118.79,None,0,7,8,3,2,1,3,2,0,0,2,4,6,0,0,28,13,1,1,14,13,0,13,10,1,0,0,9,1,0,1,28,9,2,1,18,9,0,9,0,302,0,10,1,291,10,0,0,337,0,5,1,331,5,0,0,409,0,13,0,396,13,0,0,747,0,23,1,723,23,0,0,204,0,5,0,199,5,0,0,2,8,0,0,1,8,0,0,2,1,1,1,1,2,5,1,1,1,1,1,4,0,0,0,Normal
2022-12-27,Tuesday,2,52,12,Winter,0,0,0,0,0,1,0,0.0,20.8,12.8,54.8,,0,0,0,92,14,11,8,8,125,118.0,108.0,126.0,118.29,6.61,130.0,118.64,None,0,5,4,3,2,1,7,3,0,1,2,4,4,0,0,28,17,1,2,9,17,0,17,10,3,0,2,5,3,0,3,28,9,1,0,19,9,0,9,0,291,0,13,1,277,13,0,0,331,0,4,1,326,4,0,0,396,0,10,0,386,10,0,0,723,0,19,1,703,19,0,0,199,0,5,0,194,5,0,0,2,8,1,0,1,20,1,1,2,1,1,2,1,2,6,2,1,1,1,1,3,0,0,1,Watch
2022-12-28,Wednesday,3,52,12,Winter,0,0,0,1,0,0,1,0.0,20.3,11.4,53.7,,0,0,0,98,16,5,10,7,129,125.0,118.0,127.0,118.14,6.45,134.0,118.29,None,0,4,5,4,3,0,1,4,0,0,1,3,6,0,0,28,18,3,2,8,18,0,18,10,2,2,0,8,2,0,2,28,10,1,2,16,10,0,10,0,277,0,12,1,264,12,0,0,326,0,5,1,320,5,0,0,386,0,11,0,375,11,0,0,703,0,21,1,681,21,0,0,194,0,6,0,188,6,0,0,2,8,0,0,1,8,0,0,3,1,1,1,1,2,6,1,1,1,1,1,4,0,0,0,Normal
2022-12-29,Thursday,4,52,12,Winter,0,0,0,0,0,1,0,0.0,22.6,14.4,54.7,,0,0,0,85,23,13,7,8,128,129.0,125.0,122.0,118.43,6.86,123.0,117.93,None,0,5,10,3,5,0,5,6,1,1,2,4,7,0,0,28,15,6,0,13,15,0,15,10,4,0,1,5,4,0,4,28,11,2,1,16,11,0,11,0,264,0,14,0,250,14,0,0,320,0,5,1,314,5,0,0,375,0,13,0,362,13,0,0,681,0,25,1,655,25,0,0,188,0,11,0,177,11,0,0,2,20,1,1,1,8,1,0,2,1,1,1,2,2,6,2,1,1,1,1,2,0,0,1,Watch
2022-12-30,Friday,5,52,12,Winter,0,0,0,0,0,0,0,0.0,17.2,7.9,52.5,,0,0,0,85,16,7,7,7,115,128.0,129.0,112.0,119.29,7.59,111.0,118.29,None,0,2,5,7,2,0,3,3,0,1,1,3,8,0,0,28,14,4,1,13,14,0,14,10,3,2,0,7,3,0,3,28,12,2,1,15,12,0,12,0,250,0,13,0,237,13,0,0,314,0,8,1,305,8,0,0,362,0,10,0,352,10,0,0,655,0,20,1,634,20,0,0,577,400,8,1,568,8,0,0,2,8,0,0,1,8,0,0,2,1,1,1,1,2,6,1,1,1,1,1,4,0,0,0,Normal
2022-12-31,Saturday,6,52,12,Winter,1,0,0,0,0,0,0,0.0,22.7,13.7,52.4,,0,0,0,80,16,6,8,7,110,115.0,128.0,115.0,119.71,7.24,106.0,118.57,None,0,5,6,5,0,1,2,3,0,1,2,4,7,0,0,28,19,1,1,8,19,0,19,10,2,1,2,6,2,0,2,28,10,3,0,18,10,0,10,0,237,0,12,0,225,12,0,0,305,0,6,1,298,6,0,0,352,0,11,0,341,11,0,0,634,0,19,1,614,19,0,0,568,0,6,1,561,6,0,0,2,8,0,0,1,8,0,0,2,1,1,1,1,2,6,1,1,1,1,1,3,0,0,0,Normal
2023-01-01,Sunday,7,52,1,Winter,1,0,0,0,0,0,0,0.0,21.2,9.6,58.0,,0,0,0,73,19,6,12,8,110,110.0,115.0,108.0,119.0,7.89,104.0,118.86,None,0,9,5,1,4,0,1,4,1,0,1,3,5,0,0,28,22,2,2,4,22,0,22,10,2,2,0,8,2,0,2,28,10,1,4,14,10,0,10,0,225,0,13,0,212,13,0,0,298,0,3,1,294,3,0,0,341,0,12,0,329,12,0,0,614,0,21,1,592,21,0,0,561,0,4,1,556,4,0,0,2,12,1,0,1,8,0,0,2,1,1,1,1,2,6,1,1,1,1,1,2,0,0,0,Normal
2023-01-02,Monday,1,1,1,Winter,0,0,0,0,0,0,0,0.0,23.2,15.2,54.1,,0,0,0,89,16,6,10,7,121,110.0,110.0,118.0,119.29,7.52,125.0,119.29,None,0,4,4,3,5,2,3,0,0,3,2,4,7,0,0,28,17,9,1,10,17,0,17,10,2,1,2,6,2,0,2,28,10,2,1,17,10,0,10,0,212,0,12,0,200,12,0,1,294,0,4,1,289,4,0,0,329,0,11,0,318,11,0,0,592,0,20,1,571,20,0,0,556,0,8,1,547,8,0,0,2,8,0,0,1,8,0,0,2,1,1,1,1,2,6,1,1,1,1,1,3,0,0,0,Normal
2023-01-03,Tuesday,2,1,1,Winter,0,0,0,0,0,1,0,0.0,23.9,16.1,50.2,,0,0,0,88,16,13,8,9,125,121.0,110.0,125.0,119.71,7.52,126.0,119.0,None,0,5,7,2,2,0,7,5,0,1,1,3,4,0,0,28,11,13,1,16,11,0,11,10,2,1,2,6,2,0,2,28,9,2,1,18,9,0,9,0,200,0,14,0,186,14,0,0,289,0,3,1,285,3,0,0,318,0,11,0,307,11,0,0,571,0,20,1,550,20,0,0,547,0,6,1,540,6,0,0,2,16,1,1,1,20,1,1,2,1,1,2,2,2,5,2,1,1,1,1,4,0,0,2,Watch
2023-01-04,Wednesday,3,1,1,Winter,0,0,0,1,0,0,1,0.0,25.1,19.6,54.4,,0,0,0,98,17,7,10,6,132,125.0,121.0,129.0,119.71,7.52,127.0,118.93,None,0,5,3,5,4,0,4,3,0,0,1,3,6,0,0,28,6,7,2,20,6,0,6,10,2,2,0,8,2,0,2,28,11,0,0,17,11,0,11,0,186,0,11,0,175,11,0,0,285,0,6,1,278,6,0,0,307,0,12,0,295,12,0,0,550,0,21,1,528,21,0,0,540,0,6,1,533,6,0,0,2,8,0,0,1,8,1,0,3,1,1,1,1,2,5,1,1,1,1,1,4,0,0,0,Normal
2023-01-05,Thursday,4,1,1,Winter,0,0,0,0,0,1,0,0.4,22.2,12.8,45.8,,0,0,0,85,13,10,5,5,113,132.0,125.0,128.0,120.14,8.1,122.0,119.29,None,0,3,7,1,2,1,3,4,1,2,2,4,6,0,0,28,4,3,2,22,4,0,4,10,2,0,0,8,2,0,2,28,12,3,0,16,12,0,12,0,175,0,8,0,167,8,0,0,278,0,2,1,275,2,0,0,295,0,9,0,286,9,0,0,528,0,17,1,510,17,0,0,533,0,12,1,520,12,0,0,2,12,1,0,1,8,0,0,2,1,1,1,1,2,5,1,1,1,1,1,3,0,0,0,Normal
2023-01-06,Friday,5,1,1,Winter,0,0,0,0,0,0,0,0.0,21.9,15.3,63.4,,0,0,0,86,19,6,7,7,118,113.0,132.0,115.0,118.0,7.71,112.0,118.64,None,0,10,7,1,1,0,3,2,0,1,1,3,4,0,0,28,9,2,2,17,9,0,9,10,2,0,0,8,2,0,2,28,10,2,1,17,10,0,10,0,167,0,12,0,155,12,0,0,275,0,3,1,271,3,0,0,286,0,13,0,273,13,0,0,510,0,22,1,487,22,0,0,520,0,4,1,515,4,0,0,2,8,0,0,1,8,0,0,2,1,1,1,1,2,5,1,1,1,1,1,3,0,0,0,Normal
2023-01-07,Saturday,6,1,1,Winter,1,0,0,0,0,0,0,0.0,22.5,12.8,59.9,,0,0,0,78,21,5,12,8,116,118.0,113.0,110.0,118.43,7.61,115.0,119.07,None,0,10,8,3,0,1,5,0,0,0,2,4,4,0,0,28,10,3,0,18,10,0,10,10,1,2,2,7,1,0,1,28,10,3,0,18,10,0,10,0,455,300,14,1,440,14,0,0,271,0,5,1,265,5,0,0,273,0,13,0,260,13,0,0,487,0,23,1,463,23,0,0,515,0,11,1,503,11,0,0,2,8,0,0,1,8,1,0,2,1,1,1,1,2,5,1,1,1,1,1,3,0,0,0,Normal
2023-01-08,Sunday,7,1,1,Winter,1,0,0,0,1,0,0,0.0,21.2,10.1,56.6,,0,0,0,79,19,9,13,9,120,116.0,118.0,110.0,119.29,6.92,108.0,119.14,None,0,7,5,6,1,0,2,2,0,5,1,3,8,0,0,28,12,2,2,14,12,0,12,10,3,1,0,7,3,0,3,28,10,2,1,17,10,0,10,0,440,0,15,1,424,15,0,0,265,0,7,1,257,7,0,0,260,0,12,0,248,12,0,0,463,0,22,1,440,22,0,0,503,0,6,0,497,6,0,0,2,8,0,0,1,8,0,0,2,1,2,1,1,2,6,1,1,1,1,1,2,0,0,0,Normal
2023-01-09,Monday,1,2,1,Winter,0,0,0,0,0,0,0,0.0,21.0,13.1,51.0,,0,0,0,94,12,6,4,4,116,120.0,116.0,121.0,120.71,5.8,118.0,120.0,None,0,5,4,1,2,2,4,1,0,1,2,4,5,0,0,28,15,1,0,13,15,0,15,10,1,2,1,8,1,0,1,28,9,1,1,18,9,0,9,0,424,0,7,1,416,7,0,0,257,0,2,1,254,2,0,0,248,0,10,0,238,10,0,0,440,0,17,1,422,17,0,0,497,0,4,0,493,4,0,0,2,8,0,0,1,8,1,0,2,1,1,1,1,2,6,1,1,1,1,1,3,0,0,0,Normal
2023-01-10,Tuesday,2,2,1,Winter,0,0,0,0,0,1,0,0.7,23.1,15.4,51.1,,0,0,0,92,19,13,7,6,131,116.0,120.0,125.0,120.0,6.02,125.0,119.86,None,0,8,4,4,3,1,8,5,0,0,2,4,4,0,0,28,14,3,2,12,14,0,14,10,0,1,2,8,0,0,0,28,13,0,1,14,13,0,13,0,416,0,11,1,404,11,0,0,254,0,6,0,248,6,0,0,238,0,13,0,225,13,0,0,422,0,23,1,398,23,0,1,493,0,11,0,482,11,0,0,2,16,1,1,1,20,1,1,2,1,1,2,2,2,6,2,1,1,1,1,4,0,0,2,Watch
2023-01-11,Wednesday,3,2,1,Winter,0,0,0,1,0,0,1,0.0,21.2,13.3,55.4,,0,0,0,98,17,5,14,9,134,131.0,116.0,132.0,120.86,7.02,129.0,120.29,None,0,4,7,5,1,0,4,1,0,0,1,3,6,0,0,28,14,4,2,12,14,0,14,10,2,0,0,8,2,0,2,28,13,3,0,15,13,0,13,0,404,0,15,1,388,15,0,0,248,0,6,0,242,6,0,0,225,0,12,0,213,12,0,0,398,0,21,1,376,21,0,0,482,0,10,0,472,10,0,0,2,8,0,0,1,8,1,0,3,1,2,1,1,2,6,1,1,1,2,2,2,0,0,0,Normal
2023-01-12,Thursday,4,2,1,Winter,0,0,0,0,0,1,0,0.0,23.8,14.2,59.8,,0,0,0,82,19,11,8,8,120,134.0,131.0,113.0,121.14,7.49,128.0,120.64,None,0,7,8,2,2,0,4,7,0,0,1,3,5,0,0,28,11,7,1,16,11,0,11,10,0,2,1,9,0,0,0,28,16,1,0,12,16,0,16,0,388,0,13,1,374,13,0,0,242,0,4,0,238,4,0,0,213,0,12,0,201,12,0,1,376,0,22,1,353,22,0,0,472,0,12,0,460,12,0,0,2,8,1,0,1,8,1,0,2,1,1,1,1,2,6,2,1,1,1,1,2,0,0,0,Normal
2023-01-13,Friday,5,2,1,Winter,0,0,0,0,0,0,0,0.0,19.6,11.2,58.7,,0,0,0,87,18,8,10,8,123,120.0,134.0,118.0,122.14,6.77,115.0,120.07,None,0,3,9,4,2,0,8,0,0,0,2,4,8,0,0,28,11,2,2,15,11,0,11,10,4,0,0,6,4,0,4,28,16,2,0,12,16,0,16,0,374,0,13,1,360,13,0,0,238,0,5,0,233,5,0,0,201,0,11,0,190,11,0,0,353,0,21,1,331,21,0,0,460,0,8,0,452,8,0,0,2,8,0,0,1,20,1,1,2,1,1,2,1,2,6,1,1,1,1,1,4,0,0,1,Watch
2023-01-14,Saturday,6,2,1,Winter,1,0,0,0,0,0,0,0.0,22.9,14.4,62.3,Respiratory,4,1,7,100,47,5,11,9,163,123.0,120.0,116.0,122.86,6.56,110.0,120.64,None,0,7,27,10,3,15,4,0,0,1,15,14,8,6,1,28,12,3,0,16,12,0,12,10,6,0,2,2,6,0,6,28,14,5,1,13,14,0,14,0,360,0,21,1,338,21,0,0,233,0,14,0,219,14,0,0,190,0,23,0,167,23,0,0,331,0,46,1,284,46,0,0,452,0,36,0,416,36,0,0,2,8,0,0,1,8,1,0,3,2,1,1,1,3,6,1,2,2,1,1,4,0,0,1,High
2023-01-15,Sunday,7,2,1,Winter,1,0,0,0,0,0,0,0.2,23.6,15.5,57.6,Respiratory,4,1,4,94,46,8,10,10,158,163.0,123.0,120.0,129.57,14.88,110.0,124.43,None,0,9,24,8,5,11,3,3,0,2,12,12,8,4,1,28,13,4,1,14,13,0,13,10,5,3,1,4,5,0,5,28,13,4,2,13,13,0,13,0,338,0,21,1,316,21,0,0,219,0,12,0,207,12,0,0,167,0,23,0,144,23,0,0,984,700,44,2,938,44,0,0,416,0,31,0,385,31,0,0,2,8,0,0,1,8,0,0,2,2,1,1,1,2,6,1,2,2,1,1,3,0,0,1,High
2023-01-16,Monday,1,3,1,Winter,0,0,0,0,0,0,0,0.0,22.4,16.1,59.2,Respiratory,4,1,6,113,45,6,6,9,170,158.0,163.0,116.0,135.0,17.15,121.0,127.86,None,0,7,29,6,3,11,0,3,1,2,12,12,5,7,1,28,13,4,3,12,13,0,13,10,5,2,2,3,5,0,5,28,14,2,0,14,14,0,14,0,316,0,19,1,296,19,0,0,207,0,10,0,197,10,0,0,144,0,23,0,121,23,0,0,938,0,45,2,891,45,0,0,385,0,33,0,352,33,0,0,2,12,1,0,1,8,0,0,3,2,1,1,1,3,6,1,2,2,1,1,3,0,0,1,High
2023-01-17,Tuesday,2,3,1,Winter,0,0,0,0,0,1,0,0.0,23.7,15.3,56.8,Respiratory,4,1,6,116,47,12,8,11,183,170.0,158.0,131.0,142.71,18.93,125.0,131.36,None,0,7,33,2,5,11,7,4,0,1,13,13,8,5,1,28,13,4,2,13,13,0,13,10,6,1,0,4,6,0,6,28,18,1,2,8,18,0,18,0,296,0,21,1,274,21,0,0,197,0,6,0,191,6,0,0,121,0,24,0,97,24,0,0,891,0,47,2,842,47,0,0,352,0,39,0,313,39,0,0,2,8,1,0,1,20,1,1,3,2,1,2,1,3,7,2,2,2,1,1,4,0,0,2,High
2023-01-18,Wednesday,3,3,1,Winter,0,0,0,1,0,0,1,0.0,23.7,15.4,56.2,Respiratory,4,1,5,119,48,7,13,11,187,183.0,170.0,134.0,150.14,22.7,132.0,135.5,None,0,10,26,6,6,13,3,3,0,1,13,13,5,8,1,28,14,3,0,14,14,0,14,10,6,4,2,2,6,0,6,28,18,3,0,10,18,0,18,0,274,0,22,1,251,22,0,0,191,0,10,0,181,10,0,0,377,280,25,0,352,25,0,0,842,0,48,2,792,48,0,0,313,0,33,0,280,33,0,0,2,8,0,0,1,8,0,0,3,2,2,1,1,3,7,1,2,2,1,1,3,0,0,1,High
2023-01-19,Thursday,4,3,1,Winter,0,0,0,0,0,1,0,0.0,25.7,18.5,54.4,Respiratory,4,1,7,107,44,12,5,8,168,187.0,183.0,120.0,157.71,24.79,113.0,139.43,None,0,7,21,10,6,7,6,5,0,1,8,9,5,4,1,28,14,5,1,13,14,0,14,10,3,3,1,6,3,0,3,28,18,3,1,9,18,0,18,0,251,0,19,0,232,19,0,0,181,0,13,0,168,13,0,0,352,0,22,0,330,22,0,0,792,0,44,1,747,44,0,0,280,0,26,0,254,26,0,0,2,8,1,0,1,20,1,1,3,2,1,2,1,3,6,2,2,2,1,1,4,0,0,2,High
2023-01-20,Friday,5,3,1,Winter,0,0,0,0,0,0,0,0.0,23.6,18.2,52.4,Respiratory,4,1,6,107,49,7,3,9,166,168.0,187.0,123.0,164.57,19.49,118.0,143.36,None,0,4,33,7,5,15,5,1,0,1,16,15,8,7,1,28,12,3,0,16,12,0,12,10,4,0,0,6,4,0,4,28,23,2,1,4,23,0,23,0,232,0,20,0,212,20,0,0,168,0,11,0,157,11,0,0,330,0,23,0,307,23,0,0,747,0,48,1,698,48,0,0,254,0,46,0,208,46,0,1,2,8,0,0,1,8,1,0,3,2,1,1,1,3,7,1,2,2,1,1,3,0,0,1,High
2023-01-21,Saturday,6,3,1,Winter,1,0,0,0,0,0,0,0.0,25.8,17.2,51.0,Respiratory,4,1,7,96,47,8,10,10,161,166.0,168.0,163.0,170.71,9.76,116.0,146.79,None,0,6,37,2,2,17,4,2,0,2,18,17,7,10,1,28,10,5,2,16,10,0,10,10,5,1,1,4,5,0,5,28,25,3,2,1,25,0,25,0,212,0,20,0,192,20,0,1,157,0,6,0,151,6,0,0,307,0,22,0,285,22,0,0,698,0,45,1,652,45,0,0,208,0,46,0,162,46,0,0,2,8,0,0,1,8,1,0,2,2,1,1,1,3,7,1,2,2,1,1,4,0,0,1,High
2023-01-22,Sunday,7,3,1,Winter,1,0,0,0,0,0,0,0.7,24.7,16.5,55.1,Respiratory,4,1,6,94,47,7,10,10,158,161.0,166.0,158.0,170.43,10.01,120.0,150.0,None,0,5,34,7,1,12,4,0,0,3,14,14,4,10,1,28,12,4,0,16,12,0,12,10,3,2,0,7,3,0,3,28,23,6,1,4,23,0,23,0,192,0,21,0,171,21,0,0,151,0,11,0,140,11,0,0,285,0,22,0,263,22,0,0,652,0,45,1,606,45,0,0,162,0,39,0,123,39,0,0,2,8,0,0,1,8,1,0,2,2,1,1,1,2,7,1,2,2,1,1,3,0,0,1,High
2023-01-23,Monday,1,4,1,Winter,0,0,0,0,0,0,0,0.0,22.2,11.6,54.3,Respiratory,4,1,7,109,45,7,7,10,168,158.0,161.0,170.0,170.43,10.01,116.0,152.71,None,0,6,26,8,5,10,2,2,1,2,11,11,8,3,1,28,16,1,1,11,16,0,16,10,3,0,2,5,3,0,3,28,23,5,0,5,23,0,23,0,171,0,21,0,150,21,0,0,140,0,12,0,128,12,0,1,263,0,22,0,241,22,0,0,606,0,45,1,560,45,0,0,123,0,35,0,88,35,0,0,2,12,1,0,1,8,0,0,3,2,1,1,1,3,7,1,2,2,1,1,2,0,0,1,High
2023-01-24,Tuesday,2,4,1,Winter,0,0,0,0,0,1,0,0.0,22.9,15.1,61.0,Respiratory,4,1,7,111,42,11,6,10,170,168.0,158.0,183.0,170.14,10.05,131.0,156.43,None,0,7,24,7,4,8,3,5,1,2,9,10,4,6,1,28,19,3,1,8,19,0,19,10,3,1,2,5,3,0,3,28,18,8,0,10,18,0,18,0,150,0,20,0,130,20,0,0,128,0,10,0,118,10,0,0,241,0,22,0,219,22,0,0,560,0,42,1,517,42,0,0,88,0,28,0,60,28,0,0,2,12,1,0,1,8,0,0,3,2,1,1,1,3,7,2,2,1,1,1,4,0,0,1,High
2023-01-25,Wednesday,3,4,1,Winter,0,0,0,1,0,0,1,0.0,22.2,13.8,56.7,Respiratory,4,1,6,118,47,5,10,10,180,170.0,168.0,187.0,168.29,8.6,134.0,159.21,None,0,9,27,6,5,10,2,3,0,0,11,11,7,4,1,28,24,2,1,3,24,0,24,10,2,3,2,6,2,0,2,28,16,3,2,10,16,0,16,0,130,0,21,0,109,21,0,0,118,0,10,0,108,10,0,0,219,0,24,0,195,24,0,1,517,0,47,1,469,47,0,0,60,0,28,0,32,28,0,0,2,8,0,0,1,8,0,0,3,2,1,1,1,3,7,1,2,2,1,1,2,0,0,1,High
2023-01-26,Thursday,4,4,1,Winter,0,1,0,0,0,1,1,1.6,25.1,18.1,52.6,Respiratory,4,1,6,115,45,12,8,11,180,180.0,170.0,168.0,167.29,6.52,120.0,162.5,None,0,1,38,0,6,21,2,7,2,1,21,19,6,13,1,28,19,10,1,8,19,0,19,10,3,2,1,6,3,0,3,28,16,3,2,10,16,0,16,0,409,300,20,1,388,20,0,0,108,0,4,0,104,4,0,0,195,0,22,0,173,22,0,0,469,0,45,1,423,45,0,0,32,0,32,0,0,46,14,0,2,20,1,1,1,8,0,0,3,2,1,1,2,3,7,2,2,2,1,1,4,0,0,3,High
2023-01-27,Friday,5,4,1,Winter,0,0,0,0,0,0,0,0.2,25.4,15.4,54.0,Respiratory,4,1,6,107,45,8,8,11,168,180.0,180.0,166.0,169.0,7.91,123.0,166.79,None,0,8,23,5,9,10,4,3,1,0,11,11,4,7,1,28,13,9,0,15,13,0,13,10,6,1,2,2,6,0,6,28,16,4,1,11,16,0,16,0,388,0,21,1,366,21,0,0,104,0,9,0,95,9,0,0,173,0,23,0,150,23,0,0,423,0,45,1,377,45,0,1,400,400,32,0,368,32,0,0,2,12,1,0,1,8,1,0,3,2,1,1,1,3,6,1,2,2,1,1,2,0,0,1,High
2023-01-28,Saturday,6,4,1,Winter,1,0,0,0,1,0,0,0.0,23.7,15.8,51.5,Respiratory,4,1,5,104,42,10,10,11,166,168.0,180.0,161.0,169.29,7.83,163.0,170.0,None,0,2,27,7,6,13,3,3,0,4,13,13,7,6,1,28,14,3,1,13,14,0,14,10,7,1,2,1,7,0,7,28,16,5,2,10,16,0,16,0,366,0,22,1,343,22,0,0,345,250,10,1,334,10,0,0,150,0,20,0,130,20,0,0,377,0,42,1,334,42,0,0,368,0,38,0,330,38,0,0,2,8,1,0,1,8,0,0,3,2,1,1,1,3,7,1,1,1,1,1,4,0,0,1,High
2023-01-29,Sunday,7,4,1,Winter,1,0,0,0,0,0,0,0.6,22.4,13.8,57.7,Respiratory,4,1,6,90,46,7,11,9,154,166.0,168.0,158.0,170.0,7.25,158.0,170.21,None,0,8,34,3,1,14,4,1,1,1,15,14,7,7,1,28,14,6,2,12,14,0,14,10,6,2,1,3,6,0,6,28,13,5,2,13,13,0,13,0,343,0,19,1,323,19,0,0,334,0,7,1,326,7,0,0,130,0,22,0,108,22,0,0,334,0,44,1,289,44,0,0,330,0,36,0,294,36,0,0,2,12,1,0,1,8,1,0,2,2,1,1,1,2,6,1,2,2,1,1,3,0,0,1,High
2023-01-30,Monday,1,5,1,Winter,0,0,0,0,0,0,0,0.0,25.4,17.4,59.4,Respiratory,4,1,6,118,44,7,6,9,175,154.0,166.0,168.0,169.43,8.26,170.0,169.93,None,0,8,24,6,6,8,3,2,0,2,9,10,8,2,1,28,17,3,1,10,17,0,17,10,6,1,0,4,6,0,6,28,13,2,2,13,13,0,13,0,323,0,19,1,303,19,0,0,326,0,10,1,315,10,0,0,108,0,23,0,85,23,0,0,289,0,45,0,244,45,0,0,294,0,26,0,268,26,0,0,2,8,0,0,1,8,0,0,3,2,1,1,1,3,7,1,2,2,1,1,2,0,0,1,High
2023-01-31,Tuesday,2,5,1,Winter,0,0,0,0,0,1,0,0.0,23.2,15.8,52.7,Respiratory,4,1,6,109,46,14,7,10,176,175.0,154.0,170.0,170.43,8.45,183.0,170.29,None,0,5,32,2,7,14,8,6,0,0,15,14,7,7,1,28,19,4,0,9,19,0,19,10,5,2,0,5,5,0,5,28,14,2,0,14,14,0,14,0,303,0,20,1,282,20,0,0,315,0,6,1,308,6,0,0,365,280,23,0,342,23,0,0,244,0,46,0,198,46,0,0,268,0,37,0,231,37,0,0,2,16,1,1,1,20,1,1,3,2,1,2,2,3,7,2,2,2,1,1,2,0,0,3,High
2023-02-01,Wednesday,3,5,2,Winter,0,0,0,1,0,0,1,0.0,25.2,18.3,44.4,Respiratory,4,1,7,121,41,7,14,12,183,176.0,175.0,180.0,171.29,8.66,187.0,169.79,None,0,5,27,5,4,11,4,1,0,2,12,12,7,5,1,28,22,2,0,6,22,0,22,10,2,5,1,7,2,0,2,28,18,1,1,9,18,0,18,0,282,0,22,1,259,22,0,0,308,0,9,1,298,9,0,0,342,0,21,0,321,21,0,0,898,700,42,2,854,42,0,0,231,0,36,0,195,36,0,1,2,8,0,0,1,8,1,0,3,2,2,1,1,3,7,1,2,1,2,2,2,0,0,1,High
2023-02-02,Thursday,4,5,2,Winter,0,0,0,0,0,1,0,0.0,23.8,14.6,45.2,Respiratory,4,1,5,107,47,13,6,11,173,183.0,176.0,180.0,171.71,9.15,168.0,169.5,None,0,6,30,6,5,10,4,8,0,1,12,12,8,4,1,28,22,7,0,6,22,0,22,10,0,2,1,9,0,0,0,28,19,3,1,8,19,0,19,0,259,0,22,0,237,22,0,0,298,0,10,1,287,10,0,0,321,0,23,0,298,23,0,0,854,0,46,2,806,46,0,0,195,0,35,0,160,35,0,0,2,16,1,1,1,8,1,0,3,2,1,1,2,3,7,2,2,2,1,1,3,0,0,2,High
2023-02-03,Friday,5,5,2,Winter,0,0,0,0,0,0,0,3.3,27.4,17.5,51.7,Respiratory,4,1,6,111,48,6,8,10,173,173.0,183.0,168.0,170.71,8.55,166.0,169.86,None,0,9,25,5,9,9,6,0,0,0,10,10,8,2,1,28,17,8,0,11,17,0,17,10,2,0,1,7,2,0,2,28,22,2,1,5,22,0,22,0,237,0,21,0,216,21,0,0,287,0,9,1,277,9,0,0,298,0,24,0,274,24,0,0,806,0,47,2,757,47,0,0,160,0,34,0,126,34,0,0,2,8,0,0,1,20,1,1,3,2,1,2,1,3,7,1,2,2,1,1,2,0,0,2,High
2023-02-04,Saturday,6,5,2,Winter,1,0,0,0,0,0,0,0.0,23.9,15.6,49.9,Respiratory,4,1,7,100,45,7,8,9,160,173.0,173.0,166.0,171.43,8.5,161.0,170.36,None,0,7,28,4,6,12,3,0,0,4,13,13,6,7,1,28,14,7,0,14,14,0,14,10,3,1,2,5,3,0,3,28,24,1,1,3,24,0,24,0,216,0,19,0,197,19,0,1,277,0,8,1,268,8,0,0,274,0,22,0,252,22,0,0,757,0,44,1,712,44,0,0,126,0,34,0,92,34,0,0,2,8,0,0,1,8,0,0,3,2,1,1,1,3,7,1,2,2,1,1,4,0,0,1,High
2023-02-05,Sunday,7,5,2,Winter,1,0,0,0,0,0,0,0.0,27.0,21.1,51.5,Respiratory,4,1,5,91,42,9,10,9,152,160.0,173.0,154.0,170.57,9.27,158.0,170.29,None,0,8,25,4,5,12,4,1,2,2,12,12,4,8,1,28,17,3,2,9,17,0,17,10,2,2,0,8,2,0,2,28,20,6,2,6,20,0,20,0,197,0,18,0,179,18,0,0,268,0,8,1,259,8,0,0,252,0,21,0,231,21,0,0,712,0,41,1,670,41,0,0,92,0,30,0,62,30,0,0,2,20,1,1,1,8,1,0,2,2,1,1,2,2,7,1,2,1,1,1,4,0,0,2,High
2023-02-06,Monday,1,6,2,Winter,0,0,0,0,0,0,0,0.0,27.5,20.4,54.0,Respiratory,4,1,5,114,47,9,6,9,176,152.0,160.0,175.0,170.29,9.79,168.0,169.86,None,0,8,28,5,6,9,3,3,2,1,11,11,5,6,1,28,18,3,2,8,18,0,18,10,2,1,0,8,2,0,2,28,18,6,1,9,18,0,18,0,179,0,19,0,160,19,0,0,259,0,9,0,250,9,0,0,231,0,24,0,207,24,0,0,670,0,47,1,622,47,0,0,62,0,33,0,29,33,0,0,2,20,1,1,1,8,0,0,3,2,1,1,2,3,7,1,2,2,1,1,2,0,0,2,High
2023-02-07,Tuesday,2,6,2,Winter,0,0,0,0,0,1,0,0.2,24.7,16.0,50.1,Respiratory,4,1,6,118,45,13,5,12,181,176.0,152.0,176.0,170.43,9.87,170.0,170.43,None,0,4,30,5,6,15,6,4,0,3,15,14,7,7,1,28,20,2,2,6,20,0,20,10,5,0,1,4,5,0,5,28,20,3,1,7,20,0,20,0,160,0,23,0,137,23,0,0,250,0,9,0,241,9,0,0,207,0,22,0,185,22,0,1,622,0,45,1,576,45,0,0,29,0,29,0,0,41,12,0,2,16,1,1,1,20,1,1,3,2,1,2,2,3,7,2,2,2,1,1,2,0,0,4,High
2023-02-08,Wednesday,3,6,2,Winter,0,0,0,1,0,0,1,0.0,24.4,15.1,46.5,Respiratory,4,1,7,126,45,8,11,10,190,181.0,176.0,183.0,171.14,10.41,180.0,171.21,None,0,1,29,7,8,11,2,3,1,2,12,12,4,8,1,28,15,9,2,11,15,0,15,10,4,2,2,4,4,0,4,28,22,3,2,4,22,0,22,0,137,0,21,0,116,21,0,0,241,0,11,0,230,11,0,0,185,0,22,0,163,22,0,0,576,0,46,1,529,46,0,0,400,400,37,0,363,37,0,0,2,12,1,0,1,8,0,0,3,2,1,1,1,3,7,1,2,2,1,1,2,0,0,1,High
2023-02-09,Thursday,4,6,2,Winter,0,0,0,0,0,1,0,0.0,26.0,15.9,58.6,Respiratory,4,1,6,114,48,13,9,11,184,190.0,181.0,173.0,172.14,11.75,180.0,171.93,None,0,4,30,6,8,10,3,8,0,2,12,12,4,8,1,28,19,1,2,7,19,0,19,10,5,0,2,3,5,0,5,28,23,4,2,3,23,0,23,0,416,300,22,1,393,22,0,0,230,0,10,0,220,10,0,0,163,0,23,0,140,23,0,0,529,0,48,1,480,48,0,0,363,0,37,0,326,37,0,0,2,16,1,1,1,8,0,0,3,2,1,1,2,3,7,2,2,2,1,1,4,0,0,2,High
2023-02-10,Friday,5,6,2,Winter,0,0,0,0,0,0,0,0.0,24.1,14.5,37.2,Respiratory,4,1,7,109,43,8,7,10,167,184.0,190.0,173.0,173.71,12.48,168.0,172.21,None,0,8,27,3,5,9,4,2,0,2,11,11,5,6,1,28,20,4,0,8,20,0,20,10,5,2,2,3,5,0,5,28,21,5,1,6,21,0,21,0,393,0,19,1,373,19,0,0,220,0,7,0,213,7,0,0,140,0,22,0,118,22,0,0,480,0,43,1,436,43,0,0,326,0,31,0,295,31,0,0,2,8,0,0,1,8,1,0,3,2,1,1,1,3,7,1,2,1,1,1,4,0,0,1,High
2023-02-11,Saturday,6,6,2,Winter,1,0,0,0,0,0,0,0.0,23.9,14.1,54.9,Respiratory,4,1,7,102,46,9,11,12,168,167.0,184.0,160.0,172.86,12.7,166.0,172.14,None,0,6,29,11,0,14,2,2,2,3,14,14,8,6,1,28,20,7,0,8,20,0,20,10,2,4,1,7,2,0,2,28,20,5,1,7,20,0,20,0,373,0,25,1,347,25,0,0,213,0,14,0,199,14,0,0,118,0,22,0,96,22,0,0,436,0,45,1,390,45,0,1,295,0,38,0,257,38,0,0,2,20,1,1,1,8,0,0,3,2,1,1,2,3,7,1,2,2,1,1,4,0,0,2,High
2023-02-12,Sunday,7,6,2,Winter,1,0,0,0,0,0,0,0.0,26.3,19.1,53.5,Respiratory,4,1,7,101,47,7,11,10,166,168.0,167.0,152.0,174.0,11.82,154.0,172.29,None,0,8,27,6,6,10,2,3,0,2,11,11,5,6,1,28,22,5,2,4,22,0,22,10,2,0,1,7,2,0,2,28,20,3,1,7,20,0,20,0,347,0,21,1,325,21,0,0,199,0,10,0,189,10,0,0,96,0,23,0,73,23,0,0,390,0,46,1,343,46,0,0,257,0,32,0,225,32,0,1,2,8,0,0,1,8,0,0,3,2,1,1,1,3,7,1,2,2,1,1,2,0,0,1,High
2023-02-13,Monday,1,7,2,Winter,0,0,0,0,0,0,0,0.0,24.0,16.4,54.4,Respiratory,4,1,6,112,47,8,8,10,175,166.0,168.0,176.0,176.0,8.7,175.0,173.14,None,0,7,27,6,7,11,4,2,1,1,12,12,8,4,1,28,25,2,2,1,25,0,25,10,2,0,1,7,2,0,2,28,22,3,0,6,22,0,22,0,325,0,21,1,303,21,0,0,189,0,10,0,179,10,0,0,353,280,23,0,330,23,0,0,343,0,47,1,295,47,0,0,225,0,36,0,189,36,0,0,2,12,1,0,1,8,1,0,3,2,1,1,1,3,8,1,2,2,1,1,3,0,0,1,High
2023-02-14,Tuesday,2,7,2,Winter,0,0,0,0,0,1,0,0.0,27.3,18.1,43.1,Respiratory,4,1,8,115,45,13,8,11,181,175.0,166.0,181.0,175.86,8.71,176.0,173.14,None,0,5,25,7,8,8,6,6,0,1,10,10,8,2,1,28,26,6,2,0,26,0,26,10,2,2,0,8,2,0,2,28,17,7,2,9,17,0,17,0,303,0,22,1,280,22,0,0,179,0,11,0,168,11,0,0,330,0,22,0,308,22,0,0,295,0,45,0,250,45,0,0,189,0,27,0,162,27,0,0,2,16,1,1,1,20,1,1,3,2,1,2,2,3,7,2,2,2,1,1,2,0,0,3,High
2023-02-15,Wednesday,3,7,2,Winter,0,0,0,1,0,0,1,0.2,23.5,16.2,51.3,Respiratory,4,1,6,124,45,9,11,10,189,181.0,175.0,190.0,175.86,8.71,183.0,173.5,None,0,12,19,5,9,9,1,5,1,2,9,10,5,5,1,28,25,10,2,1,25,0,25,10,3,0,2,5,3,0,3,28,15,2,2,11,15,0,15,0,280,0,20,1,259,20,0,0,168,0,9,0,159,9,0,0,308,0,24,0,284,24,0,0,250,0,46,0,204,46,0,0,162,0,21,0,141,21,0,0,2,12,1,0,1,8,0,0,3,2,1,1,1,3,7,1,2,2,1,1,2,0,0,1,High
2023-02-16,Thursday,4,7,2,Winter,0,0,0,0,0,1,0,0.0,25.3,16.8,59.5,,0,0,0,95,14,14,6,8,129,189.0,181.0,184.0,175.71,8.48,173.0,173.93,None,0,5,4,4,1,1,6,7,0,1,1,3,5,0,0,28,27,3,1,0,27,0,27,10,2,3,2,6,2,0,2,28,10,6,2,16,10,0,10,0,259,0,13,0,246,13,0,0,159,0,5,0,154,5,0,0,284,0,11,0,273,11,0,0,904,700,19,2,883,19,0,0,141,0,5,0,136,5,0,0,2,16,1,1,1,20,1,1,2,1,1,2,2,2,7,2,1,1,1,1,3,0,0,2,High
2023-02-17,Friday,5,7,2,Winter,0,0,0,0,0,0,0,0.0,23.2,15.3,60.7,,0,0,0,95,19,9,5,6,128,129.0,189.0,167.0,167.86,17.67,173.0,170.79,None,0,6,5,5,3,0,3,4,1,1,1,3,8,0,0,28,23,9,1,4,23,0,23,10,1,1,2,7,1,0,1,28,9,2,1,18,9,0,9,0,246,0,12,0,234,12,0,0,154,0,6,0,148,6,0,0,273,0,13,0,260,13,0,0,883,0,23,2,858,23,0,0,136,0,4,0,132,4,0,0,2,12,1,0,1,8,0,0,2,1,1,1,1,2,6,1,1,1,1,1,2,0,0,0,Normal
2023-02-18,Saturday,6,7,2,Winter,1,0,0,0,0,0,0,0.0,24.0,14.2,47.5,,0,0,0,83,19,8,10,8,120,128.0,129.0,168.0,162.29,22.54,160.0,167.57,None,0,8,8,2,1,3,2,4,0,2,4,6,7,0,0,28,19,7,0,9,19,0,19,10,3,0,1,6,3,0,3,28,9,3,0,19,9,0,9,0,234,0,13,0,221,13,0,0,148,0,4,0,144,4,0,0,260,0,12,0,248,12,0,0,858,0,22,2,834,22,0,0,132,0,12,0,120,12,0,0,2,8,0,0,1,8,0,0,2,1,1,1,1,2,6,1,1,1,1,1,2,0,0,0,Normal
2023-02-19,Sunday,7,7,2,Winter,1,0,0,0,0,0,0,0.0,23.1,14.6,55.1,,0,0,0,78,15,9,13,8,115,120.0,128.0,166.0,155.43,26.68,152.0,164.71,None,0,5,5,4,1,0,5,3,1,0,1,3,7,0,0,28,18,6,2,8,18,0,18,10,4,1,2,4,4,0,4,28,6,4,1,21,6,0,6,0,221,0,13,0,208,13,0,0,144,0,5,0,139,5,0,0,248,0,10,0,238,10,0,0,834,0,18,2,814,18,0,0,520,400,4,1,515,4,0,0,2,12,1,0,1,8,1,0,2,1,2,1,1,2,6,1,1,1,1,1,4,0,0,0,Normal
2023-02-20,Monday,1,8,2,Winter,0,0,0,0,0,0,0,0.0,26.2,18.3,46.5,,0,0,0,93,18,8,6,7,125,115.0,120.0,175.0,148.14,29.6,176.0,162.07,None,0,4,5,5,4,0,7,0,0,1,1,3,8,0,0,28,12,9,0,16,12,0,12,10,4,0,0,6,4,0,4,28,8,2,1,19,8,0,8,0,208,0,13,0,195,13,0,1,139,0,6,0,133,6,0,0,238,0,12,0,226,12,0,0,814,0,22,2,790,22,0,0,515,0,10,1,504,10,0,0,2,8,0,0,1,20,1,1,2,1,1,2,1,2,6,1,1,1,1,1,2,0,0,1,Watch
2023-02-21,Tuesday,2,8,2,Winter,0,0,0,0,1,1,0,0.4,24.0,15.4,58.3,,0,0,0,100,23,17,8,9,148,125.0,115.0,181.0,141.0,28.26,181.0,158.43,None,0,4,14,3,2,2,6,8,1,2,4,6,4,2,1,28,15,2,0,13,15,0,15,10,6,0,1,3,6,0,6,28,6,4,1,21,6,0,6,0,195,0,15,0,180,15,0,0,133,0,5,0,128,5,0,1,226,0,14,0,212,14,0,0,790,0,26,2,762,26,0,0,504,0,13,0,491,13,0,0,2,20,1,1,1,20,1,1,3,1,1,2,2,2,6,2,1,1,1,1,3,0,0,3,High
2023-02-22,Wednesday,3,8,2,Winter,0,0,0,1,0,0,1,0.0,22.9,14.6,39.9,,0,0,0,106,15,9,13,8,143,148.0,125.0,189.0,136.29,23.55,190.0,156.07,None,0,3,5,3,4,1,4,4,0,1,2,4,5,0,0,28,16,3,2,10,16,0,16,10,3,4,0,7,3,0,3,28,8,1,1,19,8,0,8,0,180,0,13,0,167,13,0,0,128,0,4,0,124,4,0,0,212,0,11,0,201,11,0,1,762,0,20,1,741,20,0,0,491,0,9,0,482,9,0,0,2,8,0,0,1,8,1,0,3,1,2,1,1,2,6,1,1,1,1,1,4,0,0,0,Normal
2023-02-23,Thursday,4,8,2,Winter,0,0,0,0,0,1,0,0.0,27.6,21.1,55.2,,0,0,0,94,15,12,7,7,128,143.0,148.0,129.0,129.71,11.0,184.0,152.71,None,0,3,6,5,1,0,6,3,1,2,1,3,7,0,0,28,16,5,1,11,16,0,16,10,5,0,1,4,5,0,5,28,7,1,1,20,7,0,7,0,167,0,12,0,155,12,0,0,124,0,6,0,118,6,0,0,201,0,11,0,190,11,0,0,741,0,20,1,720,20,0,0,482,0,3,0,479,3,0,0,2,12,1,0,1,20,1,1,2,1,1,2,1,2,6,2,1,1,1,1,3,0,0,1,Watch
2023-02-24,Friday,5,8,2,Winter,0,0,0,0,1,0,0,0.0,24.7,14.4,56.2,,0,0,0,100,17,10,6,8,133,128.0,143.0,128.0,129.57,11.02,167.0,148.71,None,0,4,4,5,4,0,4,3,1,2,1,3,4,0,0,28,15,6,1,12,15,0,15,10,5,1,2,3,5,0,5,28,8,1,1,19,8,0,8,0,155,0,14,0,141,14,0,0,118,0,6,0,112,6,0,0,190,0,12,0,178,12,0,0,720,0,22,1,697,22,0,0,479,0,6,0,473,6,0,0,2,12,1,0,1,8,1,0,3,1,1,1,1,2,6,1,1,1,1,1,2,0,0,0,Normal
2023-02-25,Saturday,6,8,2,Winter,1,0,0,0,0,0,0,0.0,27.0,19.6,51.9,,0,0,0,81,19,8,10,7,118,133.0,128.0,120.0,130.29,11.05,168.0,146.29,None,0,8,7,3,1,0,5,2,0,1,1,3,8,0,0,28,11,5,2,15,11,0,11,10,4,2,1,5,4,0,4,28,12,1,1,15,12,0,12,0,441,300,12,1,428,12,0,0,112,0,5,0,107,5,0,0,178,0,12,0,166,12,0,0,697,0,22,1,674,22,0,0,473,0,14,0,459,14,0,0,2,8,0,0,1,8,1,0,2,1,1,1,1,2,6,1,1,1,1,1,2,0,0,0,Normal
2023-02-26,Sunday,7,8,2,Winter,1,0,0,0,0,0,0,0.0,23.7,15.1,55.7,,0,0,0,81,21,9,13,8,124,118.0,133.0,115.0,130.0,11.34,166.0,142.71,None,0,6,8,0,7,1,6,3,0,0,2,4,6,0,0,28,14,2,2,12,14,0,14,10,2,4,2,6,2,0,2,28,12,1,2,14,12,0,12,0,428,0,13,1,414,13,0,0,357,250,2,1,354,2,0,0,166,0,13,0,153,13,0,0,674,0,23,1,650,23,0,0,459,0,7,0,452,7,0,0,2,8,0,0,1,20,1,1,2,1,2,2,1,2,6,1,1,1,1,1,3,0,0,1,Watch
2023-02-27,Monday,1,9,2,Winter,0,0,0,0,0,0,0,0.0,26.4,17.5,45.6,,0,0,0,97,13,8,7,7,125,124.0,118.0,125.0,131.29,10.0,175.0,139.71,None,0,2,4,3,4,1,3,4,0,1,2,4,5,0,0,28,13,4,2,13,13,0,13,10,5,0,3,2,5,0,5,28,12,1,1,15,12,0,12,0,414,0,11,1,402,11,0,0,354,0,4,1,349,4,0,0,153,0,10,0,143,10,0,0,650,0,18,1,631,18,0,0,452,0,5,0,447,5,0,0,2,8,0,0,1,8,0,0,3,1,1,1,1,2,6,1,1,1,1,1,4,0,0,0,Normal
2023-02-28,Tuesday,2,9,2,Winter,0,0,0,0,0,1,0,1.8,29.3,20.8,49.2,,0,0,0,93,17,13,8,8,131,125.0,124.0,148.0,131.29,10.0,181.0,136.14,None,0,5,7,3,2,3,6,6,0,1,3,5,5,0,0,28,15,2,3,10,15,0,15,10,1,5,0,9,1,0,1,28,12,3,2,14,12,0,12,0,402,0,13,1,388,13,0,0,349,0,4,1,344,4,0,0,423,280,12,0,411,12,0,0,631,0,21,1,609,21,0,0,447,0,12,0,435,12,0,0,2,16,1,1,1,20,1,1,2,1,1,2,2,2,6,2,1,1,1,1,2,0,0,2,Watch
2023-03-01,Wednesday,3,9,3,Summer,0,0,0,1,0,0,1,0.0,29.1,20.3,44.6,,0,0,0,97,14,10,13,8,134,131.0,125.0,143.0,128.86,7.36,189.0,132.57,None,0,4,6,2,2,0,2,3,3,2,1,3,4,0,0,28,15,5,0,13,15,0,15,10,0,1,2,8,0,0,0,28,13,2,0,15,13,0,13,0,388,0,12,1,375,12,0,0,344,0,3,1,340,3,0,0,411,0,11,0,400,11,0,0,609,0,19,1,589,19,0,0,435,0,9,0,426,9,0,0,2,20,1,1,1,8,0,0,3,1,2,1,2,2,6,1,1,1,1,1,4,0,0,1,Watch
2023-03-02,Thursday,4,9,3,Summer,0,0,0,0,0,1,0,0.0,26.8,21.1,50.1,,0,0,0,96,18,12,11,8,137,134.0,131.0,128.0,127.57,5.26,129.0,128.64,None,0,9,4,3,2,1,4,5,0,3,2,4,6,0,0,28,11,7,1,16,11,0,11,10,1,0,0,9,1,0,1,28,17,0,0,11,17,0,17,0,375,0,13,1,361,13,0,0,340,0,4,1,335,4,0,0,400,0,13,0,387,13,0,0,589,0,22,1,566,22,0,0,426,0,11,0,415,11,0,0,2,8,1,0,1,8,1,0,2,1,1,1,1,2,6,2,1,1,1,1,3,0,0,0,Normal
2023-03-03,Friday,5,9,3,Summer,0,0,0,0,0,0,0,0.0,25.8,19.0,53.9,,0,0,0,87,20,9,7,7,123,137.0,134.0,133.0,128.86,6.22,128.0,129.21,None,0,8,5,2,5,1,6,1,0,2,2,4,8,0,0,28,13,2,1,14,13,0,13,10,2,0,1,7,2,0,2,28,17,2,0,11,17,0,17,0,361,0,12,1,348,12,0,0,335,0,4,1,330,4,0,0,387,0,13,0,374,13,0,0,566,0,23,1,542,23,0,0,415,0,7,0,408,7,0,0,2,8,0,0,1,20,1,1,2,1,1,2,1,2,6,1,1,1,1,1,3,0,0,1,Watch
2023-03-04,Saturday,6,9,3,Summer,1,0,1,0,0,0,3,0.5,26.1,18.0,60.2,,0,0,0,88,18,9,22,10,137,123.0,137.0,118.0,127.43,6.25,120.0,128.86,Road_Accident_Surge,3,4,10,2,2,1,7,2,0,0,3,5,4,1,1,28,17,3,0,11,17,0,17,10,1,2,1,8,1,0,1,28,12,7,2,14,12,0,12,0,348,0,15,1,332,15,0,0,330,0,4,1,325,4,0,0,374,0,12,0,362,12,0,0,542,0,21,1,520,21,0,0,408,0,10,0,398,10,0,0,2,8,0,0,1,20,1,1,2,1,3,2,1,2,6,1,1,1,2,3,3,0,0,2,Watch
2023-03-05,Sunday,7,9,3,Summer,1,0,0,0,0,0,0,0.0,27.9,19.9,47.8,,0,0,0,79,18,8,12,7,117,137.0,123.0,124.0,130.14,5.67,115.0,130.07,None,0,8,4,2,4,0,4,3,1,0,1,3,6,0,0,28,17,3,2,9,17,0,17,10,0,1,0,10,0,0,0,28,13,3,2,13,13,0,13,0,332,0,12,1,319,12,0,0,325,0,4,1,320,4,0,0,362,0,12,0,350,12,0,0,520,0,21,1,498,21,0,0,398,0,10,0,388,10,0,0,2,12,1,0,1,8,1,0,2,1,1,1,1,2,6,1,1,1,1,1,3,0,0,0,Normal
2023-03-06,Monday,1,10,3,Summer,0,0,0,0,0,0,0,0.0,30.7,21.8,50.5,,0,0,0,95,19,7,5,7,126,117.0,137.0,125.0,129.14,7.1,125.0,130.21,None,0,6,7,5,1,3,1,5,0,1,3,5,7,0,0,28,13,6,0,15,13,0,13,10,3,0,1,6,3,0,3,28,11,4,2,15,11,0,11,0,319,0,13,1,305,13,0,0,320,0,6,1,313,6,0,0,350,0,13,0,337,13,0,0,498,0,23,1,474,23,0,0,388,0,10,0,378,10,0,0,2,8,0,0,1,8,0,0,2,1,1,1,1,2,6,1,1,1,1,1,2,0,0,0,Normal
2023-03-07,Tuesday,2,10,3,Summer,0,0,0,0,0,1,0,0.0,26.2,19.0,53.0,,0,0,0,97,18,13,4,7,132,126.0,117.0,131.0,129.29,7.02,148.0,130.29,None,0,5,5,5,3,0,9,3,0,1,1,3,6,0,0,28,13,6,2,13,13,0,13,10,4,0,2,4,4,0,4,28,10,1,1,17,10,0,10,0,305,0,13,1,291,13,0,0,313,0,6,1,306,6,0,0,337,0,12,0,325,12,0,0,474,0,22,1,451,22,0,0,378,0,2,0,376,2,0,0,2,16,1,1,1,20,1,1,3,1,1,2,2,2,6,2,1,1,1,1,3,0,0,2,Watch
2023-03-08,Wednesday,3,10,3,Summer,0,0,0,1,0,0,1,0.0,26.8,19.4,57.1,,0,0,0,107,19,8,14,8,148,132.0,126.0,134.0,129.43,7.07,143.0,129.14,None,0,6,7,4,2,1,4,1,0,3,2,4,7,0,0,28,16,2,2,10,16,0,16,10,3,1,0,7,3,0,3,28,11,2,0,17,11,0,11,0,291,0,14,1,276,14,0,0,306,0,6,1,299,6,0,0,325,0,13,0,312,13,0,0,451,0,24,1,426,24,0,0,376,0,10,0,366,10,0,0,2,8,0,0,1,8,1,0,3,1,2,1,1,2,6,1,1,1,2,2,4,0,0,0,Normal
2023-03-09,Thursday,4,10,3,Summer,0,0,0,0,0,1,0,0.0,26.8,17.4,58.9,,0,0,0,94,17,13,6,6,130,148.0,132.0,137.0,131.43,9.6,128.0,129.5,None,0,7,2,4,4,0,5,3,1,4,0,2,7,0,0,28,15,5,1,12,15,0,15,10,4,0,0,6,4,0,4,28,9,3,1,18,9,0,9,0,276,0,11,1,264,11,0,0,299,0,5,1,293,5,0,0,312,0,12,0,300,12,0,0,426,0,21,1,404,21,0,0,366,0,3,0,363,3,0,0,2,20,1,1,1,8,1,0,2,1,1,1,2,2,6,2,1,1,1,1,2,0,0,1,Watch
2023-03-10,Friday,5,10,3,Summer,0,0,0,0,0,0,0,0.0,23.3,17.2,57.5,,0,0,0,93,19,8,7,7,127,130.0,148.0,123.0,130.43,9.33,133.0,129.64,None,0,8,4,3,4,1,3,1,1,3,2,4,8,0,0,28,14,4,0,14,14,0,14,10,3,2,1,6,3,0,3,28,11,1,0,17,11,0,11,0,264,0,12,1,251,12,0,0,293,0,5,1,287,5,0,0,300,0,13,0,287,13,0,0,404,0,23,1,380,23,0,1,363,0,9,0,354,9,0,0,2,12,1,0,1,8,0,0,2,1,1,1,1,2,6,1,1,1,1,1,4,0,0,0,Normal
2023-03-11,Saturday,6,10,3,Summer,1,0,1,0,0,0,1,0.0,29.0,18.8,47.0,,0,0,0,83,20,8,16,8,127,127.0,130.0,137.0,131.0,8.98,118.0,129.21,Road_Accident_Surge,2,10,6,3,1,0,3,3,1,1,1,3,7,0,0,28,15,2,2,11,15,0,15,10,5,1,0,5,5,0,5,28,11,2,0,17,11,0,11,0,251,0,14,0,237,14,0,0,287,0,5,1,281,5,0,0,287,0,13,0,274,13,0,0,380,0,23,1,356,23,0,0,354,0,7,0,347,7,0,0,2,12,1,0,1,8,0,0,2,1,3,1,1,2,6,1,1,1,2,3,4,0,0,0,Watch
2023-03-12,Sunday,7,10,3,Summer,1,0,0,0,0,0,0,0.0,27.7,20.7,42.8,,0,0,0,77,15,10,12,9,114,127.0,127.0,117.0,129.57,8.7,124.0,129.86,None,0,5,6,3,1,2,7,1,1,1,3,5,7,0,0,28,13,6,2,13,13,0,13,10,4,3,0,6,4,0,4,28,13,1,1,14,13,0,13,0,237,0,14,0,223,14,0,0,281,0,4,1,276,4,0,0,274,0,10,0,264,10,0,0,356,0,18,1,337,18,0,0,347,0,11,0,336,11,0,0,2,12,1,0,1,20,1,1,2,1,1,2,1,2,6,1,1,1,1,1,3,0,0,1,Watch
2023-03-13,Monday,1,11,3,Summer,0,0,0,0,0,0,0,0.0,26.2,18.1,50.7,,0,0,0,95,19,9,7,8,130,114.0,127.0,126.0,129.14,9.36,125.0,129.14,None,0,8,4,3,4,1,4,5,0,0,2,4,5,0,0,28,12,4,2,14,12,0,12,10,2,4,1,7,2,0,2,28,15,1,0,13,15,0,15,0,223,0,13,0,210,13,0,0,276,0,5,1,270,5,0,0,264,0,13,0,251,13,0,0,337,0,23,1,313,23,0,0,336,0,9,0,327,9,0,0,2,8,0,0,1,8,1,0,2,1,1,1,1,2,6,1,1,1,1,1,3,0,0,0,Normal
2023-03-14,Tuesday,2,11,3,Summer,0,0,0,0,0,1,0,0.0,26.7,19.5,48.6,,0,0,0,95,21,14,7,7,137,130.0,114.0,132.0,129.71,9.27,131.0,129.5,None,0,4,4,3,10,0,3,9,0,2,1,3,4,0,0,28,15,3,2,11,15,0,15,10,3,0,1,6,3,0,3,28,12,3,1,15,12,0,12,0,210,0,12,0,198,12,0,1,270,0,5,1,264,5,0,0,251,0,13,0,238,13,0,0,313,0,24,1,288,24,0,0,327,0,2,0,325,2,0,0,2,16,1,1,1,8,0,0,2,1,1,1,2,2,6,2,1,1,1,1,4,0,0,1,Watch
2023-03-15,Wednesday,3,11,3,Summer,0,0,0,1,0,0,1,0.0,28.6,21.4,50.6,,0,0,0,105,17,9,10,6,141,137.0,130.0,148.0,130.43,9.6,134.0,129.93,None,0,8,6,0,3,1,5,3,0,1,2,4,4,0,0,28,16,3,2,10,16,0,16,10,3,1,2,5,3,0,3,28,9,4,2,17,9,0,9,0,198,0,10,0,188,10,0,0,264,0,2,1,261,2,0,0,238,0,13,0,225,13,0,0,988,700,22,2,964,22,0,0,325,0,6,0,319,6,0,0,2,8,0,0,1,8,1,0,3,1,1,1,1,2,6,1,1,1,1,1,2,0,0,0,Normal
2023-03-16,Thursday,4,11,3,Summer,0,0,0,0,0,1,0,0.0,25.8,17.5,43.6,,0,0,0,92,16,14,7,8,129,141.0,137.0,130.0,129.43,7.94,137.0,130.43,None,0,5,4,6,1,1,4,8,0,2,2,4,4,0,0,28,18,2,1,9,18,0,18,10,2,2,1,7,2,0,2,28,8,4,0,20,8,0,8,0,188,0,14,0,174,14,0,0,261,0,7,1,253,7,0,0,225,0,11,0,214,11,0,0,964,0,20,2,942,20,0,0,319,0,9,0,310,9,0,0,2,16,1,1,1,8,1,0,2,1,1,1,2,2,6,2,1,1,1,1,4,0,0,1,Watch
2023-03-17,Friday,5,11,3,Summer,0,0,0,0,0,0,0,0.0,29.2,20.6,47.3,,0,0,0,90,20,7,9,8,126,129.0,141.0,127.0,129.29,7.94,123.0,129.86,None,0,7,4,3,6,0,2,3,1,1,1,3,8,0,0,28,18,6,2,8,18,0,18,10,2,1,0,8,2,0,2,28,8,1,0,20,8,0,8,0,174,0,14,0,160,14,0,0,253,0,5,0,248,5,0,0,214,0,13,0,201,13,0,1,942,0,23,2,917,23,0,0,310,0,4,0,306,4,0,0,2,12,1,0,1,8,0,0,2,1,1,1,1,2,6,1,1,1,1,1,4,0,0,0,Normal
2023-03-18,Saturday,6,11,3,Summer,1,0,0,0,0,0,0,2.1,26.0,17.4,50.0,,0,0,0,83,16,7,11,7,117,126.0,129.0,127.0,129.14,7.99,137.0,130.07,None,0,1,4,8,3,0,4,1,1,1,1,3,4,0,0,28,17,4,1,10,17,0,17,10,3,2,1,6,3,0,3,28,7,2,1,20,7,0,7,0,160,0,13,0,147,13,0,0,248,0,9,0,239,9,0,0,201,0,10,0,191,10,0,0,917,0,19,2,896,19,0,0,306,0,4,0,302,4,0,0,2,12,1,0,1,8,1,0,2,1,1,1,1,2,6,1,1,1,1,1,3,0,0,0,Normal
2023-03-19,Sunday,7,11,3,Summer,1,0,0,0,0,0,0,0.0,26.6,16.7,49.4,,0,0,0,78,19,9,11,8,117,117.0,126.0,114.0,127.71,9.07,117.0,128.64,None,0,5,5,5,4,1,5,1,1,2,2,4,6,0,0,28,17,4,2,9,17,0,17,10,1,3,0,9,1,0,1,28,10,0,1,17,10,0,10,0,447,300,14,1,432,14,0,0,239,0,6,0,233,6,0,0,191,0,12,0,179,12,0,0,896,0,21,2,873,21,0,0,302,0,9,0,293,9,0,0,2,12,1,0,1,8,1,0,2,1,1,1,1,2,6,1,1,1,1,1,4,0,0,0,Normal
2023-03-20,Monday,1,12,3,Summer,0,0,0,0,0,0,0,0.0,28.9,20.3,47.7,,0,0,0,101,18,7,7,7,133,117.0,117.0,130.0,128.14,8.46,126.0,128.64,None,0,5,6,3,4,1,4,2,0,1,2,4,7,0,0,28,21,1,2,5,21,0,21,10,2,0,0,8,2,0,2,28,11,0,1,16,11,0,11,0,432,0,12,1,419,12,0,0,233,0,4,0,229,4,0,0,179,0,12,0,167,12,0,0,873,0,22,2,849,22,0,0,293,0,6,0,287,6,0,0,2,8,0,0,1,8,1,0,3,1,1,1,1,2,6,1,1,1,1,1,3,0,0,0,Normal
2023-03-21,Tuesday,2,12,3,Summer,0,0,1,0,0,1,2,0.0,28.3,21.6,48.0,,0,0,0,108,14,14,12,10,148,133.0,117.0,137.0,128.57,8.62,132.0,129.14,None,0,5,5,3,1,0,4,8,1,1,1,3,7,0,0,28,24,3,2,2,24,0,24,10,2,2,2,6,2,0,2,28,13,0,1,14,13,0,13,0,419,0,15,1,403,15,0,0,229,0,4,0,225,4,0,0,167,0,11,0,156,11,0,0,849,0,20,2,827,20,0,0,287,0,6,0,281,6,0,0,2,20,1,1,1,8,1,0,3,1,1,1,2,2,7,2,1,1,1,1,2,0,0,1,Watch
2023-03-22,Wednesday,3,12,3,Summer,0,0,0,1,0,0,1,0.0,24.6,13.7,50.9,,0,0,0,104,16,9,11,8,140,148.0,133.0,141.0,130.14,10.75,148.0,130.29,None,0,4,4,2,6,1,2,3,2,2,2,4,4,0,0,28,26,3,2,0,26,0,26,10,0,2,1,9,0,0,0,28,14,2,1,13,14,0,14,0,403,0,13,1,389,13,0,0,225,0,3,0,222,3,0,0,156,0,12,0,144,12,0,0,827,0,21,2,804,21,0,0,281,0,9,0,272,9,0,0,2,20,1,1,1,8,0,0,3,1,1,1,2,2,7,1,1,1,1,1,2,0,0,1,Watch
2023-03-23,Thursday,4,12,3,Summer,0,0,0,0,0,1,0,1.0,28.4,21.2,48.8,,0,0,0,95,15,14,7,6,131,140.0,148.0,129.0,130.0,10.61,130.0,129.71,None,0,6,3,4,2,0,5,8,0,1,1,3,8,0,0,28,24,5,2,2,24,0,24,10,1,0,1,8,1,0,1,28,14,2,1,13,14,0,14,0,389,0,11,1,377,11,0,0,222,0,5,0,217,5,0,0,424,280,11,0,413,11,0,0,804,0,20,2,782,20,0,0,272,0,6,0,266,6,0,0,2,16,1,1,1,8,1,0,2,1,1,1,2,2,7,2,1,1,1,1,4,0,0,1,Watch
2023-03-24,Friday,5,12,3,Summer,0,0,0,0,0,0,0,0.0,31.4,21.6,47.8,,0,0,0,90,21,8,7,8,126,131.0,140.0,126.0,130.29,10.61,127.0,129.79,None,0,9,6,3,3,0,3,0,2,3,1,3,6,0,0,28,25,3,2,1,25,0,25,10,2,0,1,7,2,0,2,28,14,3,0,14,14,0,14,0,377,0,14,1,362,14,0,0,217,0,5,0,212,5,0,0,413,0,14,0,399,14,0,0,782,0,24,2,756,24,0,0,266,0,9,0,257,9,0,0,2,20,1,1,1,8,0,0,2,1,1,1,2,2,7,1,1,1,1,1,4,0,0,1,Watch
2023-03-25,Saturday,6,12,3,Summer,1,0,0,0,0,0,0,0.1,27.9,19.5,44.7,,0,0,0,84,19,8,9,5,120,126.0,131.0,117.0,130.29,10.61,127.0,129.71,None,0,9,5,3,2,1,4,2,1,1,2,4,4,0,0,28,23,4,2,3,23,0,23,10,3,0,0,7,3,0,3,28,15,1,0,13,15,0,15,0,362,0,10,1,351,10,0,0,212,0,5,0,207,5,0,0,399,0,13,0,386,13,0,0,756,0,22,1,733,22,0,0,257,0,7,0,250,7,0,0,2,12,1,0,1,8,1,0,2,1,1,1,1,2,7,1,1,1,1,1,4,0,0,0,Normal
2023-03-26,Sunday,7,12,3,Summer,1,0,0,0,0,0,0,0.0,33.4,24.8,39.6,,0,0,0,80,14,7,10,6,111,120.0,126.0,117.0,130.71,10.11,114.0,129.21,None,0,3,3,2,6,0,4,3,0,0,1,3,4,0,0,28,19,7,2,7,19,0,19,10,2,2,2,6,2,0,2,28,16,1,2,10,16,0,16,0,351,0,10,1,340,10,0,0,207,0,3,0,204,3,0,0,386,0,10,0,376,10,0,0,733,0,18,1,714,18,0,0,250,0,6,0,244,6,0,0,2,8,0,0,1,8,1,0,2,1,1,1,1,2,7,1,1,1,1,1,4,0,0,0,Normal
2023-03-27,Monday,1,13,3,Summer,0,0,0,0,0,0,0,0.0,32.1,24.3,47.4,,0,0,0,103,18,8,6,6,135,111.0,120.0,133.0,129.86,11.41,130.0,129.0,None,0,7,4,4,3,0,3,5,0,0,1,3,8,0,0,28,20,3,1,7,20,0,20,10,1,2,0,9,1,0,1,28,14,3,2,12,14,0,14,0,340,0,11,1,328,11,0,0,204,0,5,0,199,5,0,0,376,0,13,0,363,13,0,0,714,0,23,1,690,23,0,0,244,0,4,0,240,4,0,0,2,8,0,0,1,8,0,0,3,1,1,1,1,2,6,1,1,1,1,1,2,0,0,0,Normal
2023-03-28,Tuesday,2,13,3,Summer,0,0,1,0,0,1,3,0.0,28.5,20.1,42.1,,0,0,0,108,16,13,16,10,153,135.0,111.0,148.0,130.14,11.51,137.0,129.36,Road_Accident_Surge,2,3,7,5,1,1,5,4,1,3,2,4,8,0,0,28,21,4,0,7,21,0,21,10,3,0,2,5,3,0,3,28,15,2,1,12,15,0,15,0,328,0,16,1,311,16,0,0,199,0,6,0,193,6,0,0,363,0,12,0,351,12,0,0,690,0,21,1,668,21,0,0,240,0,10,0,230,10,0,0,2,20,1,1,1,8,1,0,3,1,3,1,2,2,7,2,1,1,2,3,4,0,0,1,Watch
2023-03-29,Wednesday,3,13,3,Summer,0,0,1,1,0,0,2,0.0,28.5,20.8,54.5,,0,0,0,111,21,10,19,11,161,153.0,135.0,140.0,130.86,12.69,141.0,130.5,Road_Accident_Surge,3,9,5,5,2,0,4,2,0,4,1,3,7,0,0,28,20,6,0,8,20,0,20,10,3,1,2,5,3,0,3,28,18,2,0,10,18,0,18,0,311,0,18,1,292,18,0,0,193,0,7,0,186,7,0,0,351,0,15,0,336,15,0,0,668,0,26,1,641,26,0,0,230,0,12,0,218,12,0,1,2,8,1,0,1,8,1,0,3,1,3,1,1,3,7,1,1,1,2,3,4,0,0,0,Watch
2023-03-30,Thursday,4,13,3,Summer,0,0,0,0,0,1,0,0.0,30.4,23.3,47.2,,0,0,0,98,19,14,8,7,139,161.0,153.0,131.0,133.86,16.43,129.0,131.93,None,0,3,9,5,2,0,3,5,3,3,2,4,5,0,0,28,17,5,1,10,17,0,17,10,3,1,0,7,3,0,3,28,19,3,0,9,19,0,19,0,292,0,13,1,278,13,0,0,186,0,6,0,180,6,0,0,336,0,12,0,324,12,0,0,641,0,23,1,617,23,0,0,218,0,12,0,206,12,0,0,2,20,1,1,1,8,0,0,3,1,1,1,2,2,7,2,1,1,1,1,2,0,0,1,Watch
2023-03-31,Friday,5,13,3,Summer,0,0,0,0,0,0,0,0.4,28.0,19.6,55.6,,0,0,0,91,20,8,9,7,128,139.0,161.0,126.0,135.0,16.47,126.0,132.64,None,0,4,8,5,3,1,4,3,1,0,2,4,8,0,0,28,19,3,1,8,19,0,19,10,1,3,0,9,1,0,1,28,17,3,1,10,17,0,17,0,278,0,13,1,264,13,0,0,180,0,6,0,174,6,0,0,324,0,12,0,312,12,0,0,617,0,23,1,593,23,0,0,206,0,7,0,199,7,0,0,2,12,1,0,1,8,1,0,2,1,1,1,1,2,7,1,1,1,1,1,3,0,0,0,Normal
2023-04-01,Saturday,6,13,4,Summer,1,0,0,0,0,0,0,0.0,29.7,20.8,48.0,,0,0,0,82,15,10,12,9,119,128.0,139.0,120.0,135.29,16.32,117.0,132.79,None,0,5,3,3,4,0,6,2,0,2,1,3,5,0,0,28,17,8,1,10,17,0,17,10,4,0,2,4,4,0,4,28,16,1,2,10,16,0,16,0,264,0,14,0,250,14,0,0,174,0,4,0,170,4,0,0,312,0,10,0,302,10,0,0,593,0,19,1,573,19,0,0,199,0,2,0,197,2,0,0,2,8,1,0,1,20,1,1,2,1,1,2,1,2,7,1,1,1,1,1,2,0,0,1,Watch
2023-04-02,Sunday,7,13,4,Summer,1,0,0,0,0,0,0,0.8,30.5,19.9,49.7,,0,0,0,78,15,8,12,7,113,119.0,128.0,111.0,135.14,16.46,117.0,132.93,None,0,4,3,5,3,1,4,1,2,1,2,4,5,0,0,28,16,5,1,11,16,0,16,10,3,2,0,7,3,0,3,28,14,4,1,13,14,0,14,0,250,0,12,0,238,12,0,0,170,0,6,0,164,6,0,0,302,0,10,0,292,10,0,0,573,0,18,1,554,18,0,0,197,0,6,0,191,6,0,0,2,20,1,1,1,8,1,0,2,1,1,1,2,2,6,1,1,1,1,1,4,0,0,1,Watch
2023-04-03,Monday,1,14,4,Summer,0,0,0,0,0,0,0,0.0,27.5,21.3,58.8,,0,0,0,92,26,7,7,6,132,113.0,119.0,135.0,135.43,16.05,133.0,132.64,None,0,7,7,9,3,1,3,2,1,1,2,4,7,0,0,28,15,6,2,11,15,0,15,10,2,1,0,8,2,0,2,28,13,2,0,15,13,0,13,0,238,0,14,0,224,14,0,0,164,0,11,0,153,11,0,0,292,0,15,0,277,15,0,0,554,0,28,1,525,28,0,0,191,0,6,0,185,6,0,0,2,12,1,0,1,8,0,0,2,1,1,1,1,2,6,1,1,1,1,1,3,0,0,0,Normal
2023-04-04,Tuesday,2,14,4,Summer,0,0,0,0,0,1,0,0.0,28.2,19.8,54.1,,0,0,0,94,18,13,6,7,131,132.0,113.0,153.0,135.0,16.1,148.0,132.57,None,0,4,6,3,5,1,5,6,0,2,2,4,5,0,0,28,20,1,1,7,20,0,20,10,2,0,2,6,2,0,2,28,13,1,1,14,13,0,13,0,224,0,12,0,212,12,0,0,153,0,4,0,149,4,0,0,277,0,12,0,265,12,0,0,525,0,22,1,502,22,0,0,185,0,6,0,179,6,0,0,2,16,1,1,1,8,1,0,2,1,1,1,2,2,6,2,1,1,1,1,2,0,0,1,Watch
2023-04-05,Wednesday,3,14,4,Summer,0,0,0,1,0,0,1,0.0,30.4,21.7,48.2,,0,0,0,107,21,9,11,9,148,131.0,132.0,161.0,131.86,14.33,140.0,131.36,None,0,4,6,4,7,0,2,3,0,4,1,3,6,0,0,28,22,4,0,6,22,0,22,10,2,1,0,8,2,0,2,28,15,0,2,11,15,0,15,0,212,0,15,0,197,15,0,1,149,0,6,0,143,6,0,0,265,0,14,0,251,14,0,0,502,0,25,1,476,25,0,0,579,400,7,1,571,7,0,0,2,8,0,0,1,8,0,0,3,1,1,1,1,2,7,1,1,1,1,1,2,0,0,0,Normal
2023-04-06,Thursday,4,14,4,Summer,0,0,0,0,0,1,0,0.0,29.3,21.5,48.7,,0,0,0,95,23,15,8,9,141,148.0,131.0,139.0,130.0,10.85,131.0,131.93,None,0,11,6,4,2,1,3,6,2,4,2,4,7,0,0,28,21,6,0,7,21,0,21,10,3,0,1,6,3,0,3,28,17,1,1,10,17,0,17,0,197,0,15,0,182,15,0,0,143,0,6,0,137,6,0,0,251,0,15,0,236,15,0,0,476,0,26,1,449,26,0,0,571,0,10,1,560,10,0,0,2,20,1,1,1,8,0,0,2,1,1,1,2,2,7,2,1,1,1,1,2,0,0,1,Watch
2023-04-07,Friday,5,14,4,Summer,0,0,0,0,0,0,0,0.0,28.0,18.7,48.6,,0,0,0,95,19,9,7,7,130,141.0,148.0,128.0,130.29,11.11,126.0,132.64,None,0,6,4,7,2,0,0,6,2,1,1,3,4,0,0,28,22,5,0,6,22,0,22,10,0,3,1,9,0,0,0,28,14,4,1,13,14,0,14,0,182,0,13,0,169,13,0,0,137,0,8,0,129,8,0,1,236,0,13,0,223,13,0,0,449,0,23,1,425,23,0,0,560,0,4,1,555,4,0,0,2,20,1,1,1,8,0,0,2,1,1,1,2,2,7,1,1,1,1,1,3,0,0,1,Watch
2023-04-08,Saturday,6,14,4,Summer,1,0,0,0,0,0,0,0.1,26.2,19.9,52.2,,0,0,0,83,22,8,11,8,124,130.0,141.0,119.0,130.57,11.07,120.0,132.93,None,0,7,7,5,3,0,3,3,0,2,1,3,8,0,0,28,23,5,1,4,23,0,23,10,0,0,1,9,0,0,0,28,11,5,2,15,11,0,11,0,169,0,14,0,155,14,0,0,129,0,7,0,122,7,0,0,223,0,13,0,210,13,0,0,425,0,24,1,400,24,0,1,555,0,8,1,546,8,0,0,2,8,0,0,1,8,0,0,2,1,1,1,1,2,6,1,1,1,1,1,3,0,0,0,Normal
2023-04-09,Sunday,7,14,4,Summer,1,0,0,0,0,0,0,0.0,31.8,23.7,43.0,,0,0,0,73,20,9,10,7,112,124.0,130.0,113.0,131.29,10.44,111.0,133.21,None,0,8,4,5,3,1,3,3,0,3,2,4,4,0,0,28,23,5,2,3,23,0,23,10,0,0,0,10,0,0,0,28,12,1,0,16,12,0,12,0,155,0,13,0,142,13,0,0,122,0,6,0,116,6,0,0,210,0,12,0,198,12,0,1,400,0,22,1,377,22,0,0,546,0,7,1,538,7,0,0,2,8,0,0,1,8,0,0,2,1,1,1,1,2,6,1,1,1,1,1,3,0,0,0,Normal
2023-04-10,Monday,1,15,4,Summer,0,0,0,0,1,0,0,1.0,33.2,23.6,53.0,,0,0,0,100,15,12,6,7,133,112.0,124.0,132.0,131.14,10.7,135.0,133.29,None,0,7,5,2,1,1,4,2,0,6,2,4,8,0,0,28,18,7,1,9,18,0,18,10,1,0,1,8,1,0,1,28,14,2,1,13,14,0,14,0,442,300,11,1,430,11,0,0,116,0,3,0,113,3,0,0,198,0,12,0,186,12,0,0,377,0,20,1,356,20,0,0,538,0,11,1,526,11,0,0,2,8,1,0,1,8,1,0,3,1,1,1,1,2,6,2,1,1,1,1,2,0,0,0,Normal
2023-04-11,Tuesday,2,15,4,Summer,0,0,0,0,0,1,0,0.0,27.4,18.5,48.8,,0,0,0,99,22,14,9,9,144,133.0,112.0,131.0,131.29,10.71,153.0,133.14,None,0,8,5,8,1,1,3,6,1,4,2,4,5,0,0,28,19,6,1,8,19,0,19,10,1,1,1,8,1,0,1,28,14,1,0,14,14,0,14,0,430,0,16,1,413,16,0,0,113,0,9,0,104,9,0,0,186,0,14,0,172,14,0,0,356,0,26,1,329,26,0,0,526,0,5,1,520,5,0,0,2,20,1,1,1,8,0,0,3,1,1,1,2,2,6,2,1,1,1,1,4,0,0,1,Watch
2023-04-12,Wednesday,3,15,4,Summer,0,0,0,1,0,0,1,0.4,30.8,21.3,52.0,,0,0,0,105,17,8,14,8,144,144.0,133.0,148.0,133.14,11.59,161.0,132.5,None,0,7,3,4,3,0,3,4,1,0,1,3,6,0,0,28,22,2,0,6,22,0,22,10,1,0,2,7,1,0,1,28,15,2,1,12,15,0,15,0,413,0,13,1,399,13,0,0,354,250,5,1,348,5,0,0,172,0,13,0,159,13,0,0,329,0,22,1,306,22,0,0,520,0,8,1,511,8,0,0,2,12,1,0,1,8,0,0,3,1,2,1,1,2,7,1,1,1,2,2,3,0,0,0,Normal
2023-04-13,Thursday,4,15,4,Summer,0,0,0,0,0,1,0,0.0,31.7,23.0,40.8,,0,0,0,95,11,15,8,7,129,144.0,144.0,141.0,132.57,10.93,139.0,131.29,None,0,4,2,4,1,0,5,4,2,4,1,3,5,0,0,28,19,6,0,9,19,0,19,10,3,0,2,5,3,0,3,28,12,5,2,14,12,0,12,0,399,0,11,1,387,11,0,0,348,0,5,1,342,5,0,0,159,0,9,0,150,9,0,0,1006,700,16,2,988,16,0,0,511,0,5,1,505,5,0,0,2,20,1,1,1,8,1,0,2,1,1,1,2,2,6,2,1,1,1,1,2,0,0,1,Watch
2023-04-14,Friday,5,15,4,Summer,0,0,0,0,0,0,0,0.0,28.8,22.7,43.9,,0,0,0,88,14,10,8,7,120,129.0,144.0,130.0,130.86,10.4,128.0,130.57,None,0,4,7,2,1,1,5,2,0,3,2,4,6,0,0,28,14,6,2,12,14,0,14,10,6,1,1,3,6,0,6,28,11,3,1,16,11,0,11,0,387,0,11,1,375,11,0,0,342,0,3,1,338,3,0,0,150,0,10,0,140,10,0,0,988,0,18,2,968,18,0,0,505,0,8,0,497,8,0,0,2,8,1,0,1,8,1,0,2,1,1,1,1,2,6,1,1,1,1,1,2,0,0,0,Normal
2023-04-15,Saturday,6,15,4,Summer,1,0,0,0,0,0,0,0.0,30.5,23.1,45.3,,0,0,0,81,20,10,10,7,121,120.0,129.0,124.0,129.43,11.08,119.0,130.0,None,0,6,3,6,5,1,7,0,0,3,1,3,4,0,0,28,14,4,2,12,14,0,14,10,7,1,0,3,7,0,7,28,8,4,2,18,8,0,8,0,375,0,13,1,361,13,0,0,338,0,7,1,330,7,0,0,420,280,12,0,408,12,0,0,968,0,22,2,944,22,0,0,497,0,4,0,493,4,0,0,2,8,1,0,1,20,1,1,2,1,1,2,1,2,6,1,1,1,1,1,4,0,0,1,Watch
2023-04-16,Sunday,7,15,4,Summer,1,0,0,0,0,0,0,0.0,30.3,19.7,48.1,,0,0,0,78,20,9,12,8,119,121.0,120.0,112.0,129.0,11.34,113.0,130.14,None,0,4,7,4,5,1,5,3,0,1,2,4,4,0,0,28,15,4,0,13,15,0,15,10,5,4,3,2,5,0,5,28,9,0,1,18,9,0,9,0,361,0,14,1,346,14,0,0,330,0,6,1,323,6,0,0,408,0,12,0,396,12,0,0,944,0,22,2,920,22,0,0,493,0,6,0,487,6,0,0,2,8,0,0,1,8,1,0,2,1,1,1,1,2,6,1,1,1,1,1,4,0,0,0,Normal
2023-04-17,Monday,1,16,4,Summer,0,0,0,0,0,0,0,0.0,32.2,22.3,49.6,,0,0,0,106,16,9,6,7,137,119.0,121.0,133.0,130.0,10.03,132.0,130.57,None,0,5,4,6,1,0,5,1,1,2,1,3,6,0,0,28,17,2,1,10,17,0,17,10,1,5,1,8,1,0,1,28,11,0,2,15,11,0,11,0,346,0,13,1,332,13,0,0,323,0,7,1,315,7,0,0,396,0,12,0,384,12,0,0,920,0,21,2,897,21,0,0,487,0,6,0,481,6,0,0,2,12,1,0,1,8,1,0,3,1,1,1,1,2,6,1,1,1,1,1,2,0,0,0,Normal
2023-04-18,Tuesday,2,16,4,Summer,0,0,0,0,0,1,0,0.0,30.4,21.8,48.5,,0,0,0,104,17,14,7,8,142,137.0,119.0,144.0,130.57,10.29,131.0,130.93,None,0,2,6,4,5,0,6,5,0,3,1,3,7,0,0,28,17,8,2,9,17,0,17,10,0,1,2,8,0,0,0,28,8,3,0,20,8,0,8,0,332,0,13,1,318,13,0,0,315,0,5,1,309,5,0,0,384,0,12,0,372,12,0,0,897,0,22,2,873,22,0,0,481,0,3,0,478,3,0,0,2,16,1,1,1,20,1,1,3,1,1,2,2,2,6,2,1,1,1,1,2,0,0,2,Watch
2023-04-19,Wednesday,3,16,4,Summer,0,0,0,1,0,0,1,0.0,34.6,26.6,43.1,,0,0,0,104,14,7,12,8,137,142.0,137.0,144.0,130.29,9.94,148.0,131.71,None,0,4,5,2,3,1,4,1,1,1,2,4,8,0,0,28,17,4,2,9,17,0,17,10,2,0,2,6,2,0,2,28,9,1,1,18,9,0,9,0,318,0,12,1,305,12,0,0,309,0,3,1,305,3,0,0,372,0,11,0,361,11,0,0,873,0,20,2,851,20,0,0,478,0,7,0,471,7,0,0,2,12,1,0,1,8,1,0,3,1,1,1,1,2,6,1,1,1,1,1,4,0,0,0,Normal
2023-04-20,Thursday,4,16,4,Summer,0,0,0,0,0,1,0,0.0,33.0,24.2,49.2,,0,0,0,96,19,13,9,10,137,137.0,142.0,129.0,129.29,8.79,141.0,130.93,None,0,4,4,7,4,1,11,2,0,0,2,4,8,0,0,28,12,9,0,16,12,0,12,10,3,0,0,7,3,0,3,28,13,1,2,13,13,0,13,0,305,0,17,1,287,17,0,0,305,0,8,1,296,8,0,0,361,0,12,0,349,12,0,0,851,0,23,2,826,23,0,0,471,0,13,0,458,13,0,0,2,16,1,1,1,20,1,1,2,1,1,2,2,2,6,2,1,1,1,1,4,0,0,2,Watch
2023-04-21,Friday,5,16,4,Summer,0,0,0,0,0,0,0,0.0,31.6,24.3,47.8,,0,0,0,94,15,8,6,6,123,137.0,137.0,120.0,130.43,9.19,130.0,130.64,None,0,6,4,2,3,0,2,5,0,1,1,3,8,0,0,28,13,1,1,14,13,0,13,10,1,2,0,9,1,0,1,28,13,4,2,13,13,0,13,0,287,0,10,1,276,10,0,0,296,0,3,1,292,3,0,0,349,0,11,0,338,11,0,0,826,0,20,2,804,20,0,0,458,0,10,0,448,10,0,0,2,8,0,0,1,8,0,0,2,1,1,1,1,2,6,1,1,1,1,1,2,0,0,0,Normal
2023-04-22,Saturday,6,16,4,Summer,1,0,0,0,0,0,0,0.0,34.2,23.8,39.2,,0,0,0,81,20,7,12,7,120,123.0,137.0,121.0,130.86,8.76,124.0,130.14,None,0,9,6,0,5,0,3,1,1,2,1,3,7,0,0,28,14,2,2,12,14,0,14,10,2,0,1,7,2,0,2,28,14,2,0,14,14,0,14,0,276,0,11,1,264,11,0,0,292,0,2,1,289,2,0,0,338,0,13,0,325,13,0,0,804,0,22,2,780,22,0,0,448,0,9,0,439,9,0,0,2,12,1,0,1,8,0,0,2,1,1,1,1,2,6,1,1,1,1,1,2,0,0,0,Normal
2023-04-23,Sunday,7,16,4,Summer,1,0,0,0,0,0,0,0.0,31.2,22.4,50.1,,0,0,0,80,20,9,10,7,119,120.0,123.0,119.0,130.71,8.92,112.0,129.86,None,0,8,7,2,3,0,5,3,0,1,1,3,7,0,0,28,16,2,0,12,16,0,16,10,1,2,2,7,1,0,1,28,12,4,2,14,12,0,12,0,264,0,12,1,251,12,0,0,289,0,4,1,284,4,0,0,325,0,13,0,312,13,0,0,780,0,22,2,756,22,0,0,439,0,8,0,431,8,0,0,2,8,0,0,1,8,1,0,2,1,1,1,1,2,6,1,1,1,1,1,3,0,0,0,Normal
2023-04-24,Monday,1,17,4,Summer,0,0,0,0,0,0,0,0.0,33.0,26.3,43.8,,0,0,0,104,14,9,6,6,133,119.0,120.0,137.0,130.71,8.92,133.0,130.36,None,0,6,5,0,3,0,6,1,0,2,1,3,5,0,0,28,14,7,1,13,14,0,14,10,1,0,0,9,1,0,1,28,10,3,2,16,10,0,10,0,251,0,9,0,242,9,0,0,284,0,1,1,282,1,0,0,312,0,11,0,301,11,0,0,756,0,20,1,735,20,0,0,431,0,4,0,427,4,0,0,2,8,0,0,1,20,1,1,3,1,1,2,1,2,6,1,1,1,1,1,4,0,0,1,Watch
2023-04-25,Tuesday,2,17,4,Summer,0,0,0,0,0,1,0,0.0,29.9,21.0,45.6,,0,0,0,93,13,16,8,8,130,133.0,119.0,142.0,130.14,8.63,144.0,130.36,None,0,4,4,3,2,0,8,6,0,2,1,3,8,0,0,28,13,5,0,15,13,0,13,10,2,0,1,7,2,0,2,28,11,2,2,15,11,0,11,0,242,0,12,0,230,12,0,0,282,0,4,1,277,4,0,0,301,0,10,0,291,10,0,0,735,0,18,1,716,18,0,0,427,0,8,0,419,8,0,0,2,16,1,1,1,20,1,1,2,1,1,2,2,2,6,2,1,1,1,1,2,0,0,2,Watch
2023-04-26,Wednesday,3,17,4,Summer,0,0,0,1,0,0,1,0.0,32.2,23.5,48.6,,0,0,0,109,19,10,15,10,153,130.0,133.0,137.0,128.43,7.17,144.0,129.36,None,0,9,4,2,4,0,4,3,1,2,1,3,8,0,0,28,15,3,0,13,15,0,15,10,4,1,3,3,4,0,4,28,8,5,1,19,8,0,8,0,230,0,15,0,215,15,0,0,277,0,4,1,272,4,0,0,291,0,14,0,277,14,0,0,716,0,24,1,691,24,0,0,419,0,6,0,413,6,0,0,2,12,1,0,1,8,1,0,3,1,2,1,1,2,6,1,1,1,2,2,2,0,0,0,Normal
2023-04-27,Thursday,4,17,4,Summer,0,0,0,0,0,1,0,0.0,29.5,19.4,47.4,,0,0,0,97,18,14,6,8,135,153.0,130.0,137.0,130.71,11.04,129.0,130.0,None,0,8,7,2,1,1,7,5,1,1,2,4,6,0,0,28,21,1,2,5,21,0,21,10,3,2,2,5,3,0,3,28,6,2,0,22,6,0,6,0,215,0,13,0,202,13,0,0,272,0,4,1,267,4,0,0,277,0,13,0,264,13,0,0,691,0,22,1,668,22,0,0,413,0,4,0,409,4,0,0,2,20,1,1,1,20,1,1,3,1,1,2,2,2,6,2,1,1,1,1,3,0,0,2,Watch
2023-04-28,Friday,5,17,4,Summer,0,0,0,0,0,0,0,0.0,30.3,22.6,46.7,,0,0,0,97,18,9,6,6,130,135.0,153.0,123.0,130.43,10.9,120.0,130.43,None,0,7,6,1,4,1,6,2,0,1,2,4,4,0,0,28,18,6,0,10,18,0,18,10,3,2,2,5,3,0,3,28,5,2,1,22,5,0,5,0,202,0,10,0,192,10,0,1,267,0,3,1,263,3,0,0,264,0,13,0,251,13,0,0,668,0,22,1,645,22,0,0,409,0,6,0,403,6,0,0,2,8,0,0,1,20,1,1,3,1,1,2,1,2,6,1,1,1,1,1,2,0,0,1,Watch
2023-04-29,Saturday,6,17,4,Summer,1,0,0,0,0,0,0,0.0,35.0,27.0,48.8,,0,0,0,81,15,8,13,8,117,130.0,135.0,120.0,131.43,10.49,121.0,131.14,None,0,8,3,2,2,2,2,4,0,2,2,4,4,0,0,28,8,13,1,19,8,0,8,10,3,2,2,5,3,0,3,28,6,2,0,22,6,0,6,0,192,0,12,0,180,12,0,0,263,0,3,1,259,3,0,0,251,0,11,0,240,11,0,0,645,0,18,1,626,18,0,0,403,0,9,0,394,9,0,0,2,8,0,0,1,8,0,0,2,1,2,1,1,2,5,1,1,1,1,1,3,0,0,0,Normal
2023-04-30,Sunday,7,17,4,Summer,1,0,0,0,0,0,0,0.0,29.0,20.5,44.8,,0,0,0,83,17,9,11,8,120,117.0,130.0,119.0,131.0,10.99,119.0,130.86,None,0,4,9,3,1,3,3,3,0,3,4,6,6,0,0,28,6,3,1,21,6,0,6,10,5,0,2,3,5,0,5,28,8,3,2,18,8,0,8,0,180,0,13,0,167,13,0,0,259,0,4,1,254,4,0,0,240,0,11,0,229,11,0,0,626,0,20,1,605,20,0,0,394,0,17,0,377,17,0,0,2,8,0,0,1,8,0,0,2,1,1,1,1,2,5,1,1,1,1,1,3,0,0,0,Normal
2023-05-01,Monday,1,18,5,Summer,0,1,0,0,0,0,1,3.5,31.1,23.3,43.4,,0,0,0,103,22,10,7,9,142,120.0,117.0,133.0,131.14,10.84,137.0,130.93,None,0,9,7,4,2,0,3,4,0,3,1,3,7,0,0,28,10,3,1,17,10,0,10,10,2,4,0,8,2,0,2,28,9,0,1,18,9,0,9,0,167,0,15,0,152,15,0,0,254,0,6,0,248,6,0,0,229,0,15,0,214,15,0,0,605,0,26,1,578,26,0,0,377,0,6,0,371,6,0,0,2,8,1,0,1,8,0,0,3,1,1,1,1,2,5,1,1,1,1,1,4,0,0,0,Normal
2023-05-02,Tuesday,2,18,5,Summer,0,0,0,0,0,1,0,0.0,32.1,22.8,48.5,,0,0,0,99,17,12,8,8,136,142.0,120.0,130.0,132.43,11.5,142.0,131.29,None,0,4,4,4,5,0,5,4,0,3,1,3,6,0,0,28,13,2,2,13,13,0,13,10,2,1,1,7,2,0,2,28,11,0,0,17,11,0,11,0,152,0,13,0,139,13,0,0,248,0,5,0,243,5,0,0,214,0,12,0,202,12,0,1,578,0,22,1,555,22,0,0,371,0,6,0,365,6,0,0,2,8,1,0,1,8,1,0,3,1,1,1,1,2,6,2,1,1,1,1,4,0,0,0,Normal
2023-05-03,Wednesday,3,18,5,Summer,0,0,0,1,0,0,1,0.5,30.5,22.9,47.8,,0,0,0,110,17,8,9,8,144,136.0,142.0,153.0,133.29,11.51,137.0,130.86,None,0,6,3,4,4,0,2,3,0,3,1,3,8,0,0,28,14,4,1,13,14,0,14,10,2,1,2,6,2,0,2,28,10,3,2,16,10,0,10,0,439,300,13,1,425,13,0,0,243,0,5,0,238,5,0,0,202,0,13,0,189,13,0,0,555,0,22,1,532,22,0,0,365,0,6,0,359,6,0,0,2,8,0,0,1,8,0,0,3,1,1,1,1,2,6,1,1,1,1,1,2,0,0,0,Normal
2023-05-04,Thursday,4,18,5,Summer,0,0,0,0,0,1,0,0.0,33.1,24.8,46.3,,0,0,0,93,18,15,7,9,133,144.0,136.0,135.0,132.0,9.58,137.0,131.36,None,0,5,8,4,1,1,5,6,2,2,2,4,6,0,0,28,12,5,0,16,12,0,12,10,1,2,1,8,1,0,1,28,10,5,1,17,10,0,10,0,425,0,15,1,409,15,0,0,238,0,5,0,233,5,0,0,189,0,12,0,177,12,0,0,532,0,22,1,509,22,0,0,359,0,15,0,344,15,0,0,2,20,1,1,1,8,1,0,2,1,1,1,2,2,5,2,1,1,1,1,2,0,0,1,Watch
2023-05-05,Friday,5,18,5,Summer,0,0,0,0,0,0,0,1.8,32.8,24.4,53.1,,0,0,0,99,18,8,4,7,129,133.0,144.0,130.0,131.71,9.51,123.0,131.07,None,0,5,3,6,4,0,3,1,0,4,1,3,7,0,0,28,13,4,0,15,13,0,13,10,2,0,0,8,2,0,2,28,6,5,1,21,6,0,6,0,409,0,13,1,395,13,0,0,233,0,7,0,226,7,0,0,177,0,12,0,165,12,0,0,509,0,22,1,486,22,0,0,344,0,4,0,340,4,0,0,2,8,0,0,1,8,0,0,3,1,1,1,1,2,5,1,1,1,1,1,3,0,0,0,Normal
2023-05-06,Saturday,6,18,5,Summer,1,0,0,0,0,0,0,0.0,30.4,21.9,49.9,,0,0,0,81,21,7,11,7,120,129.0,133.0,117.0,131.57,9.54,120.0,131.5,None,0,7,7,4,3,0,5,0,0,2,1,3,7,0,0,28,15,1,0,13,15,0,15,10,3,2,2,5,3,0,3,28,6,1,0,22,6,0,6,0,395,0,13,1,381,13,0,0,226,0,6,0,220,6,0,0,165,0,13,0,152,13,0,0,486,0,23,1,462,23,0,0,340,0,6,0,334,6,0,0,2,8,0,0,1,8,1,0,2,1,1,1,1,2,6,1,1,1,1,1,4,0,0,0,Normal
2023-05-07,Sunday,7,18,5,Summer,1,0,0,0,0,0,0,0.9,31.6,24.2,45.3,,0,0,0,83,18,10,9,7,120,120.0,129.0,120.0,132.0,8.93,119.0,131.5,None,0,5,4,6,3,0,3,5,2,0,1,3,8,0,0,28,18,2,2,8,18,0,18,10,3,2,0,7,3,0,3,28,4,2,1,23,4,0,4,0,381,0,13,1,367,13,0,0,220,0,7,0,213,7,0,0,152,0,11,0,141,11,0,0,462,0,21,1,440,21,0,0,334,0,2,0,332,2,0,0,2,20,1,1,1,8,0,0,2,1,1,1,2,2,6,1,1,1,1,1,3,0,0,1,Watch
2023-05-08,Monday,1,19,5,Summer,0,0,0,0,0,0,0,0.0,33.6,25.2,43.0,Diarrheal,3,1,4,114,31,8,6,7,159,120.0,120.0,142.0,132.0,8.93,133.0,131.57,None,0,8,3,12,8,0,3,1,1,3,1,3,7,0,0,28,13,9,2,13,13,0,13,10,4,1,0,6,4,0,4,28,5,0,0,23,5,0,5,0,367,0,17,1,349,17,0,0,213,0,14,0,199,14,0,0,421,280,18,0,403,18,0,0,440,0,34,1,405,34,0,0,332,0,6,0,326,6,0,0,2,12,1,0,1,8,0,0,3,1,1,1,1,2,5,1,1,1,1,1,2,0,0,0,Watch
2023-05-09,Tuesday,2,19,5,Summer,0,0,0,0,0,1,0,0.0,31.8,22.5,40.0,Diarrheal,3,1,5,109,29,15,8,11,161,159.0,120.0,136.0,134.43,12.79,130.0,133.43,None,0,4,2,20,3,0,5,6,1,3,1,3,6,0,0,28,17,5,0,11,17,0,17,10,3,1,2,5,3,0,3,28,6,1,0,22,6,0,6,0,349,0,24,1,324,24,0,0,199,0,21,0,178,21,0,0,403,0,16,0,387,16,0,0,405,0,32,1,372,32,0,1,326,0,8,0,318,8,0,0,2,20,1,1,1,8,1,0,3,1,1,1,2,3,6,2,1,1,1,1,2,0,0,1,Watch
2023-05-10,Wednesday,3,19,5,Summer,0,0,0,1,0,0,1,0.0,31.2,21.3,48.9,Diarrheal,3,1,6,118,32,8,9,9,167,161.0,159.0,144.0,138.0,15.86,153.0,135.64,None,0,2,7,19,4,1,3,1,1,3,2,4,4,0,0,28,17,5,1,10,17,0,17,10,3,2,2,5,3,0,3,28,8,0,2,18,8,0,8,0,324,0,21,1,302,21,0,0,178,0,20,0,158,20,0,0,387,0,18,0,369,18,0,0,372,0,35,1,336,35,0,0,318,0,11,0,307,11,0,0,2,12,1,0,1,8,0,0,3,1,1,1,1,3,6,1,1,1,1,1,4,0,0,0,Watch
2023-05-11,Thursday,4,19,5,Summer,0,0,0,0,0,1,0,0.0,31.4,24.7,45.3,Diarrheal,3,1,3,103,33,14,7,10,157,167.0,161.0,133.0,141.29,18.86,135.0,136.64,None,0,4,6,18,5,1,8,1,0,5,2,4,7,0,0,28,22,2,1,5,22,0,22,10,4,0,0,6,4,0,4,28,8,2,2,18,8,0,8,0,302,0,22,1,279,22,0,0,158,0,20,0,138,20,0,0,369,0,18,0,351,18,0,0,336,0,35,1,300,35,0,0,307,0,11,0,296,11,0,0,2,16,1,1,1,20,1,1,3,1,1,2,2,2,6,2,1,1,1,1,4,0,0,2,Watch
2023-05-12,Friday,5,19,5,Summer,0,0,0,0,0,0,0,0.0,31.6,25.4,44.6,Diarrheal,3,1,3,108,34,8,5,7,155,157.0,167.0,129.0,144.71,19.22,130.0,138.21,None,0,9,8,13,4,2,4,3,0,1,3,5,4,1,1,28,22,3,1,5,22,0,22,10,3,2,1,6,3,0,3,28,10,1,0,18,10,0,10,0,279,0,17,1,261,17,0,0,138,0,15,0,123,15,0,1,351,0,19,0,332,19,0,0,300,0,36,1,263,36,0,0,296,0,15,0,281,15,0,0,2,8,0,0,1,8,1,0,3,1,1,1,1,2,6,1,1,1,1,1,2,0,0,1,Watch
2023-05-13,Saturday,6,19,5,Summer,1,0,0,0,0,0,0,0.0,32.2,22.5,43.8,Diarrheal,3,1,3,96,28,10,11,11,145,155.0,157.0,120.0,148.43,18.31,117.0,140.0,None,0,6,6,13,3,0,8,0,2,0,1,3,5,0,0,28,18,10,2,8,18,0,18,10,1,3,0,9,1,0,1,28,11,3,0,17,11,0,11,0,261,0,21,0,240,21,0,0,123,0,15,0,108,15,0,0,332,0,16,0,316,16,0,0,263,0,30,0,233,30,0,0,281,0,14,0,267,14,0,0,2,20,1,1,1,20,1,1,2,1,1,2,2,2,6,1,1,1,1,1,3,0,0,2,Watch
2023-05-14,Sunday,7,19,5,Summer,1,0,0,0,0,0,0,0.0,30.8,20.9,52.9,Diarrheal,3,1,4,90,31,8,11,9,140,145.0,155.0,120.0,152.0,14.45,120.0,142.0,None,0,6,2,18,5,0,2,3,0,3,1,3,6,0,0,28,17,4,0,11,17,0,17,10,2,1,1,7,2,0,2,28,12,3,1,15,12,0,12,0,240,0,21,0,219,21,0,0,108,0,19,0,89,19,0,0,316,0,17,0,299,17,0,0,933,700,32,2,899,32,0,0,267,0,12,0,255,12,0,0,2,8,0,0,1,8,0,0,2,1,1,1,1,2,6,1,1,1,1,1,2,0,0,0,Watch
2023-05-15,Monday,1,20,5,Summer,0,0,0,0,1,0,0,0.0,30.1,19.4,46.5,Diarrheal,3,1,5,115,34,12,8,10,169,140.0,145.0,159.0,154.86,8.66,142.0,143.43,None,0,9,2,17,6,0,7,1,0,4,1,3,4,0,0,28,18,4,2,8,18,0,18,10,4,1,4,2,4,0,4,28,10,4,1,17,10,0,10,0,219,0,22,0,197,22,0,1,89,0,19,0,70,19,0,0,299,0,19,0,280,19,0,0,899,0,36,2,861,36,0,0,255,0,8,0,247,8,0,0,2,8,1,0,1,20,1,1,3,1,1,2,1,3,6,2,1,1,1,1,3,0,0,1,Watch
2023-05-16,Tuesday,2,20,5,Summer,0,0,0,0,0,1,0,0.0,33.3,25.6,45.6,Diarrheal,3,1,5,110,31,14,7,9,162,169.0,140.0,161.0,156.29,9.95,136.0,145.36,None,0,8,3,16,4,0,1,10,0,3,1,3,7,0,0,28,16,6,1,11,16,0,16,10,2,3,2,6,2,0,2,28,10,4,1,17,10,0,10,0,197,0,20,0,177,20,0,0,70,0,18,0,52,18,0,0,280,0,18,0,262,18,0,0,861,0,34,2,825,34,0,0,247,0,12,0,235,12,0,0,2,16,1,1,1,8,0,0,3,1,1,1,2,3,6,2,1,1,1,1,4,0,0,1,Watch
2023-05-17,Wednesday,3,20,5,Summer,0,0,0,1,0,0,1,0.0,34.3,25.3,47.2,Diarrheal,3,1,5,121,28,8,13,9,170,162.0,169.0,167.0,156.43,10.03,144.0,147.21,None,0,7,7,13,1,1,2,2,2,2,2,4,5,0,0,28,13,7,0,15,13,0,13,10,4,2,0,6,4,0,4,28,10,1,2,16,10,0,10,0,177,0,19,0,158,19,0,0,302,250,15,1,286,15,0,0,262,0,17,0,245,17,0,0,825,0,32,2,791,32,0,0,235,0,9,0,226,9,0,1,2,20,1,1,1,8,0,0,3,1,2,1,2,3,6,1,1,1,1,1,3,0,0,1,Watch
2023-05-18,Thursday,4,20,5,Summer,0,0,0,0,0,1,0,0.3,31.8,24.3,50.0,Diarrheal,3,1,3,101,35,13,7,9,156,170.0,162.0,157.0,156.86,10.52,133.0,149.07,None,0,5,7,20,3,0,4,5,1,3,1,3,6,0,0,28,17,4,0,11,17,0,17,10,4,0,2,4,4,0,4,28,9,2,2,17,9,0,9,0,158,0,22,0,136,22,0,0,286,0,22,1,263,22,0,0,245,0,18,0,227,18,0,0,791,0,36,2,753,36,0,0,226,0,8,0,218,8,0,0,2,20,1,1,1,8,1,0,3,1,1,1,2,2,6,2,1,1,1,1,2,0,0,1,Watch
2023-05-19,Friday,5,20,5,Summer,0,0,0,0,0,0,0,0.0,33.7,22.7,44.1,Diarrheal,3,1,3,109,32,8,5,8,154,156.0,170.0,155.0,156.71,10.52,129.0,150.71,None,0,4,2,23,3,1,5,2,0,1,1,3,5,0,0,28,17,6,0,11,17,0,17,10,4,1,0,6,4,0,4,28,8,2,1,19,8,0,8,0,136,0,21,0,115,21,0,0,263,0,24,0,239,24,0,0,227,0,17,0,210,17,0,0,753,0,34,1,718,34,0,0,218,0,7,0,211,7,0,0,2,8,0,0,1,8,1,0,3,1,1,1,1,2,6,1,1,1,1,1,3,0,0,0,Watch
2023-05-20,Saturday,6,20,5,Summer,1,0,0,0,0,0,0,0.0,34.7,28.1,40.5,Diarrheal,3,1,5,100,27,8,12,9,147,154.0,156.0,145.0,156.57,10.55,120.0,152.5,None,0,5,5,13,4,0,3,4,0,1,1,3,5,0,0,28,20,1,1,7,20,0,20,10,7,1,1,2,7,0,7,28,7,2,2,19,7,0,7,0,415,300,19,1,395,19,0,0,239,0,14,0,225,14,0,0,210,0,15,0,195,15,0,1,718,0,30,1,687,30,0,0,211,0,8,0,203,8,0,0,2,8,0,0,1,8,0,0,3,1,1,1,1,2,6,1,1,1,1,1,3,0,0,0,Watch
2023-05-21,Sunday,7,20,5,Summer,1,0,0,0,0,0,0,0.0,31.9,22.7,44.1,,0,0,0,80,13,10,14,8,117,147.0,154.0,140.0,156.86,10.26,120.0,154.43,None,0,6,3,3,1,0,6,1,1,2,1,3,5,0,0,28,18,6,1,9,18,0,18,10,3,4,1,6,3,0,3,28,11,0,1,16,11,0,11,0,395,0,12,1,382,12,0,0,225,0,4,0,221,4,0,0,195,0,10,0,185,10,0,0,687,0,17,1,669,17,0,0,203,0,10,0,193,10,0,0,2,12,1,0,1,20,1,1,2,1,2,2,1,2,6,1,1,1,2,2,3,0,0,1,Watch
2023-05-22,Monday,1,21,5,Summer,0,0,0,0,0,0,0,0.0,33.9,24.4,38.0,,0,0,0,102,14,10,9,7,135,117.0,147.0,169.0,153.57,16.76,159.0,154.21,None,0,1,4,6,3,1,5,2,0,3,2,4,4,0,0,28,14,8,0,14,14,0,14,10,3,2,1,6,3,0,3,28,9,3,0,19,9,0,9,0,382,0,12,1,369,12,0,0,221,0,7,0,214,7,0,0,185,0,10,0,175,10,0,0,669,0,19,1,649,19,0,0,193,0,5,0,188,5,0,0,2,8,1,0,1,8,1,0,3,1,1,1,1,2,6,1,1,1,1,1,4,0,0,0,Normal
2023-05-23,Tuesday,2,21,5,Summer,0,0,0,0,0,1,0,0.0,33.0,25.9,35.1,,0,0,0,95,13,14,5,6,127,135.0,117.0,162.0,148.71,16.51,161.0,152.5,None,0,3,1,7,2,1,3,8,0,3,1,3,4,0,0,28,14,5,1,13,14,0,14,10,1,2,2,7,1,0,1,28,7,3,0,21,7,0,7,0,369,0,11,1,357,11,0,0,214,0,8,0,206,8,0,0,175,0,10,0,165,10,0,0,649,0,18,1,630,18,0,0,188,0,3,0,185,3,0,0,2,16,1,1,1,8,0,0,2,1,1,1,2,2,5,2,1,1,1,1,3,0,0,1,Watch
2023-05-24,Wednesday,3,21,5,Summer,0,0,0,1,0,0,1,0.0,31.8,25.1,49.3,,0,0,0,105,16,9,12,9,142,127.0,135.0,170.0,143.71,17.02,167.0,150.07,None,0,6,5,1,4,1,4,4,0,1,2,4,7,0,0,28,17,1,2,9,17,0,17,10,2,1,1,7,2,0,2,28,9,1,2,17,9,0,9,0,357,0,14,1,342,14,0,0,206,0,2,0,204,2,0,0,165,0,12,0,153,12,0,0,630,0,21,1,608,21,0,0,585,400,9,1,575,9,0,0,2,8,0,0,1,8,1,0,3,1,1,1,1,2,6,1,1,1,1,1,4,0,0,0,Normal
2023-05-25,Thursday,4,21,5,Summer,0,0,0,0,0,1,0,0.0,31.4,23.5,46.6,,0,0,0,92,16,12,5,6,125,142.0,127.0,156.0,139.71,13.24,157.0,148.29,None,0,7,4,4,1,2,5,4,1,2,2,4,4,0,0,28,19,3,2,7,19,0,19,10,0,2,2,8,0,0,0,28,10,0,0,18,10,0,10,0,342,0,11,1,330,11,0,0,204,0,5,0,199,5,0,0,153,0,12,0,141,12,0,0,608,0,20,1,587,20,0,0,575,0,6,1,568,6,0,0,2,12,1,0,1,8,1,0,2,1,1,1,1,2,6,2,1,1,1,1,2,0,0,0,Normal
2023-05-26,Friday,5,21,5,Summer,0,0,0,0,0,0,0,0.0,32.7,25.2,43.4,,0,0,0,88,15,9,6,7,118,125.0,142.0,154.0,135.29,12.2,155.0,146.0,None,0,5,2,5,3,0,4,1,2,2,0,2,6,0,0,28,18,6,1,9,18,0,18,10,1,0,1,8,1,0,1,28,9,2,0,19,9,0,9,0,330,0,12,1,317,12,0,0,199,0,6,0,193,6,0,0,421,280,11,0,410,11,0,0,587,0,19,1,567,19,0,0,568,0,3,1,564,3,0,0,2,20,1,1,1,8,1,0,2,1,1,1,2,2,6,1,1,1,1,1,2,0,0,1,Watch
2023-05-27,Saturday,6,21,5,Summer,1,0,0,0,0,0,0,0.0,30.9,21.8,44.8,,0,0,0,88,14,8,13,8,123,118.0,125.0,147.0,130.14,10.72,145.0,143.36,None,0,4,4,4,2,1,4,3,0,1,2,4,4,0,0,28,22,1,0,6,22,0,22,10,1,1,1,8,1,0,1,28,9,2,2,17,9,0,9,0,317,0,13,1,303,13,0,0,193,0,5,0,188,5,0,0,410,0,10,0,400,10,0,0,567,0,18,1,548,18,0,0,564,0,7,1,556,7,0,0,2,8,0,0,1,8,1,0,2,1,2,1,1,2,6,1,1,1,1,1,4,0,0,0,Normal
2023-05-28,Sunday,7,21,5,Summer,1,0,0,0,0,0,0,0.0,34.5,25.6,44.3,,0,0,0,76,14,9,12,8,111,123.0,118.0,117.0,126.71,8.36,140.0,141.79,None,0,6,5,1,2,1,4,2,2,1,2,4,6,0,0,28,22,3,1,5,22,0,22,10,2,0,1,7,2,0,2,28,13,0,1,14,13,0,13,0,303,0,12,1,290,12,0,0,188,0,2,0,186,2,0,0,400,0,10,0,390,10,0,0,548,0,17,1,530,17,0,0,556,0,11,1,544,11,0,0,2,20,1,1,1,8,1,0,2,1,1,1,2,2,7,1,1,1,1,1,2,0,0,1,Watch
2023-05-29,Monday,1,22,5,Summer,0,0,0,0,0,0,0,0.0,34.3,25.8,46.5,,0,0,0,98,14,10,9,6,131,111.0,123.0,135.0,125.86,9.54,169.0,139.71,None,0,5,4,5,0,0,7,0,1,2,1,3,7,0,0,28,23,2,1,4,23,0,23,10,1,2,0,9,1,0,1,28,12,3,0,16,12,0,12,0,290,0,11,1,278,11,0,0,186,0,6,0,180,6,0,0,390,0,11,0,379,11,0,0,530,0,19,1,510,19,0,0,544,0,6,1,537,6,0,0,2,12,1,0,1,20,1,1,3,1,1,2,1,2,7,1,1,1,1,1,4,0,0,1,Watch
2023-05-30,Tuesday,2,22,5,Summer,0,0,0,0,0,1,0,0.2,36.3,28.2,48.8,,0,0,0,94,17,14,7,8,132,131.0,111.0,127.0,125.29,9.08,162.0,137.0,None,0,7,4,4,2,0,8,3,0,3,1,3,6,0,0,28,21,7,2,5,21,0,21,10,2,0,2,6,2,0,2,28,12,2,2,14,12,0,12,0,278,0,13,1,264,13,0,0,180,0,5,0,175,5,0,0,379,0,12,0,367,12,0,0,510,0,21,1,488,21,0,0,537,0,6,1,530,6,0,0,2,16,1,1,1,20,1,1,2,1,1,2,2,2,6,2,1,1,1,1,2,0,0,2,Watch
2023-05-31,Wednesday,3,22,5,Summer,0,0,0,1,0,0,1,0.0,33.5,26.2,46.0,,0,0,0,104,11,8,14,7,137,132.0,131.0,142.0,126.0,9.38,170.0,134.86,None,0,3,6,1,1,3,4,3,0,1,3,5,7,0,0,28,16,8,0,12,16,0,16,10,3,2,0,7,3,0,3,28,10,3,2,16,10,0,10,0,264,0,10,1,253,10,0,0,175,0,2,0,173,2,0,0,367,0,10,0,357,10,0,0,488,0,17,1,470,17,0,0,530,0,7,1,522,7,0,0,2,8,0,0,1,8,1,0,3,1,2,1,1,2,6,1,1,1,2,2,2,0,0,0,Normal
2023-06-01,Thursday,4,22,6,Monsoon,0,0,0,0,0,1,0,35.2,34.9,23.4,84.9,,0,0,0,87,34,13,9,9,143,137.0,132.0,125.0,125.29,8.26,156.0,132.5,None,0,13,9,8,4,0,4,6,0,3,2,4,5,0,0,28,17,5,2,9,17,0,17,10,0,3,0,10,0,0,0,28,9,4,0,19,9,0,9,0,253,0,18,0,235,18,0,0,173,0,11,0,162,11,0,0,357,0,19,0,338,19,0,0,470,0,34,1,435,34,0,0,522,0,10,1,511,10,0,0,2,16,1,1,1,8,1,0,2,1,1,1,2,2,6,2,1,1,1,1,3,0,0,1,Watch
2023-06-02,Friday,5,22,6,Monsoon,0,0,0,0,1,0,0,10.0,34.0,25.8,69.9,,0,0,0,95,26,12,9,9,142,143.0,137.0,118.0,127.86,10.32,154.0,131.57,None,0,10,5,7,4,0,3,1,2,6,1,3,6,0,0,28,18,4,2,8,18,0,18,10,2,0,1,7,2,0,2,28,8,3,0,20,8,0,8,0,235,0,17,0,218,17,0,0,162,0,9,0,153,9,0,0,338,0,16,0,322,16,0,0,435,0,28,1,406,28,0,0,511,0,6,1,504,6,0,0,2,20,1,1,1,8,0,0,2,1,1,1,2,2,6,2,1,1,1,1,2,0,0,1,Watch
2023-06-03,Saturday,6,22,6,Monsoon,1,0,0,0,0,0,0,3.4,32.0,23.8,69.0,,0,0,0,85,28,9,11,8,133,142.0,143.0,123.0,131.29,10.46,147.0,130.71,None,0,12,3,7,6,1,6,0,1,2,1,3,5,0,0,28,15,8,2,11,15,0,15,10,3,1,2,5,3,0,3,28,7,2,2,19,7,0,7,0,218,0,16,0,202,16,0,0,153,0,9,0,144,9,0,0,322,0,16,0,306,16,0,0,406,0,29,1,376,29,0,1,504,0,4,0,500,4,0,0,2,12,1,0,1,20,1,1,2,1,1,2,1,2,6,1,1,1,1,1,4,0,0,1,Watch
2023-06-04,Sunday,7,22,6,Monsoon,1,0,0,0,0,0,0,1.1,36.7,28.9,68.6,,0,0,0,79,25,10,9,7,123,133.0,142.0,111.0,132.71,9.9,117.0,129.71,None,0,8,8,5,4,2,3,2,0,5,3,5,6,0,0,28,18,0,1,9,18,0,18,10,2,2,1,7,2,0,2,28,10,0,0,18,10,0,10,0,202,0,14,0,188,14,0,1,144,0,7,0,137,7,0,0,306,0,14,0,292,14,0,0,376,0,26,1,349,26,0,0,500,0,12,0,488,12,0,0,2,8,1,0,1,8,0,0,2,1,1,1,1,2,6,1,1,1,1,1,4,0,0,0,Normal
2023-06-05,Monday,1,23,6,Monsoon,0,0,0,0,0,0,0,24.9,32.3,26.9,83.5,,0,0,0,100,31,7,7,9,145,123.0,133.0,131.0,134.43,6.41,135.0,130.14,None,0,13,8,4,6,3,6,0,0,1,4,6,4,2,1,28,19,4,1,8,19,0,19,10,1,1,0,9,1,0,1,28,13,1,0,15,13,0,13,0,188,0,17,0,171,17,0,0,137,0,7,0,130,7,0,0,292,0,18,0,274,18,0,0,349,0,33,1,315,33,0,0,488,0,14,0,474,14,0,0,2,8,0,0,1,20,1,1,3,1,1,2,1,2,6,1,1,1,1,1,3,0,0,2,Watch
2023-06-06,Tuesday,2,23,6,Monsoon,0,0,0,0,0,1,0,2.5,33.7,26.6,68.7,,0,0,0,97,24,13,8,10,142,145.0,123.0,132.0,136.43,7.17,127.0,130.86,None,0,9,7,4,4,2,3,10,0,0,3,5,5,0,0,28,22,2,2,4,22,0,22,10,3,0,0,7,3,0,3,28,15,1,2,11,15,0,15,0,171,0,17,0,154,17,0,0,130,0,6,0,124,6,0,1,274,0,15,0,259,15,0,0,315,0,27,1,287,27,0,0,474,0,11,0,463,11,0,0,2,16,1,1,1,8,0,0,3,1,1,1,2,2,7,2,1,1,1,1,4,0,0,1,Watch
2023-06-07,Wednesday,3,23,6,Monsoon,0,0,0,1,0,0,1,5.2,35.1,25.2,70.7,,0,0,0,107,29,6,14,10,156,142.0,145.0,137.0,137.86,7.14,142.0,131.93,None,0,9,7,9,4,0,3,2,1,0,1,3,7,0,0,28,21,4,2,5,21,0,21,10,4,2,2,4,4,0,4,28,17,2,2,9,17,0,17,0,154,0,19,0,135,19,0,0,124,0,11,0,113,11,0,0,259,0,17,0,242,17,0,0,287,0,32,1,254,32,0,0,463,0,12,0,451,12,0,0,2,12,1,0,1,8,0,0,3,1,2,1,1,2,7,1,1,1,2,2,4,0,0,0,Normal
2023-06-08,Thursday,4,23,6,Monsoon,0,0,0,0,0,1,0,15.2,31.2,22.4,81.3,,0,0,0,89,29,11,8,10,137,156.0,142.0,143.0,140.57,9.51,125.0,132.93,None,0,10,7,8,4,2,5,4,0,2,3,5,7,0,0,28,25,3,2,1,25,0,25,10,1,3,2,7,1,0,1,28,14,6,2,12,14,0,14,0,135,0,19,0,116,19,0,0,113,0,10,0,103,10,0,0,242,0,17,0,225,17,0,0,954,700,30,2,922,30,0,0,451,0,11,0,440,11,0,0,2,8,1,0,1,8,1,0,2,1,1,1,1,2,7,2,1,1,1,1,4,0,0,0,Normal
2023-06-09,Friday,5,23,6,Monsoon,0,0,0,0,0,0,0,5.4,31.8,24.6,75.1,,0,0,0,93,29,9,5,9,136,137.0,156.0,142.0,139.71,9.53,118.0,133.79,None,0,12,5,6,6,0,4,4,0,1,1,3,5,0,0,28,26,5,0,2,26,0,26,10,2,1,0,8,2,0,2,28,12,3,1,15,12,0,12,0,416,300,17,1,398,17,0,0,103,0,8,0,95,8,0,0,225,0,17,0,208,17,0,0,922,0,31,2,889,31,0,0,440,0,4,0,436,4,0,0,2,8,0,0,1,8,1,0,2,1,1,1,1,2,7,1,1,1,1,1,4,0,0,0,Normal
2023-06-10,Saturday,6,23,6,Monsoon,1,0,0,0,0,0,0,12.0,36.4,26.5,68.1,,0,0,0,82,29,9,10,8,130,136.0,137.0,133.0,138.86,9.55,123.0,135.07,None,0,11,8,8,2,1,4,2,1,2,2,4,5,0,0,28,25,4,1,2,25,0,25,10,4,1,2,4,4,0,4,28,13,1,2,13,13,0,13,0,398,0,16,1,381,16,0,0,95,0,10,0,85,10,0,0,208,0,16,0,192,16,0,1,889,0,30,2,857,30,0,0,436,0,9,0,427,9,0,0,2,12,1,0,1,8,1,0,2,1,1,1,1,2,7,1,1,1,1,1,3,0,0,0,Normal
2023-06-11,Sunday,7,23,6,Monsoon,1,0,0,0,0,0,0,24.3,33.7,26.5,79.1,,0,0,0,79,32,7,12,9,130,130.0,136.0,123.0,138.43,9.87,111.0,135.57,None,0,12,4,9,7,0,2,2,1,2,1,3,5,0,0,28,19,12,2,7,19,0,19,10,3,1,1,6,3,0,3,28,15,1,0,13,15,0,15,0,381,0,18,1,362,18,0,0,335,250,11,1,323,11,0,0,192,0,18,0,174,18,0,0,857,0,32,2,823,32,0,0,427,0,8,0,419,8,0,0,2,12,1,0,1,8,0,0,2,1,1,1,1,2,7,1,1,1,1,1,3,0,0,0,Normal
2023-06-12,Monday,1,24,6,Monsoon,0,0,0,0,0,0,0,18.7,33.2,24.9,72.8,,0,0,0,98,27,7,5,6,137,130.0,130.0,145.0,139.43,8.52,131.0,136.93,None,0,9,11,5,2,2,4,2,1,0,3,5,5,0,0,28,18,4,0,10,18,0,18,10,3,1,0,7,3,0,3,28,16,1,2,10,16,0,16,0,362,0,13,1,348,13,0,0,323,0,7,1,315,7,0,0,174,0,16,0,158,16,0,0,823,0,29,2,792,29,0,0,419,0,11,0,408,11,0,0,2,12,1,0,1,8,1,0,3,1,1,1,1,2,7,1,1,1,1,1,2,0,0,0,Normal
2023-06-13,Tuesday,2,24,6,Monsoon,0,0,0,0,0,1,0,2.6,35.1,24.7,72.8,,0,0,0,100,25,12,7,6,144,137.0,130.0,142.0,138.29,8.22,132.0,137.36,None,0,10,5,6,4,1,3,7,1,1,2,4,8,0,0,28,20,2,2,6,20,0,20,10,1,3,0,9,1,0,1,28,11,6,0,17,11,0,11,0,348,0,13,1,334,13,0,0,315,0,8,1,306,8,0,0,158,0,16,0,142,16,0,0,792,0,28,2,762,28,0,0,408,0,5,0,403,5,0,0,2,12,1,0,1,8,0,0,3,1,1,1,1,2,6,2,1,1,1,1,3,0,0,0,Normal
2023-06-14,Wednesday,3,24,6,Monsoon,0,0,0,1,0,0,1,33.5,32.0,22.9,84.9,,0,0,0,101,37,9,15,10,162,144.0,137.0,156.0,138.57,8.38,137.0,138.21,None,0,14,9,10,4,2,2,3,1,3,3,5,7,0,0,28,23,3,1,4,23,0,23,10,4,0,2,4,4,0,4,28,9,3,2,17,9,0,9,0,334,0,21,1,312,21,0,0,306,0,13,1,292,13,0,0,142,0,21,0,121,21,0,0,762,0,38,1,723,38,0,0,403,0,8,0,395,8,0,0,2,12,1,0,1,8,0,0,3,1,2,1,1,3,7,1,2,1,2,2,4,0,0,0,Normal
2023-06-15,Thursday,4,24,6,Monsoon,0,0,0,0,0,1,0,15.5,31.8,23.8,77.9,,0,0,0,92,30,13,6,8,141,162.0,144.0,137.0,139.43,10.22,143.0,140.0,None,0,8,6,4,12,0,3,9,1,0,1,3,5,0,0,28,25,4,1,2,25,0,25,10,1,4,0,9,1,0,1,28,9,1,1,18,9,0,9,0,312,0,15,1,296,15,0,0,292,0,7,1,284,7,0,0,121,0,17,0,104,17,0,0,723,0,31,1,691,31,0,0,395,0,5,0,390,5,0,0,2,20,1,1,1,8,0,0,2,1,1,1,2,2,6,2,1,1,1,1,3,0,0,1,Watch
2023-06-16,Friday,5,24,6,Monsoon,0,0,0,0,0,0,0,43.8,36.3,30.3,81.0,,0,0,0,88,31,7,7,7,133,141.0,162.0,136.0,140.0,10.18,142.0,139.86,Flood_Disruption,2,11,2,8,10,0,4,2,0,1,1,3,6,0,0,28,22,5,2,4,22,0,22,10,4,0,2,4,4,0,4,28,8,3,2,18,8,0,8,0,296,0,15,1,280,15,0,0,284,0,10,1,273,10,0,0,384,280,17,0,367,17,0,0,691,0,32,1,658,32,0,0,390,0,5,0,385,5,0,0,2,8,0,0,1,8,1,0,2,1,2,1,1,2,6,1,1,1,1,1,3,0,0,0,Watch
2023-06-17,Saturday,6,24,6,Monsoon,1,0,0,0,1,0,0,10.1,32.9,25.0,73.2,,0,0,0,83,31,9,12,9,135,133.0,141.0,130.0,139.57,10.4,133.0,139.21,None,0,7,9,8,7,1,2,2,1,4,2,4,6,0,0,28,26,4,2,0,26,0,26,10,1,3,1,8,1,0,1,28,4,5,2,22,4,0,4,0,280,0,18,1,261,18,0,0,273,0,10,1,262,10,0,0,367,0,16,0,351,16,0,0,658,0,31,1,626,31,0,0,385,0,7,0,378,7,0,0,2,12,1,0,1,8,0,0,2,1,1,1,1,2,6,1,1,1,1,1,3,0,0,0,Normal
2023-06-18,Sunday,7,24,6,Monsoon,1,0,0,0,0,0,0,20.2,31.6,24.6,79.9,,0,0,0,77,27,7,11,8,122,135.0,133.0,130.0,140.29,9.88,123.0,139.36,None,0,14,6,5,2,0,2,4,0,1,1,3,6,0,0,28,22,7,1,5,22,0,22,10,1,1,2,7,1,0,1,28,6,2,0,22,6,0,6,0,261,0,15,0,246,15,0,0,262,0,7,1,254,7,0,0,351,0,16,0,335,16,0,0,626,0,28,1,597,28,0,0,378,0,11,0,367,11,0,0,2,8,0,0,1,8,0,0,2,1,1,1,1,2,6,1,1,1,1,1,2,0,0,0,Normal
2023-06-19,Monday,1,25,6,Monsoon,0,0,0,0,0,0,0,47.0,34.3,25.9,81.4,,0,0,0,99,36,6,8,8,149,122.0,135.0,137.0,139.14,11.36,145.0,139.29,Flood_Disruption,2,20,3,4,9,1,3,1,1,1,1,3,5,0,0,28,22,6,2,4,22,0,22,10,2,0,1,7,2,0,2,28,5,2,2,21,5,0,5,0,246,0,16,0,230,16,0,0,254,0,7,0,247,7,0,0,335,0,22,0,313,22,0,0,597,0,37,1,559,37,0,0,367,0,4,0,363,4,0,0,2,12,1,0,1,8,0,0,3,1,2,1,1,2,6,1,2,1,1,1,2,0,0,0,Watch
2023-06-20,Tuesday,2,25,6,Monsoon,0,0,0,0,0,1,0,29.8,30.5,21.8,80.1,,0,0,0,96,32,12,7,9,147,149.0,122.0,144.0,140.86,11.8,142.0,139.57,None,0,15,10,5,2,1,5,2,1,4,2,4,8,0,0,28,28,2,0,0,28,0,28,10,1,1,0,9,1,0,1,28,6,0,2,20,6,0,6,0,230,0,17,0,213,17,0,0,247,0,8,0,239,8,0,0,313,0,19,0,294,19,0,0,559,0,33,1,525,33,0,0,363,0,8,0,355,8,0,0,2,12,1,0,1,8,1,0,2,1,1,1,1,2,6,2,1,1,1,1,2,0,0,0,Normal
2023-06-21,Wednesday,3,25,6,Monsoon,0,0,0,1,0,0,1,10.0,35.3,25.8,70.6,,0,0,0,100,26,8,12,9,146,147.0,149.0,162.0,141.29,11.96,156.0,139.93,None,0,7,9,6,4,1,5,1,0,2,2,4,5,0,0,28,26,3,2,0,27,1,27,10,3,0,1,6,3,0,3,28,9,2,1,18,9,0,9,1,213,0,16,0,197,16,0,1,239,0,8,0,231,8,0,0,294,0,16,0,278,16,0,0,525,0,29,1,495,29,0,0,355,0,15,0,340,15,0,0,2,8,0,0,1,8,1,0,3,1,1,1,1,2,7,1,1,1,1,1,2,0,0,1,High
2023-06-22,Thursday,4,25,6,Monsoon,0,0,0,0,0,1,0,13.1,34.7,25.0,73.4,,0,0,0,89,29,14,3,8,135,146.0,147.0,141.0,139.0,8.93,137.0,139.21,None,0,11,10,5,3,0,7,5,1,1,2,4,6,0,0,28,16,14,0,12,16,0,16,10,1,3,2,7,1,0,1,28,12,1,1,15,12,0,12,0,197,0,15,0,182,15,0,0,231,0,7,0,224,7,0,0,278,0,17,0,261,17,0,0,495,0,30,1,464,30,0,0,340,0,13,0,327,13,0,0,2,20,1,1,1,20,1,1,2,1,1,2,2,2,6,2,1,1,1,1,2,0,0,2,Watch
2023-06-23,Friday,5,25,6,Monsoon,0,0,0,0,0,0,0,11.4,35.0,27.3,71.7,,0,0,0,89,26,9,5,6,129,135.0,146.0,133.0,138.14,8.98,136.0,139.07,None,0,9,6,9,2,0,3,3,2,1,1,3,4,0,0,28,12,8,2,14,12,0,12,10,1,0,2,7,1,0,1,28,12,2,1,15,12,0,12,0,182,0,14,0,168,14,0,0,224,0,11,0,213,11,0,0,261,0,15,0,246,15,0,0,464,0,28,1,435,28,0,0,327,0,7,0,320,7,0,0,2,20,1,1,1,8,0,0,2,1,1,1,2,2,6,1,1,1,1,1,4,0,0,1,Watch
2023-06-24,Saturday,6,25,6,Monsoon,1,0,0,0,0,0,0,13.9,36.0,28.3,73.9,,0,0,0,82,25,7,8,8,122,129.0,135.0,135.0,137.57,9.41,130.0,138.57,None,0,8,5,6,6,1,2,5,0,0,2,4,6,0,0,28,14,3,0,14,14,0,14,10,2,0,1,7,2,0,2,28,9,5,0,19,9,0,9,0,168,0,15,0,153,15,0,0,213,0,8,0,205,8,0,0,246,0,14,0,232,14,0,0,435,0,27,1,407,27,0,0,320,0,7,0,313,7,0,0,2,8,0,0,1,8,0,0,2,1,1,1,1,2,6,1,1,1,1,1,4,0,0,0,Normal
2023-06-25,Sunday,7,25,6,Monsoon,1,0,0,0,0,0,0,24.5,33.7,24.9,78.6,,0,0,0,73,28,7,10,9,118,122.0,129.0,122.0,135.71,10.9,130.0,138.0,None,0,12,7,6,3,0,2,3,1,1,1,3,8,0,0,28,9,11,2,17,9,0,9,10,2,2,0,8,2,0,2,28,10,0,1,17,10,0,10,0,153,0,17,0,136,17,0,0,205,0,8,0,197,8,0,0,232,0,16,0,216,16,0,0,407,0,28,1,378,28,0,1,313,0,6,0,307,6,0,0,2,12,1,0,1,8,0,0,2,1,1,1,1,2,5,1,1,1,1,1,4,0,0,0,Normal
2023-06-26,Monday,1,26,6,Monsoon,0,0,0,0,0,0,0,15.6,34.6,27.5,74.5,,0,0,0,98,25,5,6,7,134,118.0,122.0,149.0,135.14,11.68,137.0,137.14,None,0,11,7,3,4,0,3,0,0,2,1,3,8,0,0,28,14,1,1,13,14,0,14,10,1,1,0,9,1,0,1,28,7,4,1,20,7,0,7,0,436,300,13,1,422,13,0,0,197,0,5,0,192,5,0,0,216,0,16,0,200,16,0,1,378,0,28,1,349,28,0,0,307,0,6,0,301,6,0,0,2,8,0,0,1,8,0,0,3,1,1,1,1,2,5,1,1,1,1,1,3,0,0,0,Normal
2023-06-27,Tuesday,2,26,6,Monsoon,0,0,0,0,0,1,0,18.2,33.3,23.9,81.3,,0,0,0,92,30,13,7,9,142,134.0,118.0,147.0,133.0,10.23,144.0,136.93,None,0,12,9,6,3,0,4,7,0,2,2,4,6,0,0,28,13,5,0,15,13,0,13,10,3,0,1,6,3,0,3,28,9,1,0,19,9,0,9,0,422,0,17,1,404,17,0,0,192,0,8,0,184,8,0,0,200,0,18,0,182,18,0,0,349,0,31,1,317,31,0,0,301,0,10,0,291,10,0,0,2,16,1,1,1,8,1,0,2,1,1,1,2,2,6,2,1,1,1,1,2,0,0,1,Watch
2023-06-28,Wednesday,3,26,6,Monsoon,0,0,0,1,0,0,1,11.6,31.6,21.3,74.4,,0,0,0,101,33,7,10,9,151,142.0,134.0,146.0,132.29,9.36,162.0,136.79,None,0,13,11,6,3,0,4,3,0,0,2,4,4,0,0,28,12,7,2,14,12,0,12,10,1,2,2,7,1,0,1,28,11,1,2,15,11,0,11,0,404,0,18,1,385,18,0,0,184,0,9,0,175,9,0,0,182,0,19,0,163,19,0,0,317,0,34,1,282,34,0,0,291,0,12,0,279,12,0,0,2,8,0,0,1,8,1,0,3,1,1,1,1,2,6,1,1,1,1,1,2,0,0,0,Normal
2023-06-29,Thursday,4,26,6,Monsoon,0,0,0,0,0,1,0,11.1,32.4,23.4,70.4,,0,0,0,93,26,12,6,7,137,151.0,142.0,135.0,133.0,10.5,141.0,136.0,None,0,9,6,7,4,1,3,4,2,3,2,4,7,0,0,28,14,3,0,14,14,0,14,10,1,1,1,8,1,0,1,28,11,1,0,17,11,0,11,0,385,0,14,1,370,14,0,0,175,0,9,0,166,9,0,0,163,0,16,0,147,16,0,0,282,0,28,1,253,28,0,0,279,0,6,0,273,6,0,0,2,20,1,1,1,8,0,0,2,1,1,1,2,2,6,2,1,1,1,1,2,0,0,1,Watch
2023-06-30,Friday,5,26,6,Monsoon,0,0,0,0,0,0,0,13.9,32.6,22.6,71.1,,0,0,0,89,26,8,6,8,129,137.0,151.0,129.0,133.29,10.58,133.0,135.71,None,0,10,7,6,3,0,1,3,1,3,1,3,7,0,0,28,17,4,2,9,17,0,17,10,2,0,1,7,2,0,2,28,8,3,0,20,8,0,8,0,370,0,15,1,354,15,0,0,166,0,8,0,158,8,0,0,147,0,16,0,131,16,0,0,953,700,28,2,923,28,0,0,273,0,4,0,269,4,0,0,2,12,1,0,1,8,0,0,2,1,1,1,1,2,6,1,1,1,1,1,4,0,0,0,Normal
2023-07-01,Saturday,6,26,7,Monsoon,1,0,0,0,0,0,0,15.6,32.8,24.1,72.7,,0,0,0,82,27,7,13,9,129,129.0,137.0,122.0,133.29,10.58,135.0,135.43,None,0,9,10,6,2,1,5,1,0,1,3,5,8,0,0,28,14,8,1,13,14,0,14,10,1,2,2,7,1,0,1,28,10,1,0,18,10,0,10,0,354,0,17,1,336,17,0,0,158,0,8,0,150,8,0,0,131,0,15,0,116,15,0,0,923,0,28,2,893,28,0,0,269,0,12,0,257,12,0,0,2,8,0,0,1,8,1,0,2,1,2,1,1,2,6,1,1,1,1,1,4,0,0,0,Normal
2023-07-02,Sunday,7,26,7,Monsoon,1,0,0,0,0,0,0,35.2,33.2,26.0,82.1,,0,0,0,76,33,8,13,9,130,129.0,129.0,118.0,134.29,9.76,122.0,135.0,None,0,17,5,7,4,1,2,4,1,1,2,4,6,0,0,28,13,5,1,14,13,0,13,10,2,0,0,8,2,0,2,28,11,3,2,15,11,0,11,0,336,0,18,1,317,18,0,0,150,0,10,0,140,10,0,0,396,280,19,0,377,19,0,0,893,0,32,2,859,32,0,0,257,0,11,0,246,11,0,0,2,12,1,0,1,8,0,0,2,1,2,1,1,2,6,1,1,1,1,1,4,0,0,0,Normal
2023-07-03,Monday,1,27,7,Monsoon,0,0,0,0,0,0,0,29.6,36.2,28.2,82.5,,0,0,0,98,36,6,7,8,147,130.0,129.0,134.0,136.0,7.56,149.0,135.57,None,0,14,11,9,2,1,3,1,1,1,3,5,4,1,1,28,13,2,0,15,13,0,13,10,4,0,0,6,4,0,4,28,11,4,2,15,11,0,11,0,317,0,18,1,298,18,0,0,140,0,12,0,128,12,0,1,377,0,20,0,357,20,0,0,859,0,37,2,820,37,0,0,246,0,14,0,232,14,0,0,2,12,1,0,1,8,0,0,3,1,1,1,1,2,6,1,1,1,1,1,3,0,0,1,Watch
2023-07-04,Tuesday,2,27,7,Monsoon,0,0,0,0,0,1,0,42.5,33.2,27.6,86.0,,0,0,0,96,36,10,5,9,147,147.0,130.0,142.0,137.86,8.39,147.0,135.43,Flood_Disruption,2,18,8,6,4,1,3,6,0,1,2,4,8,0,0,28,14,2,0,14,14,0,14,10,4,2,2,4,4,0,4,28,14,1,1,13,14,0,14,0,298,0,18,1,279,18,0,0,128,0,9,0,119,9,0,0,357,0,21,0,336,21,0,0,820,0,36,2,782,36,0,0,232,0,13,0,219,13,0,1,2,8,1,0,1,8,0,0,2,1,2,1,1,2,6,1,2,1,1,1,3,0,0,0,Watch
2023-07-05,Wednesday,3,27,7,Monsoon,0,0,0,1,0,0,1,22.4,32.6,25.3,75.5,,0,0,0,102,30,8,11,9,151,147.0,147.0,151.0,138.57,8.91,146.0,135.43,None,0,12,4,9,5,0,3,3,2,0,1,3,7,0,0,28,16,3,2,10,16,0,16,10,4,1,1,5,4,0,4,28,17,0,1,10,17,0,17,0,279,0,18,1,260,18,0,0,119,0,11,0,108,11,0,0,336,0,18,0,318,18,0,0,782,0,32,2,748,32,0,0,219,0,8,0,211,8,0,0,2,20,1,1,1,8,0,0,3,1,1,1,2,2,7,1,1,1,1,1,2,0,0,1,Watch
2023-07-06,Thursday,4,27,7,Monsoon,0,0,0,0,1,1,0,11.6,35.8,25.4,74.0,,0,0,0,92,27,17,5,10,141,151.0,147.0,137.0,138.57,8.91,135.0,135.79,None,0,9,7,6,5,2,4,6,0,7,3,5,8,0,0,28,16,5,2,10,16,0,16,10,4,2,1,5,4,0,4,28,17,3,1,10,17,0,17,0,260,0,18,0,242,18,0,0,108,0,8,0,100,8,0,0,318,0,16,0,302,16,0,0,748,0,29,1,718,29,0,0,211,0,11,0,200,11,0,0,2,16,1,1,1,8,1,0,2,1,1,1,2,2,7,2,1,1,1,1,2,0,0,1,Watch
2023-07-07,Friday,5,27,7,Monsoon,0,0,0,0,0,0,0,47.7,32.8,24.4,86.3,,0,0,0,86,37,6,8,7,137,141.0,151.0,129.0,139.14,8.92,129.0,136.21,Flood_Disruption,2,14,6,14,3,0,3,3,0,0,1,3,4,0,0,28,15,4,2,11,15,0,15,10,0,4,2,8,0,0,0,28,18,3,0,10,18,0,18,0,242,0,18,0,224,18,0,0,100,0,16,0,84,16,0,0,302,0,20,0,282,20,0,0,718,0,36,1,681,36,0,0,200,0,11,0,189,11,0,0,2,8,0,0,1,8,0,0,2,1,2,1,1,2,6,1,1,1,1,1,4,0,0,0,Watch
2023-07-08,Saturday,6,27,7,Monsoon,1,0,0,0,0,0,0,20.1,32.0,25.7,75.7,,0,0,0,83,26,6,11,9,126,137.0,141.0,129.0,140.29,8.01,122.0,136.79,None,0,8,6,7,5,0,3,2,0,1,1,3,6,0,0,28,16,5,2,10,16,0,16,10,0,0,2,8,0,0,0,28,16,5,1,11,16,0,16,0,224,0,17,0,207,17,0,0,334,250,9,1,324,9,0,0,282,0,15,0,267,15,0,0,681,0,27,1,653,27,0,0,189,0,9,0,180,9,0,0,2,8,0,0,1,8,0,0,2,1,1,1,1,2,6,1,1,1,1,1,3,0,0,0,Normal
2023-07-09,Sunday,7,27,7,Monsoon,1,0,0,0,0,0,0,41.3,33.5,25.5,86.4,,0,0,0,75,31,6,13,9,125,126.0,137.0,130.0,139.86,8.66,118.0,137.07,Flood_Disruption,2,10,11,8,2,3,3,2,0,1,4,6,6,0,0,28,17,3,0,11,17,0,17,10,2,0,1,7,2,0,2,28,17,2,2,9,17,0,17,0,207,0,18,0,189,18,0,1,324,0,10,1,313,10,0,0,267,0,17,0,250,17,0,0,653,0,31,1,621,31,0,0,180,0,14,0,166,14,0,0,2,8,0,0,1,8,0,0,2,1,3,1,1,2,7,1,1,1,1,1,4,0,0,0,Watch
2023-07-10,Monday,1,28,7,Monsoon,0,0,0,0,0,0,0,10.8,34.4,28.7,72.6,,0,0,0,96,30,7,7,7,140,125.0,126.0,147.0,139.14,9.6,134.0,137.57,None,0,8,12,7,3,2,2,1,1,3,3,5,5,0,0,28,16,3,1,11,16,0,16,10,1,2,0,9,1,0,1,28,18,3,1,9,18,0,18,0,189,0,15,0,174,15,0,0,313,0,9,1,303,9,0,0,250,0,17,0,233,17,0,0,621,0,32,1,588,32,0,0,166,0,16,0,150,16,0,0,2,12,1,0,1,8,0,0,2,1,1,1,1,2,6,1,1,1,1,1,4,0,0,0,Normal
2023-07-11,Tuesday,2,28,7,Monsoon,0,0,0,0,0,1,0,8.7,30.8,24.3,76.9,,0,0,0,95,30,14,8,9,147,140.0,125.0,147.0,138.14,9.08,142.0,138.0,None,0,11,12,2,5,2,5,5,2,2,3,5,8,0,0,28,18,5,2,8,18,0,18,10,1,0,2,7,1,0,1,28,18,2,1,9,18,0,18,0,174,0,16,0,158,16,0,0,303,0,5,1,297,5,0,0,233,0,17,0,216,17,0,0,588,0,32,1,555,32,0,0,550,400,12,1,537,12,0,0,2,20,1,1,1,8,1,0,2,1,1,1,2,2,7,2,1,1,1,1,2,0,0,1,Watch
2023-07-12,Wednesday,3,28,7,Monsoon,0,0,0,1,0,0,1,7.6,34.8,25.2,69.6,,0,0,0,102,26,6,12,9,146,147.0,140.0,151.0,138.14,9.08,151.0,138.36,None,0,12,3,7,4,1,2,2,0,2,2,4,4,0,0,28,18,6,1,9,18,0,18,10,3,0,0,7,3,0,3,28,18,1,2,8,18,0,18,0,158,0,17,0,141,17,0,0,297,0,9,1,287,9,0,0,216,0,17,0,199,17,0,1,555,0,29,1,525,29,0,0,537,0,4,1,532,4,0,0,2,8,0,0,1,8,0,0,3,1,1,1,1,2,7,1,1,1,1,1,3,0,0,0,Normal
2023-07-13,Thursday,4,28,7,Monsoon,0,0,0,0,0,1,0,17.5,33.9,25.5,80.2,,0,0,0,91,31,13,11,11,146,146.0,147.0,141.0,137.43,8.19,137.0,138.0,None,0,18,8,4,1,0,5,6,1,1,2,4,4,0,0,28,24,4,2,2,24,0,24,10,3,1,0,7,3,0,3,28,18,0,0,10,18,0,18,0,141,0,19,0,122,19,0,0,287,0,7,1,279,7,0,0,199,0,19,0,180,19,0,0,525,0,32,1,492,32,0,0,532,0,4,1,527,4,0,0,2,20,1,1,1,8,1,0,2,1,1,1,2,2,7,2,1,1,1,1,4,0,0,1,Watch
2023-07-14,Friday,5,28,7,Monsoon,0,0,0,0,0,0,0,18.2,33.4,26.5,78.7,,0,0,0,91,25,5,7,6,128,146.0,146.0,137.0,138.14,8.68,129.0,138.64,None,0,9,6,8,2,1,3,2,0,0,2,4,5,0,0,28,19,7,2,7,19,0,19,10,2,2,0,8,2,0,2,28,13,8,2,13,13,0,13,0,422,300,13,1,408,13,0,0,279,0,10,1,268,10,0,0,180,0,15,0,165,15,0,0,492,0,27,1,464,27,0,0,527,0,10,1,516,10,0,0,2,8,0,0,1,8,0,0,2,1,1,1,1,2,6,1,1,1,1,1,4,0,0,0,Normal
2023-07-15,Saturday,6,28,7,Monsoon,1,0,0,0,0,0,0,13.8,31.3,24.1,74.3,,0,0,0,79,29,8,11,8,127,128.0,146.0,126.0,136.86,9.39,129.0,138.57,None,0,13,5,8,3,1,2,4,1,1,2,4,8,0,0,28,14,7,2,12,14,0,14,10,3,2,0,7,3,0,3,28,14,2,1,13,14,0,14,0,408,0,16,1,391,16,0,0,268,0,10,1,257,10,0,0,165,0,17,0,148,17,0,0,464,0,30,1,433,30,0,0,516,0,9,1,506,9,0,0,2,12,1,0,1,8,0,0,2,1,1,1,1,2,6,1,1,1,1,1,4,0,0,0,Normal
2023-07-16,Sunday,7,28,7,Monsoon,1,0,0,0,0,0,0,26.0,33.1,24.5,72.0,,0,0,0,75,29,5,9,8,118,127.0,128.0,125.0,137.0,9.23,130.0,138.43,None,0,8,9,9,3,1,2,1,1,1,2,4,4,0,0,28,14,1,2,12,14,0,14,10,4,1,2,4,4,0,4,28,18,1,1,9,18,0,18,0,391,0,17,1,373,17,0,0,257,0,11,0,246,11,0,0,148,0,15,0,133,15,0,0,433,0,29,1,403,29,0,0,506,0,15,0,491,15,0,0,2,12,1,0,1,8,0,0,2,1,1,1,1,2,7,1,1,1,1,1,4,0,0,0,Normal
2023-07-17,Monday,1,29,7,Monsoon,0,0,0,0,0,0,0,33.2,32.1,26.2,82.5,,0,0,0,94,35,5,5,7,139,118.0,127.0,140.0,136.0,10.73,147.0,137.57,None,0,13,7,6,9,0,4,1,0,0,1,3,6,0,0,28,11,3,0,17,11,0,11,10,3,2,1,6,3,0,3,28,23,1,2,3,23,0,23,0,373,0,15,1,357,15,0,0,246,0,9,0,237,9,0,0,133,0,20,0,113,20,0,0,403,0,36,1,366,36,0,1,491,0,16,0,475,16,0,0,2,8,0,0,1,8,1,0,2,1,1,1,1,2,7,1,1,1,1,1,3,0,0,0,Normal
2023-07-18,Tuesday,2,29,7,Monsoon,0,0,0,0,0,1,0,29.6,33.3,25.9,81.9,Malaria,2,0,3,94,47,10,5,8,156,139.0,118.0,147.0,135.86,10.68,147.0,137.0,None,0,34,5,6,2,0,2,6,1,1,1,3,4,0,0,28,13,1,2,13,13,0,13,10,6,0,4,0,6,0,6,28,22,3,2,4,22,0,22,0,357,0,18,1,338,18,0,0,237,0,10,0,227,10,0,0,393,280,28,0,365,28,0,0,366,0,45,1,320,45,0,0,475,0,8,0,467,8,0,0,2,12,1,0,1,8,0,0,2,2,1,1,1,2,7,1,2,2,1,1,4,0,0,0,Watch
2023-07-19,Wednesday,3,29,7,Monsoon,0,0,0,1,0,0,1,9.5,33.0,24.8,70.4,Malaria,2,0,4,100,39,7,12,10,158,156.0,139.0,146.0,137.14,12.36,151.0,137.64,None,0,29,2,7,1,1,2,3,0,2,1,3,5,0,0,28,15,2,1,12,15,0,15,10,1,6,0,9,1,0,1,28,21,6,2,5,21,0,21,0,338,0,20,1,317,20,0,0,227,0,10,0,217,10,0,0,365,0,24,0,341,24,0,0,320,0,39,1,280,39,0,0,467,0,14,0,453,14,0,0,2,8,0,0,1,8,0,0,3,2,1,1,1,2,7,1,2,1,1,1,4,0,0,0,Watch
2023-07-20,Thursday,4,29,7,Monsoon,0,0,0,0,0,1,0,54.7,32.5,25.0,95.3,Malaria,2,0,3,89,53,12,7,10,161,158.0,156.0,146.0,138.86,14.17,141.0,138.14,Flood_Disruption,3,38,5,5,5,0,5,3,1,3,1,3,6,0,0,28,13,4,0,15,13,0,13,10,1,1,2,7,1,0,1,28,21,7,1,6,21,0,21,0,317,0,21,1,295,21,0,0,217,0,10,0,207,10,0,0,341,0,31,0,310,31,0,0,280,0,50,0,230,50,0,0,453,0,18,0,435,18,0,0,2,12,1,0,1,8,1,0,2,2,2,1,1,3,6,2,2,2,1,1,2,0,0,0,Watch
2023-07-21,Friday,5,29,7,Monsoon,0,0,0,0,0,0,0,12.1,32.5,25.2,72.1,Malaria,2,0,4,84,42,6,5,8,137,161.0,158.0,128.0,141.0,16.09,137.0,139.57,None,0,31,4,4,3,0,2,2,0,2,1,3,4,0,0,28,14,2,1,13,14,0,14,10,2,0,1,7,2,0,2,28,23,2,1,4,23,0,23,0,295,0,17,1,277,17,0,0,207,0,8,0,199,8,0,0,310,0,25,0,285,25,0,0,230,0,40,0,190,40,0,0,435,0,12,0,423,12,0,0,2,8,0,0,1,8,0,0,2,2,1,1,1,2,7,1,2,1,1,1,2,0,0,0,Watch
2023-07-22,Saturday,6,29,7,Monsoon,1,0,0,0,0,0,0,27.2,34.9,26.4,77.2,Malaria,2,0,3,76,48,7,10,9,141,137.0,161.0,127.0,142.29,15.34,126.0,139.57,None,0,33,5,8,2,1,6,1,0,0,2,4,5,0,0,28,16,2,2,10,16,0,16,10,3,1,1,6,3,0,3,28,19,7,2,7,19,0,19,0,277,0,20,1,256,20,0,0,199,0,12,0,187,12,0,0,285,0,27,0,258,27,0,0,890,700,44,2,844,44,0,0,423,0,11,0,412,11,0,0,2,8,0,0,1,20,1,1,2,2,1,2,1,2,7,1,2,2,1,1,4,0,0,1,Watch
2023-07-23,Sunday,7,29,7,Monsoon,1,0,0,0,0,0,0,15.5,32.1,25.9,72.5,Malaria,2,0,3,73,48,6,11,9,138,141.0,137.0,118.0,144.29,14.08,125.0,140.64,None,0,33,5,2,8,1,3,0,1,2,2,4,6,0,0,28,13,4,2,13,13,0,13,10,7,0,0,3,7,0,7,28,20,3,2,6,20,0,20,0,256,0,19,0,237,19,0,0,187,0,7,0,180,7,0,0,258,0,27,0,231,27,0,0,844,0,44,2,798,44,0,0,412,0,13,0,399,13,0,0,2,12,1,0,1,8,0,0,2,2,1,1,1,2,7,1,2,2,1,1,3,0,0,0,Watch
2023-07-24,Monday,1,30,7,Monsoon,0,0,0,0,0,0,0,26.4,31.9,22.2,75.5,Malaria,2,0,2,92,42,6,7,9,147,138.0,141.0,139.0,147.14,9.85,140.0,141.57,None,0,18,13,6,5,0,2,2,0,2,2,4,4,0,0,28,15,3,1,12,15,0,15,10,6,3,2,2,6,0,6,28,19,3,0,9,19,0,19,0,237,0,19,0,218,19,0,0,180,0,10,0,170,10,0,0,231,0,23,0,208,23,0,0,798,0,41,2,755,41,0,0,399,0,12,0,387,12,0,0,2,8,0,0,1,8,0,0,2,2,1,1,1,2,7,1,2,1,1,1,3,0,0,0,Watch
2023-07-25,Tuesday,2,30,7,Monsoon,0,0,0,0,0,1,0,44.4,34.2,25.1,91.2,Malaria,2,0,3,90,47,9,6,11,152,147.0,138.0,156.0,148.29,9.28,147.0,142.07,Flood_Disruption,2,35,3,6,3,1,3,2,1,3,1,3,6,0,0,28,18,4,2,8,18,0,18,10,7,1,1,2,7,0,7,28,18,3,1,9,18,0,18,0,218,0,22,0,196,22,0,1,170,0,10,0,160,10,0,0,208,0,28,0,180,28,0,1,755,0,45,1,709,45,0,0,387,0,8,0,379,8,0,0,2,12,1,0,1,8,0,0,2,2,2,1,1,2,7,1,2,2,1,1,4,0,0,0,Watch
2023-07-26,Wednesday,3,30,7,Monsoon,0,0,0,1,0,0,1,13.2,32.9,25.7,78.8,Malaria,2,0,3,107,45,7,12,10,171,152.0,147.0,158.0,147.71,8.91,146.0,142.43,None,0,36,1,5,3,0,3,3,0,1,1,3,7,0,0,28,17,4,0,11,17,0,17,10,6,4,2,2,6,0,6,28,20,2,2,6,20,0,20,0,196,0,20,0,176,20,0,0,160,0,9,0,151,9,0,0,180,0,28,0,152,28,0,0,709,0,45,1,663,45,0,0,379,0,10,0,369,10,0,0,2,8,0,0,1,8,0,0,3,2,1,1,1,3,7,1,2,2,1,1,2,0,0,0,Watch
2023-07-27,Thursday,4,30,7,Monsoon,0,0,0,0,0,1,0,32.9,31.4,25.0,87.2,Malaria,2,0,4,87,46,11,7,10,151,171.0,152.0,161.0,149.57,11.76,146.0,144.21,None,0,31,4,5,6,1,4,4,1,2,2,4,5,0,0,28,17,7,2,9,17,0,17,10,5,2,2,3,5,0,5,28,19,3,2,7,19,0,19,0,176,0,20,0,156,20,0,0,151,0,9,0,142,9,0,0,152,0,27,0,125,27,0,0,663,0,44,1,618,44,0,0,369,0,9,0,360,9,0,0,2,12,1,0,1,8,1,0,2,2,1,1,1,2,7,2,2,2,1,1,3,0,0,0,Watch
2023-07-28,Friday,5,30,7,Monsoon,0,0,0,0,0,0,0,47.7,31.6,22.8,91.6,Malaria,2,0,3,90,53,6,7,9,156,151.0,171.0,137.0,148.14,10.86,128.0,144.57,Flood_Disruption,2,35,9,6,3,0,2,4,0,0,2,4,4,0,0,28,13,6,0,15,13,0,13,10,2,5,0,8,2,0,2,28,22,2,1,5,22,0,22,0,156,0,21,0,135,21,0,0,142,0,11,0,131,11,0,0,125,0,30,0,95,30,0,0,618,0,50,1,567,50,0,0,360,0,16,0,344,16,0,0,2,8,0,0,1,8,0,0,2,2,2,1,1,2,7,1,2,2,1,1,4,0,0,0,Watch
2023-07-29,Saturday,6,30,7,Monsoon,1,0,0,0,0,0,0,10.3,30.7,21.1,77.7,Malaria,2,0,3,77,41,7,11,8,136,156.0,151.0,141.0,150.86,10.08,127.0,146.57,None,0,26,4,6,5,0,3,2,1,1,1,3,6,0,0,28,13,5,0,15,13,0,13,10,2,0,2,6,2,0,2,28,22,3,2,4,22,0,22,0,135,0,18,0,117,18,0,0,131,0,10,0,121,10,0,1,95,0,23,0,72,23,0,0,567,0,39,1,527,39,0,0,344,0,10,0,334,10,0,0,2,12,1,0,1,8,0,0,2,2,1,1,1,2,7,1,2,1,1,1,3,0,0,0,Watch
2023-07-30,Sunday,7,30,7,Monsoon,1,0,0,0,0,0,0,10.2,36.0,28.9,76.8,Malaria,2,0,3,78,40,7,10,10,135,136.0,156.0,138.0,150.14,10.89,118.0,147.21,None,0,29,2,5,4,0,4,1,1,1,1,3,7,0,0,28,13,5,0,15,13,0,13,10,4,1,1,5,4,0,4,28,21,3,1,6,21,0,21,0,417,300,20,1,396,20,0,0,121,0,8,0,113,8,0,0,72,0,24,0,48,24,0,0,527,0,38,1,488,38,0,0,334,0,7,0,327,7,0,0,2,12,1,0,1,8,1,0,2,2,1,1,1,2,7,1,2,1,1,1,4,0,0,0,Watch
2023-07-31,Monday,1,31,7,Monsoon,0,0,0,0,0,0,0,15.5,32.8,25.7,76.9,Malaria,2,0,3,95,40,6,8,8,149,135.0,136.0,147.0,149.71,11.41,139.0,148.43,None,0,28,3,3,6,0,2,2,1,1,1,3,4,0,0,28,15,2,1,12,15,0,15,10,0,4,0,10,0,0,0,28,20,5,1,7,20,0,20,0,396,0,16,1,379,16,0,0,113,0,7,0,106,7,0,0,328,280,24,0,304,24,0,0,488,0,40,1,447,40,0,0,327,0,12,0,315,12,0,0,2,12,1,0,1,8,0,0,2,2,1,1,1,2,6,1,2,1,1,1,3,0,0,0,Watch
2023-08-01,Tuesday,2,31,8,Monsoon,0,0,0,0,0,1,0,16.1,33.7,25.6,68.8,Malaria,2,0,4,98,47,11,8,11,164,149.0,135.0,152.0,150.0,11.36,156.0,149.14,None,0,36,4,4,3,0,7,3,0,1,1,3,5,0,0,28,18,3,0,10,18,0,18,10,2,0,2,6,2,0,2,28,17,6,1,10,17,0,17,0,379,0,21,1,357,21,0,0,106,0,8,0,98,8,0,0,304,0,29,0,275,29,0,0,447,0,45,1,401,45,0,1,315,0,10,0,305,10,0,0,2,8,1,0,1,20,1,1,3,2,1,2,1,3,7,2,2,2,1,1,3,0,0,1,Watch
2023-08-02,Wednesday,3,31,8,Monsoon,0,0,0,1,1,0,1,31.8,34.6,26.2,82.5,Malaria,2,0,1,101,44,7,12,10,164,164.0,149.0,171.0,151.71,12.39,158.0,149.71,None,0,30,5,7,2,0,2,3,1,1,1,3,8,0,0,28,19,3,2,7,19,0,19,10,5,0,0,5,5,0,5,28,16,4,1,11,16,0,16,0,357,0,21,1,335,21,0,0,98,0,11,0,87,11,0,0,275,0,26,0,249,26,0,0,401,0,43,1,357,43,0,0,305,0,10,0,295,10,0,0,2,12,1,0,1,8,0,0,3,2,1,1,1,3,7,1,2,1,1,1,4,0,0,0,Watch
2023-08-03,Thursday,4,31,8,Monsoon,0,0,0,0,0,1,0,20.3,32.6,23.9,74.4,Malaria,2,0,2,87,43,10,6,9,146,164.0,164.0,151.0,150.71,11.0,161.0,150.14,None,0,26,5,8,4,1,6,4,0,0,2,4,5,0,0,28,19,4,0,9,19,0,19,10,6,2,2,2,6,0,6,28,14,4,0,14,14,0,14,0,335,0,20,1,314,20,0,0,337,250,12,1,324,12,0,0,249,0,25,0,224,25,0,0,357,0,41,1,315,41,0,0,295,0,9,0,286,9,0,0,2,8,1,0,1,20,1,1,2,2,1,2,1,2,7,1,2,1,1,1,3,0,0,1,Watch
2023-08-04,Friday,5,31,8,Monsoon,0,0,0,0,0,0,0,23.0,31.8,23.0,84.4,Malaria,2,0,2,87,45,7,6,7,145,146.0,164.0,156.0,150.0,11.12,137.0,149.07,None,0,30,8,3,4,2,2,2,1,2,3,5,5,0,0,28,18,5,0,10,18,0,18,10,6,2,2,2,6,0,6,28,13,2,0,15,13,0,13,0,314,0,16,1,297,16,0,0,324,0,7,1,316,7,0,0,224,0,26,0,198,26,0,1,315,0,43,1,271,43,0,0,286,0,10,0,276,10,0,0,2,12,1,0,1,8,0,0,2,2,1,1,1,2,7,1,2,1,1,1,4,0,0,0,Watch
2023-08-05,Saturday,6,31,8,Monsoon,1,0,0,0,0,0,0,23.1,34.8,28.3,81.7,Malaria,2,0,1,80,45,8,12,9,145,145.0,146.0,136.0,148.43,10.94,141.0,149.64,None,0,24,8,6,7,2,5,2,1,0,3,5,7,0,0,28,17,5,0,11,17,0,17,10,6,1,0,4,6,0,6,28,14,3,0,14,14,0,14,0,297,0,19,1,277,19,0,0,316,0,10,1,305,10,0,0,198,0,25,0,173,25,0,0,271,0,42,0,229,42,0,0,276,0,16,0,260,16,0,0,2,12,1,0,1,8,1,0,2,2,1,1,1,2,7,1,2,1,1,1,2,0,0,0,Watch
2023-08-06,Sunday,7,31,8,Monsoon,1,0,0,0,0,0,0,14.4,32.3,24.5,77.8,Malaria,2,0,2,72,41,5,6,7,124,145.0,145.0,135.0,149.71,9.88,138.0,149.93,None,0,26,8,4,3,3,3,2,0,0,3,5,6,0,0,28,17,4,3,8,17,0,17,10,0,6,3,7,0,0,0,28,16,1,2,10,16,0,16,0,277,0,16,1,260,16,0,0,305,0,8,1,296,8,0,0,173,0,23,0,150,23,0,0,929,700,39,2,888,39,0,0,260,0,14,0,246,14,0,0,2,8,0,0,1,8,0,0,2,2,1,1,1,2,6,1,2,1,1,1,4,0,0,0,Watch
2023-08-07,Monday,1,32,8,Monsoon,0,0,1,0,0,0,3,21.8,31.8,24.6,81.3,Malaria,2,0,4,101,47,5,16,11,169,124.0,145.0,149.0,148.14,12.6,147.0,148.93,Road_Accident_Surge,2,31,6,5,5,2,1,2,0,2,3,5,5,0,0,28,17,5,0,11,17,0,17,10,0,0,2,8,0,0,0,28,19,3,1,8,19,0,19,0,260,0,22,0,238,22,0,0,296,0,9,1,286,9,0,0,150,0,28,0,122,28,0,0,888,0,46,2,840,46,0,0,246,0,19,0,227,19,0,1,2,8,0,0,1,8,0,0,3,2,3,1,1,3,7,1,2,2,2,3,4,0,0,0,Watch
2023-08-08,Tuesday,2,32,8,Monsoon,0,0,0,0,0,1,0,10.1,29.5,22.8,77.8,Malaria,2,0,3,90,43,10,6,8,149,169.0,124.0,164.0,151.0,14.58,152.0,150.5,None,0,31,4,5,3,0,5,3,1,1,1,3,7,0,0,28,17,4,2,9,17,0,17,10,2,0,1,7,2,0,2,28,17,4,0,11,17,0,17,0,238,0,18,0,220,18,0,0,286,0,9,1,276,9,0,0,122,0,26,0,96,26,0,0,840,0,42,2,796,42,0,0,227,0,8,0,219,8,0,0,2,12,1,0,1,8,1,0,2,2,1,1,1,2,7,1,2,1,1,1,4,0,0,0,Watch
2023-08-09,Wednesday,3,32,8,Monsoon,0,0,0,1,0,0,1,7.2,32.4,22.6,73.3,Malaria,2,0,3,98,40,7,15,9,160,149.0,169.0,164.0,148.86,13.58,171.0,150.29,None,0,23,5,5,7,0,2,0,2,3,1,3,4,0,0,28,15,6,1,12,15,0,15,10,4,0,2,4,4,0,4,28,16,4,1,11,16,0,16,0,220,0,18,0,202,18,0,0,276,0,8,1,267,8,0,0,96,0,24,0,72,24,0,0,796,0,40,2,754,40,0,0,219,0,10,0,209,10,0,0,2,20,1,1,1,8,0,0,3,2,2,1,2,3,6,1,2,1,2,2,2,0,0,1,Watch
2023-08-10,Thursday,4,32,8,Monsoon,0,0,0,0,0,1,0,5.5,31.0,24.1,74.1,Malaria,2,0,4,85,41,13,8,10,147,160.0,149.0,146.0,148.29,13.0,151.0,149.5,None,0,27,6,6,2,2,6,4,1,2,3,5,7,0,0,28,12,6,2,14,12,0,12,10,4,1,2,4,4,0,4,28,18,4,1,9,18,0,18,0,202,0,20,0,182,20,0,1,267,0,10,1,256,10,0,0,352,280,24,0,328,24,0,0,754,0,40,1,713,40,0,0,209,0,19,0,190,19,0,0,2,20,1,1,1,20,1,1,2,2,1,2,2,2,6,2,2,1,1,1,4,0,0,2,Watch
2023-08-11,Friday,5,32,8,Monsoon,0,0,0,0,0,0,0,23.2,30.9,22.8,80.0,Malaria,2,0,4,83,47,7,7,10,144,147.0,160.0,145.0,148.43,12.98,156.0,149.21,None,0,25,8,9,5,2,5,1,0,1,3,5,5,0,0,28,13,3,1,14,13,0,13,10,4,3,0,6,4,0,4,28,21,0,2,5,21,0,21,0,182,0,22,0,160,22,0,0,256,0,13,0,243,13,0,0,328,0,26,0,302,26,0,0,713,0,44,1,668,44,0,0,190,0,14,0,176,14,0,0,2,8,0,0,1,8,1,0,2,2,1,1,1,2,7,1,2,2,1,1,3,0,0,0,Watch
2023-08-12,Saturday,6,32,8,Monsoon,1,0,0,0,0,0,0,5.1,32.6,24.8,75.8,Dengue,4,1,5,82,66,3,12,11,163,144.0,147.0,145.0,148.29,13.02,136.0,148.36,None,0,46,6,8,6,2,1,2,0,0,3,5,8,0,0,28,16,4,2,10,16,0,16,10,5,2,1,4,5,0,5,28,19,3,2,7,19,0,19,0,160,0,26,0,134,26,0,0,243,0,14,0,229,14,0,0,302,0,36,0,266,36,0,0,668,0,59,1,608,59,0,0,176,0,11,0,165,11,0,0,2,8,0,0,1,8,0,0,2,2,1,1,1,3,7,1,2,2,1,1,3,0,0,0,High
2023-08-13,Sunday,7,32,8,Monsoon,1,0,0,0,0,0,0,14.0,31.8,25.3,79.6,Dengue,4,1,5,80,74,7,9,13,170,163.0,144.0,124.0,150.86,13.87,135.0,150.29,None,0,47,14,6,7,2,4,2,1,0,4,6,7,0,0,28,13,6,1,14,13,0,13,10,5,2,2,3,5,0,5,28,24,3,2,2,24,0,24,0,134,0,28,0,106,28,0,0,229,0,13,0,216,13,0,0,266,0,39,0,227,39,0,0,608,0,66,1,541,66,0,0,165,0,29,0,136,29,0,0,2,12,1,0,1,8,1,0,2,2,1,1,1,3,7,1,2,2,1,1,2,0,0,0,High
2023-08-14,Monday,1,33,8,Monsoon,0,0,0,0,0,0,0,18.2,33.6,25.1,69.9,Dengue,4,1,6,105,70,5,6,12,186,170.0,163.0,169.0,157.43,9.93,149.0,152.79,None,0,46,8,7,9,0,4,1,0,0,1,3,8,0,0,28,16,2,0,12,16,0,16,10,5,2,1,4,5,0,5,28,22,7,1,5,22,0,22,0,106,0,27,0,79,27,0,0,216,0,13,0,203,13,0,0,227,0,39,0,188,39,0,1,541,0,64,1,476,64,0,0,536,400,18,1,517,18,0,0,2,8,0,0,1,8,1,0,3,2,1,1,1,3,7,1,2,2,1,1,3,0,0,0,High
2023-08-15,Tuesday,2,33,8,Monsoon,0,1,0,0,0,1,1,8.2,31.1,23.8,82.0,Dengue,4,1,7,101,72,11,8,13,192,186.0,170.0,149.0,159.86,13.79,164.0,155.43,None,0,43,9,7,13,3,2,6,0,3,4,6,4,2,1,28,21,2,2,5,21,0,21,10,3,4,1,6,3,0,3,28,23,3,0,5,23,0,23,0,379,300,28,1,350,28,0,0,203,0,14,0,189,14,0,0,188,0,39,0,149,39,0,0,476,0,66,1,409,66,0,0,517,0,19,0,498,19,0,0,2,8,1,0,1,8,0,0,3,2,1,1,1,3,7,2,2,2,1,1,3,0,0,1,High
2023-08-16,Wednesday,3,33,8,Monsoon,0,0,0,1,0,0,1,32.5,29.6,22.5,86.5,Dengue,4,1,7,112,73,4,12,12,201,192.0,186.0,160.0,166.0,16.83,164.0,157.43,None,0,49,10,4,10,3,3,1,0,0,4,6,4,2,1,28,24,2,1,3,24,0,24,10,2,3,2,6,2,0,2,28,24,4,0,4,24,0,24,0,350,0,27,1,322,27,0,0,189,0,11,0,178,11,0,0,149,0,41,0,108,41,0,0,409,0,67,1,341,67,0,1,498,0,21,0,477,21,0,0,2,8,0,0,1,8,0,0,3,2,1,1,1,3,8,1,2,2,1,1,2,0,0,1,High
2023-08-17,Thursday,4,33,8,Monsoon,0,0,0,0,0,1,0,16.6,31.3,23.1,75.0,Dengue,4,1,5,94,74,11,9,14,188,201.0,192.0,147.0,171.86,20.46,146.0,160.07,None,0,47,7,10,10,1,4,5,1,1,2,4,8,0,0,28,28,3,0,0,30,2,30,10,3,0,0,7,3,0,3,28,24,4,0,4,24,0,24,2,322,0,31,1,290,31,0,0,178,0,16,0,162,16,0,0,108,0,40,0,68,40,0,0,341,0,67,1,273,67,0,0,477,0,16,0,461,16,0,0,2,12,1,0,1,8,1,0,2,2,1,1,1,3,8,2,2,2,1,1,2,0,0,1,Critical
2023-08-18,Friday,5,33,8,Monsoon,0,0,0,0,0,0,0,13.4,33.4,24.6,74.0,Dengue,4,1,6,94,72,6,8,10,180,188.0,201.0,144.0,177.71,18.26,145.0,163.07,None,0,52,9,7,4,2,2,3,0,1,3,5,5,0,0,28,27,4,1,0,32,5,32,10,2,2,1,7,2,0,2,28,23,4,0,5,23,0,23,5,290,0,25,1,264,25,0,0,162,0,14,0,148,14,0,0,68,0,40,0,28,40,0,0,273,0,65,0,208,65,0,0,461,0,16,0,445,16,0,0,2,8,0,0,1,8,0,0,2,2,1,1,1,3,8,1,2,2,1,1,2,0,0,1,Critical
2023-08-19,Saturday,6,33,8,Monsoon,1,0,0,0,0,0,0,11.6,29.1,24.1,74.2,Dengue,4,1,5,80,76,6,9,11,171,180.0,188.0,163.0,182.86,12.05,145.0,165.57,None,0,48,13,10,5,2,4,2,0,0,4,6,8,0,0,28,26,9,0,2,26,0,26,10,4,2,1,5,4,0,4,28,23,4,1,4,23,0,23,0,264,0,28,0,236,28,0,0,148,0,17,0,131,17,0,0,28,0,28,0,0,40,12,0,208,0,67,0,141,67,0,0,445,0,20,0,425,20,0,0,2,8,0,0,1,8,1,0,2,2,1,1,1,3,8,1,2,2,1,1,4,0,0,1,High
2023-08-20,Sunday,7,33,8,Monsoon,1,0,0,0,0,0,0,33.6,30.7,22.9,91.6,Dengue,4,1,6,82,80,6,11,12,179,171.0,180.0,170.0,184.0,10.38,124.0,167.43,None,0,54,10,9,7,3,2,3,0,1,4,6,7,0,0,28,26,6,2,0,26,0,26,10,2,4,2,6,2,0,2,28,20,7,4,4,20,0,20,0,236,0,29,0,207,29,0,0,131,0,16,0,115,16,0,1,280,280,43,0,237,43,0,0,141,0,71,0,70,71,0,0,425,0,19,0,406,19,0,0,2,8,0,0,1,8,0,0,2,2,1,1,1,3,8,1,2,2,1,1,2,0,0,0,High
2023-08-21,Monday,1,34,8,Monsoon,0,0,0,0,1,0,0,29.1,26.7,18.9,85.5,Dengue,4,1,6,101,74,7,8,12,190,179.0,171.0,186.0,185.29,9.04,169.0,171.36,None,0,53,3,10,8,0,1,3,0,3,1,3,6,0,0,28,14,15,0,14,14,0,14,10,2,1,2,6,2,0,2,28,22,6,2,4,22,0,22,0,207,0,28,0,179,28,0,1,115,0,16,0,99,16,0,0,237,0,42,0,195,42,0,1,770,700,67,1,702,67,0,0,406,0,22,0,384,22,0,0,2,8,0,0,1,8,0,0,3,2,1,1,1,3,7,1,2,2,1,1,3,0,0,0,High
2023-08-22,Tuesday,2,34,8,Monsoon,0,0,0,0,0,1,0,11.6,31.9,24.4,77.1,Dengue,4,1,5,99,69,12,5,12,185,190.0,179.0,192.0,185.86,9.19,149.0,172.86,None,0,44,9,11,5,2,5,6,0,1,3,5,4,1,1,28,17,3,2,9,17,0,17,10,0,2,2,8,0,0,0,28,23,5,2,3,23,0,23,0,179,0,28,0,151,28,0,0,99,0,17,0,82,17,0,0,195,0,38,0,157,38,0,0,702,0,63,1,638,63,0,0,384,0,22,0,362,22,0,0,2,8,1,0,1,8,1,0,3,2,1,1,1,3,7,2,2,2,1,1,2,0,0,1,High
2023-08-23,Wednesday,3,34,8,Monsoon,0,0,0,1,0,0,1,15.5,28.9,21.6,79.3,Dengue,4,1,7,109,70,5,13,13,197,185.0,190.0,201.0,184.86,8.84,160.0,175.43,None,0,47,7,10,6,0,1,2,2,0,1,3,4,0,0,28,13,8,2,13,13,0,13,10,2,0,1,7,2,0,2,28,24,6,0,4,24,0,24,0,151,0,29,0,122,29,0,0,82,0,16,0,66,16,0,0,157,0,39,0,118,39,0,0,638,0,65,1,572,65,0,0,362,0,22,0,340,22,0,0,2,20,1,1,1,8,0,0,3,2,2,1,2,3,7,1,2,2,1,1,4,0,0,1,High
2023-08-24,Thursday,4,34,8,Monsoon,0,0,0,0,0,1,0,17.9,31.7,23.4,73.6,Dengue,4,1,6,100,65,12,6,12,183,197.0,185.0,188.0,184.29,7.85,147.0,178.07,None,0,41,7,9,8,0,3,4,1,4,1,3,7,0,0,28,9,5,0,19,9,0,9,10,6,0,1,3,6,0,6,28,25,6,2,1,25,0,25,0,122,0,27,0,95,27,0,0,66,0,15,0,51,15,0,0,118,0,36,0,82,36,0,0,572,0,60,1,511,60,0,0,340,0,22,0,318,22,0,0,2,12,1,0,1,8,0,0,3,2,1,1,1,3,7,2,2,2,1,1,3,0,0,0,High
2023-08-25,Friday,5,34,8,Monsoon,0,0,0,0,0,0,0,35.5,26.8,19.1,86.6,Dengue,4,1,6,95,75,5,7,10,182,183.0,197.0,180.0,183.57,7.71,144.0,180.64,None,0,44,11,10,10,0,2,1,0,2,2,4,4,0,0,28,11,2,1,16,11,0,11,10,3,3,0,7,3,0,3,28,24,7,1,3,24,0,24,0,95,0,26,0,69,26,0,0,301,250,16,1,284,16,0,0,82,0,40,0,42,40,0,0,511,0,68,1,442,68,0,0,318,0,22,0,296,22,0,0,2,8,0,0,1,8,0,0,2,2,1,1,1,3,7,1,2,2,1,1,2,0,0,0,High
2023-08-26,Saturday,6,34,8,Monsoon,1,0,0,0,0,0,0,14.9,31.2,23.7,71.0,Dengue,4,1,5,85,69,6,11,12,171,182.0,183.0,171.0,183.86,7.61,163.0,183.36,None,0,51,4,10,4,0,3,3,0,0,1,3,4,0,0,28,13,3,1,14,13,0,13,10,2,1,2,6,2,0,2,28,25,6,1,2,25,0,25,0,369,300,28,1,340,28,0,0,284,0,16,1,267,16,0,0,42,0,39,0,3,39,0,0,442,0,62,1,379,62,0,1,296,0,20,0,276,20,0,0,2,8,0,0,1,8,0,0,2,2,1,1,1,3,7,1,2,2,1,1,4,0,0,0,High
2023-08-27,Sunday,7,34,8,Monsoon,1,0,0,0,0,0,0,14.6,29.6,20.4,72.5,Dengue,4,1,5,80,75,6,13,12,174,171.0,182.0,179.0,183.86,7.61,170.0,183.93,None,0,47,12,10,6,1,3,2,1,0,3,5,5,0,0,28,15,0,2,11,15,0,15,10,5,0,0,5,5,0,5,28,28,1,0,0,31,3,31,3,340,0,29,1,310,29,0,0,267,0,16,1,250,16,0,0,283,280,40,0,243,40,0,0,379,0,66,1,312,66,0,0,276,0,25,0,251,25,0,0,2,12,1,0,1,8,0,0,2,2,2,1,1,3,8,1,2,2,1,1,4,0,0,1,Critical
2023-08-28,Monday,1,35,8,Monsoon,0,0,1,0,0,0,3,15.4,32.1,24.1,76.7,Dengue,4,1,6,104,73,5,19,13,201,174.0,171.0,190.0,183.14,8.24,186.0,184.21,Road_Accident_Surge,3,51,7,8,7,2,2,0,0,3,3,5,8,0,0,28,17,3,0,11,17,0,17,10,5,2,0,5,5,0,5,28,27,10,1,0,27,0,27,0,310,0,29,1,280,29,0,0,250,0,14,0,236,14,0,0,243,0,41,0,202,41,0,1,312,0,67,0,245,67,0,0,251,0,21,0,230,21,0,0,2,8,0,0,1,8,0,0,3,2,3,1,1,3,8,1,2,2,2,3,4,0,0,0,High
2023-08-29,Tuesday,2,35,8,Monsoon,0,0,0,0,0,1,0,20.7,31.1,23.9,77.2,Dengue,4,1,6,100,69,10,8,13,187,201.0,174.0,185.0,184.71,10.21,192.0,185.29,None,0,44,10,5,10,1,4,5,0,1,2,4,7,0,0,28,16,7,1,11,16,0,16,10,1,5,1,8,1,0,1,28,27,4,1,0,29,2,29,2,280,0,27,1,252,27,0,0,236,0,11,0,225,11,0,0,202,0,38,0,164,38,0,0,245,0,63,0,182,63,0,0,230,0,22,0,208,22,0,1,2,8,1,0,1,8,1,0,3,2,1,1,1,3,7,1,2,2,1,1,2,0,0,1,Critical
2023-08-30,Wednesday,3,35,8,Monsoon,0,0,0,1,0,0,1,13.7,30.1,22.4,73.0,Dengue,4,1,6,102,71,6,13,12,192,187.0,201.0,197.0,185.0,10.24,201.0,184.93,Snakebite_Cluster,1,49,9,7,6,2,1,2,0,3,3,5,7,0,0,28,14,8,1,13,14,0,14,10,1,1,2,7,1,0,1,28,27,5,1,0,29,2,29,2,252,0,27,0,225,27,0,0,225,0,13,0,212,13,0,0,164,0,40,0,124,40,0,0,182,0,65,0,117,65,0,0,208,0,20,0,188,20,0,0,2,8,0,0,1,8,0,0,3,2,3,1,1,3,7,1,2,2,1,1,4,0,0,1,Critical
2023-08-31,Thursday,4,35,8,Monsoon,0,0,0,0,0,1,0,7.3,30.1,21.5,72.3,Dengue,4,1,6,98,71,11,7,12,187,192.0,187.0,183.0,184.29,9.53,188.0,184.29,None,0,49,11,8,3,1,4,2,1,4,3,5,7,0,0,28,16,4,1,11,16,0,16,10,2,1,2,6,2,0,2,28,26,7,1,1,26,0,26,0,225,0,27,0,198,27,0,1,212,0,14,0,198,14,0,0,124,0,40,0,84,40,0,0,817,700,65,2,750,65,0,0,188,0,18,0,170,18,0,0,2,12,1,0,1,8,1,0,3,2,1,1,1,3,7,2,2,2,1,1,2,0,0,0,High
2023-09-01,Friday,5,35,9,Monsoon,0,0,0,0,0,0,0,8.1,26.8,20.4,84.0,Dengue,4,1,7,91,72,5,8,12,176,187.0,192.0,182.0,184.86,9.55,180.0,184.21,None,0,45,11,6,10,0,0,4,0,1,2,4,6,0,0,28,12,7,2,14,12,0,12,10,5,0,0,5,5,0,5,28,26,4,2,0,28,2,28,2,198,0,27,0,171,27,0,0,198,0,13,0,185,13,0,0,84,0,39,0,45,39,0,0,750,0,65,1,684,65,0,0,170,0,22,0,148,22,0,0,2,8,0,0,1,8,0,0,2,2,1,1,1,3,7,1,2,2,1,1,2,0,0,1,Critical
2023-09-02,Saturday,6,35,9,Monsoon,1,0,0,0,0,0,0,24.9,31.9,24.5,85.4,Dengue,4,1,6,82,69,5,13,11,169,176.0,187.0,171.0,184.0,10.03,171.0,183.93,Snakebite_Cluster,1,45,7,7,10,1,2,1,0,2,2,4,5,0,0,28,15,3,1,12,15,0,15,10,3,2,1,6,3,0,3,28,26,7,2,0,26,0,26,0,171,0,26,0,145,26,0,0,185,0,13,0,172,13,0,0,45,0,37,0,8,37,0,0,684,0,62,1,621,62,0,0,148,0,18,0,130,18,0,0,2,8,0,0,1,8,0,0,2,2,3,1,1,3,7,1,2,2,1,1,3,0,0,0,High
2023-09-03,Sunday,7,35,9,Monsoon,1,0,0,0,0,0,0,25.7,30.9,22.9,77.5,Dengue,4,1,5,83,74,5,14,13,176,169.0,176.0,174.0,183.71,10.42,179.0,183.79,Snakebite_Cluster,1,46,10,8,10,2,1,2,0,2,3,5,6,0,0,28,18,3,0,10,18,0,18,10,6,0,0,4,6,0,6,28,27,2,1,0,28,1,28,1,145,0,29,0,116,29,0,0,172,0,15,0,157,15,0,0,288,280,39,0,249,39,0,0,621,0,66,1,554,66,0,0,130,0,19,0,111,19,0,0,2,8,0,0,1,8,0,0,2,2,3,1,1,3,8,1,2,2,2,2,2,0,0,1,Critical
2023-09-04,Monday,1,36,9,Monsoon,0,0,0,0,0,0,0,19.7,31.0,22.6,70.4,Dengue,4,1,7,99,69,5,5,9,178,176.0,169.0,201.0,184.0,10.17,190.0,183.57,None,0,48,8,5,8,1,2,0,0,3,2,4,6,0,0,28,14,6,2,12,14,0,14,10,7,2,1,2,7,0,7,28,27,5,1,0,27,0,27,0,116,0,23,0,93,23,0,0,157,0,11,0,146,11,0,0,249,0,39,0,210,39,0,0,554,0,63,1,490,63,0,0,111,0,17,0,94,17,0,0,2,8,0,0,1,8,0,0,3,2,1,1,1,3,8,1,2,2,1,1,2,0,0,0,High
2023-09-05,Tuesday,2,36,9,Monsoon,0,0,0,0,0,1,0,0.0,31.6,23.1,75.2,Dengue,4,1,6,103,70,9,7,11,189,178.0,176.0,187.0,180.71,7.52,185.0,182.71,None,0,48,8,4,10,2,3,3,1,2,3,5,8,0,0,28,12,7,0,16,12,0,12,10,7,2,2,1,7,0,7,28,27,4,0,1,27,0,27,0,393,300,25,1,367,25,0,0,146,0,11,0,135,11,0,0,210,0,39,0,171,39,0,1,490,0,64,1,425,64,0,0,494,400,18,0,476,18,0,0,2,12,1,0,1,8,0,0,3,2,1,1,1,3,7,1,2,2,1,1,2,0,0,0,High
2023-09-06,Wednesday,3,36,9,Monsoon,0,0,0,1,0,0,1,1.7,27.0,20.8,77.1,Dengue,4,1,7,108,70,5,13,12,196,189.0,178.0,192.0,181.0,7.78,197.0,183.0,None,0,43,13,8,6,3,3,1,0,1,4,6,8,0,0,28,15,4,2,11,15,0,15,10,9,2,1,0,9,0,9,28,20,8,2,6,20,0,20,0,367,0,27,1,339,27,0,0,135,0,14,0,121,14,0,1,171,0,38,0,133,38,0,0,425,0,65,1,359,65,0,1,476,0,15,0,461,15,0,0,2,8,0,0,1,8,0,0,3,2,2,1,1,3,7,1,2,2,1,1,2,0,0,0,High
2023-09-07,Thursday,4,36,9,Monsoon,0,0,0,0,0,1,0,0.0,28.5,18.3,69.2,Dengue,4,1,6,94,63,10,6,12,173,196.0,189.0,187.0,181.57,8.67,183.0,182.93,None,0,31,8,13,11,1,4,3,1,2,2,4,7,0,0,28,17,4,1,10,17,0,17,10,8,2,2,0,9,1,9,28,21,3,1,6,21,0,21,1,339,0,28,1,310,28,0,0,121,0,18,0,103,18,0,0,133,0,33,0,100,33,0,0,359,0,58,1,300,58,0,0,461,0,17,0,444,17,0,0,2,12,1,0,1,8,1,0,2,2,1,1,1,3,7,1,2,2,1,1,3,0,0,1,Critical
2023-09-08,Friday,5,36,9,Monsoon,0,0,0,0,0,0,0,0.0,31.3,21.3,66.3,Dengue,4,1,6,94,66,6,7,10,173,173.0,196.0,176.0,179.57,8.8,182.0,182.21,None,0,44,10,4,8,3,3,2,1,0,4,6,8,0,0,28,16,4,2,10,16,0,16,10,6,4,1,3,6,0,6,28,19,8,2,7,19,0,19,0,310,0,23,1,286,23,0,0,103,0,10,0,93,10,0,0,100,0,37,0,63,37,0,0,300,0,60,0,240,60,0,0,444,0,23,0,421,23,0,0,2,12,1,0,1,8,0,0,2,2,1,1,1,3,7,1,2,2,1,1,2,0,0,0,High
2023-09-09,Saturday,6,36,9,Monsoon,1,0,0,0,0,0,0,0.0,30.0,22.2,71.3,Dengue,4,1,6,83,69,6,10,11,168,173.0,173.0,169.0,179.14,9.03,171.0,181.57,None,0,43,10,9,7,2,2,3,0,1,3,5,8,0,0,28,19,3,2,7,19,0,19,10,1,6,2,7,1,0,1,28,18,5,2,8,18,0,18,0,286,0,26,1,259,26,0,0,93,0,15,0,78,15,0,0,63,0,37,0,26,37,0,0,240,0,62,0,178,62,0,0,421,0,19,0,402,19,0,0,2,8,0,0,1,8,0,0,2,2,1,1,1,3,7,1,2,2,1,1,2,0,0,0,High
2023-09-10,Sunday,7,36,9,Monsoon,1,0,0,0,0,0,0,24.6,29.6,21.0,84.6,Dengue,4,1,8,78,73,6,11,12,168,168.0,173.0,176.0,179.0,9.2,174.0,181.36,None,0,48,9,13,3,1,2,2,0,2,2,4,7,0,0,28,18,7,2,8,18,0,18,10,0,1,1,9,0,0,0,28,19,5,1,8,19,0,19,0,259,0,29,0,230,29,0,0,78,0,19,0,59,19,0,0,26,0,26,0,0,39,13,0,178,0,65,0,113,65,0,0,402,0,21,0,381,21,0,0,2,8,0,0,1,8,0,0,2,2,1,1,1,3,7,1,2,2,1,1,3,0,0,1,High
2023-09-11,Monday,1,37,9,Monsoon,0,0,0,0,0,0,0,2.5,25.9,18.3,77.7,Dengue,4,1,8,99,69,6,4,10,178,168.0,168.0,178.0,177.86,9.96,201.0,180.93,None,0,46,11,5,7,1,3,2,0,1,2,4,8,0,0,28,18,3,0,10,18,0,18,10,1,0,2,7,1,0,1,28,17,8,0,11,17,0,17,0,230,0,24,0,206,24,0,0,309,250,11,1,297,11,0,0,280,280,38,0,242,38,0,0,813,700,63,2,748,63,0,0,381,0,22,0,359,22,0,0,2,8,0,0,1,8,0,0,3,2,1,1,1,3,7,1,2,2,1,1,2,0,0,0,High
2023-09-12,Tuesday,2,37,9,Monsoon,0,0,0,0,0,1,0,28.1,30.5,21.8,87.5,Dengue,4,1,6,101,75,8,8,12,192,178.0,168.0,189.0,177.86,9.96,187.0,179.29,None,0,46,9,11,9,0,2,4,1,1,2,4,4,0,0,28,21,2,1,6,21,0,21,10,1,0,2,7,1,0,1,28,18,6,2,8,18,0,18,0,206,0,29,0,177,29,0,1,297,0,17,1,279,17,0,0,242,0,40,0,202,40,0,1,748,0,68,1,679,68,0,0,359,0,22,0,337,22,0,0,2,12,1,0,1,8,0,0,3,2,1,1,1,3,7,1,2,2,1,1,3,0,0,0,High
2023-09-13,Wednesday,3,37,9,Monsoon,0,0,0,1,0,0,1,36.9,28.0,21.8,93.8,Dengue,4,1,6,101,81,4,12,12,198,192.0,178.0,196.0,178.29,10.48,192.0,179.64,None,0,61,6,8,6,0,2,2,0,0,1,3,4,0,0,28,20,5,0,8,20,0,20,10,5,1,2,3,5,0,5,28,17,4,1,10,17,0,17,0,177,0,29,0,148,29,0,0,279,0,15,1,263,15,0,0,202,0,46,0,156,46,0,0,679,0,73,1,605,73,0,0,337,0,13,0,324,13,0,0,2,8,0,0,1,8,0,0,3,2,1,1,1,3,7,1,2,2,1,1,2,0,0,0,High
2023-09-14,Thursday,4,37,9,Monsoon,0,0,0,0,1,1,0,0.0,27.8,19.3,73.1,Dengue,4,1,7,102,66,13,11,13,192,198.0,192.0,173.0,178.57,10.98,187.0,180.07,None,0,46,3,8,9,1,3,7,0,3,1,3,6,0,0,28,23,4,1,4,23,0,23,10,6,2,1,3,6,0,6,28,19,1,0,9,19,0,19,0,148,0,28,0,120,28,0,0,263,0,14,0,249,14,0,0,156,0,37,0,119,37,0,0,605,0,61,1,543,61,0,0,324,0,12,0,312,12,0,0,2,16,1,1,1,8,0,0,3,2,1,1,2,3,8,2,2,2,1,1,4,0,0,1,High
2023-09-15,Friday,5,37,9,Monsoon,0,0,0,0,0,0,0,6.1,28.2,20.6,80.3,Dengue,4,1,5,95,72,6,8,12,181,192.0,198.0,173.0,181.29,11.6,176.0,180.43,None,0,48,8,10,6,1,5,1,0,0,2,4,4,0,0,28,20,6,1,7,20,0,20,10,7,1,1,2,7,0,7,28,19,7,1,8,19,0,19,0,120,0,28,0,92,28,0,0,249,0,16,0,233,16,0,0,119,0,40,0,79,40,0,0,543,0,65,1,477,65,0,0,312,0,23,0,289,23,0,0,2,8,0,0,1,8,1,0,2,2,1,1,1,3,7,1,2,2,1,1,4,0,0,0,High
2023-09-16,Saturday,6,37,9,Monsoon,1,0,0,0,0,0,0,3.9,26.5,15.5,72.3,Dengue,4,1,6,86,73,5,12,12,176,181.0,192.0,168.0,182.43,11.11,169.0,180.79,None,0,48,8,9,8,0,1,1,1,2,2,4,5,0,0,28,20,6,2,6,20,0,20,10,5,2,4,1,5,0,5,28,20,5,1,7,20,0,20,0,92,0,28,0,64,28,0,0,233,0,15,0,218,15,0,0,79,0,39,0,40,39,0,0,477,0,65,1,411,65,0,0,289,0,20,0,269,20,0,0,2,12,1,0,1,8,0,0,2,2,1,1,1,3,7,1,2,2,1,1,4,0,0,0,High
2023-09-17,Sunday,7,37,9,Monsoon,1,0,0,0,0,0,0,34.7,30.0,19.3,87.3,Dengue,4,1,6,77,73,4,13,13,167,176.0,181.0,168.0,183.57,9.91,176.0,181.29,None,0,47,3,9,14,0,2,1,1,0,1,3,4,0,0,28,20,5,1,7,20,0,20,10,4,5,2,4,4,0,4,28,18,6,2,8,18,0,18,0,364,300,29,1,334,29,0,0,218,0,15,0,203,15,0,0,40,0,39,0,1,39,0,0,411,0,65,1,345,65,0,1,269,0,14,0,255,14,0,0,2,12,1,0,1,8,0,0,2,2,2,1,1,3,7,1,2,2,1,1,4,0,0,0,High
2023-09-18,Monday,1,38,9,Monsoon,0,0,0,0,0,0,0,27.9,27.8,19.5,82.7,Dengue,4,1,6,99,71,5,9,9,184,167.0,176.0,178.0,183.43,10.14,178.0,180.64,None,0,53,6,8,4,0,1,3,1,0,1,3,8,0,0,28,14,8,1,13,14,0,14,10,6,1,0,4,6,0,6,28,20,2,1,7,20,0,20,0,334,0,24,1,309,24,0,0,203,0,14,0,189,14,0,0,281,280,40,0,241,40,0,0,345,0,65,1,279,65,0,0,255,0,15,0,240,15,0,0,2,12,1,0,1,8,0,0,3,2,1,1,1,3,7,1,2,2,1,1,4,0,0,0,High
2023-09-19,Tuesday,2,38,9,Monsoon,0,0,0,0,0,1,0,0.0,28.4,20.8,73.8,Dengue,4,1,5,97,64,9,6,11,176,184.0,167.0,192.0,184.29,9.9,189.0,181.07,None,0,42,6,6,10,0,4,1,1,3,1,3,7,0,0,28,15,3,0,13,15,0,15,10,1,6,0,9,1,0,1,28,22,4,1,5,22,0,22,0,309,0,25,1,283,25,0,0,189,0,12,0,177,12,0,0,241,0,36,0,205,36,0,0,279,0,59,0,220,59,0,0,240,0,19,0,221,19,0,1,2,12,1,0,1,8,1,0,3,2,1,1,1,3,7,1,2,2,1,1,2,0,0,0,High
2023-09-20,Wednesday,3,38,9,Monsoon,0,0,0,1,0,0,1,0.4,28.4,20.4,77.4,Dengue,4,1,5,105,61,5,12,11,183,176.0,184.0,198.0,182.0,9.7,196.0,180.14,None,0,41,8,8,4,3,4,1,0,0,4,6,4,2,1,28,18,1,0,10,18,0,18,10,4,1,0,6,4,0,4,28,21,4,2,5,21,0,21,0,283,0,25,1,257,25,0,0,177,0,13,0,164,13,0,0,205,0,35,0,170,35,0,1,220,0,57,0,163,57,0,0,221,0,16,0,205,16,0,0,2,8,0,0,1,8,1,0,3,2,1,1,1,3,7,1,2,2,1,1,3,0,0,1,High
2023-09-21,Thursday,4,38,9,Monsoon,0,0,0,0,0,1,0,9.2,27.2,18.2,72.5,Dengue,4,1,4,88,67,9,9,12,173,183.0,176.0,192.0,179.86,7.28,173.0,179.21,None,0,52,5,5,5,0,4,2,0,3,1,3,7,0,0,28,17,7,2,9,17,0,17,10,5,1,0,5,5,0,5,28,20,5,1,7,20,0,20,0,257,0,26,0,231,26,0,0,164,0,11,0,153,11,0,0,170,0,38,0,132,38,0,0,163,0,61,0,102,61,0,0,205,0,14,0,191,14,0,0,2,8,0,0,1,8,1,0,2,2,1,1,1,3,7,1,2,2,1,1,2,0,0,0,High
2023-09-22,Friday,5,38,9,Monsoon,0,0,0,0,0,0,0,0.8,29.5,22.0,74.8,,0,0,0,85,22,5,7,8,119,173.0,183.0,181.0,177.14,5.59,173.0,179.21,None,0,8,9,3,2,0,1,2,1,1,2,4,7,0,0,28,20,2,0,8,20,0,20,10,2,5,0,8,2,0,2,28,16,5,4,8,16,0,16,0,231,0,14,0,217,14,0,0,153,0,5,0,148,5,0,0,132,0,14,0,118,14,0,0,802,700,24,2,776,24,0,0,191,0,6,0,185,6,0,0,2,12,1,0,1,8,0,0,2,1,1,1,1,2,7,1,1,1,1,1,4,0,0,0,Normal
2023-09-23,Saturday,6,38,9,Monsoon,1,0,0,0,0,0,0,11.3,29.7,21.4,79.1,,0,0,0,72,28,5,12,9,117,119.0,173.0,176.0,168.29,20.82,168.0,175.36,None,0,18,3,3,4,0,1,1,1,2,1,3,5,0,0,28,16,9,2,10,16,0,16,10,2,2,0,8,2,0,2,28,16,2,1,11,16,0,16,0,217,0,16,0,201,16,0,0,148,0,6,0,142,6,0,0,118,0,17,0,101,17,0,0,776,0,28,1,747,28,0,0,185,0,6,0,179,6,0,0,2,12,1,0,1,8,0,0,2,1,1,1,1,2,6,1,1,1,1,1,2,0,0,0,Normal
2023-09-24,Sunday,7,38,9,Monsoon,1,0,0,0,0,0,0,86.5,28.4,20.0,98.0,,0,0,0,69,40,2,13,8,124,117.0,119.0,167.0,159.86,27.02,168.0,171.71,Flood_Disruption,5,16,10,5,9,1,1,1,0,0,3,5,8,0,0,28,15,5,1,12,15,0,15,10,3,1,0,7,3,0,3,28,16,2,2,10,16,0,16,0,201,0,17,0,184,17,0,1,142,0,8,0,134,8,0,0,101,0,21,0,80,21,0,0,747,0,38,1,708,38,0,0,179,0,10,0,169,10,0,0,2,8,0,0,1,8,0,0,2,2,3,1,1,2,6,1,2,1,1,1,3,0,0,0,High
2023-09-25,Monday,1,39,9,Monsoon,0,0,0,0,0,0,0,3.5,27.3,18.0,70.8,,0,0,0,92,21,4,7,7,124,124.0,117.0,184.0,153.71,29.47,178.0,168.57,None,0,9,7,3,2,1,3,1,0,0,2,4,8,0,0,28,10,8,1,17,10,0,10,10,3,0,2,5,3,0,3,28,16,4,2,10,16,0,16,0,184,0,12,0,172,12,0,0,134,0,5,0,129,5,0,1,80,0,14,0,66,14,0,0,708,0,24,1,683,24,0,0,169,0,12,0,157,12,0,0,2,8,0,0,1,8,0,0,2,1,1,1,1,2,6,1,1,1,1,1,3,0,0,0,Normal
2023-09-26,Tuesday,2,39,9,Monsoon,0,0,0,0,0,1,0,0.5,25.9,18.7,77.8,,0,0,0,90,24,11,8,8,133,124.0,124.0,176.0,145.14,28.11,192.0,164.71,None,0,7,8,6,3,3,4,6,1,0,4,6,8,0,0,28,10,3,1,17,10,0,10,10,4,0,2,4,4,0,4,28,18,2,2,8,18,0,18,0,172,0,15,0,157,15,0,0,129,0,8,0,121,8,0,0,346,280,14,0,332,14,0,0,683,0,26,1,656,26,0,0,557,400,14,1,542,14,0,0,2,12,1,0,1,8,1,0,2,1,1,1,1,2,6,2,1,1,1,1,3,0,0,0,Normal
2023-09-27,Wednesday,3,39,9,Monsoon,0,0,0,1,0,0,1,13.7,31.2,23.2,78.2,,0,0,0,95,28,5,14,9,142,133.0,124.0,183.0,139.0,25.25,198.0,160.5,None,0,15,7,5,1,1,3,2,0,0,2,4,4,0,0,28,11,0,0,17,11,0,11,10,7,0,0,3,7,0,7,28,19,4,2,7,19,0,19,0,157,0,16,0,141,16,0,0,121,0,7,0,114,7,0,0,332,0,18,0,314,18,0,0,656,0,30,1,625,30,0,0,542,0,14,1,527,14,0,0,2,8,0,0,1,8,0,0,2,1,2,1,1,2,7,1,1,1,2,2,3,0,0,0,Normal
2023-09-28,Thursday,4,39,9,Monsoon,0,0,0,0,0,1,0,15.5,26.5,17.7,86.6,,0,0,0,84,27,10,8,7,129,142.0,133.0,173.0,133.14,18.11,192.0,156.5,None,0,8,5,9,5,1,3,5,0,2,2,4,6,0,0,28,14,2,0,14,14,0,14,10,2,5,1,7,2,0,2,28,18,3,3,7,18,0,18,0,141,0,15,0,126,15,0,0,114,0,11,0,103,11,0,0,314,0,15,0,299,15,0,0,625,0,28,1,596,28,0,0,527,0,7,1,519,7,0,0,2,8,1,0,1,8,0,0,2,1,1,1,1,2,6,1,1,1,1,1,3,0,0,0,Normal
2023-09-29,Friday,5,39,9,Monsoon,0,0,0,0,0,0,0,0.0,27.7,18.9,77.6,,0,0,0,86,23,4,4,7,117,129.0,142.0,119.0,126.86,7.99,181.0,152.0,None,0,6,8,6,3,1,3,0,0,1,2,4,7,0,0,28,15,3,1,12,15,0,15,10,3,0,1,6,3,0,3,28,14,6,0,14,14,0,14,0,426,300,14,1,411,14,0,0,103,0,8,0,95,8,0,0,299,0,14,0,285,14,0,0,596,0,25,1,570,25,0,0,519,0,9,1,509,9,0,0,2,8,0,0,1,8,0,0,2,1,1,1,1,2,6,1,1,1,1,1,2,0,0,0,Normal
2023-09-30,Saturday,6,39,9,Monsoon,1,0,0,0,0,0,0,4.5,28.1,18.7,70.1,,0,0,0,75,24,7,11,7,117,117.0,129.0,117.0,126.57,8.3,176.0,147.43,None,0,12,4,5,3,0,4,2,0,1,1,3,6,0,0,28,13,4,1,14,13,0,13,10,3,2,2,5,3,0,3,28,14,3,1,13,14,0,14,0,411,0,14,1,396,14,0,0,345,250,7,1,337,7,0,0,285,0,15,0,270,15,0,0,570,0,25,1,544,25,0,0,509,0,8,1,500,8,0,0,2,8,0,0,1,8,1,0,2,1,1,1,1,2,6,1,1,1,1,1,2,0,0,0,Normal
2023-10-01,Sunday,7,39,10,Post_Monsoon,1,0,0,0,0,0,0,2.3,25.3,18.1,57.0,,0,0,0,72,15,5,10,6,102,117.0,117.0,124.0,126.57,8.3,167.0,143.21,None,0,3,7,4,1,0,1,3,0,1,1,3,6,0,0,28,13,4,0,15,13,0,13,10,1,3,0,9,1,0,1,28,12,3,0,16,12,0,12,0,396,0,11,1,384,11,0,0,337,0,5,1,331,5,0,0,270,0,9,0,261,9,0,0,544,0,18,1,525,18,0,0,500,0,6,0,494,6,0,0,2,8,0,0,1,8,0,0,2,1,1,1,1,2,6,1,1,1,1,1,2,0,0,0,Normal
2023-10-02,Monday,1,40,10,Post_Monsoon,0,1,0,0,0,0,1,1.0,26.8,19.8,50.2,,0,0,0,90,14,6,7,8,117,102.0,117.0,124.0,123.43,12.01,184.0,138.57,None,0,3,3,4,4,0,1,3,0,2,1,3,5,0,0,28,13,4,2,13,13,0,13,10,4,0,2,4,4,0,4,28,13,0,0,15,13,0,13,0,384,0,13,1,370,13,0,0,331,0,5,1,325,5,0,0,261,0,10,0,251,10,0,0,525,0,18,1,506,18,0,0,494,0,4,0,490,4,0,0,2,8,0,0,1,8,0,0,2,1,1,1,1,2,6,1,1,1,1,1,2,0,0,0,Normal
2023-10-03,Tuesday,2,40,10,Post_Monsoon,0,0,0,0,0,1,0,0.0,26.5,18.0,50.3,,0,0,0,89,15,10,7,6,121,117.0,102.0,133.0,122.43,12.21,176.0,133.79,None,0,3,6,3,3,2,4,6,0,0,3,5,6,0,0,28,16,1,1,11,16,0,16,10,5,1,0,5,5,0,5,28,11,2,2,15,11,0,11,0,370,0,10,1,359,10,0,0,325,0,4,1,320,4,0,0,251,0,10,0,241,10,0,0,506,0,19,1,486,19,0,0,490,0,5,0,485,5,0,0,2,8,1,0,1,8,1,0,2,1,1,1,1,2,6,1,1,1,1,1,3,0,0,0,Normal
2023-10-04,Wednesday,3,40,10,Post_Monsoon,0,0,0,1,0,0,1,1.5,25.2,17.8,55.5,,0,0,0,97,11,5,12,6,125,121.0,117.0,142.0,120.71,11.42,183.0,129.86,None,0,5,2,4,0,0,2,3,0,0,1,3,7,0,0,28,18,4,1,9,18,0,18,10,3,2,1,6,3,0,3,28,8,3,0,20,8,0,8,0,359,0,10,1,348,10,0,0,320,0,5,1,314,5,0,0,241,0,10,0,231,10,0,0,486,0,17,1,468,17,0,0,485,0,1,0,484,1,0,0,2,8,0,0,1,8,0,0,3,1,1,1,1,2,6,1,1,1,1,1,3,0,0,0,Normal
2023-10-05,Thursday,4,40,10,Post_Monsoon,0,0,0,0,0,1,0,0.0,25.5,17.3,57.8,,0,0,0,82,14,10,6,7,112,125.0,121.0,129.0,118.29,7.91,173.0,125.71,None,0,5,3,3,3,0,3,7,0,0,1,3,4,0,0,28,19,3,2,7,19,0,19,10,4,1,1,5,4,0,4,28,8,1,1,19,8,0,8,0,348,0,11,1,336,11,0,0,314,0,4,1,309,4,0,0,231,0,10,0,221,10,0,0,468,0,18,1,449,18,0,0,484,0,4,0,480,4,0,0,2,8,1,0,1,8,0,0,2,1,1,1,1,2,6,1,1,1,1,1,2,0,0,0,Normal
2023-10-06,Friday,5,40,10,Post_Monsoon,0,0,1,0,0,0,1,0.8,28.6,19.6,48.4,,0,0,0,92,16,8,15,8,131,112.0,125.0,117.0,115.86,6.77,119.0,121.36,Road_Accident_Surge,2,5,5,5,1,0,3,2,0,3,1,3,7,0,0,28,17,7,0,11,17,0,17,10,2,2,0,8,2,0,2,28,11,0,1,16,11,0,11,0,336,0,14,1,321,14,0,0,309,0,6,1,302,6,0,0,221,0,11,0,210,11,0,0,449,0,20,1,428,20,0,0,480,0,8,0,472,8,0,0,2,8,0,0,1,8,0,0,2,1,3,1,1,2,6,1,1,1,2,3,3,0,0,0,Watch
2023-10-07,Saturday,6,40,10,Post_Monsoon,1,0,0,0,0,0,0,1.6,26.5,19.6,55.1,,0,0,0,80,16,5,9,6,110,131.0,112.0,117.0,117.86,8.63,117.0,122.21,None,0,6,3,4,3,1,3,1,0,1,1,3,7,0,0,28,15,5,0,13,15,0,15,10,2,1,0,8,2,0,2,28,11,2,1,16,11,0,11,0,321,0,11,1,309,11,0,0,302,0,5,1,296,5,0,0,210,0,11,0,199,11,0,1,428,0,19,1,408,19,0,0,472,0,6,0,466,6,0,0,2,8,0,0,1,8,0,0,2,1,1,1,1,2,6,1,1,1,1,1,3,0,0,0,Normal
2023-10-08,Sunday,7,40,10,Post_Monsoon,1,0,0,0,0,0,0,0.0,27.9,19.7,43.9,,0,0,0,73,12,7,9,5,101,110.0,131.0,102.0,116.86,9.06,124.0,121.71,None,0,2,7,1,2,0,3,3,1,0,1,3,4,0,0,28,15,4,2,11,15,0,15,10,1,1,1,8,1,0,1,28,12,0,2,14,12,0,12,0,309,0,8,1,300,8,0,0,296,0,2,1,293,2,0,0,199,0,8,0,191,8,0,0,408,0,15,1,392,15,0,1,466,0,6,0,460,6,0,0,2,12,1,0,1,8,0,0,2,1,1,1,1,2,6,1,1,1,1,1,4,0,0,0,Normal
2023-10-09,Monday,1,41,10,Post_Monsoon,0,0,0,0,0,0,0,1.4,29.2,20.5,45.9,,0,0,0,91,11,5,6,5,113,101.0,110.0,117.0,116.71,9.3,124.0,120.07,None,0,2,1,5,3,0,3,1,0,1,0,2,7,0,0,28,11,6,0,17,11,0,11,10,0,1,2,8,0,0,0,28,13,2,1,14,13,0,13,0,300,0,9,1,290,9,0,0,293,0,6,1,286,6,0,0,191,0,9,0,182,9,0,0,392,0,16,1,375,16,0,0,460,0,6,0,454,6,0,0,2,8,0,0,1,8,0,0,2,1,1,1,1,2,6,1,1,1,1,1,4,0,0,0,Normal
2023-10-10,Tuesday,2,41,10,Post_Monsoon,0,0,1,0,0,1,2,12.0,28.1,17.5,52.7,,0,0,0,93,20,8,16,10,137,113.0,101.0,121.0,116.14,9.39,133.0,119.29,Road_Accident_Surge,2,5,5,4,6,1,3,5,0,0,2,4,6,0,0,28,15,1,1,12,15,0,15,10,4,0,1,5,4,0,4,28,10,4,1,17,10,0,10,0,290,0,16,1,273,16,0,0,286,0,6,1,279,6,0,0,182,0,13,0,169,13,0,0,375,0,23,1,351,23,0,0,454,0,5,0,449,5,0,0,2,8,0,0,1,8,0,0,2,1,3,1,1,2,6,1,1,1,2,3,3,0,0,0,Watch
2023-10-11,Wednesday,3,41,10,Post_Monsoon,0,0,0,1,0,0,1,0.3,24.4,16.7,47.4,,0,0,0,93,10,4,14,7,121,137.0,113.0,125.0,118.43,11.9,142.0,119.57,None,0,4,1,3,2,0,2,2,0,0,1,3,5,0,0,28,13,5,0,15,13,0,13,10,6,0,2,2,6,0,6,28,10,2,2,16,10,0,10,0,273,0,11,1,261,11,0,0,279,0,4,1,274,4,0,0,169,0,9,0,160,9,0,0,351,0,15,1,335,15,0,0,449,0,4,0,445,4,0,0,2,8,0,0,1,8,0,0,2,1,2,1,1,2,6,1,1,1,2,2,4,0,0,0,Normal
2023-10-12,Thursday,4,41,10,Post_Monsoon,0,0,0,0,0,1,0,0.0,25.8,18.9,47.8,,0,0,0,85,15,11,10,8,121,121.0,137.0,112.0,117.86,11.67,129.0,118.07,None,0,4,8,3,0,2,3,5,2,1,3,5,6,0,0,28,16,1,1,11,16,0,16,10,5,2,1,4,5,0,5,28,11,2,1,16,11,0,11,0,261,0,13,0,248,13,0,0,274,0,4,1,269,4,0,0,160,0,10,0,150,10,0,0,335,0,19,1,315,19,0,0,445,0,12,0,433,12,0,0,2,20,1,1,1,8,0,0,2,1,1,1,2,2,6,2,1,1,1,1,4,0,0,1,Watch
2023-10-13,Friday,5,41,10,Post_Monsoon,0,0,0,0,0,0,0,0.8,26.6,19.1,51.5,,0,1,4,90,15,5,55,17,165,121.0,121.0,131.0,119.14,11.44,117.0,117.5,Mass_Casualty,3,6,5,4,0,0,0,3,1,1,2,4,6,0,0,28,19,4,0,9,19,0,19,10,9,1,1,0,12,3,12,28,9,4,2,17,9,0,9,3,248,0,24,0,224,24,0,0,269,0,5,1,263,5,0,0,430,280,11,0,419,11,0,0,1015,700,19,2,994,19,0,0,433,0,10,0,423,10,0,0,2,12,1,0,1,8,0,0,2,1,3,1,1,3,7,1,1,1,4,4,2,2,1,2,Critical
2023-10-14,Saturday,6,41,10,Post_Monsoon,1,0,1,0,0,0,1,0.0,25.1,16.9,50.9,,0,1,4,84,16,6,67,18,173,165.0,121.0,110.0,124.0,19.69,117.0,120.93,Mass_Casualty,3,4,5,3,4,1,5,0,0,1,3,5,5,0,0,28,20,3,0,8,20,0,20,10,8,4,2,0,19,11,19,28,8,4,2,18,8,0,8,11,224,0,25,0,199,25,0,1,263,0,4,1,258,4,0,0,419,0,11,0,408,11,0,0,994,0,20,2,972,20,0,0,423,0,12,0,411,12,0,0,2,8,0,0,1,8,1,0,2,1,3,1,1,3,7,1,1,1,4,4,3,1,1,2,Critical
2023-10-15,Sunday,7,41,10,Post_Monsoon,1,0,0,0,0,0,0,0.0,24.2,14.2,48.9,,0,0,0,67,12,5,12,6,96,173.0,165.0,101.0,133.0,24.93,102.0,124.93,None,0,4,4,2,2,2,1,2,0,2,2,4,7,0,0,28,18,5,0,10,18,0,18,10,7,13,1,2,7,0,7,28,10,0,1,17,10,0,10,0,199,0,10,0,189,10,0,0,258,0,3,1,254,3,0,0,408,0,8,0,400,8,0,0,972,0,15,2,955,15,0,0,411,0,8,0,403,8,0,0,2,8,0,0,1,8,0,0,2,1,1,1,1,2,6,1,1,1,1,1,4,0,0,0,Normal
2023-10-16,Monday,1,42,10,Post_Monsoon,0,0,1,0,0,0,3,0.0,23.5,15.5,56.5,,0,0,0,102,15,4,18,8,139,96.0,173.0,113.0,132.29,25.89,117.0,124.5,Road_Accident_Surge,2,7,3,3,2,0,3,0,1,0,1,3,7,0,0,28,23,1,1,4,23,0,23,10,3,6,2,5,3,0,3,28,7,3,2,19,7,0,7,0,189,0,13,0,176,13,0,0,254,0,4,0,250,4,0,0,400,0,12,0,388,12,0,0,955,0,20,2,933,20,0,0,403,0,2,0,401,2,0,0,2,12,1,0,1,8,0,0,3,1,3,1,1,2,6,1,1,1,2,3,4,0,0,0,Watch
2023-10-17,Tuesday,2,42,10,Post_Monsoon,0,0,0,0,0,1,0,0.0,24.9,17.6,55.7,,0,0,0,90,15,8,8,5,121,139.0,96.0,137.0,136.0,24.7,121.0,126.07,None,0,6,3,2,4,1,2,3,1,2,1,3,5,0,0,28,18,9,1,9,18,0,18,10,4,0,2,4,4,0,4,28,7,0,0,21,7,0,7,0,176,0,9,0,167,9,0,0,250,0,3,0,247,3,0,0,388,0,11,0,377,11,0,0,933,0,19,2,912,19,0,0,401,0,2,0,399,2,0,0,2,12,1,0,1,8,0,0,2,1,1,1,1,2,6,1,1,1,1,1,3,0,0,0,Normal
2023-10-18,Wednesday,3,42,10,Post_Monsoon,0,0,0,1,0,0,1,0.0,21.9,14.1,60.6,,0,0,0,101,20,6,11,7,138,121.0,139.0,121.0,133.71,25.23,125.0,126.07,None,0,3,6,5,6,0,1,3,0,2,1,3,6,0,0,28,19,3,2,7,19,0,19,10,5,0,1,4,5,0,5,28,9,0,0,19,9,0,9,0,167,0,13,0,154,13,0,0,247,0,6,0,241,6,0,0,377,0,13,0,364,13,0,0,912,0,24,2,886,24,0,0,399,0,7,0,392,7,0,0,2,8,0,0,1,8,0,0,3,1,1,1,1,2,6,1,1,1,1,1,3,0,0,0,Normal
2023-10-19,Thursday,4,42,10,Post_Monsoon,0,0,0,0,0,1,0,0.0,22.6,14.7,48.8,,0,0,0,84,13,9,5,5,111,138.0,121.0,121.0,136.14,24.71,112.0,127.0,None,0,4,2,5,2,0,3,2,2,2,0,2,7,0,0,28,20,4,2,6,20,0,20,10,5,0,1,4,5,0,5,28,9,0,2,17,9,0,9,0,454,300,9,1,444,9,0,0,241,0,6,0,235,6,0,0,364,0,10,0,354,10,0,0,886,0,17,2,867,17,0,0,392,0,1,0,391,1,0,0,2,20,1,1,1,8,0,0,2,1,1,1,2,2,6,1,1,1,1,1,2,0,0,1,Watch
2023-10-20,Friday,5,42,10,Post_Monsoon,0,0,0,0,0,0,0,0.1,24.6,17.0,55.0,,0,0,0,87,16,4,7,7,114,111.0,138.0,165.0,134.71,25.81,131.0,126.93,None,0,6,6,4,0,2,1,2,0,1,3,5,6,0,0,28,26,1,1,1,26,0,26,10,2,3,0,8,2,0,2,28,6,3,2,20,6,0,6,0,444,0,12,1,431,12,0,0,235,0,5,0,230,5,0,0,354,0,11,0,343,11,0,0,867,0,20,2,845,20,0,0,391,0,5,0,386,5,0,0,2,8,0,0,1,8,0,0,2,1,1,1,1,2,6,1,1,1,1,1,3,0,0,0,Normal
2023-10-21,Saturday,6,42,10,Post_Monsoon,1,0,0,0,0,0,0,1.8,27.9,19.6,50.2,,0,0,0,78,15,4,9,7,106,114.0,111.0,173.0,127.43,23.3,110.0,125.71,None,0,2,5,2,6,1,1,3,0,0,2,4,6,0,0,28,25,4,0,3,25,0,25,10,4,0,0,6,4,0,4,28,6,2,1,21,6,0,6,0,431,0,11,1,419,11,0,0,230,0,3,0,227,3,0,0,343,0,10,0,333,10,0,0,845,0,18,2,825,18,0,0,386,0,7,0,379,7,0,0,2,8,0,0,1,8,0,0,2,1,1,1,1,2,6,1,1,1,1,1,2,0,0,0,Normal
2023-10-22,Sunday,7,42,10,Post_Monsoon,1,0,0,0,0,0,0,0.0,25.7,17.2,47.5,,0,0,0,69,12,2,10,5,93,106.0,114.0,96.0,117.86,14.85,101.0,125.43,None,0,3,6,1,2,2,1,0,1,0,3,5,8,0,0,28,23,6,2,3,23,0,23,10,3,1,2,5,3,0,3,28,5,2,0,23,5,0,5,0,419,0,8,1,410,8,0,0,227,0,2,0,225,2,0,0,333,0,8,0,325,8,0,0,825,0,15,2,808,15,0,0,379,0,7,0,372,7,0,0,2,12,1,0,1,8,0,0,2,1,1,1,1,2,6,1,1,1,1,1,4,0,0,0,Normal
2023-10-23,Monday,1,43,10,Post_Monsoon,0,0,0,0,0,0,0,0.0,24.4,16.4,53.8,,0,0,0,92,16,6,3,7,117,93.0,106.0,139.0,117.43,15.5,113.0,124.86,None,0,4,7,2,3,1,4,2,0,0,2,4,8,0,0,28,16,11,1,11,16,0,16,10,2,1,1,7,2,0,2,28,7,1,0,21,7,0,7,0,410,0,11,1,398,11,0,0,225,0,3,0,222,3,0,0,325,0,11,0,314,11,0,0,808,0,20,2,786,20,0,0,372,0,10,0,362,10,0,0,2,8,0,0,1,8,1,0,2,1,1,1,1,2,6,1,1,1,1,1,3,0,0,0,Normal
2023-10-24,Tuesday,2,43,10,Post_Monsoon,0,0,0,0,0,1,0,2.5,27.4,19.1,53.1,,0,0,0,85,15,8,7,6,115,117.0,93.0,121.0,114.29,12.8,137.0,125.14,None,0,5,4,2,4,0,4,4,0,0,1,3,5,0,0,28,17,2,1,10,17,0,17,10,3,0,2,5,3,0,3,28,9,0,1,18,9,0,9,0,398,0,10,1,387,10,0,0,222,0,3,0,219,3,0,0,314,0,10,0,304,10,0,0,786,0,19,2,765,19,0,0,362,0,6,0,356,6,0,0,2,8,0,0,1,8,1,0,2,1,1,1,1,2,6,1,1,1,1,1,3,0,0,0,Normal
2023-10-25,Wednesday,3,43,10,Post_Monsoon,0,0,0,1,0,0,1,1.1,26.5,19.0,50.1,,0,0,0,98,16,5,13,7,132,115.0,117.0,138.0,113.43,12.52,121.0,123.57,None,0,7,5,0,4,0,2,2,0,1,1,3,7,0,0,28,17,4,3,8,17,0,17,10,3,2,1,6,3,0,3,28,6,4,2,20,6,0,6,0,387,0,11,1,375,11,0,0,219,0,2,0,217,2,0,0,304,0,12,0,292,12,0,0,765,0,21,1,743,21,0,0,356,0,4,0,352,4,0,0,2,8,0,0,1,8,0,0,3,1,2,1,1,2,6,1,1,1,1,1,4,0,0,0,Normal
2023-10-26,Thursday,4,43,10,Post_Monsoon,0,0,0,0,0,1,0,0.9,25.1,15.2,53.9,,0,0,0,81,19,11,6,7,117,132.0,115.0,111.0,112.57,10.91,121.0,124.36,None,0,6,7,2,4,1,2,7,0,2,2,4,8,0,0,28,16,5,1,11,16,0,16,10,4,1,0,6,4,0,4,28,4,3,0,24,4,0,4,0,375,0,12,1,362,12,0,0,217,0,4,0,213,4,0,0,292,0,12,0,280,12,0,0,743,0,22,1,720,22,0,0,352,0,6,0,346,6,0,0,2,8,1,0,1,8,0,0,2,1,1,1,1,2,6,2,1,1,1,1,4,0,0,0,Normal
2023-10-27,Friday,5,43,10,Post_Monsoon,0,0,0,0,0,0,0,0.0,26.4,17.2,55.0,,0,0,0,85,17,6,10,8,118,117.0,132.0,114.0,113.43,10.99,165.0,124.07,None,0,4,3,6,4,1,5,1,0,0,1,3,4,0,0,28,15,6,1,12,15,0,15,10,3,2,1,6,3,0,3,28,6,0,2,20,6,0,6,0,362,0,14,1,347,14,0,0,213,0,7,0,206,7,0,0,280,0,11,0,269,11,0,0,720,0,20,1,699,20,0,0,346,0,6,0,340,6,0,0,2,8,0,0,1,8,1,0,2,1,1,1,1,2,6,1,1,1,1,1,4,0,0,0,Normal
2023-10-28,Saturday,6,43,10,Post_Monsoon,1,0,0,0,0,0,0,0.0,27.3,17.6,45.0,,0,0,0,77,12,6,7,5,102,118.0,117.0,106.0,114.0,11.11,173.0,120.71,None,0,6,2,2,2,0,3,0,1,2,1,3,6,0,0,28,11,6,1,16,11,0,11,10,4,0,0,6,4,0,4,28,7,1,1,20,7,0,7,0,347,0,8,1,338,8,0,0,206,0,3,0,203,3,0,0,269,0,9,0,260,9,0,0,699,0,16,1,682,16,0,0,340,0,5,0,335,5,0,0,2,12,1,0,1,8,0,0,2,1,1,1,1,2,5,1,1,1,1,1,4,0,0,0,Normal
2023-10-29,Sunday,7,43,10,Post_Monsoon,1,0,1,0,0,0,1,0.0,24.1,15.5,55.4,,0,0,0,75,12,7,20,9,114,102.0,118.0,93.0,113.43,11.6,96.0,115.64,Road_Accident_Surge,3,1,4,4,3,0,3,1,0,3,1,3,7,0,0,28,19,0,2,7,19,0,19,10,4,1,1,5,4,0,4,28,7,0,1,20,7,0,7,0,338,0,14,1,323,14,0,0,203,0,5,0,198,5,0,0,260,0,8,0,252,8,0,0,682,0,16,1,665,16,0,0,335,0,2,0,333,2,0,0,2,8,0,0,1,8,0,0,2,1,3,1,1,2,6,1,1,1,2,3,3,0,0,0,Watch
2023-10-30,Monday,1,44,10,Post_Monsoon,0,0,1,0,0,0,3,0.4,21.4,14.5,48.0,,0,0,0,99,10,7,18,8,134,114.0,102.0,117.0,116.43,8.12,139.0,116.93,Road_Accident_Surge,2,2,5,3,0,1,2,3,0,2,2,4,4,0,0,28,18,3,0,10,18,0,18,10,4,2,1,5,4,0,4,28,11,0,1,16,11,0,11,0,323,0,12,1,310,12,0,0,198,0,4,0,194,4,0,0,252,0,9,0,243,9,0,0,665,0,16,1,648,16,0,0,333,0,11,0,322,11,0,0,2,8,0,0,1,8,0,0,3,1,3,1,1,2,6,1,1,1,2,3,4,0,0,0,Watch
2023-10-31,Tuesday,2,44,10,Post_Monsoon,0,0,0,0,0,1,0,0.6,25.8,17.3,52.6,,0,0,0,91,13,8,7,7,119,134.0,114.0,115.0,118.86,10.2,121.0,116.57,None,0,7,2,0,4,0,4,4,0,0,1,3,5,0,0,28,19,3,1,8,19,0,19,10,2,4,2,6,2,0,2,28,10,2,2,16,10,0,10,0,310,0,10,1,299,10,0,0,194,0,1,0,193,1,0,0,243,0,10,0,233,10,0,0,648,0,18,1,629,18,0,0,322,0,3,0,319,3,0,0,2,8,0,0,1,8,1,0,2,1,1,1,1,2,6,1,1,1,1,1,4,0,0,0,Normal
2023-11-01,Wednesday,3,44,11,Post_Monsoon,0,0,0,1,0,0,1,0.6,23.8,17.6,49.6,,0,0,0,99,15,4,13,8,131,119.0,134.0,132.0,119.43,10.08,138.0,116.43,None,0,6,2,6,1,1,2,1,1,0,1,3,7,0,0,28,18,4,1,9,18,0,18,10,2,2,2,6,2,0,2,28,9,4,2,17,9,0,9,0,299,0,14,1,284,14,0,0,193,0,7,0,186,7,0,0,233,0,11,0,222,11,0,0,629,0,20,1,608,20,0,0,319,0,8,0,311,8,0,0,2,12,1,0,1,8,0,0,3,1,2,1,1,2,6,1,1,1,1,1,3,0,0,0,Normal
2023-11-02,Thursday,4,44,11,Post_Monsoon,0,0,0,0,0,1,0,0.0,21.9,13.9,59.1,,0,0,0,84,19,10,3,6,116,131.0,119.0,117.0,119.29,9.91,111.0,115.93,None,0,4,7,4,4,0,2,6,2,0,1,3,8,0,0,28,21,3,0,7,21,0,21,10,2,0,1,7,2,0,2,28,8,1,0,20,8,0,8,0,284,0,11,1,272,11,0,0,186,0,6,0,180,6,0,0,222,0,12,0,210,12,0,0,608,0,22,1,585,22,0,0,311,0,4,0,307,4,0,0,2,20,1,1,1,8,0,0,2,1,1,1,2,2,6,1,1,1,1,1,2,0,0,1,Watch
2023-11-03,Friday,5,44,11,Post_Monsoon,0,0,0,0,0,0,0,4.7,24.7,15.8,57.8,,0,0,0,86,16,6,5,6,113,116.0,131.0,118.0,119.14,9.95,114.0,116.29,None,0,5,4,4,3,0,3,3,0,0,1,3,8,0,0,28,17,7,0,11,17,0,17,10,2,0,2,6,2,0,2,28,10,1,0,18,10,0,10,0,272,0,11,1,260,11,0,0,180,0,5,0,175,5,0,0,210,0,11,0,199,11,0,1,585,0,20,1,564,20,0,0,307,0,8,0,299,8,0,0,2,8,0,0,1,8,0,0,2,1,1,1,1,2,6,1,1,1,1,1,2,0,0,0,Normal
2023-11-04,Saturday,6,44,11,Post_Monsoon,1,0,0,0,0,0,0,0.0,24.6,16.7,58.4,,0,0,0,77,17,5,12,8,111,113.0,116.0,102.0,118.43,10.18,106.0,116.21,None,0,6,6,3,2,0,1,1,1,2,1,3,7,0,0,28,18,3,0,10,18,0,18,10,4,0,0,6,4,0,4,28,7,5,1,20,7,0,7,0,260,0,13,0,247,13,0,0,175,0,4,0,171,4,0,0,199,0,11,0,188,11,0,0,564,0,20,1,543,20,0,0,299,0,7,0,292,7,0,0,2,12,1,0,1,8,0,0,2,1,1,1,1,2,6,1,1,1,1,1,4,0,0,0,Normal
2023-11-05,Sunday,7,44,11,Post_Monsoon,1,0,0,0,0,0,0,0.9,23.8,13.6,61.4,,0,0,0,72,15,4,13,5,104,111.0,113.0,114.0,119.71,8.45,93.0,116.57,None,0,6,8,1,0,0,2,0,0,2,2,4,4,0,0,28,17,3,0,11,17,0,17,10,4,1,1,5,4,0,4,28,6,3,1,21,6,0,6,0,247,0,9,0,238,9,0,0,171,0,2,0,169,2,0,0,188,0,10,0,178,10,0,0,543,0,18,1,524,18,0,0,292,0,8,0,284,8,0,0,2,8,0,0,1,8,0,0,2,1,2,1,1,2,6,1,1,1,1,1,2,0,0,0,Normal
2023-11-06,Monday,1,45,11,Post_Monsoon,0,0,0,0,1,0,0,0.0,26.3,17.5,52.8,,0,0,0,98,18,8,6,8,130,104.0,111.0,134.0,118.29,10.0,117.0,117.36,None,0,2,5,6,5,2,2,3,1,2,2,4,4,0,0,28,19,3,2,7,19,0,19,10,1,4,1,8,1,0,1,28,7,1,0,21,7,0,7,0,238,0,14,0,224,14,0,0,169,0,7,0,162,7,0,0,178,0,12,0,166,12,0,0,524,0,22,1,501,22,0,0,284,0,8,0,276,8,0,0,2,12,1,0,1,8,0,0,3,1,1,1,1,2,6,1,1,1,1,1,2,0,0,0,Normal
2023-11-07,Tuesday,2,45,11,Post_Monsoon,0,0,1,0,0,1,2,0.0,20.1,11.6,59.8,,0,0,0,92,18,8,16,9,134,130.0,104.0,119.0,117.71,9.16,115.0,118.29,Road_Accident_Surge,2,5,8,3,2,1,2,4,0,2,2,4,8,0,0,28,21,4,2,5,21,0,21,10,1,1,1,8,1,0,1,28,8,1,0,20,8,0,8,0,224,0,14,0,210,14,0,0,162,0,4,0,158,4,0,0,166,0,12,0,154,12,0,0,501,0,22,1,478,22,0,0,276,0,9,0,267,9,0,0,2,8,0,0,1,8,0,0,2,1,3,1,1,2,6,1,1,1,2,3,4,0,0,0,Watch
2023-11-08,Wednesday,3,45,11,Post_Monsoon,0,0,0,1,0,0,1,0.0,22.6,14.1,56.2,,0,0,0,96,15,6,12,8,129,134.0,130.0,131.0,119.86,10.82,132.0,119.64,None,0,5,6,3,1,1,2,1,0,3,2,4,7,0,0,28,23,4,2,3,23,0,23,10,2,1,2,6,2,0,2,28,7,1,2,19,7,0,7,0,210,0,13,0,197,13,0,1,158,0,4,0,154,4,0,0,154,0,11,0,143,11,0,0,478,0,20,1,457,20,0,0,267,0,4,0,263,4,0,0,2,8,0,0,1,8,0,0,2,1,1,1,1,2,6,1,1,1,1,1,3,0,0,0,Normal
2023-11-09,Thursday,4,45,11,Post_Monsoon,0,0,0,0,0,1,0,0.0,23.6,15.1,50.8,,0,0,0,87,17,11,7,7,122,129.0,134.0,116.0,119.57,10.54,117.0,119.43,None,0,8,0,5,4,0,1,6,1,3,0,2,4,0,0,28,18,9,0,10,18,0,18,10,2,1,1,7,2,0,2,28,8,1,0,20,8,0,8,0,197,0,12,0,185,12,0,0,154,0,6,0,148,6,0,0,423,280,12,0,411,12,0,0,457,0,21,1,435,21,0,0,263,0,4,0,259,4,0,0,2,12,1,0,1,8,0,0,2,1,1,1,1,2,6,2,1,1,1,1,4,0,0,0,Normal
2023-11-10,Friday,5,45,11,Post_Monsoon,0,0,0,0,0,0,0,0.0,24.7,15.3,51.5,,0,0,0,78,14,5,8,6,105,122.0,129.0,113.0,120.43,10.46,118.0,119.79,None,0,8,4,0,2,0,2,1,0,2,1,3,4,0,0,28,17,4,1,10,17,0,17,10,3,1,0,7,3,0,3,28,8,1,0,20,8,0,8,0,185,0,9,0,176,9,0,0,148,0,1,0,147,1,0,0,411,0,10,0,401,10,0,0,435,0,17,1,417,17,0,0,259,0,4,0,255,4,0,0,2,8,0,0,1,8,0,0,2,1,1,1,1,2,6,1,1,1,1,1,4,0,0,0,Normal
2023-11-11,Saturday,6,45,11,Post_Monsoon,1,0,0,0,1,0,0,0.0,24.7,16.7,57.9,,0,0,0,77,18,8,11,7,114,105.0,122.0,111.0,119.29,11.58,102.0,118.86,None,0,6,7,3,2,1,3,1,0,4,2,4,4,0,0,28,14,7,1,13,14,0,14,10,3,0,1,6,3,0,3,28,11,0,1,16,11,0,11,0,176,0,12,0,164,12,0,0,147,0,4,0,143,4,0,0,401,0,11,0,390,11,0,0,417,0,21,1,395,21,0,1,255,0,10,0,245,10,0,0,2,8,0,0,1,8,0,0,2,1,1,1,1,2,6,1,1,1,1,1,2,0,0,0,Normal
2023-11-12,Sunday,7,45,11,Post_Monsoon,1,0,0,0,0,0,0,0.0,25.6,17.6,51.6,,0,0,0,68,15,5,11,7,99,114.0,105.0,104.0,119.71,11.32,114.0,119.71,None,0,6,2,5,2,1,3,1,1,0,1,3,8,0,0,28,15,4,1,12,15,0,15,10,1,2,1,8,1,0,1,28,12,1,0,16,12,0,12,0,164,0,12,0,152,12,0,0,143,0,6,0,137,6,0,0,390,0,10,0,380,10,0,0,395,0,17,1,377,17,0,0,245,0,6,0,239,6,0,0,2,12,1,0,1,8,0,0,2,1,1,1,1,2,6,1,1,1,1,1,3,0,0,0,Normal
2023-11-13,Monday,1,46,11,Post_Monsoon,0,0,0,0,0,0,0,0.4,23.9,15.7,63.5,,0,0,0,89,21,5,8,6,123,99.0,114.0,130.0,119.0,12.4,134.0,118.64,None,0,8,3,5,5,0,4,0,0,1,1,3,7,0,0,28,12,5,0,16,12,0,12,10,2,1,1,7,2,0,2,28,11,3,0,17,11,0,11,0,452,300,12,1,439,12,0,0,137,0,7,0,130,7,0,0,380,0,13,0,367,13,0,0,377,0,24,1,352,24,0,0,239,0,6,0,233,6,0,0,2,8,0,0,1,8,1,0,2,1,1,1,1,2,6,1,1,1,1,1,2,0,0,0,Normal
2023-11-14,Tuesday,2,46,11,Post_Monsoon,0,0,0,0,0,1,0,0.4,23.9,16.2,59.2,,0,0,0,92,14,11,8,8,125,123.0,99.0,134.0,118.0,11.74,119.0,117.86,None,0,7,5,2,0,0,3,4,1,3,1,3,8,0,0,28,12,4,1,15,12,0,12,10,3,1,2,5,3,0,3,28,12,1,0,16,12,0,12,0,439,0,12,1,426,12,0,0,130,0,3,0,127,3,0,1,367,0,11,0,356,11,0,0,352,0,19,1,332,19,0,0,233,0,6,0,227,6,0,1,2,12,1,0,1,8,0,0,2,1,1,1,1,2,6,2,1,1,1,1,2,0,0,0,Normal
2023-11-15,Wednesday,3,46,11,Post_Monsoon,0,0,0,1,0,0,1,3.3,26.2,19.2,49.6,,0,0,0,98,12,6,10,8,126,125.0,123.0,129.0,116.71,10.32,131.0,118.29,None,0,7,1,2,2,0,3,1,0,2,0,2,4,0,0,28,14,1,0,14,14,0,14,10,7,1,0,3,7,0,7,28,12,0,1,15,12,0,12,0,426,0,12,1,413,12,0,0,127,0,3,0,124,3,0,0,356,0,10,0,346,10,0,0,332,0,17,1,314,17,0,0,227,0,0,0,227,0,0,0,2,8,0,0,1,8,0,0,3,1,1,1,1,2,6,1,1,1,1,1,2,0,0,0,Normal
2023-11-16,Thursday,4,46,11,Post_Monsoon,0,0,0,0,1,1,0,0.2,23.9,13.6,49.8,,0,0,0,92,12,15,9,8,128,126.0,125.0,122.0,116.29,9.85,116.0,117.93,None,0,6,1,5,0,1,3,6,1,5,1,3,7,0,0,28,15,3,1,12,15,0,15,10,3,5,1,6,3,0,3,28,14,1,1,13,14,0,14,0,413,0,13,1,399,13,0,0,124,0,6,0,118,6,0,0,346,0,10,0,336,10,0,0,1014,700,17,2,995,17,0,0,227,0,7,0,220,7,0,0,2,20,1,1,1,8,0,0,2,1,1,1,2,2,6,2,1,1,1,1,4,0,0,1,Watch
2023-11-17,Friday,5,46,11,Post_Monsoon,0,0,0,0,0,0,0,0.0,26.0,18.9,58.6,,0,0,0,81,20,6,7,7,114,128.0,126.0,105.0,117.14,10.55,113.0,118.79,None,0,3,7,5,5,3,2,2,1,1,3,5,8,0,0,28,20,1,2,6,20,0,20,10,2,1,0,8,2,0,2,28,13,2,1,14,13,0,13,0,399,0,13,1,385,13,0,0,118,0,6,0,112,6,0,0,336,0,12,0,324,12,0,0,995,0,22,2,971,22,0,0,220,0,8,0,212,8,0,0,2,12,1,0,1,8,0,0,2,1,1,1,1,2,6,1,1,1,1,1,4,0,0,0,Normal
2023-11-18,Saturday,6,46,11,Post_Monsoon,1,0,0,0,0,0,0,0.0,22.7,14.2,50.8,,0,0,0,75,17,5,11,7,108,114.0,128.0,114.0,118.43,9.48,111.0,118.86,None,0,4,4,5,4,0,2,2,1,0,1,3,6,0,0,28,20,3,0,8,20,0,20,10,2,2,0,8,2,0,2,28,12,3,0,16,12,0,12,0,385,0,12,1,372,12,0,0,112,0,6,0,106,6,0,0,324,0,10,0,314,10,0,0,971,0,20,2,949,20,0,0,212,0,6,0,206,6,0,0,2,12,1,0,1,8,0,0,2,1,1,1,1,2,6,1,1,1,1,1,2,0,0,0,Normal
2023-11-19,Sunday,7,46,11,Post_Monsoon,1,0,0,0,0,0,0,0.0,23.3,13.4,56.4,,0,0,0,63,19,6,11,7,99,108.0,114.0,99.0,117.57,10.1,104.0,118.64,None,0,5,7,2,5,1,4,0,0,2,2,4,7,0,0,28,19,5,0,9,19,0,19,10,3,1,0,7,3,0,3,28,11,2,2,15,11,0,11,0,372,0,12,1,359,12,0,0,356,250,4,1,351,4,0,0,314,0,11,0,303,11,0,0,949,0,20,2,927,20,0,0,206,0,6,0,200,6,0,0,2,8,0,0,1,8,1,0,2,1,1,1,1,2,6,1,1,1,1,1,3,0,0,0,Normal
2023-11-20,Monday,1,47,11,Post_Monsoon,0,0,0,0,0,0,0,0.9,26.1,16.4,48.4,,0,0,0,94,17,6,7,6,124,99.0,108.0,123.0,117.57,10.1,130.0,118.29,None,0,7,6,2,2,0,4,1,1,0,1,3,7,0,0,28,18,5,2,8,18,0,18,10,3,0,1,6,3,0,3,28,9,4,1,18,9,0,9,0,359,0,10,1,348,10,0,0,351,0,4,1,346,4,0,0,303,0,12,0,291,12,0,0,927,0,21,2,904,21,0,0,200,0,7,0,193,7,0,0,2,12,1,0,1,8,1,0,2,1,1,1,1,2,6,1,1,1,1,1,2,0,0,0,Normal
2023-11-21,Tuesday,2,47,11,Post_Monsoon,0,0,0,0,0,1,0,3.9,21.3,13.5,51.1,,0,0,0,90,16,10,6,7,122,124.0,99.0,125.0,117.71,10.18,134.0,117.86,None,0,7,3,5,1,0,3,7,0,0,1,3,4,0,0,28,15,6,2,11,15,0,15,10,4,1,2,4,4,0,4,28,9,2,1,18,9,0,9,0,348,0,12,1,335,12,0,0,346,0,6,1,339,6,0,0,291,0,12,0,279,12,0,0,904,0,20,2,882,20,0,0,593,400,6,1,586,6,0,0,2,8,1,0,1,8,0,0,2,1,1,1,1,2,6,1,1,1,1,1,2,0,0,0,Normal
2023-11-22,Wednesday,3,47,11,Post_Monsoon,0,0,0,1,0,0,1,0.0,21.8,13.9,56.7,,0,0,0,97,22,5,13,7,137,122.0,124.0,126.0,117.29,9.92,129.0,117.0,None,0,9,3,4,6,0,2,2,0,1,1,3,6,0,0,28,17,3,0,11,17,0,17,10,2,2,1,7,2,0,2,28,10,1,2,16,10,0,10,0,335,0,13,1,321,13,0,0,339,0,6,1,332,6,0,0,279,0,14,0,265,14,0,0,882,0,25,2,855,25,0,0,586,0,6,1,579,6,0,0,2,8,0,0,1,8,0,0,3,1,2,1,1,2,6,1,1,1,1,1,3,0,0,0,Normal
2023-11-23,Thursday,4,47,11,Post_Monsoon,0,0,1,0,0,1,1,0.4,17.9,10.9,64.3,,0,0,0,88,19,11,14,8,132,137.0,122.0,128.0,118.86,11.86,122.0,117.57,None,0,8,7,3,1,2,6,4,1,0,3,5,5,0,0,28,18,3,1,9,18,0,18,10,3,0,0,7,3,0,3,28,12,1,2,14,12,0,12,0,321,0,13,1,307,13,0,0,332,0,5,1,326,5,0,0,265,0,13,0,252,13,0,0,855,0,22,2,831,22,0,0,579,0,11,1,567,11,0,0,2,12,1,0,1,20,1,1,2,1,2,2,1,2,6,2,1,1,2,2,3,0,0,1,Watch
2023-11-24,Friday,5,47,11,Post_Monsoon,0,0,0,0,0,0,0,0.0,24.2,16.8,51.2,,0,0,0,89,18,7,6,5,120,132.0,137.0,114.0,119.43,12.37,105.0,118.29,None,0,6,6,4,2,2,3,1,0,3,2,4,4,0,0,28,18,4,3,7,18,0,18,10,1,2,0,9,1,0,1,28,10,3,0,18,10,0,10,0,307,0,10,1,296,10,0,0,326,0,5,1,320,5,0,0,252,0,12,0,240,12,0,0,831,0,22,2,807,22,0,0,567,0,7,1,559,7,0,0,2,8,0,0,1,8,0,0,2,1,1,1,1,2,6,1,1,1,1,1,4,0,0,0,Normal
2023-11-25,Saturday,6,47,11,Post_Monsoon,1,0,0,0,0,0,0,0.6,24.4,15.3,46.8,,0,0,0,73,12,7,10,8,102,120.0,132.0,108.0,120.29,12.17,114.0,119.36,None,0,4,4,0,4,0,4,2,1,0,1,3,6,0,0,28,18,4,1,9,18,0,18,10,1,0,0,9,1,0,1,28,14,0,1,13,14,0,14,0,296,0,11,1,284,11,0,0,320,0,1,1,318,1,0,0,240,0,9,0,231,9,0,0,807,0,15,2,790,15,0,0,559,0,10,1,548,10,0,0,2,12,1,0,1,8,1,0,2,1,1,1,1,2,6,1,1,1,1,1,3,0,0,0,Normal
2023-11-26,Sunday,7,47,11,Post_Monsoon,1,0,0,0,0,0,0,0.0,22.3,14.8,55.8,,0,0,0,66,18,7,11,6,102,102.0,120.0,99.0,119.43,13.18,99.0,118.5,None,0,8,2,5,3,0,2,4,1,0,1,3,8,0,0,28,16,5,2,10,16,0,16,10,1,1,2,7,1,0,1,28,11,5,2,15,11,0,11,0,284,0,11,1,272,11,0,0,318,0,6,1,311,6,0,0,231,0,11,0,220,11,0,0,790,0,20,2,768,20,0,0,548,0,5,1,542,5,0,0,2,12,1,0,1,8,0,0,2,1,1,1,1,2,6,1,1,1,1,1,3,0,0,0,Normal
2023-11-27,Monday,1,48,11,Post_Monsoon,0,0,0,0,0,0,0,0.0,22.4,15.0,53.7,,0,0,0,92,15,7,6,6,120,102.0,102.0,124.0,119.86,12.54,123.0,118.71,None,0,6,2,4,3,0,1,3,0,3,0,2,4,0,0,28,16,4,0,12,16,0,16,10,1,0,1,8,1,0,1,28,12,1,0,16,12,0,12,0,272,0,11,1,260,11,0,0,311,0,5,1,305,5,0,0,220,0,11,0,209,11,0,0,768,0,19,1,748,19,0,0,542,0,5,1,536,5,0,0,2,8,0,0,1,8,0,0,2,1,1,1,1,2,6,1,1,1,1,1,4,0,0,0,Normal
2023-11-28,Tuesday,2,48,11,Post_Monsoon,0,0,0,0,0,1,0,0.0,22.0,15.6,52.1,,0,0,0,88,14,10,7,7,119,120.0,102.0,122.0,119.29,12.43,125.0,118.5,None,0,4,2,5,3,0,2,5,1,2,1,3,5,0,0,28,18,3,1,9,18,0,18,10,2,0,1,7,2,0,2,28,9,4,2,17,9,0,9,0,260,0,12,0,248,12,0,0,305,0,6,1,298,6,0,0,209,0,10,0,199,10,0,1,748,0,18,1,729,18,0,0,536,0,3,1,532,3,0,0,2,12,1,0,1,8,0,0,2,1,1,1,1,2,6,1,1,1,1,1,4,0,0,0,Normal
2023-11-29,Wednesday,3,48,11,Post_Monsoon,0,0,0,1,0,0,1,0.0,22.5,11.6,56.9,,0,0,0,98,17,5,12,7,132,119.0,120.0,137.0,118.86,12.38,126.0,118.07,None,0,4,6,5,2,0,2,2,1,0,1,3,7,0,0,28,19,2,0,9,19,0,19,10,2,2,0,8,2,0,2,28,10,1,1,17,10,0,10,0,248,0,12,0,236,12,0,0,298,0,6,1,291,6,0,0,199,0,12,0,187,12,0,0,729,0,21,1,707,21,0,0,532,0,7,1,524,7,0,0,2,12,1,0,1,8,0,0,3,1,1,1,1,2,6,1,1,1,1,1,3,0,0,0,Normal
2023-11-30,Thursday,4,48,11,Post_Monsoon,0,0,0,0,0,1,0,0.0,19.0,9.2,61.1,,0,0,0,85,23,10,8,7,126,132.0,119.0,132.0,118.14,11.42,128.0,118.5,None,0,9,4,4,6,0,7,3,0,0,1,3,5,0,0,28,18,2,2,8,18,0,18,10,3,1,0,7,3,0,3,28,11,3,0,17,11,0,11,0,236,0,13,0,223,13,0,0,291,0,6,1,284,6,0,0,187,0,14,0,173,14,0,0,707,0,25,1,681,25,0,0,524,0,10,1,513,10,0,0,2,8,1,0,1,20,1,1,2,1,1,2,1,2,6,1,1,1,1,1,2,0,0,1,Watch
2023-12-01,Friday,5,48,12,Winter,0,0,0,0,0,0,0,0.0,26.0,18.7,52.8,,0,0,0,82,9,7,6,6,104,126.0,132.0,120.0,117.29,10.54,114.0,118.36,None,0,0,5,3,1,3,3,3,1,0,3,5,4,1,1,28,19,2,0,9,19,0,19,10,3,1,1,6,3,0,3,28,12,1,2,14,12,0,12,0,223,0,9,0,214,9,0,0,284,0,4,1,279,4,0,0,173,0,7,0,166,7,0,0,681,0,14,1,666,14,0,0,513,0,9,1,503,9,0,0,2,12,1,0,1,8,0,0,2,1,1,1,1,2,6,1,1,1,1,1,3,0,0,1,Watch
2023-12-02,Saturday,6,48,12,Winter,1,0,0,0,0,0,0,0.0,22.9,13.4,56.2,,0,0,0,78,18,6,11,6,113,104.0,126.0,102.0,115.0,11.4,108.0,117.64,None,0,4,7,3,4,0,2,2,0,2,1,3,4,0,0,28,17,4,0,11,17,0,17,10,4,2,2,4,4,0,4,28,11,2,0,17,11,0,11,0,214,0,11,0,203,11,0,0,279,0,4,1,274,4,0,0,166,0,11,0,155,11,0,0,666,0,21,1,644,21,0,0,503,0,6,0,497,6,0,0,2,8,0,0,1,8,0,0,2,1,1,1,1,2,6,1,1,1,1,1,3,0,0,0,Normal
2023-12-03,Sunday,7,48,12,Winter,1,0,0,0,0,0,0,0.0,21.5,15.7,49.0,,0,0,0,72,15,5,10,6,102,113.0,104.0,102.0,116.57,10.2,99.0,118.0,None,0,7,5,3,0,1,3,0,1,1,2,4,4,0,0,28,16,4,2,10,16,0,16,10,4,1,0,6,4,0,4,28,11,2,2,15,11,0,11,0,203,0,10,0,193,10,0,1,274,0,4,1,269,4,0,0,155,0,10,0,145,10,0,0,644,0,18,1,625,18,0,0,497,0,7,0,490,7,0,0,2,12,1,0,1,8,0,0,2,1,1,1,1,2,6,1,1,1,1,1,2,0,0,0,Normal
2023-12-04,Monday,1,49,12,Winter,0,0,0,0,0,0,0,1.2,20.8,12.9,47.5,,0,0,0,95,16,8,10,8,129,102.0,113.0,120.0,116.57,10.2,124.0,118.21,None,0,6,5,4,1,0,3,3,1,1,1,3,8,0,0,28,11,7,2,15,11,0,11,10,6,2,1,3,6,0,6,28,12,1,1,15,12,0,12,0,193,0,13,0,180,13,0,0,269,0,5,1,263,5,0,0,425,280,12,0,413,12,0,0,625,0,20,1,604,20,0,0,490,0,6,0,484,6,0,0,2,12,1,0,1,8,0,0,2,1,1,1,1,2,6,1,1,1,1,1,2,0,0,0,Normal
2023-12-05,Tuesday,2,49,12,Winter,0,0,0,0,0,1,0,0.0,21.8,14.9,52.2,,0,0,0,91,20,12,7,8,130,129.0,102.0,119.0,117.86,11.08,122.0,118.57,None,0,8,6,3,3,1,3,5,1,3,2,4,6,0,0,28,8,4,2,18,8,0,8,10,3,4,1,6,3,0,3,28,15,3,2,11,15,0,15,0,180,0,14,0,166,14,0,0,263,0,5,1,257,5,0,0,413,0,13,0,400,13,0,0,604,0,23,1,580,23,0,0,484,0,16,0,468,16,0,0,2,12,1,0,1,8,0,0,2,1,1,1,1,2,6,2,1,1,1,1,4,0,0,0,Normal
2023-12-06,Wednesday,3,49,12,Winter,0,0,0,1,0,0,1,0.5,22.8,14.8,56.6,,0,0,0,96,15,6,13,7,130,130.0,129.0,132.0,119.43,11.88,137.0,119.14,None,0,4,6,4,1,0,1,4,0,1,1,3,8,0,0,28,15,0,0,13,15,0,15,10,2,1,2,6,2,0,2,28,12,3,0,16,12,0,12,0,166,0,12,0,154,12,0,0,257,0,5,1,251,5,0,0,400,0,11,0,389,11,0,0,580,0,20,1,559,20,0,0,468,0,3,0,465,3,0,0,2,8,0,0,1,8,0,0,2,1,2,1,1,2,6,1,1,1,1,1,2,0,0,0,Normal
2023-12-07,Thursday,4,49,12,Winter,0,0,0,0,0,1,0,0.0,20.2,10.7,61.2,,0,0,0,87,20,12,9,8,128,130.0,130.0,126.0,119.14,11.59,132.0,118.64,None,0,8,8,2,2,2,7,4,0,1,3,5,7,0,0,28,19,1,2,7,19,0,19,10,3,1,0,7,3,0,3,28,12,1,0,16,12,0,12,0,154,0,13,0,141,13,0,0,251,0,4,0,247,4,0,0,389,0,13,0,376,13,0,0,559,0,23,1,535,23,0,0,465,0,8,0,457,8,0,0,2,8,1,0,1,20,1,1,2,1,1,2,1,2,6,2,1,1,1,1,2,0,0,1,Watch
2023-12-08,Friday,5,49,12,Winter,0,0,0,0,0,0,0,0.0,19.8,14.2,52.9,,0,0,0,83,14,7,7,6,111,128.0,130.0,104.0,119.43,11.78,120.0,118.36,None,0,6,3,5,0,0,3,0,2,2,1,3,5,0,0,28,17,7,0,11,17,0,17,10,3,0,0,7,3,0,3,28,10,3,1,17,10,0,10,0,441,300,11,1,429,11,0,0,247,0,6,0,241,6,0,0,376,0,10,0,366,10,0,0,535,0,18,1,516,18,0,0,457,0,4,0,453,4,0,0,2,20,1,1,1,8,0,0,2,1,1,1,2,2,6,1,1,1,1,1,2,0,0,1,Watch
2023-12-09,Saturday,6,49,12,Winter,1,0,0,0,0,0,0,0.2,26.6,20.3,50.1,,0,0,0,78,15,5,11,6,109,111.0,128.0,113.0,120.43,10.68,102.0,117.71,None,0,3,6,3,3,0,1,2,1,1,1,3,8,0,0,28,15,5,0,13,15,0,15,10,4,0,1,5,4,0,4,28,9,3,2,17,9,0,9,0,429,0,10,1,418,10,0,0,241,0,4,0,237,4,0,0,366,0,10,0,356,10,0,0,516,0,18,1,497,18,0,0,453,0,7,0,446,7,0,0,2,12,1,0,1,8,0,0,2,1,1,1,1,2,6,1,1,1,1,1,2,0,0,0,Normal
2023-12-10,Sunday,7,49,12,Winter,1,0,0,0,1,0,0,0.0,23.2,14.8,55.2,,0,0,0,74,19,10,13,8,116,109.0,111.0,102.0,119.86,11.15,102.0,118.21,None,0,9,6,1,3,1,5,2,1,2,2,4,5,0,0,28,13,5,1,14,13,0,13,10,4,1,1,5,4,0,4,28,12,1,1,15,12,0,12,0,418,0,13,1,404,13,0,0,237,0,3,0,234,3,0,0,356,0,12,0,344,12,0,0,497,0,21,1,475,21,0,0,446,0,12,0,434,12,0,0,2,12,1,0,1,8,1,0,2,1,2,1,1,2,6,1,1,1,1,1,2,0,0,0,Normal
2023-12-11,Monday,1,50,12,Winter,0,0,0,0,1,0,0,0.0,24.4,16.9,55.9,,0,0,0,92,16,8,10,8,126,116.0,109.0,129.0,121.86,8.77,120.0,119.21,None,0,3,7,5,1,1,3,1,0,4,2,4,4,0,0,28,13,3,2,13,13,0,13,10,3,3,0,7,3,0,3,28,14,1,0,14,14,0,14,0,404,0,14,1,389,14,0,0,234,0,6,0,228,6,0,0,344,0,11,0,333,11,0,0,475,0,20,1,454,20,0,0,434,0,10,0,424,10,0,0,2,8,0,0,1,8,0,0,2,1,1,1,1,2,6,1,1,1,1,1,2,0,0,0,Normal
2023-12-12,Tuesday,2,50,12,Winter,0,0,0,0,0,1,0,0.0,20.8,14.0,54.7,,0,0,0,88,22,10,5,8,125,126.0,116.0,130.0,121.43,8.48,119.0,119.64,None,0,8,9,4,1,1,3,7,0,0,2,4,8,0,0,28,13,4,2,13,13,0,13,10,2,2,1,7,2,0,2,28,16,1,1,11,16,0,16,0,389,0,14,1,374,14,0,0,228,0,6,0,222,6,0,0,333,0,14,0,319,14,0,0,454,0,25,1,428,25,0,0,424,0,11,0,413,11,0,0,2,8,1,0,1,8,0,0,2,1,1,1,1,2,6,1,1,1,1,1,3,0,0,0,Normal
2023-12-13,Wednesday,3,50,12,Winter,0,0,0,1,0,0,1,0.0,24.3,16.5,42.6,,0,0,0,103,18,6,11,8,138,125.0,126.0,130.0,120.71,7.92,132.0,120.07,None,0,7,5,6,0,0,2,1,2,1,1,3,6,0,0,28,11,7,1,16,11,0,11,10,3,0,2,5,3,0,3,28,16,2,1,11,16,0,16,0,374,0,14,1,359,14,0,0,222,0,7,0,215,7,0,0,319,0,13,0,306,13,0,0,428,0,23,1,404,23,0,0,413,0,6,0,407,6,0,0,2,20,1,1,1,8,0,0,3,1,1,1,2,2,6,1,1,1,1,1,4,0,0,1,Watch
2023-12-14,Thursday,4,50,12,Winter,0,0,0,0,0,1,0,0.0,22.8,14.1,53.0,,0,0,0,89,17,11,8,7,125,138.0,125.0,128.0,121.86,9.58,126.0,120.5,None,0,1,8,5,3,0,1,9,0,1,1,3,6,0,0,28,13,1,1,14,13,0,13,10,5,0,2,3,5,0,5,28,17,1,2,9,17,0,17,0,359,0,12,1,346,12,0,0,215,0,6,0,209,6,0,0,306,0,11,0,295,11,0,0,404,0,21,1,382,21,0,1,407,0,8,0,399,8,0,0,2,8,1,0,1,8,0,0,2,1,1,1,1,2,6,2,1,1,1,1,4,0,0,0,Normal
2023-12-15,Friday,5,50,12,Winter,0,0,0,0,0,0,0,0.0,22.7,13.8,59.4,,0,0,0,82,17,5,6,7,110,125.0,138.0,111.0,121.43,9.36,104.0,120.43,None,0,3,7,5,2,2,2,3,0,0,3,5,6,0,0,28,15,4,1,12,15,0,15,10,5,1,0,5,5,0,5,28,14,3,2,12,14,0,14,0,346,0,12,1,333,12,0,0,209,0,6,0,203,6,0,0,295,0,11,0,284,11,0,0,382,0,20,1,361,20,0,0,399,0,5,0,394,5,0,0,2,8,0,0,1,8,0,0,2,1,1,1,1,2,6,1,1,1,1,1,3,0,0,0,Normal
2023-12-16,Saturday,6,50,12,Winter,1,0,0,0,0,0,0,0.0,21.8,16.0,54.8,,0,0,0,77,16,5,10,6,108,110.0,125.0,109.0,121.29,9.53,113.0,120.86,None,0,5,6,4,1,1,3,2,0,0,2,4,8,0,0,28,17,2,0,11,17,0,17,10,4,2,2,4,4,0,4,28,14,1,2,12,14,0,14,0,333,0,11,1,321,11,0,0,203,0,5,0,198,5,0,0,284,0,10,0,274,10,0,0,361,0,19,1,341,19,0,0,394,0,6,0,388,6,0,0,2,8,0,0,1,8,0,0,2,1,1,1,1,2,6,1,1,1,1,1,4,0,0,0,Normal
2023-12-17,Sunday,7,50,12,Winter,1,0,0,0,0,0,0,0.7,21.5,12.7,53.5,,0,0,0,73,17,7,10,5,107,108.0,110.0,116.0,121.14,9.72,102.0,120.5,None,0,3,9,5,0,1,1,2,1,3,2,4,5,0,0,28,14,6,0,14,14,0,14,10,5,0,2,3,5,0,5,28,14,1,2,12,14,0,14,0,321,0,10,1,310,10,0,0,198,0,6,0,192,6,0,0,274,0,10,0,264,10,0,0,341,0,19,1,321,19,0,0,388,0,7,0,381,7,0,0,2,12,1,0,1,8,0,0,2,1,1,1,1,2,6,1,1,1,1,1,3,0,0,0,Normal
2023-12-18,Monday,1,51,12,Winter,0,0,0,0,0,0,0,0.5,21.0,12.1,52.0,,0,0,0,97,16,6,6,7,125,107.0,108.0,126.0,119.86,10.84,129.0,120.86,None,0,4,4,3,5,0,2,2,2,0,1,3,8,0,0,28,18,2,1,9,18,0,18,10,2,3,1,7,2,0,2,28,14,1,1,13,14,0,14,0,310,0,12,1,297,12,0,0,192,0,4,0,188,4,0,0,264,0,11,0,253,11,0,0,321,0,21,1,299,21,0,0,381,0,4,0,377,4,0,0,2,20,1,1,1,8,0,0,3,1,1,1,2,2,6,1,1,1,1,1,3,0,0,1,Watch
2023-12-19,Tuesday,2,51,12,Winter,0,0,0,0,0,1,0,0.0,23.5,16.7,50.8,,0,0,0,89,13,12,7,8,121,125.0,107.0,125.0,119.71,10.77,130.0,120.57,None,0,3,5,3,2,0,1,7,1,3,1,3,8,0,0,28,22,3,0,6,22,0,22,10,1,1,1,8,1,0,1,28,13,2,2,13,13,0,13,0,297,0,12,1,284,12,0,0,188,0,4,0,184,4,0,0,253,0,10,0,243,10,0,0,999,700,18,2,979,18,0,0,377,0,4,0,373,4,0,0,2,12,1,0,1,8,0,0,2,1,1,1,1,2,7,2,1,1,1,1,2,0,0,0,Normal
2023-12-20,Wednesday,3,51,12,Winter,0,0,0,1,0,0,1,0.0,22.5,13.8,56.3,,0,0,0,100,14,6,15,9,135,121.0,125.0,138.0,119.14,10.58,130.0,119.93,None,0,6,5,2,1,2,3,2,0,1,3,5,7,0,0,28,25,2,0,3,25,0,25,10,3,0,2,5,3,0,3,28,14,1,0,14,14,0,14,0,284,0,13,1,270,13,0,0,184,0,3,0,181,3,0,0,243,0,11,0,232,11,0,0,979,0,19,2,958,19,0,0,373,0,8,0,365,8,0,0,2,8,0,0,1,8,0,0,3,1,2,1,1,2,7,1,1,1,2,2,3,0,0,0,Normal
2023-12-21,Thursday,4,51,12,Winter,0,0,0,0,0,1,0,0.0,18.9,9.8,58.8,,0,0,0,88,21,11,9,7,129,135.0,121.0,125.0,118.71,9.84,128.0,120.29,None,0,5,12,3,1,2,3,4,1,3,3,5,4,1,1,28,19,12,2,7,19,0,19,10,1,2,1,8,1,0,1,28,13,2,0,15,13,0,13,0,270,0,12,1,257,12,0,0,181,0,5,0,176,5,0,0,232,0,13,0,219,13,0,0,958,0,24,2,932,24,0,0,365,0,10,0,355,10,0,0,2,12,1,0,1,8,0,0,2,1,1,1,1,2,6,2,1,1,1,1,2,0,0,1,Watch
2023-12-22,Friday,5,51,12,Winter,0,0,0,0,0,0,0,0.0,22.6,17.6,52.4,,0,0,0,84,17,6,7,7,114,129.0,135.0,110.0,119.29,10.29,111.0,120.36,None,0,7,3,6,1,0,4,1,1,0,1,3,4,0,0,28,21,1,2,5,21,0,21,10,2,1,0,8,2,0,2,28,11,4,0,17,11,0,11,0,257,0,13,0,244,13,0,0,176,0,7,0,169,7,0,0,219,0,12,0,207,12,0,0,932,0,20,2,910,20,0,0,355,0,6,0,349,6,0,0,2,12,1,0,1,8,1,0,2,1,1,1,1,2,6,1,1,1,1,1,2,0,0,0,Normal
2023-12-23,Saturday,6,51,12,Winter,1,0,0,0,0,0,0,0.0,21.4,11.8,59.3,,0,0,0,75,18,7,13,6,113,114.0,129.0,108.0,119.86,9.86,109.0,120.57,None,0,5,7,3,3,2,3,2,1,1,3,5,4,1,1,28,18,5,2,8,18,0,18,10,2,1,0,8,2,0,2,28,11,3,2,15,11,0,11,0,244,0,11,0,233,11,0,0,169,0,4,0,165,4,0,0,207,0,11,0,196,11,0,1,910,0,20,2,888,20,0,0,349,0,11,0,338,11,0,0,2,12,1,0,1,8,0,0,2,1,2,1,1,2,6,1,1,1,1,1,2,0,0,1,Watch
2023-12-24,Sunday,7,51,12,Winter,1,0,0,0,0,0,0,0.0,22.8,17.3,48.1,,0,0,0,73,19,7,8,5,107,113.0,114.0,107.0,120.57,9.13,116.0,120.86,None,0,6,10,1,2,1,4,2,0,1,2,4,7,0,0,28,20,2,2,6,20,0,20,10,1,1,2,7,1,0,1,28,11,1,1,16,11,0,11,0,233,0,9,0,224,9,0,0,165,0,3,0,162,3,0,0,196,0,12,0,184,12,0,0,888,0,21,2,865,21,0,0,338,0,8,0,330,8,0,0,2,8,0,0,1,8,1,0,2,1,1,1,1,2,6,1,1,1,1,1,2,0,0,0,Normal
2023-12-25,Monday,1,52,12,Winter,0,1,0,0,0,0,1,0.0,22.2,15.6,52.3,,0,0,0,95,19,7,8,7,129,107.0,113.0,125.0,120.57,9.13,126.0,120.21,None,0,10,4,2,3,0,3,2,0,2,1,3,5,0,0,28,17,7,1,10,17,0,17,10,2,0,1,7,2,0,2,28,9,4,2,17,9,0,9,0,224,0,12,0,212,12,0,0,162,0,4,0,158,4,0,0,184,0,13,0,171,13,0,0,865,0,23,2,840,23,0,0,330,0,6,0,324,6,0,0,2,8,0,0,1,8,0,0,2,1,1,1,1,2,6,1,1,1,1,1,4,0,0,0,Normal
2023-12-26,Tuesday,2,52,12,Winter,0,0,0,0,0,1,0,0.0,21.5,12.7,51.8,,0,0,0,91,15,13,6,7,125,129.0,107.0,121.0,121.14,9.51,125.0,120.43,None,0,5,6,3,1,0,6,5,0,2,1,3,8,0,0,28,21,2,2,5,21,0,21,10,2,0,1,7,2,0,2,28,9,1,2,17,9,0,9,0,212,0,12,0,200,12,0,1,158,0,4,0,154,4,0,0,171,0,11,0,160,11,0,0,840,0,19,2,819,19,0,0,324,0,5,0,319,5,0,0,2,16,1,1,1,20,1,1,2,1,1,2,2,2,6,2,1,1,1,1,3,0,0,2,Watch
2023-12-27,Wednesday,3,52,12,Winter,0,0,0,1,0,0,1,0.0,20.9,12.9,53.6,,0,0,0,102,17,6,12,7,137,125.0,129.0,135.0,121.71,9.6,138.0,120.43,None,0,6,8,1,2,1,3,0,0,3,2,4,4,0,0,28,19,5,0,9,19,0,19,10,2,1,2,6,2,0,2,28,12,0,2,14,12,0,12,0,200,0,11,0,189,11,0,0,154,0,3,0,151,3,0,0,160,0,12,0,148,12,0,0,819,0,22,2,795,22,0,0,319,0,11,0,308,11,0,0,2,8,0,0,1,8,0,0,3,1,1,1,1,2,6,1,1,1,1,1,4,0,0,0,Normal
2023-12-28,Thursday,4,52,12,Winter,0,0,0,0,0,1,0,1.4,20.5,14.4,54.4,,0,0,0,86,20,10,7,7,123,137.0,125.0,129.0,122.0,10.01,125.0,120.36,None,0,6,8,4,2,1,2,7,1,0,2,4,5,0,0,28,16,6,1,11,16,0,16,10,1,2,1,8,1,0,1,28,11,4,2,15,11,0,11,0,189,0,13,0,176,13,0,0,151,0,6,0,145,6,0,0,148,0,12,0,136,12,0,0,795,0,23,2,770,23,0,0,308,0,11,0,297,11,0,0,2,12,1,0,1,8,0,0,2,1,1,1,1,2,6,1,1,1,1,1,3,0,0,0,Normal
2023-12-29,Friday,5,52,12,Winter,0,0,0,0,0,0,0,0.0,22.2,13.9,54.1,,0,0,0,86,13,7,8,6,114,123.0,137.0,114.0,121.14,9.63,110.0,120.21,None,0,7,4,2,0,0,3,2,0,2,1,3,5,0,0,28,15,5,0,13,15,0,15,10,0,1,2,8,0,0,0,28,12,1,1,15,12,0,12,0,176,0,10,0,166,10,0,0,145,0,3,0,142,3,0,0,416,280,10,0,406,10,0,0,770,0,17,2,751,17,0,0,297,0,6,0,291,6,0,0,2,8,0,0,1,8,0,0,2,1,1,1,1,2,6,1,1,1,1,1,4,0,0,0,Normal
2023-12-30,Saturday,6,52,12,Winter,1,0,0,0,0,0,0,0.0,21.6,16.2,52.3,,0,0,0,72,14,7,11,7,104,114.0,123.0,113.0,121.14,9.63,108.0,120.5,None,0,3,5,1,5,1,5,1,0,1,2,4,8,0,0,28,14,2,1,13,14,0,14,10,0,0,0,10,0,0,0,28,14,4,1,13,14,0,14,0,166,0,11,0,155,11,0,0,142,0,2,0,140,2,0,0,406,0,9,0,397,9,0,0,751,0,17,1,733,17,0,0,291,0,15,0,276,15,0,0,2,8,0,0,1,8,1,0,2,1,1,1,1,2,6,1,1,1,1,1,3,0,0,0,Normal
2023-12-31,Sunday,7,52,12,Winter,1,0,0,0,0,0,0,0.0,22.1,14.3,59.9,,0,0,0,70,15,6,12,7,103,104.0,114.0,107.0,119.86,11.12,107.0,120.21,None,0,3,4,5,3,0,1,4,0,1,1,3,4,0,0,28,14,5,1,13,14,0,14,10,2,0,1,7,2,0,2,28,11,3,0,17,11,0,11,0,455,300,12,1,442,12,0,0,140,0,6,0,134,6,0,0,397,0,9,0,388,9,0,0,733,0,18,1,714,18,0,0,276,0,2,0,274,2,0,0,2,8,0,0,1,8,0,0,2,1,1,1,1,2,6,1,1,1,1,1,4,0,0,0,Normal
2024-01-01,Monday,1,1,1,Winter,0,0,0,0,0,0,0,0.0,23.0,15.0,51.5,,0,0,0,99,18,4,7,6,128,103.0,104.0,129.0,119.29,11.84,125.0,119.93,None,0,6,9,2,1,3,1,2,0,1,4,6,6,0,0,28,14,5,1,13,14,0,14,10,0,2,0,10,0,0,0,28,11,1,1,16,11,0,11,0,442,0,10,1,431,10,0,0,134,0,4,0,130,4,0,0,388,0,12,0,376,12,0,0,714,0,22,1,691,22,0,0,274,0,9,0,265,9,0,0,2,8,0,0,1,8,0,0,3,1,1,1,1,2,6,1,1,1,1,1,4,0,0,0,Normal
2024-01-02,Tuesday,2,1,1,Winter,0,0,0,0,0,1,0,0.0,22.2,15.5,58.9,,0,0,0,90,19,13,7,8,129,128.0,103.0,125.0,119.14,11.73,121.0,120.14,None,0,7,6,4,2,0,4,9,0,0,1,3,8,0,0,28,19,1,2,7,19,0,19,10,1,0,2,7,1,0,1,28,9,3,1,18,9,0,9,0,431,0,14,1,416,14,0,0,130,0,6,0,124,6,0,1,376,0,13,0,363,13,0,0,691,0,22,1,668,22,0,0,265,0,5,0,260,5,0,0,2,16,1,1,1,8,1,0,2,1,1,1,2,2,6,2,1,1,1,1,2,0,0,1,Watch
2024-01-03,Wednesday,3,1,1,Winter,0,0,0,1,0,0,1,0.0,21.8,14.4,56.2,,0,0,0,102,19,6,11,8,138,129.0,128.0,137.0,119.71,12.09,135.0,120.71,None,0,8,3,5,3,0,2,3,0,1,1,3,8,0,0,28,19,5,0,9,19,0,19,10,2,1,0,8,2,0,2,28,9,1,2,17,9,0,9,0,416,0,14,1,401,14,0,0,124,0,6,0,118,6,0,0,363,0,13,0,350,13,0,0,668,0,23,1,644,23,0,0,260,0,4,0,256,4,0,0,2,8,0,0,1,8,0,0,3,1,1,1,1,2,6,1,1,1,1,1,2,0,0,0,Normal
2024-01-04,Thursday,4,1,1,Winter,0,0,0,0,0,1,0,0.5,22.2,14.8,59.2,,0,0,0,93,15,10,7,7,125,138.0,129.0,123.0,119.86,12.3,129.0,120.93,None,0,5,4,4,2,1,0,6,3,1,2,4,8,0,0,28,19,3,1,8,19,0,19,10,2,2,1,7,2,0,2,28,9,2,2,17,9,0,9,0,401,0,12,1,388,12,0,0,118,0,5,0,113,5,0,0,350,0,11,0,339,11,0,0,644,0,19,1,624,19,0,0,256,0,7,0,249,7,0,0,2,20,1,1,1,8,0,0,2,1,1,1,2,2,6,1,1,1,1,1,3,0,0,1,Watch
2024-01-05,Friday,5,1,1,Winter,0,0,0,0,0,0,0,0.0,21.8,14.5,49.2,,0,0,0,87,19,6,8,7,120,125.0,138.0,114.0,120.14,12.39,114.0,120.64,None,0,8,7,2,2,1,3,3,0,0,2,4,7,0,0,28,19,5,1,8,19,0,19,10,1,2,0,9,1,0,1,28,9,1,1,18,9,0,9,0,388,0,12,1,375,12,0,0,113,0,4,0,109,4,0,0,339,0,13,0,326,13,0,0,624,0,22,1,601,22,0,0,249,0,6,0,243,6,0,0,2,8,0,0,1,8,0,0,2,1,1,1,1,2,6,1,1,1,1,1,2,0,0,0,Normal
2024-01-06,Saturday,6,1,1,Winter,1,0,0,0,0,0,0,0.0,23.7,16.0,56.8,,0,0,0,75,22,8,8,7,113,120.0,125.0,104.0,121.0,12.14,113.0,121.07,None,0,4,10,4,4,1,7,0,0,1,2,4,4,0,0,28,20,1,2,6,20,0,20,10,4,0,2,4,4,0,4,28,11,0,0,17,11,0,11,0,375,0,13,1,361,13,0,0,109,0,6,0,103,6,0,0,326,0,12,0,314,12,0,0,601,0,24,1,576,24,0,0,243,0,10,0,233,10,0,0,2,8,0,0,1,20,1,1,2,1,1,2,1,2,6,1,1,1,1,1,4,0,0,1,Watch
2024-01-07,Sunday,7,1,1,Winter,1,0,0,0,0,0,0,0.0,23.5,15.0,54.3,,0,0,0,77,16,6,13,7,112,113.0,120.0,103.0,122.29,10.66,107.0,121.07,None,0,5,4,1,6,1,1,2,2,1,2,4,4,0,0,28,23,3,1,4,23,0,23,10,2,3,0,8,2,0,2,28,6,5,0,22,6,0,6,0,361,0,11,1,349,11,0,0,353,250,2,1,350,2,0,0,314,0,10,0,304,10,0,0,576,0,19,1,556,19,0,0,233,0,3,0,230,3,0,0,2,20,1,1,1,8,0,0,2,1,2,1,2,2,6,1,1,1,1,1,4,0,0,1,Watch
2024-01-08,Monday,1,2,1,Winter,0,0,0,0,0,0,0,0.0,21.6,13.9,49.4,,0,0,0,94,21,7,9,8,131,112.0,113.0,128.0,123.57,8.6,129.0,121.43,None,0,4,10,4,3,3,4,1,1,1,4,6,6,0,0,28,20,7,2,6,20,0,20,10,5,0,1,4,5,0,5,28,5,2,1,22,5,0,5,0,349,0,14,1,334,14,0,0,350,0,6,1,343,6,0,0,304,0,13,0,291,13,0,0,556,0,24,1,531,24,0,0,230,0,9,0,221,9,0,1,2,12,1,0,1,8,1,0,2,1,1,1,1,2,6,1,1,1,1,1,2,0,0,0,Normal
2024-01-09,Tuesday,2,2,1,Winter,0,0,0,0,0,1,0,0.0,24.6,15.9,62.3,,0,0,0,96,19,12,7,6,134,131.0,112.0,129.0,124.0,8.88,125.0,121.57,None,0,6,7,2,4,2,8,4,0,0,3,5,6,0,0,28,18,6,2,8,18,0,18,10,6,0,2,2,6,0,6,28,6,0,2,20,6,0,6,0,334,0,11,1,322,11,0,0,343,0,4,1,338,4,0,0,291,0,13,0,278,13,0,0,531,0,23,1,507,23,0,0,221,0,7,0,214,7,0,0,2,8,1,0,1,20,1,1,2,1,1,2,1,2,6,2,1,1,1,1,2,0,0,1,Watch
2024-01-10,Wednesday,3,2,1,Winter,0,0,0,1,0,0,1,1.0,22.1,12.9,55.4,,0,0,0,104,19,7,14,9,144,134.0,131.0,138.0,124.71,9.44,137.0,122.21,None,0,7,10,1,1,2,2,2,0,3,3,5,6,0,0,28,16,6,0,12,16,0,16,10,5,4,2,3,5,0,5,28,7,1,2,19,7,0,7,0,322,0,14,1,307,14,0,0,338,0,3,1,334,3,0,0,278,0,13,0,265,13,0,0,507,0,24,1,482,24,0,0,214,0,11,0,203,11,0,0,2,8,0,0,1,8,0,0,3,1,2,1,1,2,6,1,1,1,2,2,2,0,0,0,Normal
2024-01-11,Thursday,4,2,1,Winter,0,0,0,0,0,1,0,0.0,19.6,12.1,59.9,,0,0,0,91,21,10,7,6,129,144.0,134.0,125.0,125.57,10.78,123.0,122.71,None,0,7,7,5,2,0,3,6,0,1,1,3,4,0,0,28,16,3,1,11,16,0,16,10,2,5,1,7,2,0,2,28,3,5,2,23,3,0,3,0,307,0,12,1,294,12,0,0,334,0,7,1,326,7,0,0,265,0,13,0,252,13,0,0,482,0,24,1,457,24,0,0,203,0,6,0,197,6,0,0,2,8,1,0,1,8,0,0,2,1,1,1,1,2,5,1,1,1,1,1,4,0,0,0,Normal
2024-01-12,Friday,5,2,1,Winter,0,0,0,0,0,0,0,0.0,21.9,11.9,53.8,,0,0,0,88,20,7,5,6,120,129.0,144.0,120.0,126.14,10.84,114.0,123.14,None,0,6,8,5,1,1,1,3,1,2,2,4,7,0,0,28,15,5,1,12,15,0,15,10,0,2,1,9,0,0,0,28,5,0,0,23,5,0,5,0,294,0,12,1,281,12,0,0,326,0,6,1,319,6,0,0,252,0,13,0,239,13,0,0,457,0,23,1,433,23,0,0,197,0,9,0,188,9,0,0,2,12,1,0,1,8,0,0,2,1,1,1,1,2,5,1,1,1,1,1,4,0,0,0,Normal
2024-01-13,Saturday,6,2,1,Winter,1,0,0,0,0,0,0,0.0,19.3,10.3,59.9,Respiratory,2,0,2,89,38,7,10,9,144,120.0,129.0,113.0,126.14,10.84,104.0,123.57,None,0,7,24,3,4,10,3,3,1,0,11,11,5,6,1,28,15,4,2,11,15,0,15,10,3,0,0,7,3,0,3,28,5,2,0,23,5,0,5,0,281,0,17,1,263,17,0,0,319,0,6,1,312,6,0,0,239,0,19,0,220,19,0,0,433,0,38,1,394,38,0,1,188,0,26,0,162,26,0,0,2,12,1,0,1,8,0,0,2,2,1,1,1,2,5,1,1,1,1,1,2,0,0,1,Watch
2024-01-14,Sunday,7,2,1,Winter,1,0,0,0,0,0,0,0.5,22.1,12.6,48.7,Respiratory,2,0,3,85,28,7,12,8,132,144.0,120.0,112.0,130.57,10.9,103.0,126.43,None,0,4,15,7,2,3,3,0,1,3,5,6,4,2,1,28,16,5,1,11,16,0,16,10,3,1,1,6,3,0,3,28,6,0,2,20,6,0,6,0,263,0,16,0,247,16,0,0,312,0,9,1,302,9,0,0,220,0,15,0,205,15,0,0,394,0,29,1,364,29,0,0,162,0,14,0,148,14,0,0,2,12,1,0,1,8,0,0,2,1,1,1,1,2,6,1,1,1,1,1,4,0,0,1,Watch
2024-01-15,Monday,1,3,1,Winter,0,0,0,0,0,0,0,0.0,20.2,12.5,56.2,Respiratory,2,0,3,105,32,8,7,9,152,132.0,144.0,131.0,133.43,7.85,128.0,128.5,None,0,2,23,4,3,11,0,3,3,2,11,11,8,3,1,28,10,8,2,16,10,0,10,10,5,2,2,3,5,0,5,28,8,1,1,19,8,0,8,0,247,0,17,0,230,17,0,0,302,0,7,1,294,7,0,0,205,0,17,0,188,17,0,1,364,0,34,1,329,34,0,0,548,400,28,1,519,28,0,0,2,20,1,1,1,8,0,0,3,1,1,1,2,2,5,1,1,1,1,1,2,0,0,2,Watch
2024-01-16,Tuesday,2,3,1,Winter,0,0,0,0,0,1,0,0.1,24.6,14.8,47.8,Respiratory,2,0,3,107,33,11,8,9,159,152.0,132.0,134.0,136.43,10.05,129.0,130.21,None,0,4,20,6,3,7,2,6,1,2,8,9,5,4,1,28,12,2,0,16,12,0,12,10,5,3,0,5,5,0,5,28,8,2,1,19,8,0,8,0,230,0,18,0,212,18,0,0,294,0,9,1,284,9,0,0,188,0,18,0,170,18,0,0,329,0,35,1,293,35,0,0,519,0,22,0,497,22,0,0,2,12,1,0,1,8,0,0,3,1,1,1,1,2,6,2,1,1,1,1,2,0,0,1,Watch
2024-01-17,Wednesday,3,3,1,Winter,0,0,0,1,0,0,1,0.0,25.8,19.5,51.9,Respiratory,2,0,3,112,31,7,12,10,162,159.0,152.0,144.0,140.0,12.66,138.0,132.36,None,0,2,22,3,4,7,2,3,0,2,9,10,5,5,1,28,16,3,2,10,16,0,16,10,1,5,0,9,1,0,1,28,9,1,2,17,9,0,9,0,212,0,18,0,194,18,0,1,284,0,6,1,277,6,0,0,170,0,17,0,153,17,0,0,293,0,34,1,258,34,0,0,497,0,23,0,474,23,0,0,2,8,0,0,1,8,0,0,3,1,1,1,1,3,6,1,1,1,1,1,3,0,0,1,Watch
2024-01-18,Thursday,4,3,1,Winter,0,0,0,0,0,1,0,0.0,23.4,16.4,57.0,Respiratory,2,0,3,101,33,13,6,8,153,162.0,159.0,129.0,142.57,14.85,125.0,134.07,None,0,7,18,4,4,6,1,6,2,4,7,8,6,2,1,28,16,4,1,11,16,0,16,10,2,1,0,8,2,0,2,28,11,0,2,15,11,0,11,0,194,0,16,0,178,16,0,0,277,0,7,1,269,7,0,0,153,0,18,0,135,18,0,0,958,700,34,2,922,34,0,0,474,0,20,0,454,20,0,0,2,20,1,1,1,8,0,0,3,1,1,1,2,2,6,2,1,1,1,1,2,0,0,2,Watch
2024-01-19,Friday,5,3,1,Winter,0,0,0,0,0,0,0,0.0,22.6,16.1,51.4,Respiratory,2,0,3,104,29,6,7,8,146,153.0,162.0,120.0,146.0,14.07,120.0,136.07,None,0,5,17,5,2,6,4,1,1,0,7,8,8,0,0,28,17,4,3,8,17,0,17,10,2,0,1,7,2,0,2,28,7,7,0,21,7,0,7,0,178,0,15,0,163,15,0,0,269,0,7,1,261,7,0,0,135,0,16,0,119,16,0,0,922,0,32,2,888,32,0,0,454,0,21,0,433,21,0,0,2,12,1,0,1,8,1,0,3,1,1,1,1,2,6,1,1,1,1,1,2,0,0,0,Watch
2024-01-20,Saturday,6,3,1,Winter,1,0,0,0,0,0,0,0.0,24.0,13.6,59.2,Respiratory,2,0,4,92,31,8,12,9,143,146.0,153.0,144.0,149.71,9.36,113.0,137.93,None,0,5,18,5,3,6,3,3,0,2,7,8,8,0,0,28,17,4,1,10,17,0,17,10,4,0,0,6,4,0,4,28,10,0,1,17,10,0,10,0,163,0,17,0,146,17,0,0,261,0,8,1,252,8,0,0,119,0,16,0,103,16,0,0,888,0,32,2,854,32,0,0,433,0,22,0,411,22,0,0,2,8,0,0,1,8,0,0,2,1,1,1,1,2,6,1,1,1,1,1,3,0,0,0,Watch
2024-01-21,Sunday,7,3,1,Winter,1,0,0,0,0,0,0,0.1,21.9,13.8,52.9,Respiratory,2,0,2,88,32,7,11,9,138,143.0,146.0,132.0,149.57,9.45,112.0,140.07,None,0,5,20,4,3,9,4,2,1,0,10,10,4,6,1,28,14,6,0,14,14,0,14,10,3,3,2,5,3,0,3,28,12,2,0,16,12,0,12,0,146,0,17,0,129,17,0,0,252,0,7,0,245,7,0,0,383,280,17,0,366,17,0,0,854,0,33,2,819,33,0,0,411,0,27,0,384,27,0,0,2,12,1,0,1,8,1,0,2,1,1,1,1,2,6,1,1,1,1,1,4,0,0,1,Watch
2024-01-22,Monday,1,4,1,Winter,0,0,0,0,0,0,0,0.2,20.1,10.8,57.4,Respiratory,2,0,3,108,33,7,9,9,157,138.0,143.0,152.0,150.43,7.98,131.0,141.93,None,0,2,22,3,6,9,3,3,1,0,10,10,7,3,1,28,13,4,0,15,13,0,13,10,4,1,1,5,4,0,4,28,11,5,1,16,11,0,11,0,429,300,17,1,411,17,0,0,245,0,6,0,239,6,0,0,366,0,17,0,349,17,0,0,819,0,35,2,782,35,0,0,384,0,28,0,356,28,0,0,2,12,1,0,1,8,0,0,3,1,1,1,1,2,6,1,1,1,1,1,3,0,0,1,Watch
2024-01-23,Tuesday,2,4,1,Winter,0,0,0,0,0,1,0,1.1,23.5,14.7,49.2,Respiratory,2,0,5,104,30,12,6,10,152,157.0,138.0,159.0,151.14,8.31,134.0,143.79,None,0,2,22,5,1,7,6,5,1,0,8,9,7,2,1,28,14,3,1,13,14,0,14,10,6,1,2,2,6,0,6,28,13,1,0,15,13,0,13,0,411,0,18,1,392,18,0,0,239,0,8,0,231,8,0,0,349,0,16,0,333,16,0,0,782,0,32,2,748,32,0,0,356,0,25,0,331,25,0,0,2,12,1,0,1,20,1,1,3,1,1,2,1,2,6,2,1,1,1,1,3,0,0,2,Watch
2024-01-24,Wednesday,3,4,1,Winter,0,0,0,1,1,0,1,0.0,21.0,11.8,57.3,Respiratory,2,0,3,113,30,11,13,10,167,152.0,157.0,162.0,150.14,7.7,144.0,145.07,None,0,1,16,7,6,5,4,4,0,3,6,7,8,0,0,28,18,2,0,10,18,0,18,10,3,4,2,5,3,0,3,28,13,3,2,13,13,0,13,0,392,0,19,1,372,19,0,0,231,0,9,0,222,9,0,0,333,0,16,0,317,16,0,0,748,0,33,1,714,33,0,0,331,0,20,0,311,20,0,0,2,8,1,0,1,8,1,0,3,1,2,1,1,3,6,2,1,1,1,1,2,0,0,0,Watch
2024-01-25,Thursday,4,4,1,Winter,0,0,0,0,0,1,0,0.0,22.5,14.7,54.3,Respiratory,2,0,4,103,33,12,10,9,158,167.0,152.0,153.0,150.86,8.9,129.0,146.71,None,0,4,23,1,5,11,4,7,0,1,11,11,8,3,1,28,18,3,2,8,18,0,18,10,4,0,1,5,4,0,4,28,17,1,1,10,17,0,17,0,372,0,16,1,355,16,0,0,222,0,4,0,218,4,0,0,317,0,18,0,299,18,0,0,714,0,35,1,678,35,0,0,311,0,32,0,279,32,0,0,2,8,1,0,1,8,1,0,3,1,1,1,1,2,7,2,1,1,1,1,3,0,0,1,Watch
2024-01-26,Friday,5,4,1,Winter,0,1,0,0,1,0,1,0.6,22.1,13.9,57.0,Respiratory,2,0,3,96,32,9,8,7,145,158.0,167.0,146.0,151.57,9.24,120.0,148.79,None,0,3,20,6,3,5,4,2,0,3,7,8,7,1,1,28,17,4,1,10,17,0,17,10,3,1,2,5,3,0,3,28,18,3,0,10,18,0,18,0,355,0,15,1,339,15,0,0,218,0,9,0,209,9,0,0,299,0,17,0,282,17,0,0,678,0,33,1,644,33,0,0,279,0,24,0,255,24,0,0,2,8,0,0,1,8,1,0,2,1,1,1,1,2,7,1,1,1,1,1,4,0,0,1,Watch
2024-01-27,Saturday,6,4,1,Winter,1,0,0,0,0,0,0,0.0,24.0,13.9,54.0,Respiratory,2,0,3,87,33,8,10,7,138,145.0,158.0,143.0,151.43,9.33,144.0,150.57,None,0,2,22,9,0,9,2,4,1,1,10,10,7,3,1,28,15,5,2,11,15,0,15,10,2,2,1,7,2,0,2,28,21,0,0,7,21,0,21,0,339,0,16,1,322,16,0,0,209,0,11,0,198,11,0,0,282,0,16,0,266,16,0,0,644,0,33,1,610,33,0,0,255,0,26,0,229,26,0,0,2,12,1,0,1,8,0,0,2,1,1,1,1,2,7,1,1,1,1,1,3,0,0,1,Watch
2024-01-28,Sunday,7,4,1,Winter,1,0,0,0,0,0,0,0.0,19.9,12.7,53.3,Respiratory,2,0,3,87,32,8,10,8,137,138.0,145.0,138.0,150.71,10.11,132.0,150.14,None,0,5,21,2,4,8,3,2,2,1,9,10,5,5,1,28,17,2,2,9,17,0,17,10,2,1,2,6,2,0,2,28,23,1,1,4,23,0,23,0,322,0,15,1,306,15,0,0,198,0,5,0,193,5,0,0,266,0,17,0,249,17,0,0,610,0,33,1,576,33,0,0,229,0,25,0,204,25,0,1,2,20,1,1,1,8,0,0,2,1,1,1,2,2,7,1,1,1,1,1,4,0,0,2,Watch
2024-01-29,Monday,1,5,1,Winter,0,0,0,0,0,0,0,0.0,22.5,15.2,58.4,Respiratory,2,0,3,109,33,9,5,7,156,137.0,138.0,157.0,150.57,10.29,152.0,150.5,None,0,6,19,7,1,8,3,2,0,4,9,10,8,2,1,28,17,5,0,11,17,0,17,10,2,1,0,8,2,0,2,28,18,6,0,10,18,0,18,0,306,0,15,1,290,15,0,0,193,0,10,0,183,10,0,0,249,0,18,0,231,18,0,0,576,0,35,1,540,35,0,0,204,0,20,0,184,20,0,0,2,8,0,0,1,8,0,0,3,1,1,1,1,2,7,1,1,1,1,1,2,0,0,1,Watch
2024-01-30,Tuesday,2,5,1,Winter,0,0,0,0,0,1,0,0.0,25.4,17.3,50.0,Respiratory,2,0,2,103,32,13,9,9,157,156.0,137.0,152.0,150.43,10.21,159.0,150.79,None,0,6,14,8,4,8,4,8,0,1,8,9,8,1,1,28,15,5,0,13,15,0,15,10,4,1,2,4,4,0,4,28,20,1,1,7,20,0,20,0,290,0,18,1,271,18,0,0,183,0,10,0,173,10,0,0,231,0,18,0,213,18,0,0,540,0,34,1,505,34,0,0,184,0,21,0,163,21,0,0,2,16,1,1,1,8,1,0,3,1,1,1,2,2,7,2,1,1,1,1,3,0,0,2,Watch
2024-01-31,Wednesday,3,5,1,Winter,0,0,0,1,0,0,1,0.0,23.0,13.3,47.4,Respiratory,2,0,3,110,31,7,15,9,163,157.0,156.0,167.0,151.14,10.47,162.0,150.64,None,0,3,19,6,3,8,1,5,1,0,9,10,8,2,1,28,13,3,1,14,13,0,13,10,7,1,1,2,7,0,7,28,21,3,0,7,21,0,21,0,271,0,17,1,253,17,0,0,173,0,8,0,165,8,0,0,213,0,17,0,196,17,0,1,505,0,34,1,470,34,0,0,163,0,26,0,137,26,0,0,2,12,1,0,1,8,0,0,3,1,2,1,1,3,7,1,1,1,2,2,3,0,0,1,Watch
2024-02-01,Thursday,4,5,2,Winter,0,0,0,0,0,1,0,0.3,21.6,13.3,47.9,Respiratory,2,0,2,105,35,12,7,9,159,163.0,157.0,158.0,150.57,9.66,153.0,150.71,None,0,6,20,7,2,12,4,3,2,3,12,12,8,4,1,28,13,4,2,13,13,0,13,10,5,4,1,4,5,0,5,28,18,6,1,9,18,0,18,0,253,0,18,0,235,18,0,0,165,0,10,0,155,10,0,0,196,0,19,0,177,19,0,0,470,0,36,1,433,36,0,0,137,0,28,0,109,28,0,0,2,20,1,1,1,8,1,0,3,1,1,1,2,2,7,2,1,1,1,1,2,0,0,2,Watch
2024-02-02,Friday,5,5,2,Winter,0,0,0,0,0,0,0,0.0,24.7,14.9,48.9,Respiratory,2,0,4,103,30,6,6,7,145,159.0,163.0,145.0,150.71,9.78,146.0,151.14,None,0,4,19,4,3,10,3,2,0,1,10,10,7,3,1,28,13,2,2,13,13,0,13,10,5,2,0,5,5,0,5,28,18,3,2,8,18,0,18,0,235,0,14,0,221,14,0,0,155,0,7,0,148,7,0,0,177,0,16,0,161,16,0,0,433,0,32,1,400,32,0,1,109,0,26,0,83,26,0,0,2,8,0,0,1,8,0,0,3,1,1,1,1,2,7,1,1,1,1,1,2,0,0,1,Watch
2024-02-03,Saturday,6,5,2,Winter,1,0,0,0,1,0,0,0.0,20.6,12.4,50.2,Respiratory,2,0,4,96,32,9,9,9,146,145.0,159.0,138.0,150.71,9.78,143.0,151.07,None,0,7,21,2,2,7,3,4,1,1,8,9,8,1,1,28,16,2,0,12,16,0,16,10,5,2,1,4,5,0,5,28,14,6,0,14,14,0,14,0,221,0,16,0,205,16,0,0,148,0,5,0,143,5,0,0,161,0,17,0,144,17,0,0,400,0,33,1,366,33,0,0,83,0,22,0,61,22,0,0,2,12,1,0,1,8,0,0,2,1,1,1,1,2,6,1,1,1,1,1,4,0,0,1,Watch
2024-02-04,Sunday,7,5,2,Winter,1,0,0,0,0,0,0,0.1,24.0,16.6,45.3,Respiratory,2,0,3,88,31,8,13,8,140,146.0,145.0,137.0,151.86,8.63,138.0,151.29,None,0,6,20,2,3,6,2,3,1,2,8,9,7,2,1,28,13,5,0,15,13,0,13,10,5,2,1,4,5,0,5,28,16,2,4,8,16,0,16,0,205,0,15,0,190,15,0,1,143,0,5,0,138,5,0,0,144,0,16,0,128,16,0,0,366,0,32,1,333,32,0,0,461,400,25,0,436,25,0,0,2,12,1,0,1,8,0,0,2,1,2,1,1,2,6,1,1,1,1,1,3,0,0,1,Watch
2024-02-05,Monday,1,6,2,Winter,0,0,0,0,0,0,0,0.0,23.2,13.3,56.1,Respiratory,2,0,3,105,36,6,5,8,152,140.0,146.0,156.0,152.29,7.92,157.0,151.43,None,0,2,25,7,2,9,3,3,0,0,10,10,5,5,1,28,15,4,0,13,15,0,15,10,4,2,1,5,4,0,4,28,15,2,0,13,15,0,15,0,190,0,17,0,173,17,0,0,138,0,10,0,128,10,0,1,128,0,18,0,110,18,0,0,333,0,37,1,295,37,0,0,436,0,24,0,412,24,0,0,2,8,0,0,1,8,0,0,3,1,1,1,1,2,6,1,1,1,1,1,3,0,0,1,Watch
2024-02-06,Tuesday,2,6,2,Winter,0,0,0,0,0,1,0,0.0,23.1,14.9,55.2,Respiratory,2,0,3,108,30,13,7,9,158,152.0,140.0,157.0,151.71,7.78,152.0,151.07,None,0,5,17,3,5,6,5,4,1,3,7,8,4,4,1,28,15,4,1,12,15,0,15,10,3,2,2,5,3,0,3,28,16,3,2,10,16,0,16,0,173,0,16,0,157,16,0,0,128,0,6,0,122,6,0,0,390,280,17,0,373,17,0,0,295,0,33,1,261,33,0,0,412,0,23,0,389,23,0,0,2,20,1,1,1,8,1,0,3,1,1,1,2,2,6,2,1,1,1,1,3,0,0,2,Watch
2024-02-07,Wednesday,3,6,2,Winter,0,0,0,1,1,0,1,0.0,21.0,15.7,50.6,Respiratory,2,0,3,115,31,11,15,11,172,158.0,152.0,163.0,151.86,7.88,167.0,151.5,None,0,9,15,3,4,6,4,1,3,3,7,8,8,0,0,28,13,7,1,14,13,0,13,10,2,3,1,7,2,0,2,28,18,2,0,10,18,0,18,0,157,0,19,0,138,19,0,0,122,0,6,0,116,6,0,0,373,0,18,0,355,18,0,0,961,700,34,2,925,34,0,0,389,0,22,0,367,22,0,0,2,20,1,1,1,8,1,0,3,1,2,1,2,3,6,2,1,1,2,2,4,0,0,1,Watch
2024-02-08,Thursday,4,6,2,Winter,0,0,0,0,0,1,0,2.2,24.8,15.2,52.3,,0,0,0,89,16,12,8,7,125,172.0,158.0,159.0,153.14,10.03,158.0,151.86,None,0,5,3,4,4,0,2,8,0,2,1,3,6,0,0,28,15,3,1,12,15,0,15,10,3,0,2,5,3,0,3,28,16,3,0,12,16,0,16,0,138,0,12,0,126,12,0,0,116,0,5,0,111,5,0,0,355,0,11,0,344,11,0,0,925,0,20,2,903,20,0,0,367,0,4,0,363,4,0,0,2,8,1,0,1,8,0,0,2,1,1,1,1,2,6,2,1,1,1,1,4,0,0,0,Normal
2024-02-09,Friday,5,6,2,Winter,0,0,0,0,0,0,0,0.0,24.9,16.3,51.1,,0,0,0,88,22,6,10,8,126,125.0,172.0,145.0,148.29,13.61,145.0,149.5,None,0,9,8,3,2,0,4,1,0,1,2,4,8,0,0,28,16,4,2,10,16,0,16,10,3,2,2,5,3,0,3,28,16,1,2,10,16,0,16,0,426,300,14,1,411,14,0,0,111,0,5,0,106,5,0,0,344,0,14,0,330,14,0,0,903,0,25,2,876,25,0,0,363,0,6,0,357,6,0,0,2,8,0,0,1,8,1,0,2,1,1,1,1,2,6,1,1,1,1,1,3,0,0,0,Normal
2024-02-10,Saturday,6,6,2,Winter,1,0,0,0,0,0,0,0.2,25.9,16.9,47.0,,0,0,0,79,13,7,14,7,113,126.0,125.0,146.0,145.57,15.73,138.0,148.14,None,0,5,5,2,1,0,2,2,1,2,1,3,5,0,0,28,19,4,1,8,19,0,19,10,2,1,1,7,2,0,2,28,14,2,2,12,14,0,14,0,411,0,11,1,399,11,0,0,356,250,3,1,352,3,0,0,330,0,10,0,320,10,0,0,876,0,17,2,857,17,0,0,357,0,2,0,355,2,0,0,2,12,1,0,1,8,0,0,2,1,2,1,1,2,6,1,1,1,2,2,3,0,0,0,Normal
2024-02-11,Sunday,7,6,2,Winter,1,0,0,0,0,0,0,0.0,27.7,17.2,57.4,,0,0,0,78,19,8,11,8,116,113.0,126.0,140.0,140.86,19.41,137.0,146.36,None,0,10,5,3,1,1,1,1,1,5,2,4,5,0,0,28,19,3,1,8,19,0,19,10,3,0,1,6,3,0,3,28,17,1,0,11,17,0,17,0,399,0,13,1,385,13,0,0,352,0,5,1,346,5,0,0,320,0,13,0,307,13,0,0,857,0,21,2,834,21,0,0,355,0,11,0,344,11,0,0,2,12,1,0,1,8,0,0,2,1,1,1,1,2,7,1,1,1,1,1,3,0,0,0,Normal
2024-02-12,Monday,1,7,2,Winter,0,0,0,0,0,0,0,0.0,25.7,18.3,48.7,,0,0,0,98,16,9,7,8,130,116.0,113.0,152.0,137.43,21.29,156.0,144.86,None,0,4,7,3,2,1,4,4,1,0,2,4,8,0,0,28,12,9,1,15,12,0,12,10,5,1,2,3,5,0,5,28,17,3,2,9,17,0,17,0,385,0,13,1,371,13,0,0,346,0,4,1,341,4,0,0,307,0,11,0,296,11,0,0,834,0,21,2,811,21,0,0,344,0,10,0,334,10,0,0,2,12,1,0,1,8,1,0,3,1,1,1,1,2,6,1,1,1,1,1,4,0,0,0,Normal
2024-02-13,Tuesday,2,7,2,Winter,0,0,0,0,0,1,0,0.0,24.9,17.0,53.5,,0,0,0,99,15,11,6,8,131,130.0,116.0,158.0,134.29,20.51,157.0,143.0,None,0,7,1,3,4,1,5,4,1,1,1,3,6,0,0,28,15,3,0,13,15,0,15,10,2,5,0,8,2,0,2,28,12,5,2,14,12,0,12,0,371,0,13,1,357,13,0,0,341,0,4,1,336,4,0,0,296,0,12,0,284,12,0,0,811,0,20,2,789,20,0,0,334,0,1,0,333,1,0,0,2,12,1,0,1,8,1,0,3,1,1,1,1,2,6,2,1,1,1,1,3,0,0,0,Normal
2024-02-14,Wednesday,3,7,2,Winter,0,0,0,1,0,0,1,0.0,25.0,17.9,49.0,,0,0,0,107,15,9,13,7,144,131.0,130.0,172.0,130.43,18.09,163.0,141.14,None,0,5,6,1,3,0,6,1,0,2,1,3,7,0,0,28,12,7,0,16,12,0,12,10,2,1,2,6,2,0,2,28,10,4,0,18,10,0,10,0,357,0,11,1,345,11,0,0,336,0,2,1,333,2,0,0,284,0,12,0,272,12,0,0,789,0,21,2,766,21,0,0,333,0,7,0,326,7,0,0,2,8,0,0,1,20,1,1,3,1,2,2,1,2,6,1,1,1,1,1,2,0,0,1,Watch
2024-02-15,Thursday,4,7,2,Winter,0,0,0,0,0,1,0,0.0,24.5,16.1,52.9,,0,0,0,97,16,12,7,8,132,144.0,131.0,125.0,126.43,9.51,159.0,139.79,None,0,3,9,0,4,1,4,4,0,4,2,4,5,0,0,28,14,1,0,14,14,0,14,10,4,1,0,6,4,0,4,28,12,0,2,14,12,0,12,0,345,0,12,1,332,12,0,0,333,0,2,1,330,2,0,0,272,0,11,0,261,11,0,0,766,0,21,1,744,21,0,0,326,0,9,0,317,9,0,0,2,8,1,0,1,8,1,0,3,1,1,1,1,2,6,2,1,1,1,1,2,0,0,0,Normal
2024-02-16,Friday,5,7,2,Winter,0,0,0,0,0,0,0,0.0,24.9,16.2,49.1,,0,0,0,96,14,8,5,6,123,132.0,144.0,126.0,127.43,9.68,145.0,137.86,None,0,6,5,1,2,2,1,5,1,1,2,4,7,0,0,28,14,3,2,12,14,0,14,10,5,2,1,4,5,0,5,28,9,3,2,17,9,0,9,0,332,0,10,1,321,10,0,0,330,0,2,1,327,2,0,0,261,0,11,0,250,11,0,0,744,0,19,1,724,19,0,0,317,0,4,0,313,4,0,0,2,12,1,0,1,8,0,0,2,1,1,1,1,2,6,1,1,1,1,1,4,0,0,0,Normal
2024-02-17,Saturday,6,7,2,Winter,1,0,0,0,0,0,0,0.0,26.6,18.4,52.0,,0,0,0,84,11,8,9,6,112,123.0,132.0,113.0,127.0,9.8,146.0,136.29,None,0,3,5,2,1,1,2,4,1,1,2,4,6,0,0,28,16,2,2,10,16,0,16,10,2,3,0,8,2,0,2,28,8,3,0,20,8,0,8,0,321,0,9,1,311,9,0,0,327,0,3,1,323,3,0,0,250,0,9,0,241,9,0,0,724,0,16,1,707,16,0,0,313,0,7,0,306,7,0,0,2,12,1,0,1,8,0,0,2,1,1,1,1,2,6,1,1,1,1,1,2,0,0,0,Normal
2024-02-18,Sunday,7,7,2,Winter,1,0,0,0,0,0,0,0.0,27.5,19.9,45.7,,0,0,0,77,17,8,11,7,113,112.0,123.0,116.0,126.86,10.01,140.0,133.86,None,0,3,7,4,3,1,2,4,1,1,2,4,8,0,0,28,16,6,0,12,16,0,16,10,2,0,2,6,2,0,2,28,7,2,2,19,7,0,7,0,311,0,12,1,298,12,0,0,323,0,5,1,317,5,0,0,241,0,10,0,231,10,0,0,707,0,20,1,686,20,0,0,306,0,6,0,300,6,0,0,2,12,1,0,1,8,0,0,2,1,1,1,1,2,6,1,1,1,1,1,3,0,0,0,Normal
2024-02-19,Monday,1,8,2,Winter,0,0,0,0,0,0,0,0.0,25.3,16.6,50.1,,0,0,0,103,19,6,4,5,132,113.0,112.0,130.0,126.43,10.51,152.0,131.93,None,0,6,8,1,4,1,2,0,0,4,2,4,6,0,0,28,15,4,1,12,15,0,15,10,2,0,1,7,2,0,2,28,8,1,0,20,8,0,8,0,298,0,9,1,288,9,0,0,317,0,3,1,313,3,0,0,231,0,13,0,218,13,0,0,686,0,23,1,662,23,0,0,300,0,9,0,291,9,0,0,2,8,0,0,1,8,0,0,3,1,1,1,1,2,6,1,1,1,1,1,3,0,0,0,Normal
2024-02-20,Tuesday,2,8,2,Winter,0,0,0,0,0,1,0,0.0,25.5,17.6,57.2,,0,0,0,97,22,11,7,8,137,132.0,113.0,131.0,126.71,10.63,158.0,130.5,None,0,7,5,8,2,0,6,4,0,1,1,3,4,0,0,28,13,6,2,13,13,0,13,10,1,1,1,8,1,0,1,28,8,4,0,20,8,0,8,0,288,0,15,1,272,15,0,0,313,0,9,1,303,9,0,0,218,0,14,0,204,14,0,0,662,0,25,1,636,25,0,0,291,0,10,0,281,10,0,0,2,8,1,0,1,20,1,1,3,1,1,2,1,2,5,2,1,1,1,1,2,0,0,1,Watch
2024-02-21,Wednesday,3,8,2,Winter,0,0,0,1,0,0,1,0.0,26.2,20.3,52.9,,0,0,0,107,18,9,12,9,146,137.0,132.0,144.0,127.57,11.17,172.0,129.0,None,0,6,4,5,3,1,2,4,1,2,2,4,7,0,0,28,14,5,2,12,14,0,14,10,2,1,1,7,2,0,2,28,4,5,2,22,4,0,4,0,272,0,15,1,256,15,0,0,303,0,6,1,296,6,0,0,204,0,13,0,191,13,0,1,636,0,23,1,612,23,0,0,281,0,5,0,276,5,0,0,2,12,1,0,1,8,0,0,3,1,1,1,1,2,5,1,1,1,1,1,3,0,0,0,Normal
2024-02-22,Thursday,4,8,2,Winter,0,0,0,0,0,1,0,0.0,26.7,18.7,60.0,,0,0,0,92,21,13,8,9,134,146.0,137.0,132.0,127.86,11.61,125.0,127.14,None,0,5,9,5,2,1,3,4,2,4,2,4,8,0,0,28,18,3,0,10,18,0,18,10,1,2,2,7,1,0,1,28,3,2,1,24,3,0,3,0,256,0,15,0,241,15,0,0,296,0,7,1,288,7,0,0,191,0,13,0,178,13,0,0,612,0,24,1,587,24,0,0,276,0,7,0,269,7,0,0,2,20,1,1,1,8,0,0,2,1,1,1,2,2,5,2,1,1,1,1,2,0,0,1,Watch
2024-02-23,Friday,5,8,2,Winter,0,0,0,0,0,0,0,0.0,22.5,12.7,56.3,,0,0,0,91,21,9,8,8,129,134.0,146.0,123.0,128.14,11.73,126.0,127.79,None,0,6,9,4,2,1,6,2,0,1,2,4,8,0,0,28,17,4,2,9,17,0,17,10,2,1,0,8,2,0,2,28,5,1,0,23,5,0,5,0,241,0,14,0,227,14,0,0,288,0,6,1,281,6,0,0,178,0,13,0,165,13,0,0,587,0,24,1,562,24,0,0,269,0,11,0,258,11,0,0,2,8,0,0,1,20,1,1,2,1,1,2,1,2,6,1,1,1,1,1,4,0,0,1,Watch
2024-02-24,Saturday,6,8,2,Winter,1,0,0,0,0,0,0,0.2,27.0,18.1,56.4,,0,0,0,82,17,9,13,8,121,129.0,134.0,112.0,129.0,11.54,113.0,128.0,None,0,6,8,2,1,1,4,3,0,2,2,4,4,0,0,28,16,4,2,10,16,0,16,10,6,0,0,4,6,0,6,28,6,0,1,21,6,0,6,0,227,0,13,0,214,13,0,0,281,0,4,1,276,4,0,0,165,0,11,0,154,11,0,0,562,0,20,1,541,20,0,0,258,0,7,0,251,7,0,0,2,8,0,0,1,8,1,0,2,1,2,1,1,2,6,1,1,1,1,1,4,0,0,0,Normal
2024-02-25,Sunday,7,8,2,Winter,1,0,0,0,0,0,0,0.0,27.6,17.6,52.9,,0,0,0,79,23,8,12,8,122,121.0,129.0,113.0,130.29,9.97,116.0,128.57,None,0,8,9,4,2,1,2,5,1,0,2,4,8,0,0,28,18,5,0,10,18,0,18,10,7,0,2,1,7,0,7,28,5,1,2,21,5,0,5,0,214,0,14,0,200,14,0,1,276,0,6,1,269,6,0,0,154,0,14,0,140,14,0,0,541,0,25,1,515,25,0,0,251,0,5,0,246,5,0,0,2,12,1,0,1,8,0,0,2,1,1,1,1,2,6,1,1,1,1,1,2,0,0,0,Normal
2024-02-26,Monday,1,9,2,Winter,0,0,0,0,0,0,0,0.0,25.4,17.1,54.5,,0,0,0,99,16,10,7,8,132,122.0,121.0,132.0,131.57,8.05,130.0,129.0,None,0,3,12,1,0,1,4,1,1,4,3,5,5,0,0,28,22,2,1,5,22,0,22,10,4,4,1,5,4,0,4,28,3,3,2,23,3,0,3,0,200,0,12,0,188,12,0,0,269,0,2,1,266,2,0,0,140,0,11,0,129,11,0,0,515,0,21,1,493,21,0,0,246,0,9,0,237,9,0,0,2,12,1,0,1,8,1,0,3,1,1,1,1,2,6,1,1,1,1,1,3,0,0,0,Normal
2024-02-27,Tuesday,2,9,2,Winter,0,0,0,0,0,1,0,0.0,24.5,16.0,49.8,,0,0,0,97,12,12,8,8,129,132.0,122.0,137.0,131.57,8.05,131.0,129.14,None,0,1,7,0,4,1,4,6,1,1,2,4,8,0,0,28,22,4,0,6,22,0,22,10,5,1,2,3,5,0,5,28,4,1,2,22,4,0,4,0,188,0,11,0,177,11,0,0,266,0,1,1,264,1,0,0,409,280,9,0,400,9,0,0,493,0,17,1,475,17,0,0,237,0,8,0,229,8,0,0,2,12,1,0,1,8,1,0,3,1,1,1,1,2,6,2,1,1,1,1,4,0,0,0,Normal
2024-02-28,Wednesday,3,9,2,Winter,0,0,0,1,0,0,1,0.0,24.1,15.4,52.3,,0,0,0,105,24,7,13,9,149,129.0,132.0,146.0,130.43,7.76,144.0,129.0,None,0,11,8,3,2,1,5,0,0,2,2,4,7,0,0,28,20,5,1,7,20,0,20,10,7,1,1,2,7,0,7,28,7,0,1,20,7,0,7,0,177,0,15,0,162,15,0,0,264,0,5,1,258,5,0,0,400,0,16,0,384,16,0,0,475,0,28,1,446,28,0,0,229,0,11,0,218,11,0,1,2,8,0,0,1,8,1,0,3,1,2,1,1,2,6,1,1,1,1,1,2,0,0,0,Normal
2024-02-29,Thursday,4,9,2,Winter,0,0,0,0,0,1,0,0.0,24.3,18.3,51.2,,0,0,0,96,16,13,5,7,130,149.0,129.0,134.0,130.86,8.64,132.0,129.36,None,0,5,4,3,4,0,4,5,0,4,1,3,8,0,0,28,16,7,2,10,16,0,16,10,6,3,2,2,6,0,6,28,6,3,2,20,6,0,6,0,162,0,12,0,150,12,0,0,258,0,4,1,253,4,0,0,384,0,11,0,373,11,0,0,446,0,20,1,425,20,0,0,218,0,6,0,212,6,0,0,2,16,1,1,1,8,1,0,2,1,1,1,2,2,6,2,1,1,1,1,2,0,0,1,Watch
2024-03-01,Friday,5,9,3,Summer,0,0,0,0,0,0,0,0.0,26.5,17.5,56.8,,0,0,0,90,15,7,8,5,120,130.0,149.0,129.0,130.29,8.55,123.0,129.21,None,0,3,3,6,3,0,3,3,0,1,1,3,5,0,0,28,18,2,0,10,18,0,18,10,4,2,0,6,4,0,4,28,7,0,2,19,7,0,7,0,450,300,10,1,439,10,0,0,253,0,7,0,246,7,0,0,373,0,10,0,363,10,0,0,425,0,19,1,405,19,0,0,212,0,4,0,208,4,0,0,2,8,0,0,1,8,0,0,2,1,1,1,1,2,6,1,1,1,1,1,4,0,0,0,Normal
2024-03-02,Saturday,6,9,3,Summer,1,0,0,0,0,0,0,0.0,26.7,18.7,46.9,,0,0,0,82,16,9,12,6,119,120.0,130.0,121.0,129.0,9.29,112.0,129.0,None,0,8,5,3,0,2,4,3,1,1,3,5,7,0,0,28,16,5,1,11,16,0,16,10,2,4,1,7,2,0,2,28,8,0,1,19,8,0,8,0,439,0,10,1,428,10,0,0,246,0,4,0,242,4,0,0,363,0,11,0,352,11,0,0,405,0,19,1,385,19,0,1,208,0,6,0,202,6,0,0,2,12,1,0,1,8,1,0,2,1,1,1,1,2,6,1,1,1,1,1,3,0,0,0,Normal
2024-03-03,Sunday,7,9,3,Summer,1,0,0,0,0,0,0,0.5,26.7,20.8,49.4,,0,0,0,77,16,8,9,6,110,119.0,120.0,122.0,128.71,9.56,113.0,129.5,None,0,6,3,4,3,0,4,1,1,2,1,3,7,0,0,28,17,4,1,10,17,0,17,10,1,1,1,8,1,0,1,28,7,2,2,19,7,0,7,0,428,0,11,1,416,11,0,0,242,0,5,0,237,5,0,0,352,0,11,0,341,11,0,0,385,0,19,1,365,19,0,0,202,0,4,0,198,4,0,0,2,12,1,0,1,8,1,0,2,1,1,1,1,2,6,1,1,1,1,1,2,0,0,0,Normal
2024-03-04,Monday,1,10,3,Summer,0,0,0,0,0,0,0,0.0,28.7,22.5,57.1,,0,0,0,97,19,9,6,8,131,110.0,119.0,132.0,127.0,11.49,132.0,129.29,None,0,10,4,4,1,0,3,3,1,2,1,3,4,0,0,28,23,0,0,5,23,0,23,10,2,0,1,7,2,0,2,28,8,0,2,18,8,0,8,0,416,0,14,1,401,14,0,0,237,0,6,0,231,6,0,0,341,0,14,0,327,14,0,0,365,0,23,1,341,23,0,0,198,0,4,0,194,4,0,0,2,12,1,0,1,8,0,0,3,1,1,1,1,2,6,1,1,1,1,1,2,0,0,0,Normal
2024-03-05,Tuesday,2,10,3,Summer,0,0,0,0,1,1,0,0.0,26.9,17.9,49.6,,0,0,0,101,17,16,7,9,141,131.0,110.0,129.0,126.86,11.43,137.0,129.21,None,0,6,4,3,4,1,7,6,2,1,2,4,7,0,0,28,22,7,0,6,22,0,22,10,2,0,2,6,2,0,2,28,10,1,0,18,10,0,10,0,401,0,14,1,386,14,0,0,231,0,4,0,227,4,0,0,327,0,12,0,315,12,0,0,341,0,22,1,318,22,0,0,194,0,9,0,185,9,0,0,2,20,1,1,1,20,1,1,3,1,1,2,2,2,6,2,1,1,1,1,2,0,0,2,Watch
2024-03-06,Wednesday,3,10,3,Summer,0,0,1,1,0,0,4,0.0,25.4,17.3,44.8,,0,0,0,110,16,7,22,9,155,141.0,131.0,149.0,128.57,12.48,146.0,129.5,Road_Accident_Surge,3,5,7,3,1,2,3,2,1,1,3,5,4,1,1,28,24,6,0,4,24,0,24,10,0,2,0,10,0,0,0,28,7,4,1,20,7,0,7,0,386,0,14,1,371,14,0,0,227,0,4,0,223,4,0,0,315,0,12,0,303,12,0,0,318,0,22,1,295,22,0,0,585,400,7,1,577,7,0,0,2,12,1,0,1,8,0,0,3,1,3,1,1,2,6,1,1,1,2,3,3,0,0,1,Watch
2024-03-07,Thursday,4,10,3,Summer,0,0,0,0,0,1,0,0.0,28.0,19.4,41.5,,0,0,0,95,18,14,9,8,136,155.0,141.0,130.0,129.43,13.97,134.0,130.14,None,0,4,5,8,1,1,5,6,1,2,2,4,8,0,0,28,21,8,0,7,21,0,21,10,2,0,2,6,2,0,2,28,8,0,2,18,8,0,8,0,371,0,15,1,355,15,0,0,223,0,9,0,214,9,0,0,303,0,12,0,291,12,0,0,995,700,22,2,971,22,0,0,577,0,5,1,571,5,0,0,2,20,1,1,1,8,1,0,2,1,1,1,2,2,6,2,1,1,1,1,2,0,0,1,Watch
2024-03-08,Friday,5,10,3,Summer,0,0,0,0,1,0,0,0.5,25.7,16.5,59.0,,0,0,0,93,23,12,7,9,135,136.0,155.0,120.0,130.29,14.16,129.0,130.29,None,0,7,8,6,2,2,3,4,0,5,3,5,4,1,1,28,22,5,2,4,22,0,22,10,2,1,2,6,2,0,2,28,8,2,2,18,8,0,8,0,355,0,16,1,338,16,0,0,214,0,8,0,206,8,0,0,291,0,14,0,277,14,0,0,971,0,26,2,943,26,0,0,571,0,10,1,560,10,0,0,2,8,1,0,1,8,0,0,2,1,1,1,1,2,6,2,1,1,1,1,3,0,0,1,Watch
2024-03-09,Saturday,6,10,3,Summer,1,0,0,0,0,0,0,1.2,28.4,19.7,52.0,,0,0,0,80,19,7,11,7,117,135.0,136.0,119.0,132.43,13.56,121.0,130.71,None,0,4,4,9,2,0,4,2,0,1,1,3,4,0,0,28,22,4,2,4,22,0,22,10,4,0,0,6,4,0,4,28,7,2,1,20,7,0,7,0,338,0,14,1,323,14,0,0,206,0,10,0,196,10,0,0,277,0,11,0,266,11,0,0,943,0,22,2,919,22,0,0,560,0,4,1,555,4,0,0,2,8,0,0,1,8,1,0,2,1,1,1,1,2,6,1,1,1,1,1,3,0,0,0,Normal
2024-03-10,Sunday,7,10,3,Summer,1,0,1,0,0,0,2,0.0,27.2,18.8,46.8,,0,0,0,86,20,8,19,9,133,117.0,135.0,110.0,132.14,13.86,122.0,130.43,Road_Accident_Surge,3,9,7,4,0,2,4,2,1,1,3,5,6,0,0,28,23,4,0,5,23,0,23,10,2,3,1,7,2,0,2,28,8,2,1,19,8,0,8,0,323,0,15,1,307,15,0,0,196,0,6,0,190,6,0,0,266,0,13,0,253,13,0,0,919,0,23,2,894,23,0,0,555,0,11,1,543,11,0,0,2,12,1,0,1,8,1,0,2,1,3,1,1,2,6,1,1,1,2,3,2,1,1,1,Watch
2024-03-11,Monday,1,11,3,Summer,0,0,0,0,0,0,0,0.0,26.5,16.9,45.4,,0,0,0,100,13,8,8,7,129,133.0,117.0,131.0,135.43,10.55,132.0,131.21,None,0,6,4,0,3,1,4,2,1,1,2,4,4,0,0,28,20,5,0,8,20,0,20,10,6,0,0,4,6,0,6,28,9,0,0,19,9,0,9,0,307,0,10,1,296,10,0,0,190,0,1,0,189,1,0,0,253,0,11,0,242,11,0,0,894,0,18,2,874,18,0,0,543,0,5,1,537,5,0,0,2,12,1,0,1,8,1,0,3,1,1,1,1,2,6,1,1,1,1,1,4,0,0,0,Normal
2024-03-12,Tuesday,2,11,3,Summer,0,0,0,0,0,1,0,0.0,27.0,20.9,53.9,,0,0,0,98,21,15,5,9,139,129.0,133.0,141.0,135.14,10.7,129.0,131.0,None,0,6,5,6,4,0,4,9,1,1,1,3,4,0,0,28,20,6,0,8,20,0,20,10,4,3,1,5,4,0,4,28,10,1,1,17,10,0,10,0,296,0,16,1,279,16,0,0,189,0,8,0,181,8,0,0,242,0,13,0,229,13,0,0,874,0,25,2,847,25,0,0,537,0,6,1,530,6,0,0,2,20,1,1,1,8,1,0,3,1,1,1,2,2,6,2,1,1,1,1,4,0,0,1,Watch
2024-03-13,Wednesday,3,11,3,Summer,0,0,0,1,1,0,1,0.0,29.5,22.7,47.9,,0,0,0,112,13,10,14,9,149,139.0,129.0,155.0,134.86,10.56,149.0,131.71,None,0,6,4,2,1,1,3,1,0,6,2,4,4,0,0,28,24,4,2,2,24,0,24,10,2,2,1,7,2,0,2,28,10,1,1,17,10,0,10,0,279,0,13,1,265,13,0,0,181,0,3,0,178,3,0,0,229,0,11,0,218,11,0,0,847,0,19,2,826,19,0,0,530,0,5,1,524,5,0,0,2,8,1,0,1,8,0,0,3,1,2,1,1,2,7,1,1,1,2,2,4,0,0,0,Normal
2024-03-14,Thursday,4,11,3,Summer,0,0,0,0,0,1,0,0.0,25.6,16.9,51.7,,0,0,0,90,19,12,5,6,126,149.0,139.0,136.0,134.0,9.02,130.0,131.71,None,0,5,7,3,4,0,4,2,1,5,1,3,5,0,0,28,21,8,1,6,21,0,21,10,2,1,2,6,2,0,2,28,7,3,2,19,7,0,7,0,265,0,11,1,253,11,0,0,178,0,5,0,173,5,0,0,218,0,12,0,206,12,0,0,826,0,22,2,802,22,0,0,524,0,4,1,519,4,0,0,2,12,1,0,1,8,1,0,2,1,1,1,1,2,6,2,1,1,1,1,4,0,0,0,Normal
2024-03-15,Friday,5,11,3,Summer,0,0,0,0,0,0,0,0.0,29.5,22.5,49.0,,0,0,0,93,16,8,7,7,124,126.0,149.0,135.0,132.57,9.38,120.0,131.43,None,0,5,5,4,2,0,3,1,3,1,1,3,6,0,0,28,22,4,1,5,22,0,22,10,0,2,0,10,0,0,0,28,9,0,2,17,9,0,9,0,253,0,12,0,241,12,0,0,173,0,5,0,168,5,0,0,206,0,11,0,195,11,0,1,802,0,20,2,780,20,0,0,519,0,6,1,512,6,0,0,2,20,1,1,1,8,0,0,2,1,1,1,2,2,6,1,1,1,1,1,2,0,0,1,Watch
2024-03-16,Saturday,6,11,3,Summer,1,0,1,0,0,0,3,0.0,28.3,19.0,40.6,,0,0,0,91,16,10,22,12,139,124.0,126.0,117.0,131.0,9.75,119.0,131.71,Road_Accident_Surge,3,5,5,3,3,0,3,2,0,5,1,3,4,0,0,28,28,3,0,0,29,1,29,10,0,0,1,9,0,0,0,28,11,0,1,16,11,0,11,1,241,0,18,0,223,18,0,0,168,0,4,0,164,4,0,0,195,0,11,0,184,11,0,0,780,0,20,2,758,20,0,0,512,0,6,1,505,6,0,0,2,8,1,0,1,8,0,0,2,1,3,1,1,2,7,1,1,1,2,3,3,0,0,1,High
2024-03-17,Sunday,7,11,3,Summer,1,0,0,0,0,0,0,0.0,28.9,19.6,47.1,,0,0,0,77,18,7,9,6,111,139.0,124.0,133.0,134.14,8.15,110.0,133.14,None,0,10,3,3,2,0,4,3,0,0,1,3,4,0,0,28,28,5,0,0,28,0,28,10,1,0,0,9,1,0,1,28,12,0,2,14,12,0,12,0,223,0,11,0,212,11,0,0,164,0,4,0,160,4,0,0,184,0,12,0,172,12,0,0,758,0,21,1,736,21,0,0,505,0,4,1,500,4,0,0,2,8,0,0,1,8,1,0,2,1,1,1,1,2,7,1,1,1,1,1,2,0,0,0,Normal
2024-03-18,Monday,1,12,3,Summer,0,0,0,0,0,0,0,0.0,27.4,20.6,52.4,,0,0,0,99,20,9,8,9,136,111.0,139.0,129.0,131.0,11.53,131.0,133.21,None,0,6,4,7,3,2,4,4,1,0,2,4,7,0,0,28,26,5,2,0,28,2,28,10,2,0,2,6,2,0,2,28,12,3,2,14,12,0,12,2,212,0,16,0,196,16,0,1,160,0,8,0,152,8,0,0,172,0,13,0,159,13,0,0,736,0,24,1,711,24,0,0,500,0,10,0,490,10,0,0,2,12,1,0,1,8,1,0,3,1,1,1,1,2,7,1,1,1,1,1,2,0,0,1,High
2024-03-19,Tuesday,2,12,3,Summer,0,0,0,0,0,1,0,0.0,30.8,23.4,51.4,,0,0,0,96,15,12,8,9,131,136.0,111.0,139.0,132.0,11.61,141.0,133.57,None,0,3,5,5,2,0,1,8,1,2,1,3,5,0,0,28,26,3,2,0,30,4,30,10,4,0,0,6,4,0,4,28,10,4,1,17,10,0,10,4,196,0,15,0,181,15,0,0,152,0,6,0,146,6,0,0,159,0,11,0,148,11,0,0,711,0,20,1,690,20,0,0,490,0,6,0,484,6,0,0,2,12,1,0,1,8,0,0,2,1,1,1,1,2,7,2,1,1,1,1,4,0,0,1,High
2024-03-20,Wednesday,3,12,3,Summer,0,0,1,1,0,0,4,0.3,27.6,18.5,49.9,,0,0,0,116,19,9,23,10,167,131.0,136.0,149.0,130.86,11.26,155.0,132.86,Road_Accident_Surge,4,6,7,4,2,1,2,2,1,4,2,4,7,0,0,28,25,11,1,2,25,0,25,10,4,1,2,4,4,0,4,28,8,5,2,18,8,0,8,0,181,0,16,0,165,16,0,0,146,0,6,0,140,6,0,0,148,0,14,0,134,14,0,0,690,0,24,1,665,24,0,0,484,0,10,0,474,10,0,0,2,12,1,0,1,8,0,0,3,1,3,1,1,3,7,1,1,1,2,3,3,0,0,0,High
2024-03-21,Thursday,4,12,3,Summer,0,0,0,0,0,1,0,0.0,29.6,23.2,56.8,,0,0,0,97,17,12,8,7,134,167.0,131.0,126.0,133.43,16.11,136.0,133.71,None,0,6,7,2,2,0,3,7,0,2,1,3,8,0,0,28,21,7,0,7,21,0,21,10,2,4,1,7,2,0,2,28,6,4,0,22,6,0,6,0,165,0,12,0,153,12,0,0,140,0,4,0,136,4,0,0,414,280,12,0,402,12,0,0,665,0,21,1,643,21,0,0,474,0,8,0,466,8,0,0,2,8,1,0,1,8,0,0,3,1,1,1,1,2,6,2,1,1,1,1,4,0,0,0,Normal
2024-03-22,Friday,5,12,3,Summer,0,0,0,0,0,0,0,0.6,28.8,21.7,54.9,,0,0,0,91,17,9,6,8,123,134.0,167.0,124.0,134.57,15.83,135.0,133.57,None,0,4,5,4,4,0,3,3,1,2,1,3,4,0,0,28,23,3,0,5,23,0,23,10,2,1,2,6,2,0,2,28,7,1,2,19,7,0,7,0,153,0,13,0,140,13,0,0,136,0,5,0,131,5,0,0,402,0,11,0,391,11,0,0,643,0,21,1,621,21,0,0,466,0,6,0,460,6,0,0,2,12,1,0,1,8,0,0,2,1,1,1,1,2,6,1,1,1,1,1,4,0,0,0,Normal
2024-03-23,Saturday,6,12,3,Summer,1,0,0,0,0,0,0,0.0,28.0,21.5,48.9,,0,0,0,82,12,8,11,7,113,123.0,134.0,139.0,134.43,15.93,117.0,132.71,None,0,4,2,4,2,0,3,3,1,1,1,3,8,0,0,28,20,8,2,6,20,0,20,10,1,1,0,9,1,0,1,28,9,0,2,17,9,0,9,0,440,300,11,1,428,11,0,0,131,0,5,0,126,5,0,1,391,0,9,0,382,9,0,0,621,0,16,1,604,16,0,0,460,0,5,0,455,5,0,0,2,12,1,0,1,8,0,0,2,1,1,1,1,2,6,1,1,1,1,1,2,0,0,0,Normal
2024-03-24,Sunday,7,12,3,Summer,1,0,1,0,0,0,3,0.0,25.8,16.5,53.1,,0,0,0,90,20,9,19,10,138,113.0,123.0,111.0,130.71,17.39,133.0,132.43,Road_Accident_Surge,3,7,4,5,4,0,3,3,2,1,1,3,7,0,0,28,18,6,1,9,18,0,18,10,3,1,1,6,3,0,3,28,11,1,1,16,11,0,11,0,428,0,16,1,411,16,0,0,126,0,6,0,120,6,0,0,382,0,13,0,369,13,0,0,604,0,23,1,580,23,0,0,455,0,8,0,447,8,0,0,2,20,1,1,1,8,0,0,2,1,3,1,2,2,6,1,1,1,2,3,2,1,1,2,Watch
2024-03-25,Monday,1,13,3,Summer,0,0,0,0,0,0,0,0.0,26.9,17.4,50.3,,0,0,0,97,13,9,3,6,122,138.0,113.0,136.0,134.57,15.48,129.0,132.79,None,0,2,4,3,4,1,3,3,2,1,1,3,8,0,0,28,21,3,0,7,21,0,21,10,2,1,0,8,2,0,2,28,10,1,2,16,10,0,10,0,411,0,10,1,400,10,0,0,120,0,4,0,116,4,0,0,369,0,10,0,359,10,0,0,580,0,18,1,561,18,0,0,447,0,3,0,444,3,0,0,2,20,1,1,1,8,0,0,3,1,1,1,2,2,6,1,1,1,1,1,4,0,0,1,Watch
2024-03-26,Tuesday,2,13,3,Summer,0,0,0,0,0,1,0,0.0,29.6,20.1,50.9,,0,0,0,100,17,14,7,9,138,122.0,138.0,131.0,132.57,16.06,139.0,132.29,None,0,5,6,4,2,2,5,3,1,5,3,5,6,0,0,28,21,7,2,5,21,0,21,10,2,0,0,8,2,0,2,28,10,2,0,18,10,0,10,0,400,0,15,1,384,15,0,0,116,0,5,0,111,5,0,0,359,0,12,0,347,12,0,0,561,0,22,1,538,22,0,0,444,0,9,0,435,9,0,0,2,20,1,1,1,8,1,0,3,1,1,1,2,2,6,2,1,1,1,1,3,0,0,1,Watch
2024-03-27,Wednesday,3,13,3,Summer,0,0,0,1,0,0,1,0.0,28.1,19.8,50.2,,0,0,0,109,16,9,11,7,145,138.0,122.0,167.0,133.57,16.15,149.0,132.21,None,0,5,7,3,1,1,4,3,0,2,2,4,4,0,0,28,22,4,1,5,22,0,22,10,2,1,2,6,2,0,2,28,10,1,3,15,10,0,10,0,384,0,12,1,371,12,0,0,111,0,4,0,107,4,0,0,347,0,12,0,335,12,0,0,538,0,22,1,515,22,0,0,435,0,6,0,429,6,0,0,2,8,0,0,1,8,1,0,3,1,1,1,1,2,6,1,1,1,1,1,4,0,0,0,Normal
2024-03-28,Thursday,4,13,3,Summer,0,0,0,0,0,1,0,0.0,27.8,19.9,53.4,,0,0,0,100,14,13,5,7,132,145.0,138.0,134.0,130.43,10.49,126.0,131.93,None,0,4,6,2,2,2,10,3,0,0,2,4,8,0,0,28,24,3,2,2,24,0,24,10,4,0,2,4,4,0,4,28,6,4,2,20,6,0,6,0,371,0,11,1,359,11,0,0,357,250,3,1,353,3,0,0,335,0,11,0,324,11,0,0,515,0,19,1,495,19,0,0,429,0,5,0,424,5,0,0,2,16,1,1,1,20,1,1,3,1,1,2,2,2,6,2,1,1,1,1,3,0,0,2,Watch
2024-03-29,Friday,5,13,3,Summer,0,0,1,0,0,0,1,0.0,28.2,19.5,47.1,,0,0,0,106,19,8,14,9,147,132.0,145.0,123.0,130.14,10.41,124.0,132.36,None,0,8,2,7,2,0,6,1,1,0,1,3,6,0,0,28,24,4,2,2,24,0,24,10,6,2,2,2,6,0,6,28,7,0,2,19,7,0,7,0,359,0,16,1,342,16,0,0,353,0,8,1,344,8,0,0,324,0,14,0,310,14,0,0,495,0,24,1,470,24,0,0,424,0,3,0,421,3,0,0,2,12,1,0,1,20,1,1,3,1,2,2,1,2,7,1,1,1,2,2,3,0,0,1,Watch
2024-03-30,Saturday,6,13,3,Summer,1,0,0,0,0,0,0,0.0,28.1,19.6,47.6,,0,0,0,81,18,9,11,6,119,147.0,132.0,113.0,133.57,11.4,139.0,134.0,None,0,7,3,6,2,0,7,1,1,0,1,3,4,0,0,28,22,4,2,4,22,0,22,10,9,0,0,1,9,0,9,28,7,1,2,19,7,0,7,0,342,0,12,1,329,12,0,0,344,0,7,1,336,7,0,0,310,0,12,0,298,12,0,0,470,0,21,1,448,21,0,0,421,0,4,0,417,4,0,0,2,12,1,0,1,20,1,1,2,1,1,2,1,2,7,1,1,1,1,1,3,0,0,1,Watch
2024-03-31,Sunday,7,13,3,Summer,1,0,0,0,1,0,0,0.0,31.4,23.7,45.3,,0,0,0,82,19,12,13,9,126,119.0,147.0,138.0,134.43,9.96,111.0,132.57,None,0,8,4,6,1,0,6,2,1,3,1,3,4,0,0,28,12,12,0,16,12,0,12,10,6,5,2,2,6,0,6,28,11,1,0,17,11,0,11,0,329,0,15,1,313,15,0,0,336,0,7,1,328,7,0,0,298,0,12,0,286,12,0,0,448,0,22,1,425,22,0,0,417,0,12,0,405,12,0,0,2,12,1,0,1,20,1,1,2,1,2,2,1,2,6,2,1,1,1,1,4,0,0,1,Watch
2024-04-01,Monday,1,14,4,Summer,0,0,0,0,0,0,0,0.0,27.9,21.6,46.9,,0,0,0,106,14,8,7,6,135,126.0,119.0,122.0,132.71,10.22,136.0,133.64,None,0,2,5,4,3,0,2,6,0,0,1,3,5,0,0,28,15,2,2,11,15,0,15,10,2,4,1,7,2,0,2,28,8,4,0,20,8,0,8,0,313,0,10,1,302,10,0,0,328,0,5,1,322,5,0,0,286,0,11,0,275,11,0,0,425,0,20,1,404,20,0,0,405,0,4,0,401,4,0,0,2,8,0,0,1,8,0,0,3,1,1,1,1,2,6,1,1,1,1,1,2,0,0,0,Normal
2024-04-02,Tuesday,2,14,4,Summer,0,0,0,0,0,1,0,0.0,29.2,20.3,53.3,,0,0,0,100,17,15,5,8,137,135.0,126.0,138.0,134.57,9.24,131.0,133.57,None,0,8,2,5,2,1,4,8,0,3,1,3,5,0,0,28,16,3,2,10,16,0,16,10,3,1,0,7,3,0,3,28,10,0,2,16,10,0,10,0,302,0,14,1,287,14,0,0,322,0,6,1,315,6,0,0,275,0,13,0,262,13,0,0,404,0,22,1,381,22,0,1,401,0,6,0,395,6,0,0,2,16,1,1,1,8,1,0,3,1,1,1,2,2,6,2,1,1,1,1,3,0,0,1,Watch
2024-04-03,Wednesday,3,14,4,Summer,0,0,0,1,0,0,1,0.0,29.5,20.1,46.1,,0,0,0,104,18,8,11,7,141,137.0,135.0,145.0,134.43,9.19,167.0,134.0,None,0,6,5,4,3,1,4,2,1,1,2,4,6,0,0,28,20,2,2,6,20,0,20,10,1,3,1,8,1,0,1,28,9,1,2,17,9,0,9,0,287,0,12,1,274,12,0,0,315,0,5,1,309,5,0,0,262,0,13,0,249,13,0,0,381,0,23,1,357,23,0,0,395,0,3,0,392,3,0,0,2,12,1,0,1,8,1,0,3,1,1,1,1,2,6,1,1,1,1,1,4,0,0,0,Normal
2024-04-04,Thursday,4,14,4,Summer,0,0,0,0,0,1,0,0.0,30.4,23.8,47.0,,0,0,0,95,17,14,9,9,135,141.0,137.0,132.0,133.86,8.63,134.0,132.14,None,0,9,4,3,1,0,7,2,3,2,1,3,6,0,0,28,21,3,0,7,21,0,21,10,3,0,0,7,3,0,3,28,10,2,2,16,10,0,10,0,274,0,14,1,259,14,0,0,309,0,4,1,304,4,0,0,249,0,12,0,237,12,0,0,357,0,21,1,335,21,0,0,392,0,8,0,384,8,0,0,2,20,1,1,1,20,1,1,2,1,1,2,2,2,6,2,1,1,1,1,4,0,0,2,Watch
2024-04-05,Friday,5,14,4,Summer,0,0,0,0,0,0,0,0.0,31.6,24.3,52.2,,0,0,0,94,20,9,7,7,130,135.0,141.0,147.0,134.29,8.6,123.0,132.21,None,0,12,1,2,5,0,4,4,1,0,0,2,8,0,0,28,19,6,2,7,19,0,19,10,3,0,1,6,3,0,3,28,11,2,2,15,11,0,11,0,259,0,12,0,247,12,0,0,304,0,4,1,299,4,0,0,237,0,14,0,223,14,0,0,335,0,24,1,310,24,0,0,384,0,6,0,378,6,0,0,2,12,1,0,1,8,1,0,2,1,1,1,1,2,6,1,1,1,1,1,3,0,0,0,Normal
2024-04-06,Saturday,6,14,4,Summer,1,0,0,0,0,0,0,1.3,29.9,22.8,42.1,,0,0,0,85,18,10,13,9,126,130.0,135.0,119.0,131.86,6.9,113.0,132.71,None,0,6,5,2,5,0,3,5,0,2,1,3,8,0,0,28,22,2,2,4,22,0,22,10,3,1,1,6,3,0,3,28,10,4,0,18,10,0,10,0,247,0,14,0,233,14,0,0,299,0,4,1,294,4,0,0,223,0,12,0,211,12,0,0,310,0,21,1,288,21,0,0,378,0,8,0,370,8,0,0,2,8,1,0,1,8,0,0,2,1,2,1,1,2,6,1,1,1,1,1,3,0,0,0,Normal
2024-04-07,Sunday,7,14,4,Summer,1,0,0,0,0,0,0,0.0,28.5,22.3,55.4,,0,0,0,75,20,9,13,9,117,126.0,130.0,126.0,132.86,5.28,138.0,133.64,None,0,7,5,6,2,1,4,2,0,3,2,4,7,0,0,28,20,6,2,6,20,0,20,10,3,1,0,7,3,0,3,28,10,4,2,16,10,0,10,0,233,0,16,0,217,16,0,0,294,0,7,1,286,7,0,0,211,0,12,0,199,12,0,1,988,700,22,2,964,22,0,0,370,0,11,0,359,11,0,0,2,8,0,0,1,8,1,0,2,1,2,1,1,2,6,1,1,1,1,1,4,0,0,0,Normal
2024-04-08,Monday,1,15,4,Summer,0,0,0,0,0,0,0,0.0,31.5,24.2,43.7,,0,0,0,97,18,9,7,6,131,117.0,126.0,135.0,131.57,7.44,122.0,132.14,None,0,7,5,5,1,0,5,3,0,1,1,3,7,0,0,28,17,7,0,11,17,0,17,10,3,1,2,5,3,0,3,28,5,6,2,21,5,0,5,0,217,0,11,0,206,11,0,0,286,0,6,1,279,6,0,0,199,0,13,0,186,13,0,0,964,0,22,2,940,22,0,0,359,0,4,0,355,4,0,0,2,8,0,0,1,8,1,0,3,1,1,1,1,2,6,1,1,1,1,1,3,0,0,0,Normal
2024-04-09,Tuesday,2,15,4,Summer,0,0,0,0,0,1,0,0.0,26.5,19.2,47.7,,0,0,0,96,19,12,10,8,137,131.0,117.0,137.0,131.0,7.31,138.0,132.79,None,0,8,5,4,2,2,4,6,1,1,2,4,8,0,0,28,18,3,2,8,18,0,18,10,3,1,1,6,3,0,3,28,7,1,0,21,7,0,7,0,206,0,14,0,192,14,0,1,279,0,6,1,272,6,0,0,186,0,13,0,173,13,0,0,940,0,23,2,915,23,0,0,355,0,10,0,345,10,0,0,2,12,1,0,1,8,1,0,2,1,1,1,1,2,6,2,1,1,1,1,3,0,0,0,Normal
2024-04-10,Wednesday,3,15,4,Summer,0,0,0,1,0,0,1,0.0,25.4,18.2,50.2,,0,0,0,106,15,10,14,9,145,137.0,131.0,141.0,131.0,7.31,145.0,132.71,None,0,1,6,8,0,0,2,6,0,2,1,3,5,0,0,28,19,1,0,9,19,0,19,10,1,2,1,8,1,0,1,28,12,2,0,16,12,0,12,0,192,0,15,0,177,15,0,0,272,0,9,1,262,9,0,0,173,0,11,0,162,11,0,0,915,0,20,2,893,20,0,0,345,0,17,0,328,17,0,0,2,8,1,0,1,8,0,0,3,1,2,1,1,2,6,1,1,1,2,2,3,0,0,0,Normal
2024-04-11,Thursday,4,15,4,Summer,0,0,0,0,0,1,0,0.0,30.2,23.5,47.0,,0,0,0,97,15,15,7,9,134,145.0,137.0,135.0,131.57,8.17,132.0,132.71,None,0,3,5,6,1,0,7,3,2,3,1,3,6,0,0,28,15,7,0,13,15,0,15,10,0,1,0,10,0,0,0,28,16,2,1,11,16,0,16,0,177,0,15,0,162,15,0,0,262,0,7,1,254,7,0,0,162,0,11,0,151,11,0,0,893,0,20,2,871,20,0,0,328,0,14,0,314,14,0,0,2,20,1,1,1,20,1,1,3,1,1,2,2,2,6,2,1,1,1,1,3,0,0,2,Watch
2024-04-12,Friday,5,15,4,Summer,0,0,0,0,0,0,0,0.0,31.0,20.7,47.8,,0,0,0,96,18,10,6,8,130,134.0,145.0,130.0,131.43,8.12,147.0,132.86,None,0,5,6,5,2,1,5,1,1,3,2,4,7,0,0,28,17,4,0,11,17,0,17,10,2,0,2,6,2,0,2,28,13,3,1,14,13,0,13,0,162,0,14,0,148,14,0,0,254,0,6,0,248,6,0,0,151,0,12,0,139,12,0,0,871,0,22,2,847,22,0,0,314,0,4,0,310,4,0,0,2,12,1,0,1,8,1,0,2,1,1,1,1,2,6,1,1,1,1,1,2,0,0,0,Normal
2024-04-13,Saturday,6,15,4,Summer,1,0,0,0,0,0,0,0.1,31.3,21.8,46.4,,0,0,0,84,19,8,8,6,119,130.0,134.0,126.0,131.43,8.12,119.0,131.64,None,0,13,4,1,1,0,2,3,0,3,1,3,5,0,0,28,16,4,0,12,16,0,16,10,2,1,2,6,2,0,2,28,15,0,0,13,15,0,15,0,148,0,10,0,138,10,0,0,248,0,3,0,245,3,0,0,419,280,13,0,406,13,0,0,847,0,22,2,823,22,0,0,310,0,6,0,304,6,0,0,2,8,0,0,1,8,0,0,2,1,1,1,1,2,6,1,1,1,1,1,3,0,0,0,Normal
2024-04-14,Sunday,7,15,4,Summer,1,0,0,0,0,0,0,0.0,31.2,22.4,42.4,,0,0,0,82,15,9,11,7,117,119.0,130.0,117.0,130.43,9.1,126.0,131.64,None,0,9,4,2,0,2,4,3,0,2,2,4,8,0,0,28,15,4,1,12,15,0,15,10,3,0,1,6,3,0,3,28,17,1,0,11,17,0,17,0,438,300,11,1,426,11,0,0,245,0,3,0,242,3,0,0,406,0,11,0,395,11,0,0,823,0,19,2,802,19,0,0,304,0,10,0,294,10,0,0,2,8,0,0,1,8,1,0,2,1,1,1,1,2,6,1,1,1,1,1,3,0,0,0,Normal
2024-04-15,Monday,1,16,4,Summer,0,0,0,0,0,0,0,0.0,31.4,23.3,52.5,,0,0,0,103,19,7,10,8,139,117.0,119.0,131.0,130.43,9.1,135.0,131.0,None,0,8,3,4,4,0,3,3,0,1,1,3,5,0,0,28,12,6,2,14,12,0,12,10,2,2,0,8,2,0,2,28,14,7,1,13,14,0,14,0,426,0,14,1,411,14,0,0,242,0,6,0,236,6,0,0,395,0,13,0,382,13,0,0,802,0,23,2,777,23,0,0,294,0,10,0,284,10,0,0,2,8,0,0,1,8,0,0,3,1,1,1,1,2,6,1,1,1,1,1,2,0,0,0,Normal
2024-04-16,Tuesday,2,16,4,Summer,0,0,0,0,0,1,0,0.4,32.0,26.7,49.3,,0,0,0,100,19,13,6,8,138,139.0,117.0,137.0,131.57,9.59,137.0,131.29,None,0,7,2,7,3,0,7,4,0,2,0,2,4,0,0,28,13,3,2,13,13,0,13,10,5,0,2,3,5,0,5,28,12,3,2,14,12,0,12,0,411,0,15,1,395,15,0,0,236,0,8,0,228,8,0,0,382,0,13,0,369,13,0,0,777,0,23,2,752,23,0,0,284,0,3,0,281,3,0,0,2,16,1,1,1,20,1,1,3,1,1,2,2,2,6,2,1,1,1,1,3,0,0,2,Watch
2024-04-17,Wednesday,3,16,4,Summer,0,0,0,1,0,0,1,0.0,33.1,24.1,51.5,,0,0,0,114,23,9,14,9,160,138.0,139.0,145.0,131.71,9.68,141.0,131.36,None,0,12,4,5,2,0,2,6,0,1,1,3,5,0,0,28,16,0,0,12,16,0,16,10,8,0,1,1,8,0,8,28,13,2,1,14,13,0,13,0,395,0,16,1,378,16,0,0,228,0,7,0,221,7,0,0,369,0,16,0,353,16,0,0,752,0,28,1,723,28,0,0,281,0,8,0,273,8,0,0,2,8,0,0,1,8,0,0,3,1,2,1,1,3,7,1,1,1,2,2,4,0,0,0,Normal
2024-04-18,Thursday,4,16,4,Summer,0,0,0,0,0,1,0,0.0,30.5,23.2,49.3,,0,0,0,97,14,15,5,7,131,160.0,138.0,134.0,133.86,13.35,135.0,132.71,None,0,3,5,2,4,2,3,10,1,1,2,4,8,0,0,28,19,1,2,7,19,0,19,10,3,6,2,5,3,0,3,28,13,2,0,15,13,0,13,0,378,0,11,1,366,11,0,0,221,0,3,0,218,3,0,0,353,0,10,0,343,10,0,0,723,0,19,1,703,19,0,0,273,0,8,0,265,8,0,0,2,20,1,1,1,8,0,0,3,1,1,1,2,2,6,2,1,1,1,1,2,0,0,1,Watch
2024-04-19,Friday,5,16,4,Summer,0,0,0,0,0,0,0,0.0,31.4,22.9,51.6,,0,0,0,97,20,8,4,6,129,131.0,160.0,130.0,133.43,13.38,130.0,132.43,None,0,8,5,5,2,1,5,1,1,1,2,4,5,0,0,28,21,2,0,7,21,0,21,10,3,1,2,5,3,0,3,28,13,1,0,15,13,0,13,0,366,0,12,1,353,12,0,0,218,0,6,0,212,6,0,0,343,0,13,0,330,13,0,0,703,0,24,1,678,24,0,0,265,0,5,0,260,5,0,0,2,12,1,0,1,8,1,0,3,1,1,1,1,2,7,1,1,1,1,1,2,0,0,0,Normal
2024-04-20,Saturday,6,16,4,Summer,1,0,0,0,0,0,0,0.0,30.0,20.2,48.6,,0,0,0,87,15,8,12,9,122,129.0,131.0,119.0,133.29,13.42,126.0,132.36,None,0,2,5,4,4,2,4,2,1,1,3,5,5,0,0,28,23,2,2,3,23,0,23,10,4,1,0,6,4,0,4,28,13,3,2,13,13,0,13,0,353,0,14,1,338,14,0,0,212,0,5,0,207,5,0,0,330,0,10,0,320,10,0,0,678,0,19,1,658,19,0,0,260,0,10,0,250,10,0,0,2,12,1,0,1,8,1,0,2,1,1,1,1,2,7,1,1,1,1,1,4,0,0,0,Normal
2024-04-21,Sunday,7,16,4,Summer,1,0,0,0,0,0,0,0.0,34.9,28.1,48.8,,0,0,0,82,16,7,9,6,114,122.0,129.0,117.0,133.71,13.0,117.0,132.07,None,0,7,4,3,2,0,4,1,1,1,1,3,8,0,0,28,20,5,0,8,20,0,20,10,3,1,2,5,3,0,3,28,13,4,1,14,13,0,13,0,338,0,10,1,327,10,0,0,207,0,4,0,203,4,0,0,320,0,11,0,309,11,0,0,658,0,19,1,638,19,0,0,250,0,10,0,240,10,0,0,2,12,1,0,1,8,1,0,2,1,1,1,1,2,7,1,1,1,1,1,4,0,0,0,Normal
2024-04-22,Monday,1,17,4,Summer,0,0,0,0,0,0,0,0.0,31.3,22.1,47.0,,0,0,0,102,19,10,7,7,138,114.0,122.0,139.0,133.29,13.58,131.0,131.86,None,0,6,6,4,3,2,5,4,0,1,3,5,4,1,1,28,18,5,2,8,18,0,18,10,3,2,1,6,3,0,3,28,9,6,0,19,9,0,9,0,327,0,12,1,314,12,0,0,203,0,6,0,197,6,0,0,309,0,13,0,296,13,0,0,638,0,23,1,614,23,0,0,240,0,9,0,231,9,0,0,2,8,1,0,1,8,1,0,3,1,1,1,1,2,6,1,1,1,1,1,2,0,0,1,Watch
2024-04-23,Tuesday,2,17,4,Summer,0,0,0,0,0,1,0,0.0,31.9,23.3,43.8,,0,0,0,99,16,15,5,9,135,138.0,114.0,138.0,133.14,13.53,137.0,132.36,None,0,6,4,2,4,0,5,9,0,1,1,3,4,0,0,28,20,5,1,7,20,0,20,10,3,0,1,6,3,0,3,28,7,4,1,20,7,0,7,0,314,0,14,1,299,14,0,0,197,0,3,0,194,3,0,0,296,0,12,0,284,12,0,0,614,0,21,1,592,21,0,0,231,0,6,0,225,6,0,1,2,16,1,1,1,8,1,0,3,1,1,1,2,2,6,2,1,1,1,1,2,0,0,1,Watch
2024-04-24,Wednesday,3,17,4,Summer,0,0,0,1,0,0,1,0.0,30.4,21.3,46.7,,0,0,0,107,16,11,13,8,147,135.0,138.0,160.0,132.71,13.41,145.0,132.21,None,0,5,1,7,3,0,2,6,3,0,1,3,8,0,0,28,21,3,2,5,21,0,21,10,4,0,1,5,4,0,4,28,8,2,0,20,8,0,8,0,299,0,14,1,284,14,0,0,194,0,8,0,186,8,0,0,284,0,12,0,272,12,0,0,592,0,21,1,570,21,0,0,225,0,6,0,219,6,0,0,2,20,1,1,1,8,0,0,3,1,2,1,2,2,6,2,1,1,1,1,4,0,0,1,Watch
2024-04-25,Thursday,4,17,4,Summer,0,0,0,0,0,1,0,0.0,28.9,18.7,49.5,,0,0,0,90,18,14,7,8,129,147.0,135.0,131.0,130.86,9.96,134.0,132.36,None,0,6,5,4,3,0,4,8,0,2,1,3,5,0,0,28,20,2,1,7,20,0,20,10,0,4,2,8,0,0,0,28,13,2,0,15,13,0,13,0,284,0,13,1,270,13,0,0,186,0,5,0,181,5,0,0,272,0,12,0,260,12,0,0,570,0,22,1,547,22,0,0,219,0,16,0,203,16,0,0,2,16,1,1,1,8,1,0,2,1,1,1,2,2,6,2,1,1,1,1,4,0,0,1,Watch
2024-04-26,Friday,5,17,4,Summer,0,0,0,0,0,0,0,0.4,31.1,22.9,48.8,,0,0,0,93,22,10,8,8,133,129.0,147.0,129.0,130.57,9.98,130.0,132.0,None,0,9,5,4,4,0,4,3,1,2,1,3,4,0,0,28,23,3,1,4,23,0,23,10,0,0,0,10,0,0,0,28,9,6,0,19,9,0,9,0,270,0,14,1,255,14,0,0,181,0,6,0,175,6,0,0,260,0,14,0,246,14,0,0,547,0,25,1,521,25,0,0,203,0,6,0,197,6,0,0,2,12,1,0,1,8,1,0,2,1,1,1,1,2,6,1,1,1,1,1,3,0,0,0,Normal
2024-04-27,Saturday,6,17,4,Summer,1,0,0,0,0,0,0,0.0,31.7,22.3,44.4,,0,0,0,87,19,9,10,9,125,133.0,129.0,122.0,131.14,9.99,119.0,132.21,None,0,8,4,5,2,2,1,4,0,4,2,4,6,0,0,28,20,7,1,7,20,0,20,10,2,0,2,6,2,0,2,28,10,2,2,16,10,0,10,0,255,0,15,0,240,15,0,0,175,0,6,0,169,6,0,0,246,0,13,0,233,13,0,0,521,0,22,1,498,22,0,0,197,0,10,0,187,10,0,0,2,8,0,0,1,8,0,0,2,1,1,1,1,2,6,1,1,1,1,1,4,0,0,0,Normal
2024-04-28,Sunday,7,17,4,Summer,1,0,0,0,0,0,0,0.0,29.9,23.0,53.1,,0,0,0,81,20,9,9,9,119,125.0,133.0,114.0,131.57,9.65,117.0,132.64,None,0,5,6,4,5,3,5,1,2,1,3,5,7,0,0,28,20,3,0,8,20,0,20,10,5,1,1,4,5,0,5,28,10,2,1,17,10,0,10,0,240,0,15,0,225,15,0,0,169,0,6,0,163,6,0,0,233,0,12,0,221,12,0,0,498,0,22,1,475,22,0,0,187,0,9,0,178,9,0,0,2,20,1,1,1,8,1,0,2,1,1,1,2,2,6,1,1,1,1,1,3,0,0,1,Watch
2024-04-29,Monday,1,18,4,Summer,0,0,0,0,0,0,0,0.0,34.1,25.7,41.9,,0,0,0,103,15,7,10,8,135,119.0,125.0,138.0,132.29,8.43,139.0,132.79,None,0,8,3,3,1,0,2,2,2,1,1,3,7,0,0,28,17,7,1,10,17,0,17,10,1,5,2,7,1,0,1,28,10,3,0,18,10,0,10,0,225,0,13,0,212,13,0,0,163,0,4,0,159,4,0,0,221,0,12,0,209,12,0,0,475,0,20,1,454,20,0,0,178,0,8,0,170,8,0,0,2,20,1,1,1,8,0,0,3,1,1,1,2,2,6,1,1,1,1,1,2,0,0,1,Watch
2024-04-30,Tuesday,2,18,4,Summer,0,0,0,0,0,1,0,0.3,32.7,25.2,44.7,,0,0,0,103,19,15,10,9,147,135.0,119.0,135.0,131.86,8.2,138.0,132.5,None,0,8,6,3,2,2,7,6,0,2,3,5,4,1,1,28,17,7,1,10,17,0,17,10,2,1,1,7,2,0,2,28,7,3,1,20,7,0,7,0,212,0,15,0,197,15,0,1,159,0,5,0,154,5,0,0,209,0,13,0,196,13,0,1,454,0,23,1,430,23,0,0,570,400,5,1,564,5,0,0,2,16,1,1,1,20,1,1,3,1,1,2,2,2,6,2,1,1,1,1,4,0,0,3,High
2024-05-01,Wednesday,3,18,5,Summer,0,1,0,1,0,0,2,0.0,33.8,25.2,41.8,,0,0,0,111,19,10,11,8,151,147.0,135.0,147.0,133.57,9.78,160.0,133.14,None,0,9,2,8,0,0,3,6,0,1,1,3,5,0,0,28,21,2,0,7,21,0,21,10,3,1,1,6,3,0,3,28,4,3,2,22,4,0,4,0,197,0,15,0,182,15,0,0,154,0,9,0,145,9,0,0,196,0,14,0,182,14,0,0,430,0,24,1,405,24,0,0,564,0,1,1,562,1,0,0,2,8,1,0,1,8,0,0,3,1,1,1,1,2,6,1,1,1,1,1,3,0,0,0,Normal
2024-05-02,Thursday,4,18,5,Summer,0,0,0,0,0,1,0,0.5,37.0,27.8,42.3,,0,0,0,94,16,13,6,9,129,151.0,147.0,129.0,134.14,10.63,131.0,132.5,None,0,3,4,4,5,0,4,7,1,1,1,3,7,0,0,28,19,6,0,9,19,0,19,10,2,3,1,7,2,0,2,28,7,0,1,20,7,0,7,0,182,0,14,0,168,14,0,0,145,0,5,0,140,5,0,0,182,0,11,0,171,11,0,0,405,0,20,1,384,20,0,1,562,0,8,1,553,8,0,0,2,20,1,1,1,8,1,0,2,1,1,1,2,2,6,2,1,1,1,1,3,0,0,1,Watch
2024-05-03,Friday,5,18,5,Summer,0,0,0,0,0,0,0,0.0,31.7,23.4,44.7,,0,0,0,96,14,9,7,7,126,129.0,151.0,133.0,134.14,10.63,129.0,132.36,None,0,5,3,4,2,0,4,0,2,3,1,3,7,0,0,28,20,3,1,7,20,0,20,10,4,1,1,5,4,0,4,28,6,1,0,22,6,0,6,0,168,0,12,0,156,12,0,0,140,0,5,0,135,5,0,0,171,0,11,0,160,11,0,0,384,0,19,1,364,19,0,0,553,0,2,1,550,2,0,0,2,20,1,1,1,8,1,0,2,1,1,1,2,2,6,1,1,1,1,1,3,0,0,1,Watch
2024-05-04,Saturday,6,18,5,Summer,1,0,0,0,0,0,0,0.0,33.1,24.3,45.9,,0,0,0,88,18,8,11,8,125,126.0,129.0,125.0,133.14,11.01,122.0,132.14,None,0,6,4,6,2,0,5,1,0,2,1,3,7,0,0,28,18,5,2,8,18,0,18,10,5,2,2,3,5,0,5,28,6,2,1,21,6,0,6,0,156,0,14,0,142,14,0,0,135,0,7,0,128,7,0,1,160,0,12,0,148,12,0,0,364,0,21,1,342,21,0,0,550,0,6,1,543,6,0,0,2,8,0,0,1,8,1,0,2,1,1,1,1,2,6,1,1,1,1,1,2,0,0,0,Normal
2024-05-05,Sunday,7,18,5,Summer,1,0,0,0,0,0,0,0.0,34.3,25.6,43.4,,0,0,0,80,19,7,12,8,118,125.0,126.0,119.0,133.14,11.01,114.0,132.36,None,0,7,3,4,5,0,1,2,0,4,1,3,5,0,0,28,16,7,1,11,16,0,16,10,5,1,0,5,5,0,5,28,6,2,1,21,6,0,6,0,442,300,14,1,427,14,0,0,128,0,6,0,122,6,0,0,148,0,12,0,136,12,0,0,342,0,22,1,319,22,0,0,543,0,6,1,536,6,0,0,2,8,0,0,1,8,0,0,2,1,1,1,1,2,6,1,1,1,1,1,2,0,0,0,Normal
2024-05-06,Monday,1,19,5,Summer,0,0,0,0,0,0,0,0.0,34.0,26.9,45.2,,0,0,0,104,14,9,4,6,131,118.0,125.0,135.0,133.0,11.2,138.0,132.64,None,0,3,6,2,3,0,4,2,0,3,1,3,8,0,0,28,12,8,1,15,12,0,12,10,4,3,0,6,4,0,4,28,3,3,2,23,3,0,3,0,427,0,10,1,416,10,0,0,122,0,3,0,119,3,0,0,416,280,11,0,405,11,0,0,319,0,20,1,298,20,0,0,536,0,3,1,532,3,0,0,2,8,0,0,1,8,1,0,3,1,1,1,1,2,5,1,1,1,1,1,2,0,0,0,Normal
2024-05-07,Tuesday,2,19,5,Summer,0,0,0,0,0,1,0,0.8,29.8,20.8,54.4,,0,0,0,102,19,14,9,10,144,131.0,118.0,147.0,132.43,11.18,135.0,132.14,None,0,4,4,4,7,0,4,7,1,2,1,3,4,0,0,28,11,6,2,15,11,0,11,10,3,4,2,5,3,0,3,28,3,2,0,25,3,0,3,0,416,0,16,1,399,16,0,0,119,0,6,0,113,6,0,0,405,0,13,0,392,13,0,0,998,700,23,2,973,23,0,0,532,0,6,1,525,6,0,0,2,20,1,1,1,8,1,0,3,1,1,1,2,2,5,2,1,1,1,1,2,0,0,1,Watch
2024-05-08,Wednesday,3,19,5,Summer,0,0,0,1,0,0,1,0.0,31.7,22.7,47.6,,0,0,0,98,21,8,12,8,139,144.0,131.0,151.0,132.0,10.66,147.0,132.79,None,0,7,7,7,0,1,4,4,0,0,2,4,8,0,0,28,13,5,0,15,13,0,13,10,3,1,2,5,3,0,3,28,2,1,1,25,2,0,2,0,399,0,15,1,383,15,0,0,113,0,8,0,105,8,0,0,392,0,14,0,378,14,0,0,973,0,25,2,946,25,0,0,525,0,4,1,520,4,0,0,2,8,0,0,1,8,1,0,3,1,1,1,1,2,5,1,1,1,1,1,4,0,0,0,Normal
2024-05-09,Thursday,4,19,5,Summer,0,0,0,0,0,1,0,0.0,31.2,22.9,47.6,,0,0,0,99,14,13,8,7,134,139.0,144.0,129.0,130.29,8.14,129.0,132.21,None,0,4,4,2,4,1,5,7,0,1,2,4,8,0,0,28,13,4,1,14,13,0,13,10,5,0,1,4,5,0,5,28,3,0,0,25,3,0,3,0,383,0,11,1,371,11,0,0,355,250,3,1,351,3,0,0,378,0,11,0,367,11,0,0,946,0,19,2,925,19,0,0,520,0,5,1,514,5,0,0,2,16,1,1,1,8,1,0,3,1,1,1,2,2,5,2,1,1,1,1,3,0,0,1,Watch
2024-05-10,Friday,5,19,5,Summer,0,0,0,0,0,0,0,0.5,31.1,23.8,46.5,Diarrheal,2,0,2,105,30,7,5,8,147,134.0,139.0,126.0,131.0,8.21,133.0,132.57,None,0,4,6,16,4,1,2,4,1,0,2,4,7,0,0,28,16,4,2,10,16,0,16,10,3,3,0,7,3,0,3,28,1,2,1,26,1,0,1,0,371,0,19,1,351,19,0,0,351,0,17,1,333,17,0,0,367,0,17,0,350,17,0,0,925,0,32,2,891,32,0,0,514,0,6,1,507,6,0,0,2,12,1,0,1,8,0,0,3,1,1,1,1,2,5,1,1,1,1,1,4,0,0,0,Watch
2024-05-11,Saturday,6,19,5,Summer,1,0,0,0,0,0,0,0.0,35.3,29.9,40.3,Diarrheal,2,0,3,93,26,8,13,10,140,147.0,134.0,125.0,134.0,9.56,125.0,133.57,None,0,2,3,19,2,0,3,2,0,3,1,3,6,0,0,28,18,3,1,9,18,0,18,10,3,2,2,5,3,0,3,28,4,0,0,24,4,0,4,0,351,0,22,1,328,22,0,0,333,0,20,1,312,20,0,0,350,0,14,0,336,14,0,0,891,0,28,2,861,28,0,0,507,0,10,0,497,10,0,0,2,8,0,0,1,8,0,0,2,1,2,1,1,2,6,1,1,1,1,1,3,0,0,0,Watch
2024-05-12,Sunday,7,19,5,Summer,1,0,0,0,0,0,0,0.0,35.7,25.9,48.9,Diarrheal,2,0,1,87,24,7,10,9,128,140.0,147.0,118.0,136.14,8.97,119.0,134.64,None,0,3,5,14,2,1,2,3,1,1,2,4,5,0,0,28,17,7,0,11,17,0,17,10,3,1,2,5,3,0,3,28,6,0,1,21,6,0,6,0,328,0,19,1,308,19,0,0,312,0,15,1,296,15,0,0,336,0,13,0,323,13,0,0,861,0,26,2,833,26,0,0,497,0,9,0,488,9,0,0,2,12,1,0,1,8,0,0,2,1,1,1,1,2,6,1,1,1,1,1,3,0,0,0,Watch
2024-05-13,Monday,1,20,5,Summer,0,0,0,0,0,0,0,0.0,33.6,26.4,48.3,Diarrheal,2,0,2,111,28,8,9,8,156,128.0,140.0,131.0,137.57,6.39,135.0,135.29,None,0,3,6,15,4,0,3,4,0,1,1,3,6,0,0,28,17,5,0,11,17,0,17,10,3,0,2,5,3,0,3,28,8,1,1,19,8,0,8,0,308,0,18,1,289,18,0,0,296,0,16,1,279,16,0,0,323,0,16,0,307,16,0,0,833,0,31,2,800,31,0,0,488,0,11,0,477,11,0,0,2,8,0,0,1,8,0,0,3,1,1,1,1,2,6,1,1,1,1,1,4,0,0,0,Watch
2024-05-14,Tuesday,2,20,5,Summer,0,0,0,0,0,1,0,0.4,31.2,22.2,42.5,Diarrheal,2,0,4,114,23,14,6,11,157,156.0,128.0,144.0,141.14,8.39,147.0,136.79,None,0,4,4,14,1,1,5,5,4,0,1,3,4,0,0,28,19,5,2,7,19,0,19,10,2,2,0,8,2,0,2,28,9,2,2,17,9,0,9,0,289,0,21,1,267,21,0,0,279,0,15,1,263,15,0,0,307,0,15,0,292,15,0,0,800,0,28,2,770,28,0,0,477,0,11,0,466,11,0,0,2,20,1,1,1,8,1,0,3,1,1,1,2,2,6,2,1,1,1,1,2,0,0,1,Watch
2024-05-15,Wednesday,3,20,5,Summer,0,0,0,1,0,0,1,0.0,35.0,26.7,47.0,Diarrheal,2,0,4,113,27,9,13,9,162,157.0,156.0,139.0,143.0,10.09,151.0,137.5,None,0,5,4,15,3,0,4,3,0,2,1,3,5,0,0,28,21,3,2,5,21,0,21,10,4,0,0,6,4,0,4,28,9,2,0,19,9,0,9,0,267,0,19,0,248,19,0,0,263,0,16,0,247,16,0,0,292,0,16,0,276,16,0,0,770,0,31,1,738,31,0,0,466,0,8,0,458,8,0,0,2,8,0,0,1,8,1,0,3,1,2,1,1,3,6,1,1,1,1,1,4,0,0,0,Watch
2024-05-16,Thursday,4,20,5,Summer,0,0,0,0,0,1,0,0.0,34.5,27.6,42.5,Diarrheal,2,0,2,100,21,13,7,7,141,162.0,157.0,134.0,146.29,11.84,129.0,138.29,None,0,2,4,12,3,0,8,4,0,1,1,3,7,0,0,28,19,6,2,7,19,0,19,10,0,4,1,9,0,0,0,28,10,2,0,18,10,0,10,0,248,0,15,0,233,15,0,0,247,0,13,0,234,13,0,0,276,0,13,0,263,13,0,0,738,0,25,1,712,25,0,0,458,0,10,0,448,10,0,0,2,16,1,1,1,20,1,1,3,1,1,2,2,2,6,2,1,1,1,1,4,0,0,2,Watch
2024-05-17,Friday,5,20,5,Summer,0,0,0,0,0,0,0,1.2,31.6,21.7,45.4,Diarrheal,2,0,2,100,25,8,9,9,142,141.0,162.0,147.0,147.29,11.03,126.0,139.14,None,0,3,6,12,4,0,6,0,0,2,1,3,6,0,0,28,16,6,1,11,16,0,16,10,2,0,0,8,2,0,2,28,13,1,1,14,13,0,13,0,233,0,18,0,215,18,0,0,234,0,13,0,221,13,0,0,263,0,14,0,249,14,0,0,712,0,28,1,683,28,0,0,448,0,13,0,435,13,0,0,2,8,0,0,1,20,1,1,3,1,1,2,1,2,6,1,1,1,1,1,3,0,0,1,Watch
2024-05-18,Saturday,6,20,5,Summer,1,0,0,0,0,0,0,0.4,31.8,23.3,45.5,Diarrheal,2,0,1,96,30,8,10,9,144,142.0,141.0,140.0,146.57,11.18,125.0,140.29,None,0,2,6,19,3,1,3,2,2,1,2,4,6,0,0,28,15,5,1,12,15,0,15,10,5,0,2,3,5,0,5,28,14,1,0,14,14,0,14,0,215,0,21,0,194,21,0,1,221,0,20,0,201,20,0,0,249,0,16,0,233,16,0,0,683,0,32,1,650,32,0,0,435,0,10,0,425,10,0,0,2,20,1,1,1,8,0,0,2,1,1,1,2,2,6,1,1,1,1,1,3,0,0,1,Watch
2024-05-19,Sunday,7,20,5,Summer,1,0,0,0,1,0,0,0.0,35.2,28.6,40.7,Diarrheal,2,0,3,90,24,11,9,7,134,144.0,142.0,128.0,147.14,10.93,118.0,141.64,None,0,11,1,11,1,1,4,2,0,5,1,3,6,0,0,28,14,4,0,14,14,0,14,10,2,5,1,7,2,0,2,28,14,2,0,14,14,0,14,0,194,0,15,0,179,15,0,0,201,0,12,0,189,12,0,0,233,0,15,0,218,15,0,0,650,0,26,1,623,26,0,0,425,0,7,0,418,7,0,0,2,8,1,0,1,8,1,0,2,1,1,1,1,2,6,2,1,1,1,1,4,0,0,0,Watch
2024-05-20,Monday,1,21,5,Summer,0,0,0,0,0,0,0,0.3,34.8,27.7,48.0,Diarrheal,2,0,5,103,29,9,8,8,149,134.0,144.0,156.0,148.0,9.55,131.0,142.79,None,0,4,3,17,5,0,3,5,1,0,1,3,4,0,0,28,14,4,2,12,14,0,14,10,4,0,0,6,4,0,4,28,9,7,1,18,9,0,9,0,179,0,19,0,160,19,0,0,189,0,18,0,171,18,0,0,218,0,16,0,202,16,0,1,623,0,31,1,591,31,0,0,418,0,8,0,410,8,0,0,2,12,1,0,1,8,0,0,3,1,1,1,1,2,6,1,1,1,1,1,3,0,0,0,Watch
2024-05-21,Tuesday,2,21,5,Summer,0,0,0,0,0,1,0,0.0,31.3,23.8,45.5,Diarrheal,2,0,3,108,24,14,6,8,152,149.0,134.0,157.0,147.0,9.01,144.0,144.07,None,0,4,2,15,3,1,3,8,2,1,1,3,8,0,0,28,15,2,1,12,15,0,15,10,3,2,2,5,3,0,3,28,12,1,0,16,12,0,12,0,160,0,18,0,142,18,0,0,171,0,16,0,155,16,0,0,202,0,15,0,187,15,0,0,591,0,28,1,562,28,0,0,410,0,12,0,398,12,0,0,2,20,1,1,1,8,0,0,3,1,1,1,2,2,6,2,1,1,1,1,3,0,0,1,Watch
2024-05-22,Wednesday,3,21,5,Summer,0,0,0,1,0,0,1,0.0,37.0,29.3,35.3,Diarrheal,2,0,3,119,26,5,12,8,162,152.0,149.0,162.0,146.29,8.36,139.0,144.64,None,0,6,5,12,3,2,2,2,1,0,3,5,8,0,0,28,16,3,0,12,16,0,16,10,3,3,2,5,3,0,3,28,9,4,2,17,9,0,9,0,142,0,17,0,125,17,0,0,155,0,13,0,142,13,0,0,187,0,16,0,171,16,0,0,562,0,30,1,531,30,0,0,398,0,8,0,390,8,0,0,2,12,1,0,1,8,0,0,3,1,1,1,1,3,6,1,1,1,1,1,4,0,0,0,Watch
2024-05-23,Thursday,4,21,5,Summer,0,0,0,0,0,1,0,0.0,35.3,26.0,49.8,Diarrheal,2,0,3,109,28,14,6,10,157,162.0,152.0,141.0,146.29,8.36,134.0,146.29,None,0,3,3,16,6,0,3,6,0,5,1,3,5,0,0,28,14,6,2,12,14,0,14,10,2,2,2,6,2,0,2,28,13,1,0,15,13,0,13,0,425,300,21,1,403,21,0,0,142,0,17,0,125,17,0,1,171,0,16,0,155,16,0,0,531,0,31,1,499,31,0,0,390,0,14,0,376,14,0,0,2,16,1,1,1,8,0,0,3,1,1,1,2,2,6,2,1,1,1,1,4,0,0,1,Watch
2024-05-24,Friday,5,21,5,Summer,0,0,0,0,0,0,0,0.0,34.4,24.7,46.8,Diarrheal,2,0,2,105,27,7,8,7,147,157.0,162.0,142.0,148.57,8.78,147.0,147.93,None,0,5,4,13,5,1,3,2,0,2,2,4,5,0,0,28,17,1,1,10,17,0,17,10,2,1,1,7,2,0,2,28,11,4,0,17,11,0,11,0,403,0,16,1,386,16,0,0,125,0,14,0,111,14,0,0,155,0,16,0,139,16,0,0,499,0,30,1,468,30,0,0,376,0,9,0,367,9,0,0,2,8,0,0,1,8,0,0,3,1,1,1,1,2,6,1,1,1,1,1,3,0,0,0,Watch
2024-05-25,Saturday,6,21,5,Summer,1,0,0,0,0,0,0,0.0,33.5,25.6,48.3,Diarrheal,2,0,3,95,25,9,12,10,141,147.0,157.0,144.0,149.29,8.41,140.0,147.93,None,0,2,5,16,2,0,4,4,0,1,1,3,7,0,0,28,19,4,4,5,19,0,19,10,3,1,2,5,3,0,3,28,10,3,0,18,10,0,10,0,386,0,21,1,364,21,0,0,111,0,17,0,94,17,0,0,139,0,14,0,125,14,0,0,468,0,28,1,439,28,0,0,367,0,8,0,359,8,0,0,2,8,0,0,1,8,1,0,2,1,1,1,1,2,6,1,1,1,1,1,3,0,0,0,Watch
2024-05-26,Sunday,7,21,5,Summer,1,0,0,0,1,0,0,0.0,35.5,30.9,42.5,Diarrheal,2,0,3,90,26,11,10,9,137,141.0,147.0,134.0,148.86,8.74,128.0,148.0,None,0,2,4,17,3,0,2,5,1,3,1,3,4,0,0,28,16,8,2,10,16,0,16,10,2,2,1,7,2,0,2,28,10,3,2,16,10,0,10,0,364,0,20,1,343,20,0,0,94,0,18,0,76,18,0,0,405,280,14,0,391,14,0,0,439,0,28,1,410,28,0,0,359,0,10,0,349,10,0,0,2,12,1,0,1,8,0,0,2,1,1,1,1,2,6,2,1,1,1,1,4,0,0,0,Watch
2024-05-27,Monday,1,22,5,Summer,0,0,0,0,0,0,0,0.0,34.1,26.7,44.5,Diarrheal,2,0,3,107,26,10,6,8,149,137.0,141.0,149.0,149.29,8.05,156.0,148.64,None,0,7,3,12,4,0,4,5,0,1,1,3,4,0,0,28,18,3,1,9,18,0,18,10,3,1,0,7,3,0,3,28,10,1,1,17,10,0,10,0,343,0,17,1,325,17,0,0,76,0,13,0,63,13,0,0,391,0,16,0,375,16,0,0,410,0,29,1,380,29,0,1,349,0,6,0,343,6,0,0,2,8,1,0,1,8,1,0,3,1,1,1,1,2,6,1,1,1,1,1,4,0,0,0,Watch
2024-05-28,Tuesday,2,22,5,Summer,0,0,0,0,0,1,0,0.0,33.7,23.3,48.0,Diarrheal,2,0,4,107,24,14,7,8,152,149.0,137.0,152.0,149.29,8.05,157.0,148.14,None,0,5,4,10,5,2,5,7,1,1,2,4,8,0,0,28,14,7,0,14,14,0,14,10,4,2,1,5,4,0,4,28,10,2,0,18,10,0,10,0,325,0,16,1,308,16,0,0,313,250,11,1,301,11,0,0,375,0,15,0,360,15,0,0,380,0,28,1,351,28,0,0,343,0,10,0,333,10,0,0,2,20,1,1,1,8,1,0,3,1,1,1,2,2,6,2,1,1,1,1,3,0,0,1,Watch
2024-05-29,Wednesday,3,22,5,Summer,0,0,0,1,0,0,1,0.0,34.0,26.8,48.6,Diarrheal,2,0,3,118,27,7,11,8,163,152.0,149.0,162.0,149.29,8.05,162.0,147.79,None,0,4,4,17,2,1,1,4,1,1,2,4,4,0,0,28,14,3,0,14,14,0,14,10,4,4,0,6,4,0,4,28,8,3,1,19,8,0,8,0,308,0,19,1,288,19,0,0,301,0,18,1,282,18,0,0,360,0,16,0,344,16,0,0,351,0,31,1,319,31,0,0,333,0,7,0,326,7,0,0,2,12,1,0,1,8,0,0,3,1,1,1,1,3,6,1,1,1,1,1,4,0,0,0,Watch
2024-05-30,Thursday,4,22,5,Summer,0,0,0,0,0,1,0,0.0,36.0,26.7,41.6,Diarrheal,2,0,4,102,29,13,7,9,151,163.0,152.0,157.0,149.43,8.28,141.0,147.86,None,0,3,7,16,3,0,3,8,1,1,1,3,6,0,0,28,12,7,0,16,12,0,12,10,0,4,0,10,0,0,0,28,11,1,1,16,11,0,11,0,288,0,20,1,267,20,0,0,282,0,17,1,264,17,0,0,344,0,16,0,328,16,0,0,319,0,31,1,287,31,0,0,326,0,14,0,312,14,0,0,2,20,1,1,1,8,0,0,3,1,1,1,2,2,5,2,1,1,1,1,2,0,0,1,Watch
2024-05-31,Friday,5,22,5,Summer,0,0,0,0,0,0,0,0.0,31.9,23.8,41.9,Diarrheal,2,0,2,102,28,9,8,7,147,151.0,163.0,147.0,148.57,7.74,142.0,148.57,None,0,4,3,17,4,0,5,4,0,0,1,3,8,0,0,28,15,0,0,13,15,0,15,10,2,0,0,8,2,0,2,28,8,5,3,17,8,0,8,0,267,0,18,0,249,18,0,0,264,0,18,0,246,18,0,0,328,0,16,0,312,16,0,0,287,0,31,1,255,31,0,0,312,0,8,0,304,8,0,0,2,8,0,0,1,8,1,0,3,1,1,1,1,2,6,1,1,1,1,1,2,0,0,0,Watch
2024-06-01,Saturday,6,22,6,Monsoon,1,0,0,0,0,0,0,9.9,32.7,27.4,79.6,Diarrheal,2,0,4,92,35,8,14,10,149,147.0,151.0,141.0,148.57,7.74,144.0,148.93,None,0,7,4,19,5,0,2,3,1,2,1,3,7,0,0,28,15,4,1,12,15,0,15,10,7,0,1,2,7,0,7,28,7,2,0,21,7,0,7,0,249,0,23,0,226,23,0,0,246,0,21,0,225,21,0,0,312,0,18,0,294,18,0,0,955,700,35,2,918,35,0,0,304,0,6,0,298,6,0,0,2,12,1,0,1,8,0,0,2,1,2,1,1,2,6,1,1,1,2,2,2,0,0,0,Watch
2024-06-02,Sunday,7,22,6,Monsoon,1,0,0,0,0,0,0,3.7,35.8,28.3,62.0,,0,0,0,81,26,8,9,9,124,149.0,147.0,137.0,149.71,7.11,134.0,149.29,None,0,11,8,5,2,1,3,2,1,2,2,4,5,0,0,28,17,3,2,9,17,0,17,10,6,4,2,2,6,0,6,28,8,0,1,19,8,0,8,0,226,0,16,0,210,16,0,0,225,0,7,0,218,7,0,0,294,0,15,0,279,15,0,0,918,0,27,2,889,27,0,0,298,0,7,0,291,7,0,0,2,12,1,0,1,8,0,0,2,1,1,1,1,2,6,1,1,1,1,1,4,0,0,0,Normal
2024-06-03,Monday,1,23,6,Monsoon,0,0,0,0,0,0,0,17.8,31.9,23.4,74.6,,0,0,0,98,31,8,7,8,144,124.0,149.0,149.0,147.86,10.88,149.0,148.57,None,0,13,5,9,4,2,6,1,0,1,2,4,4,0,0,28,14,7,2,12,14,0,14,10,4,2,0,6,4,0,4,28,10,2,2,16,10,0,10,0,210,0,17,0,193,17,0,1,218,0,11,0,207,11,0,0,279,0,18,0,261,18,0,0,889,0,33,2,854,33,0,0,291,0,12,0,279,12,0,0,2,8,0,0,1,20,1,1,3,1,1,2,1,2,6,1,1,1,1,1,4,0,0,1,Watch
2024-06-04,Tuesday,2,23,6,Monsoon,0,0,0,0,0,1,0,0.5,37.4,30.9,66.3,,0,0,0,101,24,14,8,11,147,144.0,124.0,152.0,147.14,10.95,152.0,148.21,None,0,11,6,6,1,0,4,8,0,2,1,3,7,0,0,28,15,3,0,13,15,0,15,10,6,1,2,2,6,0,6,28,13,1,2,13,13,0,13,0,193,0,19,0,174,19,0,0,207,0,8,0,199,8,0,0,261,0,16,0,245,16,0,0,854,0,27,2,825,27,0,0,279,0,11,0,268,11,0,0,2,16,1,1,1,8,1,0,3,1,1,1,2,2,6,2,1,1,1,1,2,0,0,1,Watch
2024-06-05,Wednesday,3,23,6,Monsoon,0,0,0,1,0,0,1,15.0,34.2,27.1,74.7,,0,0,0,108,29,8,14,11,159,147.0,144.0,163.0,146.43,10.77,162.0,147.86,None,0,14,3,7,5,0,5,2,0,1,1,3,6,0,0,28,17,3,2,9,17,0,17,10,3,6,2,5,3,0,3,28,15,1,1,12,15,0,15,0,174,0,20,0,154,20,0,0,199,0,9,0,190,9,0,0,245,0,18,0,227,18,0,0,825,0,32,2,791,32,0,0,268,0,8,0,260,8,0,0,2,8,0,0,1,8,1,0,3,1,2,1,1,2,6,1,1,1,2,2,4,0,0,0,Normal
2024-06-06,Thursday,4,23,6,Monsoon,0,0,0,0,1,1,0,0.0,34.6,27.0,71.4,,0,0,0,97,27,16,7,9,147,159.0,147.0,151.0,145.86,9.95,157.0,147.64,None,0,16,5,3,3,1,5,2,1,8,2,4,8,0,0,28,20,3,0,8,20,0,20,10,1,2,1,8,1,0,1,28,15,3,2,11,15,0,15,0,154,0,16,0,138,16,0,0,190,0,5,0,185,5,0,0,227,0,18,0,209,18,0,0,791,0,29,2,760,29,0,0,260,0,9,0,251,9,0,0,2,20,1,1,1,8,1,0,3,1,1,1,2,2,7,2,1,1,1,1,3,0,0,1,Watch
2024-06-07,Friday,5,23,6,Monsoon,0,0,0,0,0,0,0,20.7,34.6,28.0,73.8,,0,0,0,89,31,8,5,8,133,147.0,159.0,147.0,145.29,9.75,147.0,146.93,None,0,13,9,5,4,1,5,1,0,2,2,4,7,0,0,28,23,4,0,5,23,0,23,10,0,1,1,9,0,0,0,28,16,0,0,12,16,0,16,0,138,0,16,0,122,16,0,0,185,0,8,0,177,8,0,0,209,0,18,0,191,18,0,1,760,0,32,1,727,32,0,0,251,0,7,0,244,7,0,0,2,8,0,0,1,8,1,0,2,1,1,1,1,2,7,1,1,1,1,1,2,0,0,0,Normal
2024-06-08,Saturday,6,23,6,Monsoon,1,0,0,0,0,0,0,28.5,34.4,25.9,80.2,,0,0,0,84,31,6,11,9,132,133.0,147.0,149.0,143.29,10.59,141.0,145.93,None,0,13,6,6,6,1,3,2,0,1,2,4,4,0,0,28,25,3,1,2,25,0,25,10,1,0,1,8,1,0,1,28,15,4,0,13,15,0,15,0,422,300,17,1,404,17,0,0,177,0,8,0,169,8,0,0,191,0,18,0,173,18,0,0,727,0,32,1,694,32,0,0,244,0,10,0,234,10,0,0,2,8,0,0,1,8,0,0,2,1,1,1,1,2,7,1,1,1,1,1,2,0,0,0,Normal
2024-06-09,Sunday,7,23,6,Monsoon,1,0,0,0,0,0,0,30.5,34.9,28.2,71.4,,0,0,0,76,35,8,11,9,130,132.0,133.0,124.0,140.86,10.95,137.0,145.29,None,0,12,14,7,2,0,3,4,1,0,2,4,5,0,0,28,26,2,0,2,26,0,26,10,2,1,0,8,2,0,2,28,19,0,0,9,19,0,19,0,404,0,18,1,385,18,0,0,169,0,10,0,159,10,0,0,173,0,18,0,155,18,0,0,694,0,34,1,659,34,0,0,234,0,15,0,219,15,0,1,2,12,1,0,1,8,0,0,2,1,1,1,1,2,7,1,1,1,1,1,2,0,0,0,Normal
2024-06-10,Monday,1,24,6,Monsoon,0,0,0,0,0,0,0,17.0,38.0,28.8,73.0,,0,0,0,98,24,7,7,8,136,130.0,132.0,144.0,141.71,9.76,149.0,144.79,None,0,8,9,5,2,0,4,2,0,1,2,4,7,0,0,28,23,8,1,4,23,0,23,10,2,0,0,8,2,0,2,28,22,0,0,6,22,0,22,0,385,0,15,1,369,15,0,0,159,0,7,0,152,7,0,0,155,0,15,0,140,15,0,0,659,0,27,1,631,27,0,0,219,0,10,0,209,10,0,0,2,8,0,0,1,8,1,0,3,1,1,1,1,2,7,1,1,1,1,1,2,0,0,0,Normal
2024-06-11,Tuesday,2,24,6,Monsoon,0,0,0,0,0,1,0,6.6,31.5,22.7,77.8,,0,0,0,96,31,14,7,10,148,136.0,130.0,147.0,140.57,9.9,152.0,143.86,None,0,11,9,9,2,1,4,8,1,1,2,4,7,0,0,28,17,9,2,9,17,0,17,10,5,2,0,5,5,0,5,28,23,1,0,5,23,0,23,0,369,0,19,1,349,19,0,0,152,0,11,0,141,11,0,0,140,0,18,0,122,18,0,0,631,0,32,1,598,32,0,0,209,0,9,0,200,9,0,0,2,20,1,1,1,8,1,0,2,1,1,1,2,2,7,2,1,1,1,1,2,0,0,1,Watch
2024-06-12,Wednesday,3,24,6,Monsoon,0,0,0,1,0,0,1,5.8,34.1,26.8,74.8,,0,0,0,107,30,8,11,8,156,148.0,136.0,159.0,140.71,10.0,163.0,143.57,None,0,9,9,9,3,2,2,2,1,3,3,5,7,0,0,28,16,4,1,11,16,0,16,10,2,3,1,7,2,0,2,28,21,7,0,7,21,0,21,0,349,0,17,1,331,17,0,0,141,0,11,0,130,11,0,0,122,0,18,0,104,18,0,0,598,0,33,1,564,33,0,0,200,0,16,0,184,16,0,0,2,12,1,0,1,8,0,0,3,1,1,1,1,2,7,1,1,1,1,1,2,0,0,0,Normal
2024-06-13,Thursday,4,24,6,Monsoon,0,0,0,0,0,1,0,52.6,33.1,26.6,88.5,,0,0,0,88,37,14,7,11,146,156.0,148.0,147.0,140.29,9.24,151.0,143.07,Flood_Disruption,2,12,5,13,7,0,7,5,0,2,1,3,5,0,0,28,17,4,0,11,17,0,17,10,3,0,1,6,3,0,3,28,25,1,1,2,25,0,25,0,331,0,23,1,307,23,0,0,130,0,15,0,115,15,0,1,384,280,20,0,364,20,0,0,564,0,37,1,526,37,0,0,184,0,12,0,172,12,0,0,2,16,1,1,1,20,1,1,2,1,2,2,2,2,7,2,1,1,1,1,2,0,0,2,Watch
2024-06-14,Friday,5,24,6,Monsoon,0,0,0,0,0,0,0,36.8,35.3,25.7,79.7,,0,0,0,88,33,7,10,9,138,146.0,156.0,133.0,140.14,9.14,147.0,142.71,None,0,12,5,9,7,0,4,2,0,1,1,3,5,0,0,28,17,4,2,9,17,0,17,10,5,1,0,5,5,0,5,28,25,2,0,3,25,0,25,0,307,0,18,1,288,18,0,0,115,0,11,0,104,11,0,0,364,0,18,0,346,18,0,0,526,0,33,1,492,33,0,0,172,0,6,0,166,6,0,0,2,8,0,0,1,8,1,0,2,1,1,1,1,2,7,1,1,1,1,1,4,0,0,0,Normal
2024-06-15,Saturday,6,24,6,Monsoon,1,0,0,0,0,0,0,5.5,38.0,32.6,74.5,,0,0,0,80,26,7,9,9,122,138.0,146.0,132.0,140.86,8.74,149.0,142.07,None,0,11,3,8,4,1,5,1,0,1,1,3,5,0,0,28,14,8,0,14,14,0,14,10,7,1,0,3,7,0,7,28,22,4,0,6,22,0,22,0,288,0,17,1,270,17,0,0,104,0,10,0,94,10,0,0,346,0,15,0,331,15,0,0,492,0,27,1,464,27,0,0,166,0,4,0,162,4,0,0,2,8,0,0,1,8,1,0,2,1,1,1,1,2,7,1,1,1,1,1,3,0,0,0,Normal
2024-06-16,Sunday,7,24,6,Monsoon,1,0,0,0,0,0,0,14.9,33.4,25.2,72.1,,0,0,0,80,31,9,9,9,129,122.0,138.0,130.0,139.43,10.68,124.0,140.14,None,0,15,7,6,3,2,4,3,1,1,3,5,7,0,0,28,16,2,1,11,16,0,16,10,5,3,2,3,5,0,5,28,16,10,1,11,16,0,16,0,270,0,17,1,252,17,0,0,94,0,8,0,86,8,0,0,331,0,18,0,313,18,0,0,464,0,31,1,432,31,0,0,562,400,13,1,548,13,0,0,2,12,1,0,1,8,1,0,2,1,1,1,1,2,7,1,1,1,1,1,2,0,0,0,Normal
2024-06-17,Monday,1,25,6,Monsoon,0,0,0,0,0,0,0,18.5,34.8,27.6,75.8,,0,0,0,97,34,6,8,8,145,129.0,122.0,136.0,139.29,10.81,144.0,140.5,None,0,13,7,7,7,1,4,1,0,1,2,4,4,0,0,28,19,3,0,9,19,0,19,10,4,2,1,5,4,0,4,28,12,5,1,15,12,0,12,0,252,0,17,0,235,17,0,0,86,0,10,0,76,10,0,0,313,0,19,0,294,19,0,0,432,0,35,1,396,35,0,1,548,0,6,1,541,6,0,0,2,8,0,0,1,8,1,0,3,1,1,1,1,2,6,1,1,1,1,1,3,0,0,0,Normal
2024-06-18,Tuesday,2,25,6,Monsoon,0,0,0,0,0,1,0,34.7,35.1,27.9,76.3,,0,0,0,97,28,14,9,11,148,145.0,129.0,148.0,140.57,10.87,147.0,140.57,None,0,14,8,5,1,0,4,9,1,0,1,3,8,0,0,28,22,3,0,6,22,0,22,10,2,2,2,6,2,0,2,28,14,3,2,12,14,0,14,0,235,0,19,0,216,19,0,0,326,250,7,1,318,7,0,0,294,0,17,0,277,17,0,0,396,0,30,1,365,30,0,0,541,0,14,1,526,14,0,0,2,20,1,1,1,8,1,0,3,1,1,1,2,2,7,2,1,1,1,1,4,0,0,1,Watch
2024-06-19,Wednesday,3,25,6,Monsoon,0,0,0,1,0,0,1,8.9,36.9,29.3,68.9,,0,0,0,104,25,7,13,10,149,148.0,145.0,156.0,140.57,10.87,159.0,140.64,None,0,9,5,8,3,1,2,2,1,2,2,4,5,0,0,28,25,4,2,1,25,0,25,10,3,2,2,5,3,0,3,28,11,3,1,16,11,0,11,0,216,0,18,0,198,18,0,1,318,0,10,1,307,10,0,0,277,0,16,0,261,16,0,0,365,0,28,1,336,28,0,0,526,0,3,1,522,3,0,0,2,12,1,0,1,8,0,0,3,1,2,1,1,2,7,1,1,1,1,1,2,0,0,0,Normal
2024-06-20,Thursday,4,25,6,Monsoon,0,0,0,0,0,1,0,41.9,31.4,25.0,85.5,,0,0,0,88,37,12,8,7,145,149.0,148.0,146.0,139.57,9.66,147.0,139.93,Flood_Disruption,2,13,11,10,3,1,6,6,0,0,3,5,6,0,0,28,23,6,2,3,23,0,23,10,3,3,2,5,3,0,3,28,11,0,2,15,11,0,11,0,198,0,17,0,181,17,0,0,307,0,13,1,293,13,0,0,261,0,20,0,241,20,0,0,336,0,37,1,298,37,0,0,522,0,6,1,515,6,0,0,2,8,1,0,1,20,1,1,2,1,2,2,1,2,7,2,1,1,1,1,2,0,0,1,Watch
2024-06-21,Friday,5,25,6,Monsoon,0,0,0,0,0,0,0,16.7,33.6,24.7,80.9,,0,0,0,94,27,7,8,7,136,145.0,149.0,138.0,139.43,9.57,133.0,139.79,None,0,14,3,10,0,0,2,1,1,3,1,3,5,0,0,28,21,5,0,7,21,0,21,10,3,1,0,7,3,0,3,28,11,3,1,16,11,0,11,0,181,0,15,0,166,15,0,0,293,0,12,1,280,12,0,0,241,0,17,0,224,17,0,0,298,0,29,1,268,29,0,0,515,0,8,1,506,8,0,0,2,12,1,0,1,8,0,0,2,1,1,1,1,2,6,1,1,1,1,1,3,0,0,0,Normal
2024-06-22,Saturday,6,25,6,Monsoon,1,0,0,0,0,0,0,11.9,35.3,27.9,69.6,,0,0,0,86,27,6,12,8,131,136.0,145.0,122.0,139.14,9.64,132.0,140.0,None,0,13,7,5,2,0,3,1,2,0,1,3,6,0,0,28,15,11,2,11,15,0,15,10,4,1,1,5,4,0,4,28,10,2,0,18,10,0,10,0,166,0,15,0,151,15,0,0,280,0,7,1,272,7,0,0,224,0,16,0,208,16,0,0,968,700,28,2,938,28,0,0,506,0,6,0,500,6,0,0,2,20,1,1,1,8,0,0,2,1,1,1,2,2,6,1,1,1,1,1,2,0,0,1,Watch
2024-06-23,Sunday,7,25,6,Monsoon,1,0,0,0,1,0,0,31.1,31.6,26.6,77.6,,0,0,0,83,30,11,14,11,138,131.0,136.0,129.0,140.43,7.67,130.0,139.93,Snakebite_Cluster,1,12,6,9,3,0,3,5,0,3,1,3,7,0,0,28,16,4,0,12,16,0,16,10,3,2,1,6,3,0,3,28,14,1,0,14,14,0,14,0,151,0,20,0,131,20,0,0,272,0,11,1,260,11,0,0,208,0,17,0,191,17,0,1,938,0,31,2,905,31,0,0,500,0,13,0,487,13,0,0,2,8,1,0,1,8,0,0,2,1,3,1,1,2,6,2,1,1,2,2,3,0,0,0,Normal
2024-06-24,Monday,1,26,6,Monsoon,0,0,0,0,0,0,0,13.7,36.0,27.6,74.7,,0,0,0,97,24,8,7,7,136,138.0,131.0,145.0,141.71,6.27,136.0,140.5,None,0,9,5,6,4,0,6,2,0,0,1,3,4,0,0,28,18,3,2,8,18,0,18,10,3,1,2,5,3,0,3,28,11,4,1,16,11,0,11,0,431,300,14,1,416,14,0,0,260,0,8,1,251,8,0,0,191,0,15,0,176,15,0,0,905,0,27,2,876,27,0,0,487,0,4,0,483,4,0,0,2,8,0,0,1,20,1,1,3,1,1,2,1,2,6,1,1,1,1,1,3,0,0,1,Watch
2024-06-25,Tuesday,2,26,6,Monsoon,0,0,0,0,0,1,0,11.9,35.4,28.6,76.6,,0,0,0,98,26,12,7,9,143,136.0,138.0,148.0,140.43,6.39,148.0,140.5,None,0,8,8,5,5,1,3,8,1,0,2,4,6,0,0,28,15,7,1,12,15,0,15,10,3,2,2,5,3,0,3,28,10,4,1,17,10,0,10,0,416,0,16,1,399,16,0,0,251,0,7,0,244,7,0,0,176,0,16,0,160,16,0,0,876,0,29,2,845,29,0,0,483,0,11,0,472,11,0,0,2,12,1,0,1,8,0,0,3,1,1,1,1,2,6,2,1,1,1,1,2,0,0,0,Normal
2024-06-26,Wednesday,3,26,6,Monsoon,0,0,0,1,0,0,1,9.4,34.5,26.2,74.9,,0,0,0,104,29,6,12,9,151,143.0,136.0,149.0,139.71,5.75,156.0,140.14,None,0,9,5,10,5,0,5,1,0,0,1,3,4,0,0,28,18,3,2,8,18,0,18,10,3,1,2,5,3,0,3,28,11,1,2,15,11,0,11,0,399,0,18,1,380,18,0,0,244,0,12,0,232,12,0,0,160,0,17,0,143,17,0,0,845,0,32,2,811,32,0,0,472,0,6,0,466,6,0,0,2,8,0,0,1,8,1,0,3,1,1,1,1,2,6,1,1,1,1,1,2,0,0,0,Normal
2024-06-27,Thursday,4,26,6,Monsoon,0,0,0,0,0,1,0,21.7,31.8,24.2,77.6,,0,0,0,98,30,12,7,9,147,151.0,143.0,145.0,140.0,6.23,146.0,139.79,None,0,14,7,5,4,0,4,6,0,2,1,3,4,0,0,28,19,3,0,9,19,0,19,10,2,1,2,6,2,0,2,28,12,4,2,14,12,0,12,0,380,0,17,1,362,17,0,0,232,0,8,0,224,8,0,0,143,0,18,0,125,18,0,0,811,0,32,2,777,32,0,0,466,0,14,0,452,14,0,0,2,8,1,0,1,8,1,0,3,1,1,1,1,2,6,2,1,1,1,1,4,0,0,0,Normal
2024-06-28,Friday,5,26,6,Monsoon,0,0,0,0,1,0,0,40.2,35.6,29.5,82.3,,0,0,0,84,31,10,9,9,134,147.0,151.0,136.0,140.29,6.5,138.0,139.86,Flood_Disruption,2,11,7,8,5,1,5,0,3,2,2,4,7,0,0,28,17,3,0,11,17,0,17,10,5,1,0,5,5,0,5,28,12,4,0,16,12,0,12,0,362,0,18,1,343,18,0,0,224,0,10,0,214,10,0,0,125,0,17,0,108,17,0,0,777,0,32,1,744,32,0,0,452,0,12,0,440,12,0,0,2,20,1,1,1,8,1,0,2,1,2,1,2,2,6,1,1,1,1,1,3,0,0,1,Watch
2024-06-29,Saturday,6,26,6,Monsoon,1,0,0,0,0,0,0,34.4,33.8,23.5,90.7,,0,0,0,77,33,6,10,9,126,134.0,147.0,131.0,140.0,6.72,122.0,139.57,None,0,11,10,9,3,2,4,2,0,0,3,5,6,0,0,28,19,2,2,7,19,0,19,10,5,3,0,5,5,0,5,28,10,4,1,17,10,0,10,0,343,0,18,1,324,18,0,0,214,0,11,0,203,11,0,0,388,280,18,0,370,18,0,0,744,0,33,1,710,33,0,0,440,0,11,0,429,11,0,0,2,8,0,0,1,8,1,0,2,1,1,1,1,2,6,1,1,1,1,1,3,0,0,0,Normal
2024-06-30,Sunday,7,26,6,Monsoon,1,0,0,0,0,0,0,20.4,33.8,25.9,71.0,,0,0,0,75,27,8,11,7,121,126.0,134.0,138.0,139.29,7.81,129.0,139.86,None,0,9,7,7,4,0,4,0,2,2,1,3,7,0,0,28,20,2,0,8,20,0,20,10,3,4,1,6,3,0,3,28,10,2,0,18,10,0,10,0,324,0,15,1,308,15,0,0,203,0,9,0,194,9,0,0,370,0,15,0,355,15,0,0,710,0,28,1,681,28,0,0,429,0,8,0,421,8,0,0,2,20,1,1,1,8,1,0,2,1,1,1,2,2,6,1,1,1,1,1,2,0,0,1,Watch
2024-07-01,Monday,1,27,7,Monsoon,0,0,0,0,0,0,0,45.6,32.5,22.5,80.7,,0,0,0,98,34,6,6,7,144,121.0,126.0,136.0,136.86,10.13,145.0,139.29,Flood_Disruption,2,14,8,5,7,1,3,3,0,0,2,4,5,0,0,28,22,3,2,4,22,0,22,10,3,2,2,5,3,0,3,28,6,4,2,20,6,0,6,0,308,0,15,1,292,15,0,0,194,0,8,0,186,8,0,0,355,0,20,0,335,20,0,0,681,0,35,1,645,35,0,0,421,0,5,0,416,5,0,0,2,8,0,0,1,8,0,0,3,1,2,1,1,2,6,1,1,1,1,1,4,0,0,0,Watch
2024-07-02,Tuesday,2,27,7,Monsoon,0,0,0,0,0,1,0,32.8,31.9,22.3,84.4,,0,0,0,102,35,12,7,9,156,144.0,121.0,143.0,138.0,10.42,148.0,139.21,None,0,17,10,5,3,2,2,6,1,3,3,5,5,0,0,28,22,5,0,6,22,0,22,10,5,0,0,5,5,0,5,28,7,1,1,20,7,0,7,0,292,0,18,1,273,18,0,0,186,0,8,0,178,8,0,0,335,0,21,0,314,21,0,0,645,0,36,1,608,36,0,0,416,0,11,0,405,11,0,0,2,12,1,0,1,8,0,0,3,1,1,1,1,2,6,2,2,1,1,1,3,0,0,0,Normal
2024-07-03,Wednesday,3,27,7,Monsoon,0,0,0,1,0,0,1,12.5,36.2,27.4,75.8,,0,0,0,102,28,5,10,8,145,156.0,144.0,151.0,139.86,12.16,149.0,139.79,None,0,12,7,6,3,0,3,1,0,1,1,3,6,0,0,28,20,7,1,7,20,0,20,10,4,2,0,6,4,0,4,28,9,0,0,19,9,0,9,0,273,0,16,1,256,16,0,0,178,0,8,0,170,8,0,0,314,0,17,0,297,17,0,0,608,0,31,1,576,31,0,0,405,0,8,0,397,8,0,0,2,8,0,0,1,8,0,0,3,1,1,1,1,2,6,1,1,1,1,1,4,0,0,0,Normal
2024-07-04,Thursday,4,27,7,Monsoon,0,0,0,0,0,1,0,47.3,34.6,26.0,84.3,,0,0,0,89,37,12,7,10,145,145.0,156.0,147.0,139.0,11.54,145.0,139.5,Flood_Disruption,2,13,10,12,2,3,3,7,1,1,4,6,4,2,1,28,16,6,1,11,16,0,16,10,2,4,0,8,2,0,2,28,14,1,2,12,14,0,14,0,256,0,21,0,235,21,0,0,170,0,14,0,156,14,0,0,297,0,20,0,277,20,0,0,576,0,37,1,538,37,0,0,397,0,19,0,378,19,0,0,2,12,1,0,1,8,0,0,2,1,2,1,1,2,6,2,1,1,1,1,2,0,0,1,Watch
2024-07-05,Friday,5,27,7,Monsoon,0,0,0,0,0,0,0,42.6,36.0,27.9,82.9,,0,0,0,91,32,6,4,7,133,145.0,145.0,134.0,138.71,11.36,136.0,139.5,Flood_Disruption,2,6,13,11,2,3,2,4,0,0,4,6,8,0,0,28,18,4,1,9,18,0,18,10,3,0,2,5,3,0,3,28,12,2,0,16,12,0,12,0,235,0,16,0,219,16,0,0,156,0,13,0,143,13,0,0,277,0,17,0,260,17,0,0,538,0,33,1,504,33,0,0,378,0,9,0,369,9,0,0,2,8,0,0,1,8,0,0,2,1,2,1,1,2,6,1,1,1,1,1,4,0,0,0,Watch
2024-07-06,Saturday,6,27,7,Monsoon,1,0,0,0,0,0,0,32.2,35.9,26.8,82.4,,0,0,0,82,31,6,11,8,130,133.0,145.0,126.0,138.57,11.42,131.0,139.29,None,0,12,8,8,3,0,5,0,0,1,2,4,5,0,0,28,20,1,2,6,20,0,20,10,4,2,4,2,4,0,4,28,11,3,2,15,11,0,11,0,219,0,17,0,202,17,0,0,143,0,10,0,133,10,0,0,260,0,17,0,243,17,0,0,504,0,31,1,472,31,0,0,369,0,8,0,361,8,0,0,2,8,0,0,1,8,1,0,2,1,1,1,1,2,6,1,1,1,1,1,2,0,0,0,Normal
2024-07-07,Sunday,7,27,7,Monsoon,1,0,0,0,0,0,0,23.5,31.1,24.5,80.4,,0,0,0,75,28,7,13,9,123,130.0,133.0,121.0,139.14,10.87,138.0,139.21,Snakebite_Cluster,1,14,4,4,6,0,4,2,1,0,1,3,7,0,0,28,19,7,0,9,19,0,19,10,2,2,1,7,2,0,2,28,12,2,2,14,12,0,12,0,202,0,16,0,186,16,0,1,133,0,6,0,127,6,0,1,243,0,16,0,227,16,0,0,472,0,28,1,443,28,0,0,361,0,8,0,353,8,0,0,2,12,1,0,1,8,1,0,2,1,3,1,1,2,6,1,1,1,1,1,4,0,0,0,Normal
2024-07-08,Monday,1,28,7,Monsoon,0,0,0,0,0,0,0,21.4,34.8,25.5,81.8,,0,0,0,99,26,8,7,9,140,123.0,130.0,144.0,139.43,10.4,136.0,138.14,None,0,12,4,8,2,0,5,2,0,1,1,3,4,0,0,28,21,3,1,6,21,0,21,10,3,2,0,7,3,0,3,28,12,1,1,15,12,0,12,0,186,0,17,0,169,17,0,0,127,0,10,0,117,10,0,0,227,0,16,0,211,16,0,0,443,0,29,1,413,29,0,0,353,0,4,0,349,4,0,0,2,8,0,0,1,8,1,0,3,1,1,1,1,2,7,1,1,1,1,1,2,0,0,0,Normal
2024-07-09,Tuesday,2,28,7,Monsoon,0,0,0,0,0,1,0,77.1,33.5,27.7,93.2,,0,0,0,98,42,10,7,8,157,140.0,123.0,156.0,138.86,10.25,143.0,138.43,Flood_Disruption,4,15,10,12,5,0,3,4,1,2,2,4,7,0,0,28,13,10,1,14,13,0,13,10,4,1,0,6,4,0,4,28,13,3,1,14,13,0,13,0,169,0,20,0,149,20,0,0,117,0,15,0,102,15,0,0,211,0,23,0,188,23,0,1,413,0,41,1,371,41,0,1,349,0,13,0,336,13,0,0,2,12,1,0,1,8,0,0,3,2,2,1,1,2,6,1,2,1,1,1,4,0,0,0,High
2024-07-10,Wednesday,3,28,7,Monsoon,0,0,0,1,0,0,1,19.4,32.4,22.3,76.0,,0,0,0,98,29,9,16,11,152,157.0,140.0,145.0,139.0,10.49,151.0,139.43,None,0,19,3,3,4,0,4,1,1,3,1,3,5,0,0,28,15,3,1,12,15,0,15,10,3,4,0,7,3,0,3,28,11,5,0,17,11,0,11,0,149,0,18,0,131,18,0,0,102,0,6,0,96,6,0,0,188,0,19,0,169,19,0,0,371,0,31,1,339,31,0,0,336,0,8,0,328,8,0,0,2,12,1,0,1,8,1,0,3,1,2,1,1,2,6,1,1,1,2,2,4,0,0,0,Normal
2024-07-11,Thursday,4,28,7,Monsoon,0,0,0,0,0,1,0,19.6,35.8,26.3,82.3,,0,0,0,93,30,12,7,9,142,152.0,157.0,145.0,140.0,11.31,147.0,139.5,None,0,9,13,6,2,3,6,4,1,1,4,6,5,1,1,28,19,2,0,9,19,0,19,10,2,2,1,7,2,0,2,28,11,2,1,16,11,0,11,0,131,0,17,0,114,17,0,0,96,0,8,0,88,8,0,0,169,0,17,0,152,17,0,0,339,0,31,1,307,31,0,0,328,0,13,0,315,13,0,0,2,12,1,0,1,20,1,1,2,1,1,2,1,2,6,2,1,1,1,1,3,0,0,2,Watch
2024-07-12,Friday,5,28,7,Monsoon,0,0,0,0,0,0,0,27.2,34.1,24.7,75.9,,0,0,0,90,28,7,8,9,133,142.0,152.0,133.0,139.57,11.17,134.0,139.14,None,0,10,8,8,2,2,1,3,1,2,3,5,6,0,0,28,19,5,0,9,19,0,19,10,3,0,1,6,3,0,3,28,9,5,0,19,9,0,9,0,414,300,17,1,396,17,0,0,338,250,10,1,327,10,0,0,152,0,16,0,136,16,0,0,307,0,30,1,276,30,0,0,315,0,12,0,303,12,0,0,2,12,1,0,1,8,0,0,2,1,1,1,1,2,6,1,1,1,1,1,3,0,0,0,Normal
2024-07-13,Saturday,6,28,7,Monsoon,1,0,0,0,0,0,0,38.5,32.4,25.4,83.7,,0,0,0,81,30,7,10,9,128,133.0,142.0,130.0,139.57,11.17,126.0,139.07,None,0,14,5,7,4,0,2,2,1,2,1,3,4,0,0,28,16,8,1,11,16,0,16,10,2,3,0,8,2,0,2,28,11,0,1,16,11,0,11,0,396,0,17,1,378,17,0,0,327,0,9,1,317,9,0,0,136,0,17,0,119,17,0,0,276,0,30,0,246,30,0,0,303,0,6,0,297,6,0,0,2,12,1,0,1,8,0,0,2,1,1,1,1,2,6,1,1,1,1,1,2,0,0,0,Normal
2024-07-14,Sunday,7,28,7,Monsoon,1,0,0,0,0,0,0,18.9,31.2,22.8,81.3,,0,0,0,76,32,6,10,9,124,128.0,133.0,123.0,139.29,11.44,121.0,139.21,None,0,13,8,9,2,1,2,1,1,2,2,4,4,0,0,28,15,4,0,13,15,0,15,10,2,1,2,6,2,0,2,28,12,4,1,15,12,0,12,0,378,0,18,1,359,18,0,0,317,0,11,1,305,11,0,0,119,0,18,0,101,18,0,0,946,700,32,2,912,32,0,0,297,0,15,0,282,15,0,0,2,12,1,0,1,8,0,0,2,1,1,1,1,2,6,1,1,1,1,1,2,0,0,0,Normal
2024-07-15,Monday,1,29,7,Monsoon,0,0,0,0,0,0,0,41.2,33.0,25.5,83.2,,0,0,0,93,38,6,8,9,145,124.0,128.0,140.0,139.43,11.24,144.0,139.43,Flood_Disruption,2,12,8,12,6,0,3,1,0,2,1,3,7,0,0,28,13,10,0,15,13,0,13,10,2,0,1,7,2,0,2,28,13,0,2,13,13,0,13,0,359,0,20,1,338,20,0,0,305,0,15,1,289,15,0,0,381,280,20,0,361,20,0,0,912,0,38,2,872,38,0,0,282,0,6,0,276,6,0,0,2,8,0,0,1,8,0,0,2,2,2,1,1,2,6,1,1,1,1,1,2,0,0,0,Watch
2024-07-16,Tuesday,2,29,7,Monsoon,0,0,0,0,0,1,0,20.4,33.1,25.7,73.7,,0,0,0,100,26,12,7,8,145,145.0,124.0,157.0,140.14,11.41,156.0,139.5,None,0,8,10,5,3,1,4,7,0,1,2,4,5,0,0,28,14,1,0,14,14,0,14,10,2,2,0,8,2,0,2,28,15,2,2,11,15,0,15,0,338,0,15,1,322,15,0,0,289,0,7,1,281,7,0,0,361,0,16,0,345,16,0,0,872,0,29,2,841,29,0,0,276,0,14,0,262,14,0,0,2,8,1,0,1,8,1,0,3,1,1,1,1,2,6,2,1,1,1,1,2,0,0,0,Normal
2024-07-17,Wednesday,3,29,7,Monsoon,0,0,0,1,0,0,1,17.1,35.8,27.9,72.4,,0,0,0,102,31,7,12,10,152,145.0,145.0,152.0,138.43,9.48,145.0,138.71,None,0,13,7,8,3,0,4,3,0,0,1,3,6,0,0,28,14,7,2,12,14,0,14,10,5,0,1,4,5,0,5,28,11,4,2,15,11,0,11,0,322,0,19,1,302,19,0,0,281,0,10,1,270,10,0,0,345,0,19,0,326,19,0,0,841,0,33,2,806,33,0,0,262,0,4,0,258,4,0,0,2,8,0,0,1,8,1,0,3,1,1,1,1,2,6,1,1,1,1,1,3,0,0,0,Normal
2024-07-18,Thursday,4,29,7,Monsoon,0,0,0,0,0,1,0,35.9,30.6,20.9,90.3,,0,0,0,89,34,12,6,8,141,152.0,145.0,142.0,138.43,9.48,145.0,139.21,None,0,13,7,10,4,2,8,3,0,1,3,5,7,0,0,28,16,5,0,12,16,0,16,10,4,1,2,4,4,0,4,28,12,0,2,14,12,0,12,0,302,0,18,1,283,18,0,0,270,0,12,1,257,12,0,0,326,0,19,0,307,19,0,0,806,0,34,2,770,34,0,0,258,0,7,0,251,7,0,0,2,8,1,0,1,20,1,1,2,1,1,2,1,2,6,2,1,1,1,1,2,0,0,1,Watch
2024-07-19,Friday,5,29,7,Monsoon,0,0,0,0,0,0,0,13.9,33.6,24.8,80.4,,0,0,0,91,28,8,7,8,134,141.0,152.0,133.0,138.29,9.44,133.0,138.93,None,0,11,7,3,7,2,6,1,0,1,3,5,7,0,0,28,15,4,0,13,15,0,15,10,2,4,2,6,2,0,2,28,15,0,0,13,15,0,15,0,283,0,15,1,267,15,0,0,257,0,6,1,250,6,0,0,307,0,17,0,290,17,0,0,770,0,30,1,739,30,0,0,251,0,11,0,240,11,0,0,2,8,0,0,1,20,1,1,2,1,1,2,1,2,6,1,1,1,1,1,4,0,0,1,Watch
2024-07-20,Saturday,6,29,7,Monsoon,1,0,0,0,0,0,0,11.7,36.5,27.5,70.7,,0,0,0,82,31,7,11,7,131,134.0,141.0,128.0,138.43,9.36,130.0,139.0,None,0,10,9,9,3,0,4,1,0,2,2,4,7,0,0,28,17,3,0,11,17,0,17,10,1,2,1,8,1,0,1,28,11,5,2,15,11,0,11,0,267,0,16,1,250,16,0,0,250,0,11,0,239,11,0,0,290,0,17,0,273,17,0,0,739,0,31,1,707,31,0,0,240,0,6,0,234,6,0,0,2,8,0,0,1,8,1,0,2,1,1,1,1,2,6,1,1,1,1,1,4,0,0,0,Normal
2024-07-21,Sunday,7,29,7,Monsoon,1,0,0,0,0,0,0,8.9,35.1,27.1,68.0,,0,0,0,77,22,6,10,7,115,131.0,134.0,124.0,138.86,8.94,123.0,139.07,None,0,8,7,6,1,1,1,0,0,5,2,4,8,0,0,28,14,6,1,13,14,0,14,10,3,0,1,6,3,0,3,28,13,0,0,15,13,0,13,0,250,0,14,0,236,14,0,0,239,0,8,0,231,8,0,0,273,0,13,0,260,13,0,0,707,0,24,1,682,24,0,0,234,0,8,0,226,8,0,1,2,8,0,0,1,8,0,0,2,1,1,1,1,2,6,1,1,1,1,1,3,0,0,0,Normal
2024-07-22,Monday,1,30,7,Monsoon,0,0,0,0,0,0,0,12.2,31.4,23.9,77.0,,0,0,0,103,28,7,8,8,146,115.0,131.0,145.0,137.57,11.31,140.0,138.5,None,0,11,7,9,1,1,4,1,1,1,2,4,7,0,0,28,13,6,0,15,13,0,13,10,5,0,0,5,5,0,5,28,10,4,2,16,10,0,10,0,236,0,16,0,220,16,0,0,231,0,11,0,220,11,0,0,260,0,17,0,243,17,0,0,682,0,31,1,650,31,0,0,226,0,6,0,220,6,0,0,2,12,1,0,1,8,1,0,3,1,1,1,1,2,6,1,1,1,1,1,3,0,0,0,Normal
2024-07-23,Tuesday,2,30,7,Monsoon,0,0,0,0,0,1,0,11.2,33.1,25.1,74.3,,0,0,0,98,25,13,3,9,139,146.0,115.0,145.0,137.71,11.41,157.0,138.93,None,0,13,5,3,4,1,6,2,0,5,2,4,5,0,0,28,15,3,0,13,15,0,15,10,3,4,2,5,3,0,3,28,9,3,2,17,9,0,9,0,220,0,15,0,205,15,0,0,220,0,5,0,215,5,0,0,243,0,16,0,227,16,0,0,650,0,28,1,621,28,0,0,220,0,7,0,213,7,0,0,2,16,1,1,1,20,1,1,3,1,1,2,2,2,6,2,1,1,1,1,2,0,0,2,Watch
2024-07-24,Wednesday,3,30,7,Monsoon,0,0,0,1,0,0,1,25.6,30.7,22.1,80.1,,0,0,0,101,29,4,13,8,147,139.0,146.0,152.0,136.86,11.05,152.0,137.64,None,0,11,11,5,2,1,2,1,0,1,3,5,5,0,0,28,15,2,0,13,15,0,15,10,6,1,2,2,6,0,6,28,11,0,0,17,11,0,11,0,205,0,15,0,190,15,0,1,215,0,7,0,208,7,0,0,227,0,17,0,210,17,0,0,621,0,31,1,589,31,0,0,213,0,10,0,203,10,0,0,2,8,0,0,1,8,0,0,3,1,2,1,1,2,6,1,1,1,1,1,2,0,0,0,Normal
2024-07-25,Thursday,4,30,7,Monsoon,0,0,0,0,0,1,0,56.1,34.0,26.3,91.2,,0,0,0,84,37,11,8,9,140,147.0,139.0,141.0,136.14,10.18,142.0,137.29,Flood_Disruption,3,14,11,8,4,0,6,4,0,1,2,4,8,0,0,28,12,6,0,16,12,0,12,10,2,5,0,8,2,0,2,28,14,2,0,14,14,0,14,0,190,0,19,0,171,19,0,0,208,0,11,0,197,11,0,0,210,0,20,0,190,20,0,1,589,0,36,1,552,36,0,0,203,0,16,0,187,16,0,0,2,8,1,0,1,20,1,1,2,1,2,2,1,2,6,2,1,1,1,1,2,0,0,1,Watch
2024-07-26,Friday,5,30,7,Monsoon,0,0,0,0,0,0,0,25.1,30.4,21.6,80.4,,0,0,0,90,30,7,7,8,134,140.0,147.0,134.0,136.0,10.11,133.0,137.14,None,0,11,13,4,2,2,5,0,0,2,4,6,6,0,0,28,14,4,0,14,14,0,14,10,3,0,1,6,3,0,3,28,12,3,2,14,12,0,12,0,171,0,15,0,156,15,0,0,197,0,7,0,190,7,0,0,190,0,17,0,173,17,0,0,552,0,31,1,520,31,0,0,187,0,10,0,177,10,0,0,2,8,0,0,1,8,1,0,2,1,1,1,1,2,6,1,1,1,1,1,2,0,0,0,Normal
2024-07-27,Saturday,6,30,7,Monsoon,1,0,0,0,0,0,0,13.1,33.5,26.2,71.1,,0,0,0,85,28,7,13,8,133,134.0,140.0,131.0,136.0,10.11,128.0,137.21,None,0,12,7,4,5,0,4,2,0,1,1,3,6,0,0,28,17,4,1,10,17,0,17,10,4,0,2,4,4,0,4,28,11,1,1,16,11,0,11,0,156,0,15,0,141,15,0,0,190,0,6,0,184,6,0,0,173,0,16,0,157,16,0,0,520,0,29,1,490,29,0,0,177,0,4,0,173,4,0,0,2,8,0,0,1,8,1,0,2,1,2,1,1,2,6,1,1,1,1,1,3,0,0,0,Normal
2024-07-28,Sunday,7,30,7,Monsoon,1,0,0,0,1,0,0,56.6,37.0,29.5,80.3,Malaria,4,1,5,75,66,9,9,11,159,133.0,134.0,115.0,136.29,10.0,124.0,137.57,Flood_Disruption,3,38,10,11,7,1,2,4,0,3,2,4,8,0,0,28,16,7,1,11,16,0,16,10,4,1,0,6,4,0,4,28,14,1,2,12,14,0,14,0,141,0,26,0,115,26,0,0,184,0,16,0,168,16,0,0,157,0,34,0,123,34,0,0,490,0,59,1,430,59,0,0,573,400,18,1,554,18,0,0,2,8,0,0,1,8,0,0,2,2,2,1,1,2,6,1,2,2,1,1,3,0,0,0,High
2024-07-29,Monday,1,31,7,Monsoon,0,0,0,0,0,0,0,40.5,31.1,22.8,84.9,Malaria,4,1,7,91,63,5,8,11,167,159.0,133.0,146.0,142.57,8.33,145.0,140.07,Flood_Disruption,2,48,6,4,5,0,1,2,0,2,1,3,5,0,0,28,15,4,1,12,15,0,15,10,7,1,1,2,7,0,7,28,16,2,0,12,16,0,16,0,415,300,24,1,390,24,0,0,168,0,10,0,158,10,0,0,123,0,36,0,87,36,0,0,430,0,58,1,371,58,0,1,554,0,15,1,538,15,0,0,2,8,0,0,1,8,0,0,2,2,2,1,1,3,7,1,2,2,1,1,3,0,0,0,High
2024-07-30,Tuesday,2,31,7,Monsoon,0,0,0,0,0,1,0,11.4,33.5,25.5,71.4,Malaria,4,1,6,95,59,11,9,12,174,167.0,159.0,139.0,145.57,12.0,145.0,141.64,None,0,38,5,10,6,1,2,7,1,1,2,4,5,0,0,28,20,1,1,7,20,0,20,10,8,0,2,0,9,1,9,28,20,0,0,8,20,0,20,1,390,0,26,1,363,26,0,0,158,0,15,0,143,15,0,0,87,0,33,0,54,33,0,0,371,0,55,1,315,55,0,0,538,0,15,1,522,15,0,0,2,12,1,0,1,8,0,0,2,2,1,1,1,3,8,2,2,2,1,1,4,0,0,1,Critical
2024-07-31,Wednesday,3,31,7,Monsoon,0,0,0,1,0,0,1,14.0,34.2,26.0,70.6,Malaria,4,1,7,104,57,6,12,12,179,174.0,167.0,147.0,150.57,15.11,152.0,143.71,None,0,37,9,8,3,2,3,1,0,2,3,5,4,1,1,28,16,10,2,10,16,0,16,10,2,7,0,8,2,0,2,28,25,1,1,2,25,0,25,0,363,0,25,1,337,25,0,0,143,0,13,0,130,13,0,0,334,280,33,0,301,33,0,0,315,0,54,1,260,54,0,0,522,0,22,0,500,22,0,0,2,8,0,0,1,8,0,0,3,2,1,1,1,3,7,1,2,2,1,1,4,0,0,1,High
2024-08-01,Thursday,4,31,8,Monsoon,0,0,0,0,1,1,0,20.9,33.0,21.8,85.3,Malaria,4,1,6,88,63,15,6,13,172,179.0,174.0,140.0,155.14,17.92,141.0,145.64,None,0,39,10,5,9,0,4,5,0,6,2,4,4,0,0,28,18,5,0,10,18,0,18,10,0,2,1,9,0,0,0,28,26,5,0,2,26,0,26,0,337,0,27,1,309,27,0,0,130,0,11,0,119,11,0,1,301,0,34,0,267,34,0,0,260,0,57,0,203,57,0,0,500,0,21,0,479,21,0,0,2,16,1,1,1,8,1,0,2,2,1,1,2,3,7,2,2,2,1,1,2,0,0,1,High
2024-08-02,Friday,5,31,8,Monsoon,0,0,0,0,0,0,0,19.4,31.2,23.6,75.4,Malaria,4,1,7,91,61,7,8,10,167,172.0,179.0,134.0,159.71,17.55,134.0,147.86,None,0,44,9,4,4,1,2,3,0,2,2,4,7,0,0,28,21,2,1,6,21,0,21,10,0,0,1,9,0,0,0,28,27,2,1,0,29,2,29,2,309,0,22,1,286,22,0,0,119,0,10,0,109,10,0,0,267,0,35,0,232,35,0,0,203,0,56,0,147,56,0,0,479,0,19,0,460,19,0,0,2,8,0,0,1,8,0,0,2,2,1,1,1,3,8,1,2,2,1,1,2,0,0,1,Critical
2024-08-03,Saturday,6,31,8,Monsoon,1,0,0,0,0,0,0,15.1,35.2,27.3,71.6,Malaria,4,1,6,86,63,6,12,11,167,167.0,172.0,133.0,164.43,14.1,131.0,150.21,None,0,38,5,11,9,1,2,1,1,2,2,4,6,0,0,28,17,7,1,10,17,0,17,10,1,0,1,8,1,0,1,28,26,3,2,0,33,7,33,7,286,0,26,1,259,26,0,0,109,0,16,0,93,16,0,0,232,0,34,0,198,34,0,1,847,700,57,2,788,57,0,0,460,0,21,0,439,21,0,0,2,12,1,0,1,8,0,0,2,2,1,1,1,3,7,1,2,2,1,1,3,0,0,1,Critical
2024-08-04,Sunday,7,31,8,Monsoon,1,0,0,0,1,0,0,17.0,31.6,23.5,78.7,Malaria,4,1,6,78,59,10,12,13,159,167.0,167.0,159.0,169.29,5.92,115.0,152.79,None,0,37,7,9,6,0,4,1,1,4,1,3,5,0,0,28,16,3,0,12,16,0,16,10,6,0,0,4,6,0,6,28,28,6,0,0,33,5,33,5,259,0,27,0,232,27,0,0,93,0,14,0,79,14,0,0,198,0,32,0,166,32,0,0,788,0,53,1,734,53,0,0,439,0,20,0,419,20,0,0,2,12,1,0,1,8,1,0,2,2,1,1,1,2,8,1,2,2,1,1,3,0,0,1,Critical
2024-08-05,Monday,1,32,8,Monsoon,0,0,0,0,0,0,0,25.5,33.0,25.2,87.9,Malaria,4,1,7,93,60,6,8,11,167,159.0,167.0,167.0,169.29,5.92,146.0,155.93,None,0,38,8,11,3,1,3,0,1,2,2,4,5,0,0,28,19,3,2,7,19,0,19,10,0,6,2,8,0,0,0,28,27,8,1,0,30,3,30,3,232,0,26,0,206,26,0,0,79,0,16,0,63,16,0,0,166,0,33,0,133,33,0,0,734,0,55,1,678,55,0,0,419,0,19,0,400,19,0,0,2,12,1,0,1,8,0,0,2,2,1,1,1,3,7,1,2,2,1,1,2,0,0,1,Critical
2024-08-06,Tuesday,2,32,8,Monsoon,0,0,0,0,0,1,0,5.4,32.4,25.2,67.8,Malaria,4,1,6,96,60,12,9,12,177,167.0,159.0,174.0,169.29,5.92,139.0,157.43,None,0,39,6,6,9,1,6,5,0,1,2,4,7,0,0,28,20,2,1,7,20,0,20,10,4,0,0,6,4,0,4,28,24,11,0,4,24,0,24,0,206,0,25,0,181,25,0,1,313,250,11,1,301,11,0,0,133,0,34,0,99,34,0,0,678,0,56,1,621,56,0,0,400,0,18,0,382,18,0,0,2,8,1,0,1,20,1,1,2,2,1,2,1,3,8,2,2,2,1,1,3,0,0,1,High
2024-08-07,Wednesday,3,32,8,Monsoon,0,0,0,1,0,0,1,5.8,32.6,21.6,71.6,Malaria,4,1,5,105,58,7,14,13,184,177.0,167.0,179.0,169.71,6.34,147.0,160.14,None,0,30,9,13,6,1,5,1,1,0,2,4,4,0,0,28,15,7,2,11,15,0,15,10,4,3,1,5,4,0,4,28,23,9,1,4,23,0,23,0,181,0,28,0,153,28,0,0,301,0,18,1,282,18,0,0,99,0,32,0,67,32,0,0,621,0,55,1,565,55,0,0,382,0,25,0,357,25,0,0,2,12,1,0,1,8,1,0,3,2,2,1,1,3,7,1,2,2,2,2,3,0,0,0,High
2024-08-08,Thursday,4,32,8,Monsoon,0,0,0,0,0,1,0,9.2,31.9,23.2,81.8,Malaria,4,1,6,92,62,10,8,11,172,184.0,177.0,172.0,170.43,7.52,140.0,162.79,None,0,43,7,5,7,2,5,2,0,3,3,5,7,0,0,28,13,5,0,15,13,0,13,10,5,1,0,5,5,0,5,28,20,9,1,7,20,0,20,0,153,0,24,0,129,24,0,0,282,0,11,1,270,11,0,0,67,0,35,0,32,35,0,0,565,0,57,1,507,57,0,0,357,0,21,0,336,21,0,0,2,8,1,0,1,8,1,0,2,2,1,1,1,3,7,1,2,2,1,1,4,0,0,0,High
2024-08-09,Friday,5,32,8,Monsoon,0,0,0,0,0,0,0,31.5,30.8,23.1,82.8,Malaria,4,1,6,89,60,5,11,11,165,172.0,184.0,167.0,170.43,7.52,134.0,165.07,None,0,39,4,13,4,0,1,2,2,0,1,3,8,0,0,28,20,3,2,6,20,0,20,10,2,3,2,6,2,0,2,28,19,2,1,8,19,0,19,0,129,0,26,0,103,26,0,0,270,0,18,1,251,18,0,0,312,280,33,0,279,33,0,0,507,0,55,1,451,55,0,0,336,0,8,0,328,8,0,0,2,20,1,1,1,8,0,0,2,2,1,1,2,3,7,1,2,2,1,1,2,0,0,1,High
2024-08-10,Saturday,6,32,8,Monsoon,1,0,0,0,0,0,0,5.4,33.0,26.3,71.3,Malaria,4,1,5,89,55,7,10,11,161,165.0,172.0,167.0,170.14,7.68,133.0,167.29,None,0,38,8,5,4,1,3,3,0,1,2,4,6,0,0,28,25,3,2,1,25,0,25,10,3,1,1,6,3,0,3,28,16,4,1,11,16,0,16,0,103,0,23,0,80,23,0,0,251,0,10,0,241,10,0,0,279,0,31,0,248,31,0,0,451,0,51,1,399,51,0,1,328,0,11,0,317,11,0,0,2,8,0,0,1,8,0,0,2,2,1,1,1,3,7,1,2,2,1,1,4,0,0,0,High
2024-08-11,Sunday,7,32,8,Monsoon,1,0,0,0,0,0,0,12.9,32.6,25.7,80.8,Malaria,4,1,7,80,59,6,13,10,158,161.0,165.0,159.0,169.29,8.29,159.0,169.29,None,0,37,7,5,10,0,1,4,0,1,1,3,6,0,0,28,24,9,1,3,24,0,24,10,2,2,1,7,2,0,2,28,15,2,1,12,15,0,15,0,380,300,22,1,357,22,0,0,241,0,10,0,231,10,0,0,248,0,32,0,216,32,0,0,399,0,54,1,344,54,0,0,317,0,10,0,307,10,0,0,2,8,0,0,1,8,0,0,2,2,2,1,1,2,7,1,2,2,1,1,3,0,0,0,High
2024-08-12,Monday,1,33,8,Monsoon,0,0,0,0,0,0,0,35.8,30.2,22.5,88.7,Malaria,4,1,6,94,66,6,10,11,176,158.0,161.0,167.0,169.14,8.48,167.0,169.21,None,0,44,10,4,8,0,1,2,1,2,2,4,6,0,0,28,28,2,0,0,29,1,29,10,2,1,0,8,2,0,2,28,16,2,2,10,16,0,16,1,357,0,24,1,332,24,0,0,231,0,10,0,221,10,0,0,216,0,37,0,179,37,0,1,344,0,60,1,283,60,0,0,307,0,15,0,292,15,0,0,2,12,1,0,1,8,0,0,2,2,1,1,1,3,7,1,2,2,1,1,3,0,0,1,Critical
2024-08-13,Tuesday,2,33,8,Monsoon,0,0,0,0,0,1,0,39.1,31.1,21.4,81.8,Malaria,4,1,7,87,64,10,5,11,166,176.0,158.0,177.0,170.43,8.73,174.0,169.86,Flood_Disruption,2,41,11,8,4,0,2,5,1,2,2,4,4,0,0,28,25,11,2,1,25,0,25,10,1,1,1,8,1,0,1,28,16,4,2,10,16,0,16,0,332,0,25,1,306,25,0,0,221,0,14,0,207,14,0,0,179,0,35,0,144,35,0,0,283,0,58,0,225,58,0,0,292,0,18,0,274,18,0,0,2,12,1,0,1,8,0,0,2,2,2,1,1,3,7,1,2,2,1,1,2,0,0,0,High
2024-08-14,Wednesday,3,33,8,Monsoon,0,0,0,1,0,0,1,52.6,31.9,24.5,94.4,Malaria,4,1,4,100,73,4,13,11,190,166.0,176.0,184.0,168.86,8.39,179.0,169.29,Flood_Disruption,2,45,7,12,9,2,2,1,0,1,3,5,7,0,0,28,18,13,2,8,18,0,18,10,3,0,2,5,3,0,3,28,15,4,2,11,15,0,15,0,306,0,28,1,277,28,0,0,207,0,18,0,189,18,0,0,144,0,40,0,104,40,0,0,225,0,66,0,159,66,0,0,274,0,15,0,259,15,0,0,2,8,0,0,1,8,0,0,3,2,3,1,1,3,7,1,2,2,1,1,3,0,0,0,High
2024-08-15,Thursday,4,33,8,Monsoon,0,1,0,0,0,1,1,9.0,30.1,21.9,70.7,Malaria,4,1,5,91,58,10,10,12,169,190.0,166.0,172.0,169.71,10.04,172.0,170.07,None,0,40,3,13,2,1,4,5,0,1,1,3,5,0,0,28,14,7,2,12,14,0,14,10,5,0,1,4,5,0,5,28,18,4,2,8,18,0,18,0,277,0,27,0,250,27,0,0,189,0,18,0,171,18,0,0,104,0,33,0,71,33,0,0,859,700,54,2,803,54,0,0,259,0,20,0,239,20,0,0,2,8,1,0,1,8,1,0,2,2,1,1,1,3,7,1,2,2,1,1,2,0,0,0,High
2024-08-16,Friday,5,33,8,Monsoon,0,0,0,0,0,0,0,7.4,31.3,23.5,81.0,Malaria,4,1,5,89,55,7,6,10,157,169.0,190.0,165.0,169.29,10.0,167.0,169.86,None,0,37,7,6,5,2,2,3,0,2,3,5,6,0,0,28,13,4,1,14,13,0,13,10,5,2,0,5,5,0,5,28,19,4,0,9,19,0,19,0,250,0,22,0,228,22,0,0,171,0,11,0,160,11,0,0,71,0,31,0,40,31,0,0,803,0,51,2,750,51,0,0,239,0,19,0,220,19,0,1,2,8,0,0,1,8,0,0,2,2,1,1,1,2,7,1,2,2,1,1,4,0,0,0,High
2024-08-17,Saturday,6,33,8,Monsoon,1,0,0,0,0,0,0,79.5,36.2,28.9,92.8,Malaria,4,1,5,75,72,4,12,11,163,157.0,169.0,161.0,168.14,10.84,167.0,169.14,Flood_Disruption,4,48,14,3,7,1,1,2,0,1,3,5,4,1,1,28,10,6,1,17,10,0,10,10,4,2,1,5,4,0,4,28,22,4,0,6,22,0,22,0,228,0,25,0,203,25,0,0,160,0,10,0,150,10,0,0,40,0,39,0,1,39,0,0,750,0,64,1,685,64,0,0,220,0,26,0,194,26,0,0,2,8,0,0,1,8,0,0,2,2,2,1,1,3,7,1,2,2,1,1,3,0,0,1,High
2024-08-18,Sunday,7,33,8,Monsoon,1,0,1,0,0,0,3,3.5,31.7,21.6,72.6,Malaria,4,1,6,74,56,6,19,11,155,163.0,157.0,158.0,168.43,10.68,159.0,168.86,Road_Accident_Surge,3,40,5,5,6,0,4,1,0,1,1,3,8,0,0,28,10,3,0,18,10,0,10,10,7,0,0,3,7,0,7,28,21,6,1,6,21,0,21,0,203,0,23,0,180,23,0,1,150,0,10,0,140,10,0,0,281,280,31,0,250,31,0,0,685,0,51,1,633,51,0,0,194,0,16,0,178,16,0,0,2,8,0,0,1,8,1,0,2,2,3,1,1,2,7,1,2,2,2,3,4,0,0,0,High
2024-08-19,Monday,1,34,8,Monsoon,0,0,0,0,0,0,0,13.1,34.3,25.7,78.2,Malaria,4,1,6,92,60,6,9,9,167,155.0,163.0,176.0,168.0,11.14,167.0,168.57,None,0,36,8,8,8,2,3,3,0,0,3,5,5,0,0,28,9,3,2,17,9,0,9,10,4,4,2,4,4,0,4,28,24,3,0,4,24,0,24,0,180,0,22,0,158,22,0,0,140,0,13,0,127,13,0,1,250,0,33,0,217,33,0,0,633,0,55,1,577,55,0,0,178,0,22,0,156,22,0,0,2,8,0,0,1,8,0,0,2,2,1,1,1,3,7,1,2,2,1,1,4,0,0,0,High
2024-08-20,Tuesday,2,34,8,Monsoon,0,0,0,0,0,1,0,26.3,32.1,22.9,82.6,Malaria,4,1,6,89,60,10,6,10,165,167.0,155.0,166.0,166.71,10.65,177.0,168.57,None,0,43,5,6,6,1,5,5,0,0,2,4,4,0,0,28,13,0,1,14,13,0,13,10,2,3,0,8,2,0,2,28,25,4,2,1,25,0,25,0,158,0,23,0,135,23,0,0,127,0,11,0,116,11,0,0,217,0,34,0,183,34,0,1,577,0,55,1,521,55,0,0,156,0,17,0,139,17,0,0,2,8,1,0,1,8,1,0,2,2,1,1,1,3,7,1,2,2,1,1,4,0,0,0,High
2024-08-21,Wednesday,3,34,8,Monsoon,0,0,0,1,0,0,1,7.2,28.6,18.3,69.6,Malaria,4,1,6,100,55,7,8,10,170,165.0,167.0,190.0,166.57,10.66,184.0,167.71,None,0,34,10,9,2,0,3,1,0,3,2,4,7,0,0,28,13,2,0,15,13,0,13,10,9,0,0,1,9,0,9,28,25,1,2,1,25,0,25,0,135,0,23,0,112,23,0,0,116,0,14,0,102,14,0,0,183,0,31,0,152,31,0,0,521,0,52,1,468,52,0,0,139,0,11,0,128,11,0,0,2,8,0,0,1,8,0,0,3,2,1,1,1,3,7,1,2,2,1,1,3,0,0,0,High
2024-08-22,Thursday,4,34,8,Monsoon,0,0,0,0,0,1,0,64.0,30.5,22.7,98.0,Malaria,4,1,6,83,68,10,9,12,170,170.0,165.0,169.0,163.71,5.36,172.0,166.71,Flood_Disruption,3,47,4,11,6,1,2,5,3,0,2,4,8,0,0,28,14,3,1,13,14,0,14,10,8,2,1,1,8,0,8,28,26,6,1,1,26,0,26,0,112,0,28,0,84,28,0,0,102,0,17,0,85,17,0,0,152,0,37,0,115,37,0,0,468,0,61,1,406,61,0,0,128,0,21,0,107,21,0,0,2,20,1,1,1,8,0,0,2,2,2,1,2,3,8,1,2,2,1,1,3,0,0,1,High
2024-08-23,Friday,5,34,8,Monsoon,0,0,0,0,1,0,0,23.7,32.7,21.6,79.3,Malaria,4,1,5,93,60,9,6,10,168,170.0,170.0,157.0,163.86,5.51,165.0,166.57,None,0,48,4,4,4,0,3,3,0,3,1,3,6,0,0,28,17,2,0,11,17,0,17,10,5,5,0,5,5,0,5,28,22,7,3,3,22,0,22,0,384,300,22,1,361,22,0,0,85,0,10,0,75,10,0,0,115,0,35,0,80,35,0,0,406,0,55,1,350,55,0,1,507,400,12,0,495,12,0,0,2,8,0,0,1,8,0,0,2,2,1,1,1,3,7,1,2,2,1,1,3,0,0,0,High
2024-08-24,Saturday,6,34,8,Monsoon,1,0,1,0,0,0,2,6.9,30.9,24.9,73.1,Malaria,4,1,7,87,58,5,20,11,170,168.0,170.0,163.0,165.43,4.87,161.0,166.79,Road_Accident_Surge,3,36,7,13,2,0,3,2,0,0,2,4,4,0,0,28,18,3,1,9,18,0,18,10,5,2,0,5,5,0,5,28,24,3,2,2,24,0,24,0,361,0,26,1,334,26,0,0,325,250,18,1,306,18,0,0,80,0,32,0,48,32,0,0,350,0,53,1,296,53,0,0,495,0,18,0,477,18,0,0,2,8,0,0,1,8,0,0,2,2,3,1,1,3,7,1,2,2,2,3,4,0,0,0,High
2024-08-25,Sunday,7,34,8,Monsoon,1,0,0,0,0,0,0,26.0,30.2,21.4,86.9,Malaria,4,1,7,75,65,5,12,11,157,170.0,168.0,155.0,166.43,4.98,158.0,167.43,None,0,40,5,9,11,2,3,2,0,0,3,5,8,0,0,28,20,3,1,7,20,0,20,10,5,2,0,5,5,0,5,28,19,9,1,8,19,0,19,0,334,0,26,1,307,26,0,0,306,0,15,1,290,15,0,0,48,0,34,0,14,34,0,0,296,0,58,0,238,58,0,0,477,0,16,0,461,16,0,0,2,8,0,0,1,8,0,0,2,2,1,1,1,2,7,1,2,2,1,1,4,0,0,0,High
2024-08-26,Monday,1,35,8,Monsoon,0,0,0,0,0,0,0,0.4,27.0,18.4,69.4,Dengue,5,1,7,109,76,5,8,12,198,157.0,170.0,167.0,166.71,4.33,176.0,167.36,None,0,58,6,4,8,1,2,2,1,0,2,4,5,0,0,28,20,5,1,7,20,0,20,10,5,5,0,5,5,0,5,28,16,5,2,10,16,0,16,0,307,0,27,1,279,27,0,0,290,0,11,1,278,11,0,0,294,280,44,0,250,44,0,0,238,0,70,0,168,70,0,0,461,0,13,0,448,13,0,0,2,12,1,0,1,8,0,0,3,2,1,1,1,3,7,1,2,2,1,1,4,0,0,0,High
2024-08-27,Tuesday,2,35,8,Monsoon,0,0,0,0,0,1,0,13.3,31.6,24.8,75.4,Dengue,5,1,7,100,82,10,8,13,200,198.0,157.0,165.0,171.14,11.79,166.0,168.93,None,0,53,11,9,9,1,5,2,3,0,3,5,5,0,0,28,24,6,2,2,24,0,24,10,5,1,1,4,5,0,5,28,14,4,2,12,14,0,14,0,279,0,31,0,248,31,0,0,278,0,16,1,261,16,0,0,250,0,44,0,206,44,0,0,168,0,74,0,94,74,0,0,448,0,15,0,433,15,0,0,2,20,1,1,1,8,1,0,3,2,1,1,2,3,7,1,2,2,1,1,3,0,0,1,High
2024-08-28,Wednesday,3,35,8,Monsoon,0,0,0,1,0,0,1,0.2,27.9,18.7,75.6,Dengue,5,1,7,112,79,7,14,14,212,200.0,198.0,170.0,176.14,15.08,190.0,171.36,None,0,57,9,5,8,1,3,2,0,2,2,4,7,0,0,28,19,8,1,8,19,0,19,10,4,4,0,6,4,0,4,28,17,5,1,10,17,0,17,0,248,0,30,0,218,30,0,0,261,0,12,0,249,12,0,0,206,0,45,0,161,45,0,1,794,700,72,1,721,72,0,0,433,0,26,0,407,26,0,0,2,8,0,0,1,8,0,0,3,2,2,1,1,3,7,1,2,2,2,2,4,0,0,0,High
2024-08-29,Thursday,4,35,8,Monsoon,0,0,0,0,0,1,0,42.1,31.8,22.2,86.9,Dengue,5,1,7,96,89,10,8,12,203,212.0,200.0,170.0,182.14,19.23,169.0,172.93,Flood_Disruption,2,58,11,12,8,4,6,3,0,1,5,6,5,1,1,28,22,5,1,5,22,0,22,10,5,1,0,5,5,0,5,28,15,4,1,12,15,0,15,0,218,0,31,0,187,31,0,1,249,0,20,0,229,20,0,0,161,0,48,0,113,48,0,0,721,0,79,1,641,79,0,0,407,0,18,0,389,18,0,0,2,8,1,0,1,20,1,1,2,2,2,2,1,3,7,1,2,2,1,1,2,0,0,2,High
2024-08-30,Friday,5,35,8,Monsoon,0,0,0,0,0,0,0,24.9,29.7,19.3,83.6,Dengue,5,1,7,97,79,5,7,11,188,203.0,212.0,168.0,186.86,19.72,157.0,175.36,None,0,56,6,9,8,0,2,1,1,1,1,3,4,0,0,28,19,6,2,7,19,0,19,10,2,4,2,6,2,0,2,28,19,3,0,9,19,0,19,0,187,0,28,0,159,28,0,0,229,0,16,0,213,16,0,0,113,0,44,0,69,44,0,0,641,0,71,1,569,71,0,0,389,0,22,0,367,22,0,0,2,12,1,0,1,8,0,0,3,2,1,1,1,3,7,1,2,2,1,1,4,0,0,0,High
2024-08-31,Saturday,6,35,8,Monsoon,1,0,0,0,0,0,0,25.5,33.6,23.4,86.7,Dengue,5,1,8,86,87,4,11,13,188,188.0,203.0,170.0,189.71,18.16,163.0,177.57,None,0,62,4,15,6,1,3,1,0,0,2,4,7,0,0,28,19,3,0,9,19,0,19,10,4,2,2,4,4,0,4,28,20,5,0,8,20,0,20,0,159,0,33,0,126,33,0,0,213,0,22,0,191,22,0,0,69,0,47,0,22,47,0,0,569,0,76,1,492,76,0,0,367,0,20,0,347,20,0,0,2,8,0,0,1,8,0,0,2,2,1,1,1,3,7,1,2,2,1,1,4,0,0,0,High
2024-09-01,Sunday,7,35,9,Monsoon,1,0,0,0,0,0,0,0.8,27.9,20.2,71.3,Dengue,5,1,8,80,75,5,11,12,171,188.0,188.0,157.0,192.29,16.38,155.0,179.36,None,0,43,7,17,8,0,2,0,1,2,1,3,5,0,0,28,11,13,1,16,11,0,11,10,2,3,0,8,2,0,2,28,23,3,0,5,23,0,23,0,126,0,31,0,95,31,0,0,191,0,23,0,168,23,0,0,22,0,22,0,0,39,17,0,492,0,66,1,425,66,0,0,347,0,20,0,327,20,0,0,2,12,1,0,1,8,0,0,2,2,1,1,1,3,7,1,2,2,1,1,3,0,0,1,High
2024-09-02,Monday,1,36,9,Monsoon,0,0,0,0,0,0,0,7.8,30.3,24.4,77.6,Dengue,5,1,7,104,78,7,5,11,194,171.0,188.0,198.0,194.29,12.29,167.0,180.5,None,0,52,7,6,13,0,3,2,1,1,1,3,8,0,0,28,13,2,0,15,13,0,13,10,3,0,2,5,3,0,3,28,26,2,2,0,27,1,27,1,95,0,27,0,68,27,0,0,168,0,13,0,155,13,0,0,0,0,0,0,0,43,43,0,425,0,71,1,353,71,0,1,327,0,20,0,307,20,0,0,2,12,1,0,1,8,0,0,3,2,1,1,1,3,7,1,2,2,1,1,3,0,0,2,Critical
2024-09-03,Tuesday,2,36,9,Monsoon,0,0,0,0,0,1,0,2.3,29.8,22.1,71.2,Dengue,5,1,8,107,83,11,5,13,206,194.0,171.0,200.0,193.71,12.2,165.0,182.43,None,0,49,11,13,10,1,5,4,1,1,2,4,4,0,0,28,18,3,1,9,18,0,18,10,2,2,0,8,2,0,2,28,28,3,0,0,28,0,28,0,368,300,32,1,335,32,0,0,155,0,20,0,135,20,0,0,280,280,44,0,236,44,0,0,353,0,75,1,277,75,0,0,307,0,19,0,288,19,0,0,2,12,1,0,1,8,1,0,3,2,1,1,1,3,8,2,2,2,1,1,4,0,0,0,High
2024-09-04,Wednesday,3,36,9,Monsoon,0,0,0,1,0,0,1,3.2,27.8,20.5,74.4,Dengue,5,1,8,109,81,6,13,12,209,206.0,194.0,212.0,194.57,12.8,170.0,185.36,None,0,55,5,12,9,1,4,1,0,1,2,4,8,0,0,28,18,4,0,10,18,0,18,10,3,2,1,6,3,0,3,28,26,7,0,2,26,0,26,0,335,0,30,1,304,30,0,0,135,0,19,0,116,19,0,1,236,0,45,0,191,45,0,1,277,0,74,0,203,74,0,0,288,0,18,0,270,18,0,0,2,8,0,0,1,8,1,0,3,2,2,1,1,3,7,1,2,2,1,1,2,0,0,0,High
2024-09-05,Thursday,4,36,9,Monsoon,0,0,0,0,0,1,0,26.5,31.0,23.8,79.2,Dengue,5,1,7,103,86,11,10,14,210,209.0,206.0,203.0,194.14,12.25,170.0,188.14,None,0,62,6,9,9,0,4,4,1,2,1,3,7,0,0,28,24,1,2,2,24,0,24,10,2,3,1,7,2,0,2,28,23,8,2,3,23,0,23,0,304,0,32,1,271,32,0,0,116,0,17,0,99,17,0,0,191,0,48,0,143,48,0,0,203,0,77,0,126,77,0,0,270,0,18,0,252,18,0,0,2,12,1,0,1,8,1,0,3,2,1,1,1,3,8,2,2,2,1,1,4,0,0,0,High
2024-09-06,Friday,5,36,9,Monsoon,0,0,0,0,0,0,0,19.5,31.6,24.2,76.5,Dengue,5,1,7,92,83,5,4,11,184,210.0,209.0,188.0,195.14,13.18,168.0,191.0,None,0,60,5,10,8,0,4,1,0,0,1,3,5,0,0,28,28,1,0,0,29,1,29,10,1,1,1,8,1,0,1,28,22,6,0,6,22,0,22,1,271,0,29,0,242,29,0,0,99,0,17,0,82,17,0,0,143,0,46,0,97,46,0,0,126,0,74,0,52,74,0,0,252,0,18,0,234,18,0,0,2,8,0,0,1,8,1,0,2,2,1,1,1,3,8,1,2,2,1,1,2,0,0,1,Critical
2024-09-07,Saturday,6,36,9,Monsoon,1,0,0,0,0,0,0,12.7,28.6,19.6,80.6,Dengue,5,1,8,87,81,6,11,12,185,184.0,210.0,188.0,194.57,13.56,170.0,192.14,None,0,54,7,16,4,1,2,1,2,1,2,4,6,0,0,28,21,8,1,6,21,0,21,10,1,1,1,8,1,0,1,28,28,4,0,0,29,1,29,1,242,0,31,0,211,31,0,0,82,0,22,0,60,22,0,0,97,0,44,0,53,44,0,0,752,700,72,1,679,72,0,0,234,0,31,0,203,31,0,1,2,20,1,1,1,8,0,0,2,2,1,1,2,3,8,1,2,2,1,1,3,0,0,2,Critical
2024-09-08,Sunday,7,36,9,Monsoon,1,0,0,0,0,0,0,0.2,29.1,20.6,67.5,Dengue,5,1,8,85,81,5,13,14,184,185.0,184.0,171.0,194.14,13.81,157.0,193.21,None,0,57,7,7,10,1,2,2,0,1,2,4,8,0,0,28,16,11,1,11,16,0,16,10,5,0,2,3,5,0,5,28,26,7,2,0,26,0,26,0,211,0,31,0,180,31,0,1,60,0,14,0,46,14,0,0,53,0,44,0,9,44,0,0,679,0,72,1,606,72,0,0,203,0,17,0,186,17,0,0,2,8,0,0,1,8,0,0,2,2,2,1,1,3,7,1,2,2,1,1,2,0,0,0,High
2024-09-09,Monday,1,37,9,Monsoon,0,0,0,0,0,0,0,0.0,28.7,21.1,71.1,Dengue,5,1,6,109,74,6,8,12,197,184.0,185.0,194.0,196.0,11.2,198.0,195.14,None,0,43,10,12,9,2,3,2,0,1,3,5,4,1,1,28,19,2,1,8,19,0,19,10,7,1,0,3,7,0,7,28,22,8,2,4,22,0,22,0,180,0,29,0,151,29,0,0,296,250,18,1,277,18,0,0,9,0,9,0,0,40,31,0,606,0,68,1,537,68,0,0,186,0,20,0,166,20,0,0,2,8,0,0,1,8,0,0,3,2,1,1,1,3,8,1,2,2,1,1,4,0,0,2,High
2024-09-10,Tuesday,2,37,9,Monsoon,0,0,0,0,0,1,0,4.4,29.6,20.5,73.7,Dengue,5,1,7,108,76,8,8,13,200,197.0,184.0,206.0,196.43,11.17,200.0,195.07,None,0,48,11,11,6,2,2,4,1,1,3,5,8,0,0,28,21,5,0,7,21,0,21,10,9,1,1,0,10,1,10,28,21,3,0,7,21,0,21,1,151,0,30,0,121,30,0,0,277,0,18,1,258,18,0,0,280,280,42,0,238,42,0,0,537,0,69,1,467,69,0,0,166,0,16,0,150,16,0,0,2,12,1,0,1,8,0,0,3,2,1,1,1,3,8,1,2,2,1,1,3,0,0,1,Critical
2024-09-11,Wednesday,3,37,9,Monsoon,0,0,0,1,0,0,1,31.8,32.1,23.2,88.3,Dengue,5,1,8,105,86,5,12,13,208,200.0,197.0,209.0,195.57,10.62,212.0,195.07,None,0,62,8,8,8,1,3,1,0,1,2,4,6,0,0,28,21,5,0,7,21,0,21,10,6,5,2,2,6,0,6,28,24,4,1,3,24,0,24,0,121,0,31,0,90,31,0,0,258,0,16,0,242,16,0,0,238,0,48,0,190,48,0,1,467,0,77,1,389,77,0,1,150,0,24,0,126,24,0,0,2,8,0,0,1,8,0,0,3,2,1,1,1,3,8,1,2,2,1,1,3,0,0,0,High
2024-09-12,Thursday,4,37,9,Monsoon,0,0,0,0,0,1,0,20.3,31.3,24.3,75.6,Dengue,5,1,7,92,83,10,6,11,191,208.0,200.0,210.0,195.43,10.45,203.0,194.79,None,0,60,7,10,6,1,3,3,1,3,2,4,8,0,0,28,24,3,2,2,24,0,24,10,4,4,1,5,4,0,4,28,22,5,1,5,22,0,22,0,90,0,29,0,61,29,0,0,242,0,17,0,225,17,0,0,190,0,46,0,144,46,0,0,389,0,74,1,314,74,0,0,126,0,15,0,111,15,0,0,2,12,1,0,1,8,0,0,2,2,1,1,1,3,8,1,2,2,1,1,3,0,0,0,High
2024-09-13,Friday,5,37,9,Monsoon,0,0,0,0,0,0,0,2.2,29.3,21.5,73.4,Dengue,5,1,8,95,75,5,9,12,184,191.0,208.0,184.0,192.71,8.61,188.0,193.93,None,0,52,8,7,8,1,3,1,1,0,2,4,5,0,0,28,23,7,0,5,23,0,23,10,7,0,2,1,7,0,7,28,20,5,2,6,20,0,20,0,361,300,28,1,332,28,0,0,225,0,14,0,211,14,0,0,144,0,41,0,103,41,0,0,314,0,68,0,246,68,0,0,111,0,16,0,95,16,0,0,2,12,1,0,1,8,0,0,2,2,1,1,1,3,8,1,2,2,1,1,2,0,0,0,High
2024-09-14,Saturday,6,37,9,Monsoon,1,0,0,0,0,0,0,0.9,28.6,21.0,67.8,Dengue,5,1,6,88,77,6,12,12,183,184.0,191.0,185.0,192.71,8.61,188.0,193.64,None,0,51,7,13,6,1,2,2,1,1,2,4,7,0,0,28,19,8,2,7,19,0,19,10,9,1,0,1,9,0,9,28,17,8,2,9,17,0,17,0,332,0,30,1,301,30,0,0,211,0,19,0,192,19,0,0,103,0,42,0,61,42,0,0,246,0,69,0,177,69,0,0,495,400,19,0,476,19,0,0,2,12,1,0,1,8,0,0,2,2,1,1,1,3,7,1,2,2,1,1,3,0,0,0,High
2024-09-15,Sunday,7,37,9,Monsoon,1,0,0,0,0,0,0,61.3,27.8,20.4,96.9,Dengue,5,1,9,82,90,3,11,13,186,183.0,184.0,184.0,192.43,8.89,171.0,193.29,Flood_Disruption,3,69,4,10,7,0,0,1,0,2,1,3,8,0,0,28,18,5,0,10,18,0,18,10,9,2,1,0,9,0,9,28,22,2,1,5,22,0,22,0,301,0,32,1,268,32,0,0,192,0,18,0,174,18,0,0,61,0,49,0,12,49,0,0,177,0,79,0,98,79,0,0,476,0,21,0,455,21,0,0,2,8,0,0,1,8,0,0,2,2,2,1,1,3,8,1,2,2,1,1,2,0,0,0,High
2024-09-16,Monday,1,38,9,Monsoon,0,0,0,0,0,0,0,4.5,27.9,20.0,70.5,Dengue,5,1,8,99,75,6,8,11,188,186.0,183.0,197.0,192.71,8.65,194.0,194.36,None,0,46,12,7,10,1,5,0,0,1,3,5,5,0,0,28,19,3,0,9,19,0,19,10,6,4,0,4,6,0,6,28,21,7,2,5,21,0,21,0,268,0,27,0,241,27,0,0,174,0,14,0,160,14,0,0,12,0,12,0,0,40,28,0,798,700,68,1,729,68,0,0,455,0,24,0,431,24,0,0,2,8,0,0,1,8,1,0,3,2,1,1,1,3,7,1,2,2,1,1,4,0,0,1,High
2024-09-17,Tuesday,2,38,9,Monsoon,0,0,0,0,0,1,0,8.5,30.1,20.5,74.1,Dengue,5,1,7,98,84,11,5,12,198,188.0,186.0,200.0,191.43,8.58,206.0,193.93,None,0,54,10,11,9,0,6,3,1,1,2,4,4,0,0,28,16,5,1,11,16,0,16,10,5,4,1,4,5,0,5,28,26,2,0,2,26,0,26,0,241,0,30,0,211,30,0,0,160,0,18,0,142,18,0,0,280,280,45,0,235,45,0,0,729,0,75,1,653,75,0,0,431,0,24,0,407,24,0,0,2,12,1,0,1,20,1,1,3,2,1,2,1,3,7,2,2,2,1,1,2,0,0,1,High
2024-09-18,Wednesday,3,38,9,Monsoon,0,0,0,1,0,0,1,16.7,28.8,21.2,85.9,Dengue,5,1,8,116,85,4,16,15,221,198.0,188.0,208.0,191.14,8.32,209.0,193.36,Snakebite_Cluster,1,60,10,8,7,1,1,3,0,0,3,5,5,0,0,28,22,3,0,6,22,0,22,10,3,3,1,6,3,0,3,28,25,6,1,2,25,0,25,0,211,0,33,0,178,33,0,1,142,0,16,0,126,16,0,1,235,0,48,0,187,48,0,1,653,0,77,1,575,77,0,0,407,0,21,0,386,21,0,0,2,8,0,0,1,8,0,0,3,2,3,1,1,3,8,1,2,2,2,2,3,0,0,0,High
2024-09-19,Thursday,4,38,9,Monsoon,0,0,0,0,0,1,0,0.0,28.6,19.8,73.9,Dengue,5,1,6,99,82,12,7,14,200,221.0,198.0,191.0,193.0,12.35,210.0,194.21,None,0,59,11,7,5,4,5,5,1,1,5,6,6,0,0,28,22,6,2,4,22,0,22,10,0,3,2,8,0,0,0,28,28,2,0,0,31,3,31,3,178,0,31,0,147,31,0,0,126,0,14,0,112,14,0,0,187,0,45,0,142,45,0,0,575,0,74,1,500,74,0,0,386,0,30,0,356,30,0,0,2,12,1,0,1,8,1,0,3,2,1,1,1,3,8,2,2,2,1,1,3,0,0,1,Critical
2024-09-20,Friday,5,38,9,Monsoon,0,0,0,0,0,0,0,7.3,30.4,22.5,65.6,Dengue,5,1,7,97,78,6,7,10,188,200.0,221.0,184.0,194.29,12.54,184.0,193.5,None,0,58,6,5,9,1,2,2,0,2,2,4,7,0,0,28,23,3,2,3,23,0,23,10,1,0,2,7,1,0,1,28,28,5,0,0,31,3,31,3,147,0,25,0,122,25,0,0,112,0,12,0,100,12,0,0,142,0,44,0,98,44,0,0,500,0,70,1,429,70,0,0,356,0,19,0,337,19,0,0,2,8,0,0,1,8,0,0,3,2,1,1,1,3,8,1,2,2,1,1,2,0,0,1,Critical
2024-09-21,Saturday,6,38,9,Monsoon,1,0,0,0,0,0,0,3.7,30.6,23.0,77.7,Dengue,5,1,7,89,76,5,13,12,183,188.0,200.0,183.0,194.86,12.15,185.0,193.79,None,0,44,11,7,14,1,3,2,0,0,3,5,6,0,0,28,21,7,0,7,21,0,21,10,5,0,0,5,5,0,5,28,26,4,2,0,30,4,30,4,122,0,28,0,94,28,0,0,100,0,14,0,86,14,0,0,98,0,40,0,58,40,0,0,429,0,68,1,360,68,0,1,337,0,17,0,320,17,0,0,2,8,0,0,1,8,0,0,2,2,2,1,1,3,8,1,2,2,1,1,4,0,0,1,Critical
2024-09-22,Sunday,7,38,9,Monsoon,1,0,0,0,0,0,0,11.2,26.0,17.9,74.6,Dengue,5,1,7,85,77,4,8,12,174,183.0,188.0,186.0,194.86,12.15,184.0,193.64,None,0,46,13,7,11,2,2,2,0,0,4,6,8,0,0,28,19,7,2,7,19,0,19,10,3,4,1,6,3,0,3,28,27,3,1,0,32,5,32,5,94,0,28,0,66,28,0,0,86,0,14,0,72,14,0,0,58,0,40,0,18,40,0,0,360,0,68,1,291,68,0,0,320,0,23,0,297,23,0,0,2,8,0,0,1,8,0,0,2,2,1,1,1,3,8,1,2,2,1,1,3,0,0,1,Critical
2024-09-23,Monday,1,39,9,Monsoon,0,0,0,0,0,0,0,14.0,28.1,19.8,75.4,Dengue,5,1,8,101,80,5,9,11,195,174.0,183.0,188.0,193.14,13.98,197.0,192.93,None,0,54,11,8,7,2,3,1,1,0,3,5,6,0,0,28,20,5,2,6,20,0,20,10,1,2,2,7,1,0,1,28,28,5,0,0,32,4,32,4,366,300,28,1,337,28,0,0,322,250,15,1,306,15,0,0,18,0,18,0,0,44,26,0,291,0,72,0,219,72,0,0,297,0,22,0,275,22,0,0,2,12,1,0,1,8,0,0,3,2,1,1,1,3,8,1,2,2,1,1,2,0,0,2,Critical
2024-09-24,Tuesday,2,39,9,Monsoon,0,0,0,0,0,1,0,2.0,27.4,18.6,77.6,Dengue,5,1,9,103,79,10,5,12,197,195.0,174.0,198.0,194.14,13.83,200.0,192.79,None,0,50,8,10,11,1,2,5,1,2,2,4,7,0,0,28,22,3,2,4,22,0,22,10,1,0,0,9,1,0,1,28,26,9,2,0,30,4,30,4,337,0,29,1,307,29,0,0,306,0,17,1,288,17,0,0,280,280,43,0,237,43,0,0,219,0,71,0,148,71,0,0,275,0,24,0,251,24,0,0,2,12,1,0,1,8,0,0,3,2,1,1,1,3,8,1,2,2,1,1,2,0,0,1,Critical
2024-09-25,Wednesday,3,39,9,Monsoon,0,0,0,1,0,0,1,18.4,27.5,20.7,78.8,,0,0,0,96,23,7,12,8,138,197.0,195.0,221.0,194.0,13.79,208.0,192.57,None,0,13,3,2,5,0,1,5,0,1,1,3,8,0,0,28,19,8,0,9,19,0,19,10,2,1,0,8,2,0,2,28,26,4,2,0,27,1,27,1,307,0,14,1,292,14,0,0,288,0,4,1,283,4,0,0,237,0,15,0,222,15,0,0,148,0,26,0,122,26,0,0,251,0,4,0,247,4,0,0,2,8,0,0,1,8,0,0,2,1,1,1,1,2,7,1,1,1,1,1,4,0,0,1,High
2024-09-26,Thursday,4,39,9,Monsoon,0,0,0,0,0,1,0,4.0,25.3,17.8,73.2,,0,0,0,89,23,10,8,8,130,138.0,197.0,200.0,182.14,19.84,191.0,187.57,None,0,8,5,8,2,1,4,2,0,4,2,4,8,0,0,28,20,4,0,8,20,0,20,10,2,1,2,6,2,0,2,28,24,5,1,3,24,0,24,0,292,0,15,1,276,15,0,0,283,0,10,1,272,10,0,0,222,0,14,0,208,14,0,0,822,700,26,2,794,26,0,0,247,0,7,0,240,7,0,0,2,8,1,0,1,8,1,0,2,1,1,1,1,2,7,1,1,1,1,1,4,0,0,0,Normal
2024-09-27,Friday,5,39,9,Monsoon,0,0,0,0,0,0,0,0.0,27.1,20.7,71.0,,0,0,0,80,21,5,7,7,113,130.0,138.0,188.0,172.14,25.23,184.0,183.21,None,0,10,5,4,2,0,3,1,0,1,1,3,5,0,0,28,23,2,0,5,23,0,23,10,1,1,1,8,1,0,1,28,17,9,0,11,17,0,17,0,276,0,13,1,262,13,0,0,272,0,6,1,265,6,0,0,208,0,13,0,195,13,0,1,794,0,23,2,769,23,0,0,240,0,6,0,234,6,0,0,2,8,0,0,1,8,0,0,2,1,1,1,1,2,7,1,1,1,1,1,2,0,0,0,Normal
2024-09-28,Saturday,6,39,9,Monsoon,1,0,0,0,0,0,0,30.8,26.5,19.3,92.3,,0,0,0,74,32,5,10,8,121,113.0,130.0,183.0,161.43,31.39,183.0,178.14,None,0,13,7,8,4,1,2,0,1,2,2,4,5,0,0,28,23,6,2,3,23,0,23,10,0,1,1,9,0,0,0,28,15,4,0,13,15,0,15,0,262,0,17,0,245,17,0,0,265,0,10,1,254,10,0,0,195,0,18,0,177,18,0,0,769,0,32,1,736,32,0,0,234,0,8,0,226,8,0,1,2,12,1,0,1,8,0,0,2,1,1,1,1,2,7,1,1,1,1,1,2,0,0,0,Normal
2024-09-29,Sunday,7,39,9,Monsoon,1,0,0,0,0,0,0,27.4,29.5,20.3,78.2,,0,0,0,73,27,4,13,8,117,121.0,113.0,174.0,152.57,32.77,186.0,173.71,Snakebite_Cluster,1,13,7,3,4,1,3,1,0,0,2,4,7,0,0,28,21,7,0,7,21,0,21,10,0,0,0,10,0,0,0,28,14,4,1,13,14,0,14,0,245,0,15,0,230,15,0,0,254,0,5,0,249,5,0,0,177,0,16,0,161,16,0,0,736,0,27,1,708,27,0,0,226,0,10,0,216,10,0,0,2,8,0,0,1,8,0,0,2,1,3,1,1,2,6,1,1,1,1,1,2,0,0,0,Normal
2024-09-30,Monday,1,40,9,Monsoon,0,0,0,0,0,0,0,6.5,28.6,21.2,75.3,,0,0,0,90,23,6,5,7,124,117.0,121.0,195.0,144.43,33.51,188.0,168.79,None,0,9,10,3,1,2,4,0,2,0,3,5,6,0,0,28,19,7,1,8,19,0,19,10,0,0,1,9,0,0,0,28,11,5,0,17,11,0,11,0,230,0,13,0,217,13,0,0,249,0,5,0,244,5,0,0,161,0,14,0,147,14,0,0,708,0,26,1,681,26,0,0,216,0,11,0,205,11,0,0,2,20,1,1,1,8,1,0,2,1,1,1,2,2,6,1,1,1,1,1,4,0,0,1,Watch
2024-10-01,Tuesday,2,40,10,Post_Monsoon,0,0,0,0,0,1,0,0.0,25.5,17.8,50.4,,0,0,0,95,14,10,6,6,125,124.0,117.0,197.0,134.29,26.72,198.0,164.21,None,0,4,2,5,3,1,3,4,0,3,1,3,6,0,0,28,18,3,1,9,18,0,18,10,1,0,1,8,1,0,1,28,10,4,1,17,10,0,10,0,217,0,11,0,206,11,0,0,244,0,6,0,238,6,0,0,147,0,10,0,137,10,0,0,681,0,19,1,661,19,0,0,205,0,8,0,197,8,0,0,2,8,1,0,1,8,0,0,2,1,1,1,1,2,6,1,1,1,1,1,2,0,0,0,Normal
2024-10-02,Wednesday,3,40,10,Post_Monsoon,0,1,0,1,0,0,2,0.0,25.5,16.6,51.8,,0,0,0,102,8,7,16,8,133,125.0,124.0,138.0,124.0,7.67,221.0,159.0,None,0,3,3,2,0,1,4,2,0,1,2,4,7,0,0,28,15,7,2,11,15,0,15,10,2,0,0,8,2,0,2,28,12,1,0,16,12,0,12,0,206,0,11,0,195,11,0,1,238,0,3,0,235,3,0,0,137,0,8,0,129,8,0,0,661,0,15,1,645,15,0,0,197,0,8,0,189,8,0,0,2,8,0,0,1,8,1,0,3,1,2,1,1,2,6,1,1,1,2,2,3,0,0,0,Normal
2024-10-03,Thursday,4,40,10,Post_Monsoon,0,0,0,0,0,1,0,1.7,25.8,17.2,45.5,,0,0,0,88,14,11,8,5,121,133.0,125.0,130.0,123.29,6.47,200.0,152.71,None,0,1,6,0,7,1,4,7,0,0,2,4,7,0,0,28,12,6,0,16,12,0,12,10,3,0,2,5,3,0,3,28,11,2,1,16,11,0,11,0,195,0,8,0,187,8,0,0,235,0,1,0,234,1,0,0,409,280,10,0,399,10,0,0,645,0,18,1,626,18,0,0,189,0,6,0,183,6,0,0,2,8,1,0,1,8,1,0,2,1,1,1,1,2,6,2,1,1,1,1,3,0,0,0,Normal
2024-10-04,Friday,5,40,10,Post_Monsoon,0,0,0,0,0,0,0,0.0,25.8,18.4,44.2,,0,0,0,86,15,7,7,7,115,121.0,133.0,113.0,122.0,5.88,188.0,147.07,None,0,4,3,6,2,0,2,5,0,0,1,3,8,0,0,28,10,6,2,16,10,0,10,10,2,2,2,6,2,0,2,28,10,3,0,18,10,0,10,0,187,0,12,0,175,12,0,0,234,0,7,0,227,7,0,0,399,0,10,0,389,10,0,0,626,0,19,1,606,19,0,0,183,0,6,0,177,6,0,0,2,8,0,0,1,8,0,0,2,1,1,1,1,2,5,1,1,1,1,1,4,0,0,0,Normal
2024-10-05,Saturday,6,40,10,Post_Monsoon,1,0,0,0,0,0,0,1.3,27.5,18.9,46.2,,0,0,0,76,12,6,11,6,105,115.0,121.0,121.0,122.29,5.47,183.0,141.86,None,0,4,2,4,2,0,2,1,1,2,1,3,5,0,0,28,11,4,0,17,11,0,11,10,3,0,1,6,3,0,3,28,9,1,2,17,9,0,9,0,175,0,10,0,165,10,0,0,227,0,5,0,222,5,0,0,389,0,9,0,380,9,0,0,606,0,16,1,589,16,0,0,577,400,1,1,575,1,0,0,2,12,1,0,1,8,0,0,2,1,1,1,1,2,5,1,1,1,1,1,4,0,0,0,Normal
2024-10-06,Sunday,7,40,10,Post_Monsoon,1,0,1,0,0,0,1,0.3,25.8,16.8,51.3,,0,0,0,78,11,6,18,7,113,105.0,115.0,117.0,120.0,8.19,174.0,136.29,Road_Accident_Surge,2,4,2,3,2,1,4,0,0,2,2,4,7,0,0,28,13,1,2,13,13,0,13,10,1,3,0,9,1,0,1,28,8,4,0,20,8,0,8,0,165,0,11,0,154,11,0,0,222,0,4,0,218,4,0,0,380,0,9,0,371,9,0,0,589,0,15,1,573,15,0,0,575,0,8,1,566,8,0,0,2,8,0,0,1,8,1,0,2,1,3,1,1,2,5,1,1,1,2,3,3,0,0,0,Watch
2024-10-07,Monday,1,41,10,Post_Monsoon,0,0,0,0,0,0,0,0.0,28.1,21.3,54.8,,0,0,0,91,15,5,7,6,118,113.0,105.0,124.0,119.43,8.52,195.0,131.93,None,0,2,8,3,2,2,2,2,0,1,3,5,5,0,0,28,16,1,1,11,16,0,16,10,1,0,0,9,1,0,1,28,7,3,0,21,7,0,7,0,454,300,10,1,443,10,0,0,218,0,4,0,214,4,0,0,371,0,10,0,361,10,0,0,573,0,19,1,553,19,0,0,566,0,10,1,555,10,0,0,2,8,0,0,1,8,0,0,2,1,1,1,1,2,6,1,1,1,1,1,2,0,0,0,Normal
2024-10-08,Tuesday,2,41,10,Post_Monsoon,0,0,0,0,0,1,0,0.1,26.7,19.9,49.0,,0,0,0,90,16,10,7,7,123,118.0,113.0,125.0,118.57,8.31,197.0,126.43,None,0,5,3,4,4,1,4,3,1,2,1,3,8,0,0,28,17,3,0,11,17,0,17,10,2,0,0,8,2,0,2,28,9,0,0,19,9,0,9,0,443,0,12,1,430,12,0,0,214,0,5,0,209,5,0,0,361,0,11,0,350,11,0,0,553,0,20,1,532,20,0,0,555,0,6,1,548,6,0,0,2,12,1,0,1,8,1,0,2,1,1,1,1,2,6,1,1,1,1,1,3,0,0,0,Normal
2024-10-09,Wednesday,3,41,10,Post_Monsoon,0,0,1,1,0,0,2,1.6,22.3,16.7,53.8,,0,0,0,104,17,6,19,9,146,123.0,118.0,133.0,118.29,8.12,138.0,121.14,Road_Accident_Surge,3,8,1,6,2,0,4,2,0,0,1,3,4,0,0,28,16,8,1,11,16,0,16,10,3,0,2,5,3,0,3,28,7,3,2,19,7,0,7,0,430,0,15,1,414,15,0,0,209,0,7,0,202,7,0,0,350,0,13,0,337,13,0,0,532,0,22,1,509,22,0,0,548,0,2,1,545,2,0,0,2,8,0,0,1,8,1,0,3,1,3,1,1,2,6,1,1,1,2,3,3,0,0,0,Watch
2024-10-10,Thursday,4,41,10,Post_Monsoon,0,0,0,0,0,1,0,0.0,26.3,17.8,55.6,,0,0,0,81,16,11,3,6,111,146.0,123.0,121.0,120.14,11.89,130.0,121.71,None,0,4,6,2,4,1,5,5,1,0,2,4,7,0,0,28,13,6,2,13,13,0,13,10,3,2,2,5,3,0,3,28,5,3,2,21,5,0,5,0,414,0,10,1,403,10,0,0,202,0,3,0,199,3,0,0,337,0,10,0,327,10,0,0,509,0,19,1,489,19,0,0,545,0,6,1,538,6,0,0,2,12,1,0,1,8,1,0,2,1,1,1,1,2,5,2,1,1,1,1,3,0,0,0,Normal
2024-10-11,Friday,5,41,10,Post_Monsoon,0,0,0,0,0,0,0,0.3,26.8,18.1,50.7,,0,0,0,86,17,5,7,7,115,111.0,146.0,115.0,118.71,12.29,113.0,120.36,None,0,6,4,3,4,1,1,2,1,1,2,4,4,0,0,28,15,1,1,12,15,0,15,10,3,1,2,5,3,0,3,28,8,0,1,19,8,0,8,0,403,0,12,1,390,12,0,0,199,0,4,0,195,4,0,0,327,0,11,0,316,11,0,0,489,0,20,1,468,20,0,0,538,0,9,1,528,9,0,0,2,12,1,0,1,8,0,0,2,1,1,1,1,2,6,1,1,1,1,1,4,0,0,0,Normal
2024-10-12,Saturday,6,41,10,Post_Monsoon,1,0,1,0,0,0,3,0.0,25.4,18.8,56.8,,0,0,0,80,16,7,20,11,123,115.0,111.0,105.0,118.71,12.29,121.0,120.5,Road_Accident_Surge,3,7,3,5,1,0,2,3,0,2,1,3,8,0,0,28,17,2,0,11,17,0,17,10,3,3,2,5,3,0,3,28,11,1,0,17,11,0,11,0,390,0,17,1,372,17,0,0,195,0,6,0,189,6,0,0,316,0,11,0,305,11,0,0,468,0,19,1,448,19,0,0,528,0,10,1,517,10,0,0,2,8,0,0,1,8,0,0,2,1,3,1,1,2,6,1,1,1,2,3,3,0,0,0,Watch
2024-10-13,Sunday,7,41,10,Post_Monsoon,1,0,0,0,0,0,0,0.0,24.9,17.8,54.7,,0,0,0,69,13,5,10,7,97,123.0,115.0,113.0,121.29,10.96,117.0,120.64,None,0,4,5,2,2,1,2,0,1,2,2,4,8,0,0,28,16,4,0,12,16,0,16,10,0,3,1,9,0,0,0,28,11,4,1,16,11,0,11,0,372,0,11,1,360,11,0,0,189,0,3,0,186,3,0,0,305,0,9,0,296,9,0,0,448,0,16,1,431,16,0,0,517,0,11,1,505,11,0,0,2,12,1,0,1,8,0,0,2,1,1,1,1,2,6,1,1,1,1,1,3,0,0,0,Normal
2024-10-14,Monday,1,42,10,Post_Monsoon,0,0,0,0,0,0,0,2.1,24.5,16.7,50.5,,0,0,0,92,15,5,8,6,120,97.0,123.0,118.0,119.0,13.76,124.0,119.21,None,0,6,5,3,1,0,2,1,0,2,1,3,8,0,0,28,16,5,2,10,16,0,16,10,1,0,2,7,1,0,1,28,9,2,1,18,9,0,9,0,360,0,10,1,349,10,0,0,186,0,4,0,182,4,0,0,296,0,11,0,285,11,0,0,431,0,19,1,411,19,0,0,505,0,2,1,502,2,0,0,2,8,0,0,1,8,0,0,2,1,1,1,1,2,6,1,1,1,1,1,3,0,0,0,Normal
2024-10-15,Tuesday,2,42,10,Post_Monsoon,0,0,0,0,0,1,0,0.0,24.7,16.6,56.1,,0,0,0,88,14,12,7,7,121,120.0,97.0,123.0,119.29,13.76,125.0,118.93,None,0,4,2,3,5,0,6,4,0,2,1,3,7,0,0,28,17,4,1,10,17,0,17,10,2,0,0,8,2,0,2,28,9,1,2,17,9,0,9,0,349,0,11,1,337,11,0,0,182,0,4,0,178,4,0,0,285,0,10,0,275,10,0,0,411,0,18,1,392,18,0,1,502,0,3,0,499,3,0,0,2,8,1,0,1,20,1,1,2,1,1,2,1,2,6,2,1,1,1,1,3,0,0,1,Watch
2024-10-16,Wednesday,3,42,10,Post_Monsoon,0,0,0,1,0,0,1,0.0,23.6,17.5,51.4,,0,0,0,101,14,5,12,9,132,121.0,120.0,146.0,119.0,13.7,133.0,118.64,None,0,5,3,5,1,0,1,3,0,1,1,3,6,0,0,28,19,3,1,8,19,0,19,10,0,2,0,10,0,0,0,28,12,1,0,16,12,0,12,0,337,0,14,1,322,14,0,0,178,0,6,0,172,6,0,0,275,0,11,0,264,11,0,0,392,0,19,1,372,19,0,0,499,0,10,0,489,10,0,0,2,8,0,0,1,8,0,0,3,1,1,1,1,2,6,1,1,1,1,1,4,0,0,0,Normal
2024-10-17,Thursday,4,42,10,Post_Monsoon,0,0,0,0,0,1,0,0.0,27.3,17.5,47.6,,0,0,0,88,12,10,8,7,118,132.0,121.0,111.0,117.0,10.18,121.0,118.57,None,0,5,4,1,2,0,5,5,0,0,1,3,5,0,0,28,22,2,0,6,22,0,22,10,1,0,1,8,1,0,1,28,10,3,3,15,10,0,10,0,322,0,10,1,311,10,0,0,172,0,2,0,170,2,0,0,264,0,10,0,254,10,0,0,372,0,17,1,354,17,0,0,489,0,4,0,485,4,0,0,2,8,1,0,1,8,1,0,2,1,1,1,1,2,6,1,1,1,1,1,3,0,0,0,Normal
2024-10-18,Friday,5,42,10,Post_Monsoon,0,0,0,0,0,0,0,0.0,25.3,17.2,58.8,,0,0,0,85,16,5,6,5,112,118.0,132.0,115.0,118.0,9.89,115.0,118.36,None,0,4,8,2,2,2,4,1,0,0,3,5,8,0,0,28,17,7,0,11,17,0,17,10,2,1,2,6,2,0,2,28,8,3,0,20,8,0,8,0,311,0,9,1,301,9,0,0,170,0,3,0,167,3,0,0,254,0,11,0,243,11,0,0,354,0,20,1,333,20,0,0,485,0,8,0,477,8,0,0,2,8,0,0,1,8,1,0,2,1,1,1,1,2,6,1,1,1,1,1,3,0,0,0,Normal
2024-10-19,Saturday,6,42,10,Post_Monsoon,1,0,0,0,0,0,0,0.0,25.9,18.8,54.5,,0,0,0,75,16,6,9,8,106,112.0,118.0,123.0,117.57,10.07,105.0,118.14,None,0,6,5,2,3,2,2,1,2,1,2,4,6,0,0,28,22,0,0,6,22,0,22,10,3,1,2,5,3,0,3,28,8,1,0,20,8,0,8,0,301,0,13,1,287,13,0,0,167,0,3,0,164,3,0,0,243,0,11,0,232,11,0,0,333,0,19,1,313,19,0,0,477,0,6,0,471,6,0,0,2,20,1,1,1,8,0,0,2,1,1,1,2,2,6,1,1,1,1,1,4,0,0,1,Watch
2024-10-20,Sunday,7,42,10,Post_Monsoon,1,0,0,0,0,0,0,0.5,28.8,19.6,47.9,,0,0,0,69,11,5,12,6,97,106.0,112.0,97.0,115.14,10.51,113.0,118.21,None,0,6,2,2,1,1,2,2,0,1,1,3,8,0,0,28,20,6,2,6,20,0,20,10,1,2,1,8,1,0,1,28,10,0,2,16,10,0,10,0,287,0,9,1,277,9,0,0,164,0,3,0,161,3,0,0,232,0,8,0,224,8,0,0,1013,700,14,2,997,14,0,0,471,0,6,0,465,6,0,0,2,8,0,0,1,8,0,0,2,1,1,1,1,2,6,1,1,1,1,1,4,0,0,0,Normal
2024-10-21,Monday,1,43,10,Post_Monsoon,0,0,0,0,0,0,0,2.5,24.4,16.6,49.2,,0,0,0,94,16,4,6,6,120,97.0,106.0,120.0,115.14,10.51,118.0,117.07,None,0,5,6,3,2,0,1,1,0,2,1,3,7,0,0,28,21,2,1,6,21,0,21,10,1,0,0,9,1,0,1,28,10,3,0,18,10,0,10,0,277,0,10,1,266,10,0,0,161,0,4,0,157,4,0,0,224,0,11,0,213,11,0,0,997,0,20,2,975,20,0,0,465,0,9,0,456,9,0,0,2,8,0,0,1,8,0,0,2,1,1,1,1,2,6,1,1,1,1,1,3,0,0,0,Normal
2024-10-22,Tuesday,2,43,10,Post_Monsoon,0,0,0,0,0,1,0,0.0,24.4,15.3,50.6,,0,0,0,91,15,9,8,8,123,120.0,97.0,121.0,115.14,10.51,123.0,117.21,None,0,3,3,3,6,0,4,4,0,1,1,3,7,0,0,28,26,1,1,1,26,0,26,10,1,0,0,9,1,0,1,28,10,2,2,16,10,0,10,0,266,0,13,1,252,13,0,0,157,0,4,0,153,4,0,0,213,0,10,0,203,10,0,1,975,0,19,2,954,19,0,0,456,0,6,0,450,6,0,0,2,8,0,0,1,8,1,0,2,1,1,1,1,2,7,1,1,1,1,1,2,0,0,0,Normal
2024-10-23,Wednesday,3,43,10,Post_Monsoon,0,0,1,1,0,0,2,0.0,23.8,15.1,56.2,,0,0,0,107,18,5,20,8,150,123.0,120.0,132.0,115.43,10.69,146.0,117.21,Road_Accident_Surge,3,9,6,2,1,0,2,2,0,1,2,4,5,0,0,28,22,7,1,5,22,0,22,10,4,1,0,6,4,0,4,28,9,2,2,17,9,0,9,0,252,0,13,0,239,13,0,0,153,0,4,0,149,4,0,0,203,0,13,0,190,13,0,0,954,0,23,2,929,23,0,0,450,0,5,0,445,5,0,0,2,8,0,0,1,8,0,0,3,1,3,1,1,2,6,1,1,1,2,3,3,0,0,0,Watch
2024-10-24,Thursday,4,43,10,Post_Monsoon,0,0,1,0,0,1,3,0.1,25.6,16.1,50.7,,0,0,0,92,12,11,18,9,133,150.0,123.0,118.0,118.0,15.46,111.0,117.5,Road_Accident_Surge,2,5,4,2,1,1,8,1,1,1,2,4,6,0,0,28,22,2,2,4,22,0,22,10,7,0,2,1,7,0,7,28,10,3,0,18,10,0,10,0,239,0,13,0,226,13,0,0,149,0,3,0,146,3,0,0,190,0,10,0,180,10,0,0,929,0,17,2,910,17,0,0,445,0,11,0,434,11,0,0,2,12,1,0,1,20,1,1,2,1,3,2,1,2,7,2,1,1,2,3,2,1,1,2,Watch
2024-10-25,Friday,5,43,10,Post_Monsoon,0,0,0,0,0,0,0,0.3,24.5,16.8,55.0,,0,0,0,88,18,7,7,8,120,133.0,150.0,112.0,120.14,16.33,115.0,119.07,None,0,4,11,3,0,2,2,1,2,2,3,5,6,0,0,28,20,7,2,6,20,0,20,10,4,5,1,5,4,0,4,28,9,2,1,18,9,0,9,0,226,0,13,0,213,13,0,0,146,0,4,0,142,4,0,0,180,0,12,0,168,12,0,0,910,0,21,2,887,21,0,0,434,0,9,0,425,9,0,0,2,20,1,1,1,8,0,0,2,1,1,1,2,2,6,1,1,1,1,1,4,0,0,1,Watch
2024-10-26,Saturday,6,43,10,Post_Monsoon,1,0,0,0,0,0,0,1.8,27.2,20.5,55.1,,0,0,0,73,11,5,9,4,98,120.0,133.0,106.0,121.29,16.0,123.0,119.43,None,0,4,4,1,2,2,4,1,0,0,2,4,7,0,0,28,20,3,2,6,20,0,20,10,4,0,1,5,4,0,4,28,10,0,0,18,10,0,10,0,213,0,7,0,206,7,0,0,142,0,2,0,140,2,0,0,168,0,8,0,160,8,0,0,887,0,15,2,870,15,0,0,425,0,6,0,419,6,0,0,2,8,0,0,1,8,1,0,2,1,1,1,1,2,6,1,1,1,1,1,4,0,0,0,Normal
2024-10-27,Sunday,7,43,10,Post_Monsoon,1,0,0,0,0,0,0,0.5,24.2,16.2,51.5,,0,0,0,71,11,5,11,6,98,98.0,120.0,97.0,120.14,17.28,97.0,117.64,None,0,3,4,3,1,0,1,1,1,2,1,3,7,0,0,28,21,3,2,5,21,0,21,10,3,2,2,5,3,0,3,28,10,1,3,15,10,0,10,0,206,0,10,0,196,10,0,1,140,0,4,0,136,4,0,0,160,0,8,0,152,8,0,0,870,0,14,2,854,14,0,0,419,0,4,0,415,4,0,0,2,12,1,0,1,8,0,0,2,1,1,1,1,2,6,1,1,1,1,1,2,0,0,0,Normal
2024-10-28,Monday,1,44,10,Post_Monsoon,0,0,0,0,0,0,0,0.0,25.3,14.6,57.9,,0,0,0,95,19,7,7,5,128,98.0,98.0,120.0,120.29,17.09,120.0,117.71,None,0,9,3,4,3,0,3,2,1,1,1,3,4,0,0,28,18,5,2,8,18,0,18,10,4,0,1,5,4,0,4,28,11,1,1,16,11,0,11,0,196,0,10,0,186,10,0,0,136,0,6,0,130,6,0,0,432,280,13,0,419,13,0,0,854,0,23,2,829,23,0,0,415,0,6,0,409,6,0,0,2,12,1,0,1,8,0,0,2,1,1,1,1,2,6,1,1,1,1,1,2,0,0,0,Normal
2024-10-29,Tuesday,2,44,10,Post_Monsoon,0,0,0,0,0,1,0,0.0,23.0,12.3,43.6,,0,0,0,91,12,9,4,6,116,128.0,98.0,123.0,121.43,17.3,121.0,118.29,None,0,5,2,4,1,1,3,4,1,1,1,3,5,0,0,28,18,6,0,10,18,0,18,10,2,2,0,8,2,0,2,28,8,3,1,19,8,0,8,0,186,0,10,0,176,10,0,0,130,0,5,0,125,5,0,1,419,0,10,0,409,10,0,0,829,0,17,2,810,17,0,0,409,0,2,0,407,2,0,0,2,12,1,0,1,8,0,0,2,1,1,1,1,2,6,1,1,1,1,1,4,0,0,0,Normal
2024-10-30,Wednesday,3,44,10,Post_Monsoon,0,0,0,1,0,0,1,0.0,23.6,17.4,52.3,,0,0,0,97,15,6,14,8,132,116.0,128.0,150.0,120.43,17.39,132.0,117.93,None,0,7,2,5,1,0,3,3,0,0,1,3,4,0,0,28,15,7,2,11,15,0,15,10,2,2,2,6,2,0,2,28,8,2,0,20,8,0,8,0,176,0,13,0,163,13,0,0,125,0,6,0,119,6,0,0,409,0,12,0,397,12,0,0,810,0,20,2,788,20,0,0,407,0,5,0,402,5,0,0,2,8,0,0,1,8,0,0,3,1,2,1,1,2,6,1,1,1,2,2,4,0,0,0,Normal
2024-10-31,Thursday,4,44,10,Post_Monsoon,0,0,0,0,0,1,0,0.2,22.9,14.1,51.9,,0,0,0,82,19,11,7,7,119,132.0,116.0,133.0,117.86,13.78,118.0,117.93,None,0,6,8,3,2,3,6,4,0,1,4,6,6,0,0,28,17,3,2,9,17,0,17,10,1,1,1,8,1,0,1,28,9,1,1,18,9,0,9,0,163,0,12,0,151,12,0,0,119,0,5,0,114,5,0,0,397,0,12,0,385,12,0,0,788,0,22,2,764,22,0,0,402,0,10,0,392,10,0,0,2,8,1,0,1,20,1,1,2,1,1,2,1,2,6,2,1,1,1,1,4,0,0,1,Watch
2024-11-01,Friday,5,44,11,Post_Monsoon,0,0,0,0,0,0,0,1.6,24.6,17.4,45.9,,0,0,0,85,14,4,7,6,110,119.0,132.0,120.0,115.86,12.38,112.0,118.0,None,0,4,7,2,1,1,2,1,0,1,2,4,7,0,0,28,13,5,2,13,13,0,13,10,3,0,2,5,3,0,3,28,9,3,2,17,9,0,9,0,451,300,10,1,440,10,0,0,114,0,3,0,111,3,0,0,385,0,10,0,375,10,0,0,764,0,18,1,745,18,0,0,392,0,10,0,382,10,0,0,2,8,0,0,1,8,0,0,2,1,1,1,1,2,6,1,1,1,1,1,2,0,0,0,Normal
2024-11-02,Saturday,6,44,11,Post_Monsoon,1,0,0,0,0,0,0,0.1,23.5,16.4,54.8,,0,0,0,75,19,4,8,6,106,110.0,119.0,98.0,114.43,12.4,106.0,117.86,None,0,6,5,5,3,0,0,1,0,3,1,3,5,0,0,28,13,3,2,13,13,0,13,10,3,1,2,5,3,0,3,28,10,1,0,18,10,0,10,0,440,0,12,1,427,12,0,0,111,0,6,0,105,6,0,0,375,0,12,0,363,12,0,0,745,0,21,1,723,21,0,0,382,0,6,0,376,6,0,0,2,8,0,0,1,8,0,0,2,1,1,1,1,2,6,1,1,1,1,1,2,0,0,0,Normal
2024-11-03,Sunday,7,44,11,Post_Monsoon,1,0,0,0,0,0,0,2.3,22.7,16.0,49.6,,0,0,0,71,10,5,10,6,96,106.0,110.0,98.0,115.57,11.13,97.0,117.86,None,0,3,4,3,0,0,5,0,0,0,1,3,7,0,0,28,12,2,1,15,12,0,12,10,5,0,0,5,5,0,5,28,11,2,2,15,11,0,11,0,427,0,10,1,416,10,0,0,355,250,4,1,350,4,0,0,363,0,8,0,355,8,0,0,723,0,14,1,708,14,0,0,376,0,8,0,368,8,0,0,2,8,0,0,1,8,1,0,2,1,1,1,1,2,6,1,1,1,1,1,3,0,0,0,Normal
2024-11-04,Monday,1,45,11,Post_Monsoon,0,0,1,0,0,0,3,0.0,23.7,14.1,54.0,,0,0,0,96,13,7,19,9,135,96.0,106.0,128.0,115.29,11.6,120.0,117.79,Road_Accident_Surge,3,5,2,4,2,1,4,3,0,0,2,4,4,0,0,28,15,3,0,13,15,0,15,10,3,3,0,7,3,0,3,28,13,0,2,13,13,0,13,0,416,0,14,1,401,14,0,0,350,0,5,1,344,5,0,0,355,0,10,0,345,10,0,0,708,0,18,1,689,18,0,0,368,0,6,0,362,6,0,0,2,8,0,0,1,8,1,0,2,1,3,1,1,2,6,1,1,1,2,3,2,1,1,1,Watch
2024-11-05,Tuesday,2,45,11,Post_Monsoon,0,0,1,0,0,1,3,0.9,24.4,18.9,52.6,,0,0,0,98,16,12,19,12,145,135.0,96.0,116.0,116.29,12.88,123.0,118.86,Road_Accident_Surge,3,4,5,3,4,1,5,5,2,0,2,4,8,0,0,28,18,2,2,8,18,0,18,10,4,1,1,5,4,0,4,28,11,7,0,17,11,0,11,0,401,0,18,1,382,18,0,0,344,0,4,1,339,4,0,0,345,0,11,0,334,11,0,0,689,0,21,1,667,21,0,0,362,0,13,0,349,13,0,0,2,20,1,1,1,8,1,0,3,1,3,1,2,2,6,2,1,1,2,3,4,0,0,1,Watch
2024-11-06,Wednesday,3,45,11,Post_Monsoon,0,0,0,1,0,0,1,0.8,22.4,16.3,60.2,,0,0,0,100,17,5,13,9,135,145.0,135.0,132.0,120.43,16.33,150.0,120.43,None,0,5,3,6,3,1,3,1,0,1,2,4,7,0,0,28,15,9,2,11,15,0,15,10,3,2,1,6,3,0,3,28,10,3,2,16,10,0,10,0,382,0,15,1,366,15,0,0,339,0,7,1,331,7,0,0,334,0,12,0,322,12,0,0,667,0,22,1,644,22,0,0,349,0,6,0,343,6,0,0,2,8,0,0,1,8,0,0,3,1,2,1,1,2,6,1,1,1,1,1,3,0,0,0,Normal
2024-11-07,Thursday,4,45,11,Post_Monsoon,0,0,0,0,0,1,0,0.0,26.1,18.1,46.8,,0,0,0,91,15,8,5,6,119,135.0,145.0,119.0,120.86,16.66,133.0,119.36,None,0,7,3,2,3,1,7,1,0,0,1,3,7,0,0,28,17,1,2,9,17,0,17,10,4,0,2,4,4,0,4,28,11,1,0,17,11,0,11,0,366,0,10,1,355,10,0,0,331,0,3,1,327,3,0,0,322,0,11,0,311,11,0,0,644,0,19,1,624,19,0,0,343,0,6,0,337,6,0,0,2,8,0,0,1,20,1,1,2,1,1,2,1,2,6,1,1,1,1,1,4,0,0,1,Watch
2024-11-08,Friday,5,45,11,Post_Monsoon,0,0,0,0,0,0,0,0.0,22.3,14.7,49.3,,0,0,0,84,16,5,9,6,114,119.0,135.0,110.0,120.86,16.66,120.0,118.36,None,0,5,3,4,4,0,2,2,0,1,1,3,7,0,0,28,16,5,2,10,16,0,16,10,1,3,0,9,1,0,1,28,9,4,0,19,9,0,9,0,355,0,11,1,343,11,0,0,327,0,5,1,321,5,0,0,311,0,11,0,300,11,0,0,624,0,20,1,603,20,0,0,337,0,6,0,331,6,0,0,2,8,0,0,1,8,0,0,2,1,1,1,1,2,6,1,1,1,1,1,4,0,0,0,Normal
2024-11-09,Saturday,6,45,11,Post_Monsoon,1,0,0,0,0,0,0,0.0,25.6,19.9,48.1,,0,0,0,70,16,6,10,6,102,114.0,119.0,106.0,121.43,16.34,98.0,117.93,None,0,5,2,3,6,1,3,1,1,1,1,3,5,0,0,28,15,3,0,13,15,0,15,10,0,1,2,8,0,0,0,28,11,2,0,17,11,0,11,0,343,0,10,1,332,10,0,0,321,0,4,1,316,4,0,0,300,0,10,0,290,10,0,0,603,0,18,1,584,18,0,0,331,0,10,0,321,10,0,0,2,12,1,0,1,8,0,0,2,1,1,1,1,2,6,1,1,1,1,1,3,0,0,0,Normal
2024-11-10,Sunday,7,45,11,Post_Monsoon,1,0,0,0,0,0,0,0.0,20.6,13.0,56.6,,0,0,0,71,14,4,12,7,101,102.0,114.0,96.0,120.86,16.93,98.0,118.21,None,0,3,4,5,2,2,2,1,0,1,2,4,8,0,0,28,12,6,1,15,12,0,12,10,1,0,2,7,1,0,1,28,8,6,1,19,8,0,8,0,332,0,12,1,319,12,0,0,316,0,6,1,309,6,0,0,290,0,9,0,281,9,0,0,584,0,17,1,566,17,0,0,321,0,10,0,311,10,0,0,2,8,0,0,1,8,0,0,2,1,1,1,1,2,5,1,1,1,1,1,3,0,0,0,Normal
2024-11-11,Monday,1,46,11,Post_Monsoon,0,0,1,0,0,0,3,0.1,24.2,17.1,48.8,,0,0,0,94,12,5,19,8,130,101.0,102.0,135.0,121.57,15.95,128.0,118.43,Road_Accident_Surge,3,4,5,3,0,0,3,1,1,0,1,3,7,0,0,28,11,4,0,17,11,0,11,10,2,1,2,6,2,0,2,28,11,0,2,15,11,0,11,0,319,0,12,1,306,12,0,0,309,0,4,1,304,4,0,0,281,0,10,0,271,10,0,0,566,0,17,1,548,17,0,0,311,0,8,0,303,8,0,0,2,12,1,0,1,8,0,0,2,1,3,1,1,2,6,1,1,1,2,3,2,1,1,1,Watch
2024-11-12,Tuesday,2,46,11,Post_Monsoon,0,0,0,0,0,1,0,1.5,23.4,15.1,48.4,,0,0,0,95,16,11,4,6,126,130.0,101.0,145.0,120.86,15.43,116.0,118.57,None,0,8,4,1,3,1,3,5,2,1,1,3,4,0,0,28,10,4,0,18,10,0,10,10,2,0,1,7,2,0,2,28,10,4,1,17,10,0,10,0,306,0,10,1,295,10,0,0,304,0,2,1,301,2,0,0,271,0,12,0,259,12,0,0,548,0,20,1,527,20,0,0,303,0,9,0,294,9,0,0,2,20,1,1,1,8,0,0,2,1,1,1,2,2,5,2,1,1,1,1,4,0,0,1,Watch
2024-11-13,Wednesday,3,46,11,Post_Monsoon,0,0,0,1,0,0,1,0.0,22.6,11.7,55.4,,0,0,0,100,16,4,8,7,128,126.0,130.0,135.0,118.14,12.3,132.0,119.29,None,0,7,6,2,1,0,3,1,0,0,1,3,8,0,0,28,14,1,2,12,14,0,14,10,3,0,0,7,3,0,3,28,8,3,2,18,8,0,8,0,295,0,11,1,283,11,0,0,301,0,3,1,297,3,0,0,259,0,12,0,247,12,0,0,527,0,21,1,505,21,0,0,294,0,5,0,289,5,0,0,2,8,0,0,1,8,0,0,3,1,1,1,1,2,6,1,1,1,1,1,3,0,0,0,Normal
2024-11-14,Thursday,4,46,11,Post_Monsoon,0,0,0,0,0,1,0,0.3,22.0,16.2,50.8,,0,0,0,89,10,10,8,7,117,128.0,126.0,119.0,117.14,11.12,119.0,119.0,None,0,3,3,2,2,0,4,5,0,1,1,3,7,0,0,28,15,3,0,13,15,0,15,10,3,2,2,5,3,0,3,28,5,4,2,21,5,0,5,0,283,0,10,1,272,10,0,0,297,0,3,1,293,3,0,0,247,0,9,0,238,9,0,0,505,0,15,1,489,15,0,0,289,0,4,0,285,4,0,0,2,8,1,0,1,8,1,0,2,1,1,1,1,2,5,1,1,1,1,1,2,0,0,0,Normal
2024-11-15,Friday,5,46,11,Post_Monsoon,0,0,0,0,0,0,0,0.0,24.2,14.9,54.0,,0,0,0,80,20,4,7,6,111,117.0,128.0,114.0,116.86,11.09,110.0,118.86,None,0,7,7,5,1,1,3,0,0,1,2,4,5,0,0,28,18,0,1,9,18,0,18,10,4,0,0,6,4,0,4,28,7,0,1,20,7,0,7,0,272,0,12,1,259,12,0,0,293,0,6,1,286,6,0,0,238,0,12,0,226,12,0,0,489,0,22,1,466,22,0,0,285,0,8,0,277,8,0,0,2,8,0,0,1,8,0,0,2,1,1,1,1,2,6,1,1,1,1,1,2,0,0,0,Normal
2024-11-16,Saturday,6,46,11,Post_Monsoon,1,0,0,0,0,0,0,0.0,24.3,15.0,55.4,,0,0,0,80,10,6,10,7,106,111.0,117.0,102.0,116.43,11.25,106.0,118.93,None,0,5,1,1,3,0,5,1,0,0,0,2,8,0,0,28,20,1,0,8,20,0,20,10,6,0,1,3,6,0,6,28,9,0,0,19,9,0,9,0,259,0,10,0,249,10,0,0,286,0,2,1,283,2,0,0,226,0,8,0,218,8,0,0,466,0,14,1,451,14,0,0,277,0,4,0,273,4,0,0,2,8,0,0,1,8,1,0,2,1,1,1,1,2,6,1,1,1,1,1,2,0,0,0,Normal
2024-11-17,Sunday,7,46,11,Post_Monsoon,1,0,0,0,0,0,0,0.1,23.8,15.8,55.9,,0,0,0,63,15,5,10,5,93,106.0,111.0,101.0,117.0,10.58,96.0,118.93,None,0,3,3,4,5,0,4,0,1,0,1,3,5,0,0,28,18,3,3,7,18,0,18,10,4,3,1,5,4,0,4,28,10,2,1,17,10,0,10,0,249,0,9,0,240,9,0,0,283,0,5,1,277,5,0,0,218,0,9,0,209,9,0,0,451,0,17,1,433,17,0,0,273,0,8,0,265,8,0,0,2,12,1,0,1,8,1,0,2,1,1,1,1,2,6,1,1,1,1,1,4,0,0,0,Normal
2024-11-18,Monday,1,47,11,Post_Monsoon,0,0,0,0,0,0,0,1.4,24.3,18.0,54.3,,0,0,0,93,15,6,8,7,122,93.0,106.0,130.0,115.86,12.51,135.0,118.71,None,0,7,4,1,3,0,4,0,1,1,1,3,7,0,0,28,19,4,0,9,19,0,19,10,1,4,0,9,1,0,1,28,9,2,0,19,9,0,9,0,240,0,11,0,229,11,0,0,277,0,2,1,274,2,0,0,209,0,11,0,198,11,0,1,433,0,19,1,413,19,0,0,265,0,4,0,261,4,0,0,2,12,1,0,1,8,1,0,2,1,1,1,1,2,6,1,1,1,1,1,2,0,0,0,Normal
2024-11-19,Tuesday,2,47,11,Post_Monsoon,0,0,0,0,0,1,0,2.4,19.9,12.1,54.0,,0,0,0,95,20,11,7,9,133,122.0,93.0,126.0,114.71,11.49,145.0,117.79,None,0,6,8,4,2,1,3,6,1,1,2,4,7,0,0,28,23,4,0,5,23,0,23,10,1,0,1,8,1,0,1,28,6,4,1,21,6,0,6,0,229,0,15,0,214,15,0,0,274,0,6,1,267,6,0,0,198,0,13,0,185,13,0,0,413,0,24,1,388,24,0,1,261,0,7,0,254,7,0,0,2,12,1,0,1,8,0,0,2,1,1,1,1,2,6,2,1,1,1,1,4,0,0,0,Normal
2024-11-20,Wednesday,3,47,11,Post_Monsoon,0,0,0,1,0,0,1,0.0,23.1,15.7,53.5,,0,0,0,98,16,6,12,8,132,133.0,122.0,128.0,115.71,12.67,135.0,116.93,None,0,6,4,6,0,0,1,1,0,4,1,3,8,0,0,28,25,5,0,3,25,0,25,10,0,1,1,9,0,0,0,28,4,3,2,22,4,0,4,0,214,0,14,0,200,14,0,1,267,0,7,1,259,7,0,0,185,0,12,0,173,12,0,0,388,0,21,1,366,21,0,0,254,0,4,0,250,4,0,0,2,8,0,0,1,8,0,0,3,1,1,1,1,2,6,1,1,1,1,1,4,0,0,0,Normal
2024-11-21,Thursday,4,47,11,Post_Monsoon,0,0,0,0,0,1,0,0.7,20.6,13.7,54.8,,0,0,0,87,13,10,7,7,117,132.0,133.0,117.0,116.29,13.28,119.0,116.71,None,0,5,4,3,1,1,5,4,1,0,2,4,6,0,0,28,22,7,2,4,22,0,22,10,0,0,2,8,0,0,0,28,5,2,1,22,5,0,5,0,200,0,11,0,189,11,0,0,259,0,4,1,254,4,0,0,173,0,10,0,163,10,0,0,366,0,17,1,348,17,0,0,250,0,9,0,241,9,0,0,2,12,1,0,1,8,1,0,2,1,1,1,1,2,6,1,1,1,1,1,2,0,0,0,Normal
2024-11-22,Friday,5,47,11,Post_Monsoon,0,0,0,0,0,0,0,0.0,23.6,15.1,61.3,,0,0,0,81,16,6,6,7,109,117.0,132.0,111.0,116.29,13.28,114.0,116.57,None,0,8,4,3,1,2,5,1,0,0,2,4,8,0,0,28,16,11,1,11,16,0,16,10,0,0,1,9,0,0,0,28,7,0,1,20,7,0,7,0,189,0,12,0,177,12,0,0,254,0,4,0,250,4,0,0,163,0,11,0,152,11,0,0,348,0,19,1,328,19,0,0,241,0,8,0,233,8,0,0,2,8,0,0,1,8,1,0,2,1,1,1,1,2,5,1,1,1,1,1,2,0,0,0,Normal
2024-11-23,Saturday,6,47,11,Post_Monsoon,1,0,0,0,0,0,0,1.2,22.6,13.2,54.7,,0,0,0,77,17,4,10,6,108,109.0,117.0,106.0,116.0,13.42,102.0,116.21,None,0,7,3,6,1,0,2,2,0,0,1,3,5,0,0,28,18,2,1,9,18,0,18,10,0,0,2,8,0,0,0,28,8,1,1,19,8,0,8,0,177,0,12,0,165,12,0,0,250,0,7,0,243,7,0,0,152,0,11,0,141,11,0,0,328,0,20,1,307,20,0,0,233,0,6,0,227,6,0,1,2,8,0,0,1,8,0,0,2,1,1,1,1,2,6,1,1,1,1,1,4,0,0,0,Normal
2024-11-24,Sunday,7,47,11,Post_Monsoon,1,0,0,0,0,0,0,0.2,21.7,13.3,53.7,,0,0,0,75,10,5,12,5,102,108.0,109.0,93.0,116.29,13.22,101.0,116.64,None,0,4,1,4,1,0,3,0,0,2,1,3,8,0,0,28,20,2,1,7,20,0,20,10,1,0,2,7,1,0,1,28,5,3,0,23,5,0,5,0,165,0,9,0,156,9,0,0,243,0,5,0,238,5,0,0,421,280,8,0,413,8,0,0,1007,700,14,2,991,14,0,0,227,0,0,0,227,0,0,0,2,8,0,0,1,8,0,0,2,1,1,1,1,2,6,1,1,1,1,1,3,0,0,0,Normal
2024-11-25,Monday,1,48,11,Post_Monsoon,0,0,0,0,0,0,0,1.5,23.8,14.6,44.2,,0,0,0,98,14,4,8,6,124,102.0,108.0,122.0,117.57,11.17,130.0,116.71,None,0,6,1,3,4,1,0,2,0,2,1,3,5,0,0,28,12,11,2,14,12,0,12,10,2,0,1,7,2,0,2,28,6,1,2,20,6,0,6,0,456,300,10,1,445,10,0,0,238,0,4,0,234,4,0,0,413,0,11,0,402,11,0,0,991,0,19,2,970,19,0,0,227,0,5,0,222,5,0,0,2,8,0,0,1,8,0,0,3,1,1,1,1,2,5,1,1,1,1,1,4,0,0,0,Normal
2024-11-26,Tuesday,2,48,11,Post_Monsoon,0,0,0,0,0,1,0,0.0,23.3,14.9,57.7,,0,0,0,84,16,9,8,7,117,124.0,102.0,133.0,117.86,11.31,126.0,116.29,None,0,7,2,4,3,0,5,3,1,0,1,3,8,0,0,28,14,3,0,14,14,0,14,10,1,1,2,7,1,0,1,28,5,3,2,21,5,0,5,0,445,0,12,1,432,12,0,0,234,0,5,0,229,5,0,0,402,0,11,0,391,11,0,0,970,0,20,2,948,20,0,0,222,0,5,0,217,5,0,0,2,12,1,0,1,8,1,0,2,1,1,1,1,2,5,1,1,1,1,1,4,0,0,0,Normal
2024-11-27,Wednesday,3,48,11,Post_Monsoon,0,0,0,1,0,0,1,1.0,22.0,13.1,53.1,,0,0,0,100,13,6,14,9,133,117.0,124.0,132.0,115.57,9.48,128.0,115.64,None,0,2,5,5,1,0,5,0,0,1,1,3,7,0,0,28,16,4,1,11,16,0,16,10,2,0,2,6,2,0,2,28,6,1,2,20,6,0,6,0,432,0,14,1,417,14,0,0,229,0,6,0,223,6,0,0,391,0,10,0,381,10,0,0,948,0,18,2,928,18,0,0,217,0,6,0,211,6,0,0,2,8,0,0,1,8,1,0,3,1,2,1,1,2,6,1,1,1,2,2,2,0,0,0,Normal
2024-11-28,Thursday,4,48,11,Post_Monsoon,0,0,0,0,0,1,0,1.1,25.0,14.5,55.8,,0,0,0,87,18,11,4,6,120,133.0,117.0,117.0,115.71,9.74,117.0,116.0,None,0,10,2,3,3,1,3,4,2,2,1,3,7,0,0,28,8,10,0,20,8,0,8,10,3,1,1,6,3,0,3,28,7,1,1,20,7,0,7,0,417,0,11,1,405,11,0,0,223,0,4,0,219,4,0,0,381,0,13,0,368,13,0,0,928,0,21,2,905,21,0,0,211,0,6,0,205,6,0,0,2,20,1,1,1,8,0,0,2,1,1,1,2,2,5,2,1,1,1,1,2,0,0,1,Watch
2024-11-29,Friday,5,48,11,Post_Monsoon,0,0,0,0,0,0,0,0.0,23.4,16.7,57.7,,0,0,0,86,17,6,8,8,117,120.0,133.0,109.0,116.14,9.85,111.0,116.21,None,0,4,4,6,3,1,5,1,0,0,2,4,4,0,0,28,12,1,2,14,12,0,12,10,1,2,1,8,1,0,1,28,10,0,2,16,10,0,10,0,405,0,14,1,390,14,0,0,219,0,7,0,212,7,0,0,368,0,11,0,357,11,0,0,905,0,20,2,883,20,0,0,205,0,9,0,196,9,0,0,2,8,0,0,1,8,1,0,2,1,1,1,1,2,5,1,1,1,1,1,4,0,0,0,Normal
2024-11-30,Saturday,6,48,11,Post_Monsoon,1,0,0,0,0,0,0,0.8,18.4,9.9,48.6,,0,0,0,81,16,5,8,7,110,117.0,120.0,108.0,117.29,9.41,106.0,116.64,None,0,6,9,1,0,1,1,0,2,2,2,4,6,0,0,28,12,3,2,14,12,0,12,10,4,0,1,5,4,0,4,28,7,4,0,21,7,0,7,0,390,0,11,1,378,11,0,0,212,0,2,0,210,2,0,0,357,0,11,0,346,11,0,0,883,0,19,2,862,19,0,0,596,400,7,1,588,7,0,0,2,20,1,1,1,8,0,0,2,1,1,1,2,2,5,1,1,1,1,1,2,0,0,1,Watch
2024-12-01,Sunday,7,48,12,Winter,1,0,0,0,0,0,0,0.0,23.5,15.7,46.7,,0,0,0,78,17,4,9,6,108,110.0,117.0,102.0,117.57,9.15,93.0,116.93,None,0,0,9,5,3,1,1,1,0,2,2,4,4,0,0,28,16,1,2,10,16,0,16,10,2,3,0,8,2,0,2,28,6,1,1,21,6,0,6,0,378,0,11,1,366,11,0,0,210,0,6,0,204,6,0,0,346,0,10,0,336,10,0,0,862,0,20,2,840,20,0,0,588,0,5,1,582,5,0,0,2,8,0,0,1,8,0,0,2,1,1,1,1,2,6,1,1,1,1,1,4,0,0,0,Normal
2024-12-02,Monday,1,49,12,Winter,0,0,0,0,0,0,0,0.4,20.3,12.7,60.4,,0,0,0,92,15,6,9,6,122,108.0,110.0,124.0,118.43,7.84,122.0,118.0,None,0,7,2,2,4,1,3,2,0,1,1,3,8,0,0,28,18,3,0,10,18,0,18,10,1,2,0,9,1,0,1,28,5,1,2,21,5,0,5,0,366,0,10,1,355,10,0,0,204,0,3,0,201,3,0,0,336,0,11,0,325,11,0,0,840,0,19,2,819,19,0,0,582,0,2,1,579,2,0,0,2,8,0,0,1,8,0,0,2,1,1,1,1,2,6,1,1,1,1,1,4,0,0,0,Normal
2024-12-03,Tuesday,2,49,12,Winter,0,0,0,0,0,1,0,0.0,23.7,16.7,53.1,,0,0,0,93,20,10,4,7,127,122.0,108.0,117.0,118.14,7.66,133.0,118.0,None,0,4,9,3,4,1,3,6,0,1,2,4,5,0,0,28,20,3,2,6,20,0,20,10,2,0,0,8,2,0,2,28,6,0,1,21,6,0,6,0,355,0,12,1,342,12,0,0,201,0,5,0,196,5,0,0,325,0,12,0,313,12,0,0,819,0,23,2,794,23,0,0,579,0,7,1,571,7,0,0,2,8,1,0,1,8,0,0,2,1,1,1,1,2,6,1,1,1,1,1,3,0,0,0,Normal
2024-12-04,Wednesday,3,49,12,Winter,0,0,0,1,0,0,1,0.0,22.7,14.5,54.4,,0,1,6,106,12,6,77,21,201,127.0,122.0,133.0,119.57,8.23,132.0,117.57,Mass_Casualty,4,3,4,4,1,1,2,2,1,1,4,6,8,0,0,28,24,3,0,4,24,0,24,10,9,0,1,0,11,2,11,28,11,0,1,16,11,0,11,2,342,0,28,1,313,28,0,0,196,0,5,0,191,5,0,0,313,0,10,0,303,10,0,0,794,0,18,2,774,18,0,0,571,0,17,1,553,17,0,0,2,12,1,0,1,8,0,0,3,1,3,1,1,3,7,1,1,1,4,4,2,2,1,2,Critical
2024-12-05,Thursday,4,49,12,Winter,0,0,0,0,1,1,0,0.1,22.1,14.3,56.0,,0,0,0,89,14,14,8,8,125,201.0,127.0,120.0,129.29,29.91,117.0,122.5,None,0,3,4,5,2,1,5,4,0,5,2,4,8,0,0,28,21,7,1,6,21,0,21,10,8,5,2,0,8,0,8,28,11,2,1,16,11,0,11,0,313,0,13,1,299,13,0,0,191,0,6,0,185,6,0,0,303,0,10,0,293,10,0,0,774,0,18,2,754,18,0,0,553,0,7,1,545,7,0,0,2,16,1,1,1,8,1,0,2,1,1,1,2,2,7,2,1,1,1,1,4,0,0,1,Watch
2024-12-06,Friday,5,49,12,Winter,0,0,0,0,1,0,0,0.0,21.7,13.4,55.6,,0,0,0,88,17,8,5,6,118,125.0,201.0,117.0,130.0,29.74,109.0,123.07,None,0,9,5,3,0,1,1,4,1,2,2,4,4,0,0,28,19,5,1,8,19,0,19,10,5,3,2,3,5,0,5,28,12,2,1,15,12,0,12,0,299,0,11,1,287,11,0,0,185,0,4,0,181,4,0,0,293,0,12,0,281,12,0,0,754,0,21,1,732,21,0,0,545,0,9,1,535,9,0,0,2,12,1,0,1,8,0,0,2,1,1,1,1,2,7,1,1,1,1,1,3,0,0,0,Normal
2024-12-07,Saturday,6,49,12,Winter,1,0,0,0,0,0,0,0.0,22.7,15.1,46.7,,0,0,0,73,15,5,12,7,105,118.0,125.0,110.0,130.14,29.68,108.0,123.71,None,0,3,8,2,2,1,4,0,0,1,2,4,7,0,0,28,21,1,1,6,21,0,21,10,1,5,0,9,1,0,1,28,13,2,0,15,13,0,13,0,287,0,11,1,275,11,0,0,181,0,3,0,178,3,0,0,281,0,10,0,271,10,0,0,732,0,18,1,713,18,0,0,535,0,11,1,523,11,0,0,2,8,0,0,1,8,1,0,2,1,1,1,1,2,6,1,1,1,1,1,2,0,0,0,Normal
2024-12-08,Sunday,7,49,12,Winter,1,0,0,0,0,0,0,0.0,20.5,13.5,47.5,,0,0,0,67,13,7,16,7,103,105.0,118.0,108.0,129.43,30.21,102.0,123.5,None,0,2,5,2,4,0,5,1,1,0,1,3,5,0,0,28,17,7,0,11,17,0,17,10,2,0,2,6,2,0,2,28,11,5,2,15,11,0,11,0,275,0,11,1,263,11,0,0,178,0,3,0,175,3,0,0,271,0,8,0,263,8,0,0,713,0,16,1,696,16,0,0,523,0,8,1,514,8,0,0,2,12,1,0,1,8,1,0,2,1,2,1,1,2,6,1,1,1,2,2,3,0,0,0,Normal
2024-12-09,Monday,1,50,12,Winter,0,0,0,0,0,0,0,0.0,20.0,12.6,52.3,,0,0,0,95,15,5,6,6,121,103.0,105.0,122.0,128.71,30.77,124.0,123.57,None,0,4,7,3,1,1,4,0,0,1,2,4,4,0,0,28,13,8,1,14,13,0,13,10,2,1,1,7,2,0,2,28,9,3,2,17,9,0,9,0,263,0,10,1,252,10,0,0,175,0,4,0,171,4,0,0,263,0,11,0,252,11,0,0,696,0,20,1,675,20,0,0,514,0,6,1,507,6,0,0,2,8,0,0,1,8,1,0,2,1,1,1,1,2,6,1,1,1,1,1,3,0,0,0,Normal
2024-12-10,Tuesday,2,50,12,Winter,0,0,0,0,0,1,0,0.0,20.4,13.2,48.7,,0,0,0,93,12,10,6,7,121,121.0,103.0,127.0,128.57,30.8,117.0,123.36,None,0,5,3,4,0,0,3,6,0,1,1,3,5,0,0,28,10,5,0,18,10,0,10,10,3,1,2,5,3,0,3,28,10,2,0,18,10,0,10,0,252,0,11,0,241,11,0,0,171,0,5,0,166,5,0,0,252,0,10,0,242,10,0,0,675,0,17,1,657,17,0,0,507,0,8,0,499,8,0,0,2,8,1,0,1,8,0,0,2,1,1,1,1,2,5,1,1,1,1,1,4,0,0,0,Normal
2024-12-11,Wednesday,3,50,12,Winter,0,0,0,1,0,0,1,0.0,21.4,13.5,60.5,,0,0,0,98,18,7,13,9,136,121.0,121.0,201.0,127.71,30.91,133.0,123.64,None,0,6,6,4,2,0,4,1,0,2,1,3,6,0,0,28,14,3,2,12,14,0,14,10,4,0,1,5,4,0,4,28,11,0,0,17,11,0,11,0,241,0,15,0,226,15,0,0,166,0,5,0,161,5,0,0,242,0,12,0,230,12,0,0,657,0,22,1,634,22,0,0,499,0,5,0,494,5,0,0,2,8,0,0,1,8,1,0,3,1,2,1,1,2,6,1,1,1,1,1,4,0,0,0,Normal
2024-12-12,Thursday,4,50,12,Winter,0,0,0,0,0,1,0,0.0,27.0,19.2,41.5,,0,0,0,87,16,12,5,6,120,136.0,121.0,125.0,118.43,10.58,120.0,123.86,None,0,3,3,7,3,0,5,5,1,1,1,3,8,0,0,28,16,3,0,12,16,0,16,10,3,1,2,5,3,0,3,28,8,4,1,19,8,0,8,0,226,0,12,0,214,12,0,0,161,0,8,0,153,8,0,0,230,0,11,0,219,11,0,0,634,0,20,1,613,20,0,0,494,0,4,0,490,4,0,0,2,12,1,0,1,8,1,0,2,1,1,1,1,2,6,2,1,1,1,1,2,0,0,0,Normal
2024-12-13,Friday,5,50,12,Winter,0,0,0,0,0,0,0,0.0,25.0,17.1,51.4,,0,0,0,88,16,8,9,7,121,120.0,136.0,118.0,117.71,10.28,117.0,123.86,None,0,3,9,2,2,2,3,3,1,1,3,5,7,0,0,28,15,5,2,11,15,0,15,10,2,3,2,6,2,0,2,28,8,1,1,19,8,0,8,0,214,0,11,0,203,11,0,0,153,0,3,0,150,3,0,0,219,0,11,0,208,11,0,0,613,0,20,1,592,20,0,0,490,0,8,0,482,8,0,0,2,12,1,0,1,8,0,0,2,1,1,1,1,2,6,1,1,1,1,1,2,0,0,0,Normal
2024-12-14,Saturday,6,50,12,Winter,1,0,0,0,0,0,0,0.0,26.7,19.0,54.2,,0,0,0,79,22,7,12,7,120,121.0,120.0,105.0,118.14,10.34,110.0,124.14,None,0,6,10,4,2,1,4,1,0,2,3,5,5,0,0,28,12,5,2,14,12,0,12,10,6,0,1,3,6,0,6,28,7,2,0,21,7,0,7,0,203,0,13,0,190,13,0,1,150,0,6,0,144,6,0,0,208,0,13,0,195,13,0,1,592,0,24,1,567,24,0,0,482,0,8,0,474,8,0,0,2,8,0,0,1,8,1,0,2,1,1,1,1,2,6,1,1,1,1,1,4,0,0,0,Normal
2024-12-15,Sunday,7,50,12,Winter,1,0,0,0,0,0,0,0.3,22.3,15.5,53.5,,0,0,0,78,17,7,10,7,112,120.0,121.0,103.0,120.29,8.84,108.0,124.86,None,0,6,7,1,3,0,4,2,0,1,1,3,5,0,0,28,14,3,2,12,14,0,14,10,4,2,2,4,4,0,4,28,7,2,1,20,7,0,7,0,190,0,11,0,179,11,0,0,144,0,3,0,141,3,0,0,195,0,11,0,184,11,0,0,567,0,20,1,546,20,0,0,474,0,8,0,466,8,0,0,2,8,0,0,1,8,1,0,2,1,1,1,1,2,6,1,1,1,1,1,4,0,0,0,Normal
2024-12-16,Monday,1,51,12,Winter,0,0,0,0,0,0,0,0.0,20.2,12.7,58.2,,0,0,0,94,11,6,5,5,116,112.0,120.0,121.0,121.57,6.61,122.0,125.14,None,0,3,5,0,3,0,3,1,2,0,1,3,5,0,0,28,11,5,1,16,11,0,11,10,4,1,2,4,4,0,4,28,8,1,2,18,8,0,8,0,179,0,8,0,171,8,0,0,141,0,1,0,140,1,0,0,184,0,9,0,175,9,0,0,546,0,16,1,529,16,0,0,466,0,6,0,460,6,0,0,2,20,1,1,1,8,0,0,2,1,1,1,2,2,5,1,1,1,1,1,4,0,0,1,Watch
2024-12-17,Tuesday,2,51,12,Winter,0,0,0,0,0,1,0,1.6,24.5,19.4,61.1,,0,0,0,95,19,11,9,9,134,116.0,112.0,121.0,120.86,6.9,127.0,124.71,None,0,8,6,2,3,0,3,4,1,3,1,3,7,0,0,28,16,0,1,11,16,0,16,10,7,1,0,3,7,0,7,28,8,0,0,20,8,0,8,0,171,0,14,0,157,14,0,0,140,0,4,0,136,4,0,0,175,0,13,0,162,13,0,0,529,0,23,1,505,23,0,0,460,0,3,0,457,3,0,0,2,12,1,0,1,8,0,0,2,1,1,1,1,2,6,2,1,1,1,1,2,0,0,0,Normal
2024-12-18,Wednesday,3,51,12,Winter,0,0,0,1,0,0,1,0.4,19.1,11.2,60.8,,0,0,0,106,20,7,11,7,144,134.0,116.0,136.0,122.71,8.29,201.0,125.21,None,0,6,8,2,4,2,3,1,1,2,3,5,6,0,0,28,21,0,1,6,21,0,21,10,3,5,2,5,3,0,3,28,6,3,0,22,6,0,6,0,157,0,12,0,145,12,0,0,136,0,4,0,132,4,0,0,162,0,14,0,148,14,0,0,505,0,24,1,480,24,0,0,457,0,8,0,449,8,0,0,2,12,1,0,1,8,0,0,3,1,1,1,1,2,6,1,1,1,1,1,2,0,0,0,Normal
2024-12-19,Thursday,4,51,12,Winter,0,0,0,0,0,1,0,0.0,20.8,11.2,54.8,,0,0,0,85,19,9,6,6,119,144.0,134.0,120.0,123.86,10.34,125.0,121.14,None,0,7,7,3,2,1,5,2,0,2,2,4,4,0,0,28,17,6,1,10,17,0,17,10,4,1,2,4,4,0,4,28,7,1,2,19,7,0,7,0,445,300,11,1,433,11,0,0,132,0,5,0,127,5,0,1,148,0,12,0,136,12,0,0,480,0,22,1,457,22,0,0,449,0,8,0,441,8,0,0,2,8,0,0,1,8,1,0,2,1,1,1,1,2,6,1,1,1,1,1,2,0,0,0,Normal
2024-12-20,Friday,5,51,12,Winter,0,0,0,0,0,0,0,0.1,22.4,15.3,51.4,,0,0,0,86,15,7,3,6,111,119.0,144.0,121.0,123.71,10.4,118.0,120.71,None,0,4,10,0,1,1,6,0,0,1,2,4,4,0,0,28,14,5,2,12,14,0,14,10,6,0,1,3,6,0,6,28,9,0,2,17,9,0,9,0,433,0,9,1,423,9,0,0,127,0,2,0,125,2,0,0,416,280,10,0,406,10,0,0,457,0,19,1,437,19,0,0,441,0,10,0,431,10,0,0,2,8,0,0,1,20,1,1,2,1,1,2,1,2,6,1,1,1,1,1,2,0,0,1,Watch
2024-12-21,Saturday,6,51,12,Winter,1,0,0,0,0,0,0,0.0,20.8,13.6,59.2,,0,0,0,79,17,6,13,8,115,111.0,119.0,120.0,122.29,11.32,105.0,120.21,None,0,5,6,3,3,1,1,3,1,1,2,4,4,0,0,28,14,5,0,14,14,0,14,10,6,2,1,3,6,0,6,28,10,0,0,18,10,0,10,0,423,0,13,1,409,13,0,0,125,0,4,0,121,4,0,0,406,0,11,0,395,11,0,0,437,0,20,1,416,20,0,0,431,0,6,0,425,6,0,0,2,12,1,0,1,8,0,0,2,1,2,1,1,2,6,1,1,1,1,1,3,0,0,0,Normal
2024-12-22,Sunday,7,51,12,Winter,1,0,0,0,0,0,0,0.0,21.2,14.4,59.8,,0,0,0,69,19,7,11,9,106,115.0,111.0,112.0,121.57,11.6,103.0,120.93,None,0,6,8,1,4,0,5,0,0,2,2,4,8,0,0,28,14,4,1,13,14,0,14,10,9,1,0,1,9,0,9,28,9,2,1,18,9,0,9,0,409,0,14,1,394,14,0,0,121,0,3,0,118,3,0,0,395,0,11,0,384,11,0,0,416,0,21,1,394,21,0,1,425,0,6,0,419,6,0,0,2,8,0,0,1,8,1,0,2,1,1,1,1,2,6,1,1,1,1,1,4,0,0,0,Normal
2024-12-23,Monday,1,52,12,Winter,0,0,0,0,0,0,0,0.0,19.8,10.9,58.6,,0,0,0,96,17,6,7,6,126,106.0,115.0,116.0,120.71,12.46,121.0,121.14,None,0,6,5,4,2,0,1,3,0,2,1,3,6,0,0,28,14,4,1,13,14,0,14,10,1,9,2,7,1,0,1,28,6,4,2,20,6,0,6,0,394,0,11,1,382,11,0,0,118,0,5,0,113,5,0,0,384,0,12,0,372,12,0,0,394,0,21,1,372,21,0,0,419,0,4,0,415,4,0,0,2,8,0,0,1,8,0,0,2,1,1,1,1,2,5,1,1,1,1,1,4,0,0,0,Normal
2024-12-24,Tuesday,2,52,12,Winter,0,0,0,0,0,1,0,0.0,24.3,14.8,54.3,,0,0,0,95,20,10,7,7,132,126.0,106.0,134.0,122.14,12.41,121.0,121.5,None,0,5,11,3,1,2,2,7,0,1,3,5,6,0,0,28,15,4,0,13,15,0,15,10,1,0,2,7,1,0,1,28,6,2,2,20,6,0,6,0,382,0,12,1,369,12,0,0,363,250,5,1,357,5,0,0,372,0,13,0,359,13,0,0,372,0,24,1,347,24,0,0,415,0,11,0,404,11,0,0,2,8,1,0,1,8,0,0,2,1,1,1,1,2,5,1,1,1,1,1,3,0,0,0,Normal
2024-12-25,Wednesday,3,52,12,Winter,0,1,0,1,0,0,2,0.0,22.4,14.0,56.8,,0,0,0,97,18,8,14,7,137,132.0,126.0,144.0,121.86,12.16,136.0,122.29,None,0,4,6,3,5,1,2,2,1,3,2,4,7,0,0,28,10,5,1,17,10,0,10,10,6,1,1,3,6,0,6,28,7,0,1,20,7,0,7,0,369,0,12,1,356,12,0,0,357,0,4,1,352,4,0,0,359,0,12,0,347,12,0,0,347,0,22,1,324,22,0,0,404,0,6,0,398,6,0,0,2,12,1,0,1,8,0,0,3,1,2,1,1,2,5,1,1,1,2,2,3,0,0,0,Normal
2024-12-26,Thursday,4,52,12,Winter,0,0,0,0,0,1,0,0.0,25.6,17.0,51.6,,0,0,0,91,15,11,6,8,123,137.0,132.0,119.0,120.86,10.47,120.0,122.36,None,0,4,6,2,3,1,4,5,2,0,2,4,4,0,0,28,14,1,3,11,14,0,14,10,5,4,2,3,5,0,5,28,7,0,2,19,7,0,7,0,356,0,12,1,343,12,0,0,352,0,3,1,348,3,0,0,347,0,11,0,336,11,0,0,324,0,19,1,304,19,0,0,398,0,4,0,394,4,0,0,2,20,1,1,1,8,1,0,2,1,1,1,2,2,6,2,1,1,1,1,3,0,0,1,Watch
2024-12-27,Friday,5,52,12,Winter,0,0,0,0,1,0,0,0.0,23.6,16.2,51.2,,0,0,0,87,14,9,7,9,117,123.0,137.0,111.0,121.43,10.46,121.0,122.57,None,0,3,3,5,3,1,4,2,1,2,1,3,4,0,0,28,20,0,0,8,20,0,20,10,4,3,0,6,4,0,4,28,6,2,0,22,6,0,6,0,343,0,14,1,328,14,0,0,348,0,6,1,341,6,0,0,336,0,10,0,326,10,0,0,1004,700,18,2,984,18,0,0,394,0,4,0,390,4,0,0,2,12,1,0,1,8,1,0,2,1,1,1,1,2,6,1,1,1,1,1,4,0,0,0,Normal
2024-12-28,Saturday,6,52,12,Winter,1,0,0,0,0,0,0,0.8,23.1,16.5,54.9,,0,0,0,75,15,7,9,7,106,117.0,123.0,115.0,122.29,9.79,120.0,122.29,None,0,2,8,1,4,3,4,1,1,1,4,6,5,1,1,28,20,3,1,7,20,0,20,10,4,2,1,5,4,0,4,28,8,0,0,20,8,0,8,0,328,0,11,1,316,11,0,0,341,0,2,1,338,2,0,0,326,0,9,0,317,9,0,0,984,0,18,2,964,18,0,0,390,0,10,0,380,10,0,0,2,12,1,0,1,8,1,0,2,1,1,1,1,2,6,1,1,1,1,1,2,0,0,1,Watch
2024-12-29,Sunday,7,52,12,Winter,1,0,0,0,0,0,0,0.7,19.8,11.8,57.4,,0,0,0,79,17,7,10,7,113,106.0,117.0,106.0,121.0,11.16,112.0,121.29,None,0,4,6,5,2,0,3,2,0,2,1,3,5,0,0,28,22,1,0,6,22,0,22,10,6,0,2,2,6,0,6,28,7,3,2,19,7,0,7,0,316,0,12,1,303,12,0,0,338,0,6,1,331,6,0,0,317,0,11,0,306,11,0,0,964,0,20,2,942,20,0,0,380,0,7,0,373,7,0,0,2,8,0,0,1,8,0,0,2,1,1,1,1,2,6,1,1,1,1,1,2,0,0,0,Normal
2024-12-30,Monday,1,1,12,Winter,0,0,0,0,0,0,0,0.0,20.7,12.4,53.2,,0,0,0,93,13,7,7,6,120,113.0,106.0,126.0,122.0,10.03,116.0,121.36,None,0,3,3,5,2,1,2,3,0,2,1,3,7,0,0,28,18,6,1,9,18,0,18,10,5,2,1,4,5,0,5,28,9,1,1,18,9,0,9,0,303,0,11,1,291,11,0,0,331,0,6,1,324,6,0,0,306,0,10,0,296,10,0,0,942,0,18,2,922,18,0,0,373,0,8,0,365,8,0,0,2,8,0,0,1,8,0,0,2,1,1,1,1,2,6,1,1,1,1,1,4,0,0,0,Normal
2024-12-31,Tuesday,2,1,12,Winter,0,0,0,0,0,1,0,0.0,23.0,14.2,51.0,,0,0,0,94,15,11,8,7,128,120.0,113.0,132.0,121.14,9.91,134.0,121.64,None,0,1,7,3,4,1,4,5,0,2,2,4,8,0,0,28,14,7,0,14,14,0,14,10,3,3,2,5,3,0,3,28,10,2,2,16,10,0,10,0,291,0,12,1,278,12,0,0,324,0,4,1,319,4,0,0,296,0,10,0,286,10,0,0,922,0,20,2,900,20,0,0,365,0,10,0,355,10,0,0,2,8,1,0,1,8,1,0,2,1,1,1,1,2,6,2,1,1,1,1,3,0,0,0,Normal
2025-01-01,Wednesday,3,1,1,Winter,0,0,0,1,0,0,1,0.0,23.4,14.4,53.8,,0,0,0,96,14,6,12,7,128,128.0,120.0,137.0,120.57,9.36,144.0,121.21,None,0,3,8,0,3,0,2,3,1,0,2,4,7,0,0,28,16,3,2,10,16,0,16,10,4,0,0,6,4,0,4,28,8,3,0,20,8,0,8,0,278,0,10,1,267,10,0,0,319,0,1,1,317,1,0,0,286,0,10,0,276,10,0,0,900,0,19,2,879,19,0,0,355,0,6,0,349,6,0,0,2,12,1,0,1,8,0,0,2,1,1,1,1,2,6,1,1,1,1,1,2,0,0,0,Normal
2025-01-02,Thursday,4,1,1,Winter,0,0,0,0,0,1,0,0.0,22.4,14.1,61.3,,0,0,0,89,17,12,6,6,124,128.0,128.0,123.0,119.29,7.44,119.0,120.07,None,0,6,4,3,4,2,4,8,0,0,2,4,8,0,0,28,15,4,2,11,15,0,15,10,3,3,2,5,3,0,3,28,8,1,0,20,8,0,8,0,267,0,11,1,255,11,0,0,317,0,4,1,312,4,0,0,276,0,12,0,264,12,0,0,879,0,21,2,856,21,0,0,349,0,6,0,343,6,0,0,2,8,1,0,1,8,1,0,2,1,1,1,1,2,6,2,1,1,1,1,3,0,0,0,Normal
2025-01-03,Friday,5,1,1,Winter,0,0,0,0,0,0,0,0.0,19.7,10.5,57.1,,0,0,0,88,14,5,7,6,114,124.0,128.0,117.0,119.43,7.52,111.0,120.43,None,0,5,5,3,1,0,1,2,0,2,1,3,6,0,0,28,14,5,1,13,14,0,14,10,0,3,0,10,0,0,0,28,5,5,0,23,5,0,5,0,255,0,10,0,245,10,0,0,312,0,4,1,307,4,0,0,264,0,10,0,254,10,0,0,856,0,18,2,836,18,0,0,343,0,6,0,337,6,0,0,2,8,0,0,1,8,0,0,2,1,1,1,1,2,5,1,1,1,1,1,3,0,0,0,Normal
2025-01-04,Saturday,6,1,1,Winter,1,0,0,0,0,0,0,2.6,25.5,17.6,51.4,,0,0,0,81,14,7,12,8,114,114.0,124.0,106.0,119.0,7.73,115.0,120.64,None,0,5,4,1,4,1,3,2,2,0,2,4,5,0,0,28,16,2,0,12,16,0,16,10,3,0,0,7,3,0,3,28,6,0,2,20,6,0,6,0,245,0,12,0,233,12,0,0,307,0,2,1,304,2,0,0,254,0,10,0,244,10,0,0,836,0,18,2,816,18,0,0,337,0,5,0,332,5,0,0,2,20,1,1,1,8,0,0,2,1,1,1,2,2,6,1,1,1,1,1,4,0,0,1,Watch
2025-01-05,Sunday,7,1,1,Winter,1,0,0,0,0,0,0,0.0,22.8,13.5,59.2,,0,0,0,75,21,6,11,7,113,114.0,114.0,113.0,120.14,6.15,106.0,120.57,None,0,7,8,3,3,1,3,3,0,0,2,4,5,0,0,28,14,3,0,14,14,0,14,10,6,1,2,2,6,0,6,28,6,2,0,22,6,0,6,0,233,0,12,0,221,12,0,0,304,0,5,1,298,5,0,0,244,0,12,0,232,12,0,0,816,0,23,2,791,23,0,0,332,0,9,0,323,9,0,0,2,8,0,0,1,8,0,0,2,1,1,1,1,2,6,1,1,1,1,1,4,0,0,0,Normal
2025-01-06,Monday,1,2,1,Winter,0,0,0,0,1,0,0,0.0,22.5,13.2,58.4,,0,0,0,102,15,11,7,5,135,113.0,114.0,120.0,120.14,6.15,126.0,121.07,None,0,5,5,2,3,0,4,4,0,3,1,3,4,0,0,28,14,3,1,13,14,0,14,10,5,3,2,3,5,0,5,28,6,0,1,21,6,0,6,0,221,0,9,0,212,9,0,0,298,0,3,1,294,3,0,0,232,0,11,0,221,11,0,0,791,0,20,2,769,20,0,0,323,0,2,0,321,2,0,0,2,8,1,0,1,8,1,0,3,1,1,1,1,2,6,2,1,1,1,1,3,0,0,0,Normal
2025-01-07,Tuesday,2,2,1,Winter,0,0,0,0,0,1,0,0.0,25.1,17.1,53.7,,0,0,0,93,16,11,6,8,126,135.0,113.0,128.0,122.29,8.05,132.0,121.71,None,0,5,9,1,1,0,6,3,0,2,2,4,8,0,0,28,11,9,2,15,11,0,11,10,5,2,1,4,5,0,5,28,5,1,2,21,5,0,5,0,212,0,12,0,200,12,0,1,294,0,2,1,291,2,0,0,221,0,11,0,210,11,0,0,769,0,20,1,748,20,0,0,321,0,4,0,317,4,0,0,2,8,1,0,1,20,1,1,2,1,1,2,1,2,5,2,1,1,1,1,4,0,0,1,Watch
2025-01-08,Wednesday,3,2,1,Winter,0,0,0,1,0,0,1,1.1,22.8,14.3,50.1,,0,0,0,106,20,8,12,7,146,126.0,135.0,128.0,122.0,7.87,137.0,121.29,None,0,7,4,5,4,1,3,1,4,0,2,4,7,0,0,28,13,2,1,14,13,0,13,10,6,0,0,4,6,0,6,28,7,0,2,19,7,0,7,0,200,0,13,0,187,13,0,0,291,0,6,1,284,6,0,0,210,0,14,0,196,14,0,1,748,0,24,1,723,24,0,0,317,0,7,0,310,7,0,0,2,20,1,1,1,8,0,0,3,1,1,1,2,2,6,1,1,1,1,1,4,0,0,1,Watch
2025-01-09,Thursday,4,2,1,Winter,0,0,0,0,0,1,0,0.0,20.3,11.5,45.8,,0,0,0,88,14,13,5,6,120,146.0,126.0,124.0,124.57,11.51,123.0,121.93,None,0,5,5,2,2,1,7,5,1,0,2,4,7,0,0,28,11,5,0,17,11,0,11,10,7,1,1,2,7,0,7,28,6,2,0,22,6,0,6,0,187,0,10,0,177,10,0,0,284,0,3,1,280,3,0,0,196,0,10,0,186,10,0,0,723,0,18,1,704,18,0,0,310,0,5,0,305,5,0,0,2,20,1,1,1,20,1,1,2,1,1,2,2,2,6,2,1,1,1,1,2,0,0,2,Watch
2025-01-10,Friday,5,2,1,Winter,0,0,0,0,0,0,0,0.0,22.7,13.7,48.7,,0,0,0,85,12,7,6,5,110,120.0,146.0,114.0,124.0,11.63,117.0,121.71,None,0,1,4,2,5,0,2,3,1,1,1,3,5,0,0,28,12,3,2,14,12,0,12,10,6,1,0,4,6,0,6,28,6,1,1,21,6,0,6,0,177,0,8,0,169,8,0,0,280,0,3,1,276,3,0,0,186,0,9,0,177,9,0,0,704,0,16,1,687,16,0,0,305,0,4,0,301,4,0,0,2,12,1,0,1,8,0,0,2,1,1,1,1,2,6,1,1,1,1,1,3,0,0,0,Normal
2025-01-11,Saturday,6,2,1,Winter,1,0,0,0,0,0,0,0.9,23.1,14.1,50.2,,0,0,0,82,15,7,9,6,113,110.0,120.0,114.0,123.43,12.19,106.0,121.21,None,0,5,5,5,0,0,6,1,0,0,1,3,7,0,0,28,13,2,2,13,13,0,13,10,6,3,0,4,6,0,6,28,6,0,1,21,6,0,6,0,169,0,11,0,158,11,0,0,276,0,6,1,269,6,0,0,177,0,10,0,167,10,0,0,687,0,19,1,667,19,0,0,301,0,2,0,299,2,0,0,2,8,0,0,1,20,1,1,2,1,1,2,1,2,6,1,1,1,1,1,3,0,0,1,Watch
2025-01-12,Sunday,7,2,1,Winter,1,0,0,0,0,0,0,0.4,23.1,13.3,50.3,,0,0,0,78,19,7,13,8,117,113.0,110.0,113.0,123.29,12.3,113.0,121.71,None,0,6,7,3,3,1,3,3,0,1,2,4,5,0,0,28,14,3,3,11,14,0,14,10,4,3,0,6,4,0,4,28,6,3,1,21,6,0,6,0,458,300,13,1,444,13,0,0,269,0,5,1,263,5,0,0,167,0,12,0,155,12,0,0,667,0,21,1,645,21,0,0,299,0,10,0,289,10,0,0,2,8,0,0,1,8,0,0,2,1,2,1,1,2,6,1,1,1,1,1,4,0,0,0,Normal
2025-01-13,Monday,1,3,1,Winter,0,0,0,0,0,0,0,0.0,20.8,12.9,53.9,,0,0,0,100,15,8,5,7,128,117.0,113.0,135.0,123.86,11.9,120.0,122.0,None,0,2,6,5,2,0,1,2,0,5,1,3,6,0,0,28,11,7,1,16,11,0,11,10,3,1,1,6,3,0,3,28,9,0,2,17,9,0,9,0,444,0,12,1,431,12,0,0,263,0,6,1,256,6,0,0,155,0,11,0,144,11,0,0,645,0,20,1,624,20,0,0,289,0,9,0,280,9,0,0,2,8,0,0,1,8,0,0,3,1,1,1,1,2,5,1,1,1,1,1,2,0,0,0,Normal
2025-01-14,Tuesday,2,3,1,Winter,0,0,0,0,0,1,0,0.0,22.4,13.4,57.1,Respiratory,4,1,5,115,44,13,7,11,179,128.0,117.0,126.0,122.86,11.19,128.0,122.57,None,0,7,26,7,4,11,6,6,0,1,12,12,7,5,1,28,16,2,2,10,16,0,16,10,3,0,0,7,3,0,3,28,12,1,1,15,12,0,12,0,431,0,22,1,408,22,0,0,256,0,11,0,245,11,0,0,424,280,23,0,401,23,0,0,624,0,44,1,579,44,0,0,280,0,34,0,246,34,0,0,2,16,1,1,1,20,1,1,3,2,1,2,2,3,6,2,2,2,1,1,4,0,0,3,High
2025-01-15,Wednesday,3,3,1,Winter,0,0,0,1,0,0,1,0.0,20.6,12.0,50.0,Respiratory,4,1,6,127,45,6,13,11,191,179.0,128.0,146.0,130.43,22.73,128.0,126.21,None,0,6,26,6,7,12,2,2,1,1,13,13,8,5,1,28,17,5,0,11,17,0,17,10,3,1,2,5,3,0,3,28,16,0,0,12,16,0,16,0,408,0,22,1,385,22,0,0,245,0,10,0,235,10,0,0,401,0,23,0,378,23,0,0,579,0,46,1,532,46,0,0,246,0,35,0,211,35,0,1,2,12,1,0,1,8,0,0,3,2,2,1,1,3,7,1,2,2,1,1,2,0,0,1,High
2025-01-16,Thursday,4,3,1,Winter,0,0,0,0,0,1,0,0.0,22.8,14.5,46.8,Respiratory,4,1,7,109,47,9,10,9,175,191.0,179.0,120.0,136.86,31.06,124.0,130.71,None,0,3,33,7,4,12,4,2,1,2,14,14,6,8,1,28,10,10,1,17,10,0,10,10,4,0,0,6,4,0,4,28,20,1,0,8,20,0,20,0,385,0,20,1,364,20,0,0,235,0,11,0,224,11,0,0,378,0,22,0,356,22,0,0,532,0,46,1,485,46,0,0,211,0,40,0,171,40,0,0,2,12,1,0,1,8,1,0,3,2,1,1,1,3,6,1,2,2,1,1,3,0,0,1,High
2025-01-17,Friday,5,3,1,Winter,0,0,0,0,0,0,0,0.0,20.7,12.3,59.0,Respiratory,4,1,5,109,46,6,4,9,165,175.0,191.0,110.0,144.71,32.72,114.0,134.36,None,0,7,28,9,2,12,3,1,0,2,13,13,7,6,1,28,12,2,1,15,12,0,12,10,3,2,2,5,3,0,3,28,22,2,0,6,22,0,22,0,364,0,20,1,343,20,0,0,224,0,13,0,211,13,0,0,356,0,23,0,333,23,0,0,485,0,46,1,438,46,0,0,171,0,36,0,135,36,0,0,2,8,0,0,1,8,0,0,3,2,1,1,1,3,7,1,2,2,1,1,2,0,0,1,High
2025-01-18,Saturday,6,3,1,Winter,1,0,0,0,0,0,0,0.2,22.6,13.3,58.8,Respiratory,4,1,5,103,47,7,14,11,171,165.0,175.0,113.0,152.57,29.92,114.0,138.0,None,0,7,28,5,7,9,5,0,1,1,11,11,6,5,1,28,14,2,2,12,14,0,14,10,3,2,2,5,3,0,3,28,25,2,0,3,25,0,25,0,343,0,22,1,320,22,0,0,211,0,9,0,202,9,0,0,333,0,23,0,310,23,0,0,438,0,46,1,391,46,0,1,135,0,35,0,100,35,0,0,2,12,1,0,1,8,1,0,3,2,2,1,1,3,7,1,2,2,2,2,2,0,0,1,High
2025-01-19,Sunday,7,3,1,Winter,1,0,0,0,0,0,0,0.0,21.1,12.3,56.6,Respiratory,4,1,6,96,47,6,12,9,161,171.0,165.0,117.0,160.86,25.53,113.0,142.07,None,0,3,34,6,4,18,3,1,1,1,18,17,6,11,1,28,18,1,2,8,18,0,18,10,5,0,1,4,5,0,5,28,25,2,1,2,25,0,25,0,320,0,20,1,299,20,0,0,202,0,10,0,192,10,0,0,310,0,22,0,288,22,0,0,391,0,45,1,345,45,0,0,100,0,39,0,61,39,0,0,2,12,1,0,1,8,0,0,2,2,1,1,1,3,8,1,2,2,1,1,4,0,0,1,High
2025-01-20,Monday,1,4,1,Winter,0,0,0,0,0,0,0,0.0,21.2,10.9,60.5,Respiratory,4,1,6,118,46,5,7,9,176,161.0,171.0,128.0,167.14,18.36,135.0,145.5,None,0,4,32,8,2,16,3,0,0,2,16,15,8,7,1,28,19,4,0,9,19,0,19,10,6,1,1,3,6,0,6,28,19,8,2,7,19,0,19,0,299,0,20,1,278,20,0,0,192,0,12,0,180,12,0,0,288,0,23,0,265,23,0,0,345,0,46,1,298,46,0,0,61,0,37,0,24,37,0,0,2,8,0,0,1,8,0,0,3,2,1,1,1,3,7,1,2,2,1,1,4,0,0,1,High
2025-01-21,Tuesday,2,4,1,Winter,0,0,0,0,1,1,0,0.0,23.3,12.3,58.0,Respiratory,4,1,7,119,46,15,8,11,188,176.0,161.0,179.0,174.0,9.09,126.0,148.43,None,0,4,30,7,5,10,6,5,0,4,12,12,8,4,1,28,20,3,2,6,20,0,20,10,7,2,1,2,7,0,7,28,21,2,0,7,21,0,21,0,278,0,22,1,255,22,0,0,180,0,11,0,169,11,0,0,265,0,23,0,242,23,0,0,298,0,46,1,251,46,0,0,24,0,24,0,0,35,11,0,2,16,1,1,1,20,1,1,3,2,1,2,2,3,8,2,2,2,1,1,3,0,0,4,High
2025-01-22,Wednesday,3,4,1,Winter,0,0,0,1,0,0,1,0.0,24.0,17.2,51.9,Respiratory,4,1,6,125,45,7,12,9,189,188.0,176.0,191.0,175.29,10.26,146.0,152.86,None,0,8,32,2,3,13,4,1,1,1,14,14,5,9,1,28,20,5,1,7,20,0,20,10,4,3,0,6,4,0,4,28,23,2,0,5,23,0,23,0,255,0,18,0,237,18,0,0,169,0,6,0,163,6,0,0,242,0,24,0,218,24,0,0,251,0,46,0,205,46,0,0,400,400,38,0,362,38,0,0,2,12,1,0,1,8,1,0,3,2,1,1,1,3,7,1,2,2,1,1,2,0,0,1,High
2025-01-23,Thursday,4,4,1,Winter,0,0,0,0,0,1,0,0.0,24.5,13.9,52.2,Respiratory,4,1,5,108,44,12,8,11,172,189.0,188.0,175.0,175.0,9.84,120.0,155.93,None,0,6,26,5,7,10,6,5,1,0,11,11,8,3,1,28,23,4,1,4,23,0,23,10,5,0,0,5,5,0,5,28,21,5,0,7,21,0,21,0,237,0,21,0,216,21,0,0,163,0,9,0,154,9,0,0,218,0,22,0,196,22,0,1,905,700,44,2,859,44,0,0,362,0,31,0,331,31,0,0,2,12,1,0,1,20,1,1,3,2,1,2,1,3,8,2,2,2,1,1,4,0,0,2,High
2025-01-24,Friday,5,4,1,Winter,0,0,0,0,0,0,0,0.0,20.4,14.2,59.3,Respiratory,4,1,6,110,47,8,5,8,170,172.0,189.0,165.0,174.57,9.9,110.0,159.64,None,0,6,29,8,4,16,4,1,0,3,16,15,6,9,1,28,23,5,1,4,23,0,23,10,3,4,1,6,3,0,3,28,18,4,0,10,18,0,18,0,216,0,19,0,197,19,0,1,154,0,12,0,142,12,0,0,196,0,23,0,173,23,0,0,859,0,46,2,811,46,0,0,331,0,33,0,298,33,0,0,2,8,0,0,1,8,1,0,3,2,1,1,1,3,7,1,2,2,1,1,2,0,0,1,High
2025-01-25,Saturday,6,4,1,Winter,1,0,0,0,0,0,0,0.0,23.4,14.8,53.0,Respiratory,4,1,6,103,42,7,12,10,164,170.0,172.0,171.0,175.29,9.35,113.0,163.93,None,0,6,30,3,3,11,3,1,0,3,13,13,7,6,1,28,22,5,2,4,22,0,22,10,5,0,2,3,5,0,5,28,16,6,0,12,16,0,16,0,197,0,19,0,178,19,0,0,142,0,7,0,135,7,0,0,173,0,21,0,152,21,0,0,811,0,42,2,767,42,0,0,298,0,36,0,262,36,0,0,2,8,0,0,1,8,0,0,3,2,1,1,1,3,7,1,2,1,1,1,2,0,0,1,High
2025-01-26,Sunday,7,4,1,Winter,1,1,0,0,0,0,1,0.0,22.7,12.4,53.7,Respiratory,4,1,7,98,44,7,12,10,161,164.0,170.0,161.0,174.29,10.1,117.0,167.57,None,0,4,26,8,6,11,3,1,1,2,12,12,6,6,1,28,23,7,1,4,23,0,23,10,3,3,2,5,3,0,3,28,13,4,2,13,13,0,13,0,178,0,21,0,157,21,0,0,135,0,12,0,123,12,0,1,152,0,21,0,131,21,0,0,767,0,43,1,723,43,0,0,262,0,28,0,234,28,0,0,2,12,1,0,1,8,0,0,3,2,1,1,1,3,7,1,2,1,1,1,2,0,0,1,High
2025-01-27,Monday,1,5,1,Winter,0,0,0,0,0,0,0,0.0,22.7,17.4,46.4,Respiratory,4,1,5,118,47,7,8,11,180,161.0,164.0,176.0,174.29,10.1,128.0,170.71,None,0,7,31,6,3,16,5,1,1,0,16,15,7,8,1,28,22,8,0,6,22,0,22,10,6,0,2,2,6,0,6,28,11,3,0,17,11,0,11,0,157,0,22,0,135,22,0,0,123,0,10,0,113,10,0,0,131,0,24,0,107,24,0,0,723,0,47,1,675,47,0,0,234,0,34,0,200,34,0,1,2,12,1,0,1,8,1,0,3,2,1,1,1,3,7,1,2,2,1,1,4,0,0,1,High
2025-01-28,Tuesday,2,5,1,Winter,0,0,0,0,1,1,0,0.0,22.3,14.3,55.7,Respiratory,4,1,5,122,46,13,6,10,187,180.0,161.0,188.0,174.86,10.29,179.0,174.43,None,0,5,26,6,9,8,4,4,2,3,10,10,8,2,1,28,22,6,1,5,22,0,22,10,5,1,2,3,5,0,5,28,14,1,2,12,14,0,14,0,135,0,21,0,114,21,0,0,113,0,10,0,103,10,0,0,107,0,23,0,84,23,0,0,675,0,47,1,627,47,0,0,200,0,31,0,169,31,0,0,2,20,1,1,1,8,1,0,3,2,1,1,2,3,7,2,2,2,1,1,2,0,0,2,High
2025-01-29,Wednesday,3,5,1,Winter,0,0,0,1,1,0,1,0.0,23.6,16.7,48.1,Respiratory,4,1,6,130,47,9,11,13,197,187.0,180.0,189.0,174.71,10.11,191.0,175.0,None,0,4,30,7,6,12,4,1,0,4,13,13,6,7,1,28,24,5,1,3,24,0,24,10,3,3,1,6,3,0,3,28,17,2,2,9,17,0,17,0,414,300,25,1,388,25,0,0,103,0,11,0,92,11,0,0,364,280,24,0,340,24,0,0,627,0,48,1,578,48,0,0,169,0,39,0,130,39,0,0,2,8,0,0,1,8,1,0,3,2,1,1,1,3,7,1,2,2,1,1,3,0,0,1,High
2025-01-30,Thursday,4,5,1,Winter,0,0,0,0,0,1,0,0.0,23.4,15.3,60.1,Respiratory,4,1,7,116,47,11,6,9,180,197.0,187.0,172.0,175.86,11.95,175.0,175.43,None,0,2,33,8,4,10,4,4,1,2,12,12,7,5,1,28,21,6,0,7,21,0,21,10,4,0,2,4,4,0,4,28,19,3,0,9,19,0,19,0,388,0,20,1,367,20,0,0,92,0,12,0,80,12,0,0,340,0,23,0,317,23,0,0,578,0,47,1,530,47,0,0,130,0,38,0,92,38,0,0,2,12,1,0,1,8,1,0,3,2,1,1,1,3,7,2,2,2,1,1,2,0,0,1,High
2025-01-31,Friday,5,5,1,Winter,0,0,0,0,0,0,0,0.0,23.9,14.4,49.7,Respiratory,4,1,6,108,42,8,7,9,165,180.0,197.0,170.0,177.0,11.9,165.0,175.79,None,0,4,27,7,4,12,5,1,0,2,13,13,6,7,1,28,21,3,1,6,21,0,21,10,1,3,0,9,1,0,1,28,20,5,0,8,20,0,20,0,367,0,19,1,347,19,0,0,330,250,10,1,319,10,0,0,317,0,21,0,296,21,0,0,530,0,42,1,487,42,0,0,92,0,39,0,53,39,0,0,2,8,0,0,1,8,1,0,3,2,1,1,1,3,7,1,2,1,1,1,4,0,0,1,High
2025-02-01,Saturday,6,5,2,Winter,1,0,0,0,0,0,0,0.0,23.3,14.4,50.5,Respiratory,4,1,5,103,45,7,11,10,166,165.0,180.0,164.0,176.29,12.44,171.0,175.79,None,0,9,26,4,6,10,4,2,0,1,11,11,7,4,1,28,22,6,1,5,22,0,22,10,1,0,0,9,1,0,1,28,19,4,0,9,19,0,19,0,347,0,20,1,326,20,0,0,319,0,8,1,310,8,0,0,296,0,23,0,273,23,0,0,487,0,44,1,442,44,0,0,53,0,31,0,22,31,0,0,2,8,0,0,1,8,1,0,3,2,1,1,1,3,7,1,2,2,1,1,4,0,0,1,High
2025-02-02,Sunday,7,5,2,Winter,1,0,0,0,0,0,0,0.8,22.3,13.0,46.2,Respiratory,4,1,6,95,42,10,11,11,158,166.0,165.0,161.0,176.57,12.18,161.0,175.43,None,0,7,23,7,5,14,4,3,2,1,14,14,4,10,1,28,24,6,2,2,24,0,24,10,1,0,2,7,1,0,1,28,16,6,2,10,16,0,16,0,326,0,22,1,303,22,0,0,310,0,10,1,299,10,0,0,273,0,21,0,252,21,0,0,442,0,41,1,400,41,0,1,22,0,22,0,0,33,11,0,2,20,1,1,1,8,1,0,2,2,1,1,2,2,7,1,2,1,1,1,4,0,0,3,High
2025-02-03,Monday,1,6,2,Winter,0,0,0,0,1,0,0,0.0,25.2,16.0,55.2,Respiratory,4,1,5,123,46,10,7,11,186,158.0,166.0,180.0,176.14,12.76,176.0,175.21,None,0,7,29,3,7,11,4,1,1,4,12,12,7,5,1,28,18,10,1,9,18,0,18,10,4,0,0,6,4,0,4,28,19,1,2,7,19,0,19,0,303,0,21,1,281,21,0,0,299,0,7,1,291,7,0,0,252,0,24,0,228,24,0,0,400,0,47,1,352,47,0,0,400,400,35,0,365,35,0,0,2,12,1,0,1,8,1,0,3,2,1,1,1,3,7,1,2,2,1,1,4,0,0,1,High
2025-02-04,Tuesday,2,6,2,Winter,0,0,0,0,0,1,0,0.0,26.8,20.2,55.7,Respiratory,4,1,6,119,46,11,10,10,186,186.0,158.0,187.0,177.0,13.18,188.0,175.93,None,0,4,30,5,7,9,6,3,0,2,11,11,6,5,1,28,18,5,2,8,18,0,18,10,3,1,2,5,3,0,3,28,21,3,2,5,21,0,21,0,281,0,20,1,260,20,0,0,291,0,9,1,281,9,0,0,228,0,23,0,205,23,0,0,352,0,46,1,305,46,0,0,365,0,36,0,329,36,0,0,2,8,1,0,1,20,1,1,3,2,1,2,1,3,7,2,2,2,1,1,4,0,0,2,High
2025-02-05,Wednesday,3,6,2,Winter,0,0,0,1,0,0,1,0.2,24.0,17.3,50.5,Respiratory,4,1,5,125,42,8,12,9,187,186.0,186.0,197.0,176.86,13.08,189.0,175.79,None,0,5,24,7,6,12,6,2,0,0,12,12,6,6,1,28,19,3,1,8,19,0,19,10,2,3,0,8,2,0,2,28,22,2,0,6,22,0,22,0,260,0,19,0,241,19,0,0,281,0,10,1,270,10,0,0,205,0,22,0,183,22,0,1,305,0,44,1,260,44,0,0,329,0,32,0,297,32,0,0,2,8,0,0,1,20,1,1,3,2,1,2,1,3,7,1,2,2,1,1,4,0,0,2,High
2025-02-06,Thursday,4,6,2,Winter,0,0,0,0,0,1,0,0.0,23.1,14.5,55.3,Respiratory,4,1,6,114,48,12,7,12,181,187.0,186.0,180.0,175.43,11.21,172.0,175.64,None,0,5,31,7,5,15,4,6,1,1,15,14,5,9,1,28,20,5,2,6,20,0,20,10,2,2,2,6,2,0,2,28,21,5,2,5,21,0,21,0,241,0,24,0,217,24,0,0,270,0,11,1,258,11,0,0,183,0,23,0,160,23,0,0,260,0,48,0,212,48,0,0,297,0,40,0,257,40,0,0,2,12,1,0,1,8,1,0,3,2,1,1,1,3,7,2,2,2,1,1,4,0,0,1,High
2025-02-07,Friday,5,6,2,Winter,0,0,0,0,0,0,0,0.0,22.6,14.0,55.7,Respiratory,4,1,5,110,47,8,6,9,171,181.0,187.0,165.0,175.57,11.27,170.0,176.29,None,0,2,37,5,3,16,5,3,0,0,17,16,7,9,1,28,14,8,0,14,14,0,14,10,6,1,2,2,6,0,6,28,18,5,0,10,18,0,18,0,217,0,19,0,198,19,0,1,258,0,9,0,249,9,0,0,160,0,22,0,138,22,0,0,912,700,46,2,864,46,0,0,257,0,39,0,218,39,0,1,2,8,0,0,1,8,1,0,3,2,1,1,1,3,7,1,2,2,1,1,4,0,0,1,High
2025-02-08,Saturday,6,6,2,Winter,1,0,0,0,0,0,0,0.0,25.2,17.6,49.5,,0,0,0,87,20,7,15,9,129,171.0,181.0,166.0,176.43,10.65,164.0,176.36,None,0,8,4,4,4,1,4,1,1,1,2,4,5,0,0,28,14,5,0,14,14,0,14,10,4,2,0,6,4,0,4,28,19,3,1,8,19,0,19,0,198,0,15,0,183,15,0,0,249,0,6,0,243,6,0,0,138,0,13,0,125,13,0,0,864,0,23,2,839,23,0,0,218,0,11,0,207,11,0,0,2,12,1,0,1,8,1,0,2,1,2,1,1,2,7,1,1,1,2,2,2,0,0,0,Normal
2025-02-09,Sunday,7,6,2,Winter,1,0,0,0,0,0,0,0.0,24.6,16.6,50.0,,0,0,0,82,19,7,10,5,118,129.0,171.0,158.0,171.14,19.78,161.0,173.86,None,0,3,8,3,5,0,5,1,0,1,2,4,4,0,0,28,10,8,0,18,10,0,10,10,1,4,0,9,1,0,1,28,14,5,1,13,14,0,14,0,183,0,10,0,173,10,0,0,243,0,5,0,238,5,0,0,125,0,11,0,114,11,0,0,839,0,22,2,815,22,0,0,207,0,4,0,203,4,0,0,2,8,0,0,1,8,1,0,2,1,1,1,1,2,6,1,1,1,1,1,2,0,0,0,Normal
2025-02-10,Monday,1,7,2,Winter,0,0,0,0,0,0,0,0.7,24.1,15.1,51.8,,0,0,0,100,22,7,7,7,136,118.0,129.0,186.0,165.43,27.15,180.0,170.79,None,0,8,8,5,1,1,2,1,1,3,2,4,8,0,0,28,10,1,2,16,10,0,10,10,3,0,2,5,3,0,3,28,17,1,0,11,17,0,17,0,173,0,13,0,160,13,0,0,238,0,7,0,231,7,0,0,114,0,14,0,100,14,0,0,815,0,26,2,787,26,0,0,203,0,13,0,190,13,0,0,2,12,1,0,1,8,0,0,3,1,1,1,1,2,6,1,1,1,1,1,4,0,0,0,Normal
2025-02-11,Tuesday,2,7,2,Winter,0,0,0,0,0,1,0,0.0,27.9,19.7,55.8,,0,0,0,100,16,13,5,8,134,136.0,118.0,186.0,158.29,27.38,187.0,167.64,None,0,7,3,5,1,0,5,4,2,2,1,3,6,0,0,28,12,5,1,15,12,0,12,10,2,1,2,6,2,0,2,28,17,1,1,10,17,0,17,0,160,0,14,0,146,14,0,0,231,0,6,0,225,6,0,0,380,280,12,0,368,12,0,0,787,0,21,2,764,21,0,0,190,0,4,0,186,4,0,0,2,20,1,1,1,8,1,0,3,1,1,1,2,2,6,2,1,1,1,1,2,0,0,1,Watch
2025-02-12,Wednesday,3,7,2,Winter,0,0,0,1,0,0,1,0.0,21.9,14.0,49.6,,0,0,0,108,21,7,16,9,152,134.0,136.0,187.0,150.86,25.86,197.0,163.86,None,0,8,9,4,0,0,4,1,0,2,2,4,4,0,0,28,12,5,2,14,12,0,12,10,4,2,1,5,4,0,4,28,14,3,0,14,14,0,14,0,446,300,15,1,430,15,0,0,225,0,6,0,219,6,0,0,368,0,14,0,354,14,0,0,764,0,25,1,738,25,0,0,186,0,4,0,182,4,0,0,2,8,0,0,1,8,1,0,3,1,2,1,1,2,6,1,1,1,2,2,4,0,0,0,Normal
2025-02-13,Thursday,4,7,2,Winter,0,0,0,0,0,1,0,0.0,21.2,15.1,61.0,,0,0,0,95,20,13,6,7,134,152.0,134.0,181.0,145.86,21.39,180.0,160.64,None,0,8,6,4,2,2,6,2,0,5,2,4,5,0,0,28,10,5,0,18,10,0,10,10,2,2,1,7,2,0,2,28,16,2,0,12,16,0,16,0,430,0,13,1,416,13,0,0,219,0,6,0,213,6,0,0,354,0,13,0,341,13,0,0,738,0,24,1,713,24,0,0,182,0,13,0,169,13,0,0,2,16,1,1,1,20,1,1,2,1,1,2,2,2,6,2,1,1,1,1,4,0,0,2,Watch
2025-02-14,Friday,5,7,2,Winter,0,0,0,0,0,0,0,0.0,24.9,16.5,47.3,,0,0,0,95,15,7,6,6,123,134.0,152.0,171.0,139.14,16.0,165.0,157.36,None,0,7,3,5,0,1,2,2,1,2,1,3,8,0,0,28,14,0,1,13,14,0,14,10,1,1,1,8,1,0,1,28,15,3,0,13,15,0,15,0,416,0,11,1,404,11,0,0,213,0,6,0,207,6,0,0,341,0,11,0,330,11,0,0,713,0,20,1,692,20,0,0,569,400,6,1,562,6,0,0,2,12,1,0,1,8,0,0,2,1,1,1,1,2,6,1,1,1,1,1,3,0,0,0,Normal
2025-02-15,Saturday,6,7,2,Winter,1,0,0,0,0,0,0,0.0,22.2,14.9,56.3,,0,0,0,86,17,6,11,8,120,123.0,134.0,129.0,132.29,10.07,166.0,154.36,None,0,6,4,4,3,0,1,3,0,2,1,3,5,0,0,28,16,2,1,11,16,0,16,10,2,1,2,6,2,0,2,28,13,4,0,15,13,0,13,0,404,0,13,1,390,13,0,0,207,0,5,0,202,5,0,0,330,0,11,0,319,11,0,0,692,0,20,1,671,20,0,0,562,0,6,1,555,6,0,0,2,8,0,0,1,8,0,0,2,1,1,1,1,2,6,1,1,1,1,1,3,0,0,0,Normal
2025-02-16,Sunday,7,7,2,Winter,1,0,0,0,0,0,0,0.0,23.8,14.4,59.9,,0,0,0,79,19,9,12,10,119,120.0,123.0,118.0,131.0,10.94,158.0,151.07,None,0,10,4,4,1,0,3,2,2,2,1,3,5,0,0,28,19,5,3,6,19,0,19,10,1,1,0,9,1,0,1,28,13,2,2,13,13,0,13,0,390,0,16,1,373,16,0,0,202,0,6,0,196,6,0,0,319,0,13,0,306,13,0,0,671,0,22,1,648,22,0,0,555,0,6,1,548,6,0,0,2,20,1,1,1,8,0,0,2,1,1,1,2,2,6,1,1,1,1,1,3,0,0,1,Watch
2025-02-17,Monday,1,8,2,Winter,0,0,0,0,0,0,0,0.0,25.3,18.1,59.5,,0,0,0,95,17,8,7,8,127,119.0,120.0,136.0,131.14,10.78,186.0,148.29,None,0,4,5,1,7,2,4,4,0,0,2,4,6,0,0,28,15,7,0,13,15,0,15,10,3,1,0,7,3,0,3,28,13,2,2,13,13,0,13,0,373,0,12,1,360,12,0,0,196,0,3,0,193,3,0,0,306,0,12,0,294,12,0,0,648,0,21,1,626,21,0,0,548,0,8,1,539,8,0,0,2,8,0,0,1,8,1,0,2,1,1,1,1,2,6,1,1,1,1,1,2,0,0,0,Normal
2025-02-18,Tuesday,2,8,2,Winter,0,0,0,0,0,1,0,0.0,26.6,17.5,47.2,,0,0,0,98,13,13,9,8,133,127.0,119.0,134.0,129.86,10.66,186.0,144.07,None,0,2,8,1,2,0,4,7,1,1,1,3,4,0,0,28,16,4,2,10,16,0,16,10,4,0,0,6,4,0,4,28,11,4,1,16,11,0,11,0,360,0,12,1,347,12,0,0,193,0,2,0,191,2,0,0,294,0,10,0,284,10,0,0,626,0,18,1,607,18,0,0,539,0,8,1,530,8,0,0,2,20,1,1,1,8,1,0,3,1,1,1,2,2,6,2,1,1,1,1,3,0,0,1,Watch
2025-02-19,Wednesday,3,8,2,Winter,0,0,0,1,0,0,1,1.1,27.7,21.7,48.7,,0,0,0,107,16,7,13,8,143,133.0,127.0,152.0,129.71,10.61,187.0,140.29,None,0,2,10,1,3,0,5,1,1,0,2,4,6,0,0,28,11,6,1,16,11,0,11,10,4,4,1,5,4,0,4,28,11,3,1,16,11,0,11,0,347,0,12,1,334,12,0,0,191,0,2,0,189,2,0,0,284,0,11,0,273,11,0,0,607,0,21,1,585,21,0,0,530,0,11,1,518,11,0,0,2,12,1,0,1,8,1,0,3,1,2,1,1,2,6,1,1,1,1,1,3,0,0,0,Normal
2025-02-20,Thursday,4,8,2,Winter,0,0,0,0,0,1,0,0.0,24.9,17.7,58.9,,0,0,0,96,18,13,9,6,136,143.0,133.0,134.0,128.43,8.07,181.0,137.14,None,0,7,4,3,4,0,1,9,2,1,1,3,4,0,0,28,10,2,2,16,10,0,10,10,2,2,0,8,2,0,2,28,13,3,0,15,13,0,13,0,334,0,11,1,322,11,0,0,189,0,4,0,185,4,0,0,273,0,12,0,261,12,0,0,585,0,22,1,562,22,0,0,518,0,12,1,505,12,0,0,2,20,1,1,1,8,0,0,2,1,1,1,2,2,6,2,1,1,1,1,4,0,0,1,Watch
2025-02-21,Friday,5,8,2,Winter,0,0,0,0,0,0,0,0.0,24.6,15.7,52.7,,0,0,0,94,20,8,7,7,129,136.0,143.0,123.0,128.71,8.29,171.0,133.93,None,0,5,5,7,3,0,3,1,1,3,1,3,8,0,0,28,11,4,0,17,11,0,11,10,2,0,2,6,2,0,2,28,13,2,1,14,13,0,13,0,322,0,14,1,307,14,0,0,185,0,8,0,177,8,0,0,261,0,13,0,248,13,0,0,562,0,24,1,537,24,0,0,505,0,6,0,499,6,0,0,2,12,1,0,1,8,0,0,2,1,1,1,1,2,6,1,1,1,1,1,3,0,0,0,Normal
2025-02-22,Saturday,6,8,2,Winter,1,0,0,0,0,0,0,0.0,23.3,15.3,56.1,,0,0,0,89,18,7,10,6,124,129.0,136.0,120.0,129.57,7.96,129.0,130.93,None,0,4,5,4,5,0,4,2,0,1,1,3,6,0,0,28,12,1,0,16,12,0,12,10,2,2,1,7,2,0,2,28,13,2,2,13,13,0,13,0,307,0,11,1,295,11,0,0,177,0,5,0,172,5,0,0,248,0,12,0,236,12,0,0,537,0,22,1,514,22,0,0,499,0,6,0,493,6,0,0,2,8,0,0,1,8,1,0,2,1,1,1,1,2,6,1,1,1,1,1,2,0,0,0,Normal
2025-02-23,Sunday,7,8,2,Winter,1,0,0,0,0,0,0,0.0,22.8,14.1,53.3,,0,0,0,83,18,7,12,8,120,124.0,129.0,119.0,130.14,7.38,118.0,130.57,None,0,8,7,0,3,3,3,1,1,2,4,6,5,1,1,28,15,3,2,11,15,0,15,10,3,1,2,5,3,0,3,28,8,5,0,20,8,0,8,0,295,0,12,1,282,12,0,0,172,0,2,0,170,2,0,0,236,0,12,0,224,12,0,0,514,0,21,1,492,21,0,0,493,0,6,0,487,6,0,0,2,12,1,0,1,8,0,0,2,1,1,1,1,2,6,1,1,1,1,1,2,0,0,1,Watch
2025-02-24,Monday,1,9,2,Winter,0,0,0,0,0,0,0,0.0,23.1,14.8,61.0,,0,0,0,101,20,9,6,7,136,120.0,124.0,127.0,130.29,7.17,136.0,130.71,None,0,7,6,2,5,0,5,4,0,0,1,3,6,0,0,28,14,3,0,14,14,0,14,10,4,0,2,4,4,0,4,28,11,1,0,17,11,0,11,0,282,0,12,1,269,12,0,0,170,0,4,0,166,4,0,0,224,0,13,0,211,13,0,0,492,0,24,1,467,24,0,0,487,0,11,0,476,11,0,0,2,8,0,0,1,8,1,0,3,1,1,1,1,2,6,1,1,1,1,1,2,0,0,0,Normal
2025-02-25,Tuesday,2,9,2,Winter,0,0,0,0,0,1,0,0.1,26.7,20.5,49.7,,0,0,0,96,21,14,9,8,140,136.0,120.0,133.0,131.57,7.27,134.0,130.71,None,0,6,7,4,4,1,2,11,1,0,2,4,4,0,0,28,13,5,0,15,13,0,13,10,2,4,0,8,2,0,2,28,10,3,2,16,10,0,10,0,269,0,14,1,254,14,0,0,166,0,6,0,160,6,0,0,211,0,13,0,198,13,0,1,467,0,24,1,442,24,0,0,476,0,8,0,468,8,0,0,2,20,1,1,1,8,0,0,2,1,1,1,2,2,6,2,1,1,1,1,3,0,0,1,Watch
2025-02-26,Wednesday,3,9,2,Winter,0,0,0,1,0,0,1,0.0,23.9,15.5,50.6,,0,0,0,112,17,8,13,9,150,140.0,136.0,143.0,132.57,7.85,152.0,131.14,None,0,7,3,3,4,1,3,3,1,1,2,4,5,0,0,28,18,4,2,8,18,0,18,10,0,2,2,8,0,0,0,28,5,5,2,21,5,0,5,0,254,0,14,0,240,14,0,0,160,0,4,0,156,4,0,0,198,0,13,0,185,13,0,0,442,0,23,1,418,23,0,0,468,0,2,0,466,2,0,0,2,12,1,0,1,8,0,0,3,1,2,1,1,2,5,1,1,1,1,1,2,0,0,0,Normal
2025-02-27,Thursday,4,9,2,Winter,0,0,0,0,0,1,0,0.0,24.2,14.8,45.8,,0,0,0,100,19,14,5,7,138,150.0,140.0,136.0,133.57,9.41,134.0,131.0,None,0,3,10,1,5,1,5,7,0,2,2,4,4,0,0,28,18,4,2,8,18,0,18,10,0,0,0,10,0,0,0,28,7,1,1,20,7,0,7,0,240,0,12,0,228,12,0,0,156,0,3,0,153,3,0,0,185,0,12,0,173,12,0,0,418,0,23,1,394,23,0,1,466,0,12,0,454,12,0,0,2,16,1,1,1,8,1,0,3,1,1,1,2,2,6,2,1,1,1,1,3,0,0,1,Watch
2025-02-28,Friday,5,9,2,Winter,0,0,0,0,0,0,0,0.0,28.2,19.6,48.3,,0,0,0,94,17,7,8,7,126,138.0,150.0,129.0,133.86,9.51,123.0,131.29,None,0,9,2,5,1,0,3,2,0,2,1,3,7,0,0,28,19,1,2,7,19,0,19,10,3,0,2,5,3,0,3,28,7,2,2,19,7,0,7,0,228,0,12,0,216,12,0,0,153,0,6,0,147,6,0,0,173,0,12,0,161,12,0,0,394,0,21,1,372,21,0,0,454,0,5,0,449,5,0,0,2,8,0,0,1,8,0,0,2,1,1,1,1,2,6,1,1,1,1,1,3,0,0,0,Normal
2025-03-01,Saturday,6,9,3,Summer,1,0,0,0,0,0,0,0.0,24.9,15.5,55.6,,0,0,0,84,24,7,12,8,127,126.0,138.0,124.0,133.43,9.78,120.0,131.5,None,0,8,8,4,4,1,4,3,0,0,2,4,8,0,0,28,16,5,1,11,16,0,16,10,4,2,2,4,4,0,4,28,9,1,0,19,9,0,9,0,216,0,14,0,202,14,0,0,147,0,6,0,141,6,0,0,161,0,14,0,147,14,0,0,372,0,26,1,345,26,0,0,449,0,11,0,438,11,0,0,2,8,0,0,1,8,1,0,2,1,1,1,1,2,6,1,1,1,1,1,4,0,0,0,Normal
2025-03-02,Sunday,7,9,3,Summer,1,0,0,0,0,0,0,0.0,26.8,17.4,51.6,,0,0,0,83,17,9,10,7,119,127.0,126.0,120.0,133.86,9.42,119.0,132.0,None,0,3,7,6,1,1,6,0,0,3,2,4,6,0,0,28,14,7,0,14,14,0,14,10,3,2,2,5,3,0,3,28,7,3,0,21,7,0,7,0,202,0,13,0,189,13,0,1,141,0,7,0,134,7,0,0,147,0,11,0,136,11,0,0,345,0,20,1,324,20,0,0,438,0,6,0,432,6,0,0,2,8,0,0,1,20,1,1,2,1,1,2,1,2,6,1,1,1,1,1,2,0,0,1,Watch
2025-03-03,Monday,1,10,3,Summer,0,0,0,0,0,0,0,0.0,25.4,16.5,54.0,,0,0,0,100,15,9,4,7,128,119.0,127.0,136.0,133.71,9.63,127.0,132.0,None,0,5,3,6,1,0,4,3,1,1,1,3,4,0,0,28,17,1,1,10,17,0,17,10,4,0,1,5,4,0,4,28,7,2,2,19,7,0,7,0,189,0,12,0,177,12,0,0,134,0,7,0,127,7,0,1,416,280,11,0,405,11,0,0,324,0,20,1,303,20,0,0,432,0,6,0,426,6,0,0,2,12,1,0,1,8,1,0,3,1,1,1,1,2,6,1,1,1,1,1,4,0,0,0,Normal
2025-03-04,Tuesday,2,10,3,Summer,0,0,0,0,0,1,0,0.0,26.4,20.2,52.4,,0,0,0,99,17,14,8,9,138,128.0,119.0,140.0,132.57,9.77,133.0,132.07,None,0,3,9,2,3,2,5,6,0,3,3,5,4,1,1,28,18,3,0,10,18,0,18,10,1,4,0,9,1,0,1,28,10,1,2,16,10,0,10,0,177,0,14,0,163,14,0,0,127,0,4,0,123,4,0,0,405,0,12,0,393,12,0,0,1003,700,22,2,979,22,0,0,426,0,14,0,412,14,0,0,2,16,1,1,1,8,1,0,3,1,1,1,2,2,6,2,1,1,1,1,4,0,0,2,Watch
2025-03-05,Wednesday,3,10,3,Summer,0,0,0,1,0,0,1,0.0,25.3,17.3,50.1,,0,0,0,109,18,8,13,8,148,138.0,128.0,150.0,132.29,9.57,143.0,132.43,None,0,9,4,3,2,1,2,3,1,2,2,4,8,0,0,28,22,2,2,4,22,0,22,10,1,1,0,9,1,0,1,28,8,3,1,19,8,0,8,0,163,0,13,0,150,13,0,0,123,0,4,0,119,4,0,0,393,0,14,0,379,14,0,0,979,0,23,2,954,23,0,0,412,0,5,0,407,5,0,0,2,12,1,0,1,8,0,0,3,1,2,1,1,2,6,1,1,1,1,1,3,0,0,0,Normal
2025-03-06,Thursday,4,10,3,Summer,0,0,0,0,0,1,0,0.0,27.4,19.8,56.5,,0,0,0,94,21,13,5,7,133,148.0,138.0,138.0,132.0,9.06,136.0,132.79,None,0,7,7,5,2,1,6,4,1,2,2,4,5,0,0,28,13,12,1,14,13,0,13,10,2,0,2,6,2,0,2,28,8,3,2,18,8,0,8,0,150,0,13,0,137,13,0,0,119,0,7,0,112,7,0,0,379,0,13,0,366,13,0,0,954,0,24,2,928,24,0,0,407,0,10,0,397,10,0,0,2,20,1,1,1,20,1,1,2,1,1,2,2,2,5,2,1,1,1,1,3,0,0,2,Watch
2025-03-07,Friday,5,10,3,Summer,0,0,1,0,0,0,2,0.0,26.9,19.9,49.7,,0,0,0,106,18,9,16,8,149,133.0,148.0,126.0,131.29,8.75,129.0,132.57,Road_Accident_Surge,2,8,6,1,3,0,4,1,2,2,1,3,5,0,0,28,16,1,2,10,16,0,16,10,3,1,0,7,3,0,3,28,4,6,2,22,4,0,4,0,437,300,13,1,423,13,0,0,112,0,3,0,109,3,0,0,366,0,13,0,353,13,0,0,928,0,23,2,903,23,0,0,397,0,7,0,390,7,0,0,2,20,1,1,1,8,1,0,3,1,3,1,2,2,5,1,1,1,2,3,4,0,0,1,Watch
2025-03-08,Saturday,6,10,3,Summer,1,0,0,0,0,0,0,0.0,24.9,17.5,48.7,,0,0,0,86,15,7,12,8,120,149.0,133.0,127.0,134.57,10.32,124.0,134.0,None,0,4,5,5,1,1,5,0,0,2,2,4,4,0,0,28,13,6,0,15,13,0,13,10,4,2,1,5,4,0,4,28,5,1,1,22,5,0,5,0,423,0,13,1,409,13,0,0,359,250,6,1,352,6,0,0,353,0,10,0,343,10,0,0,903,0,19,2,882,19,0,0,390,0,7,0,383,7,0,0,2,8,0,0,1,8,1,0,2,1,1,1,1,2,5,1,1,1,1,1,2,0,0,0,Normal
2025-03-09,Sunday,7,10,3,Summer,1,0,0,0,0,0,0,0.0,26.2,19.6,50.1,,0,0,0,82,13,8,10,6,113,120.0,149.0,119.0,133.57,11.3,120.0,133.71,None,0,2,6,3,2,1,4,2,0,2,2,4,7,0,0,28,15,1,0,13,15,0,15,10,4,1,2,4,4,0,4,28,7,0,0,21,7,0,7,0,409,0,10,1,398,10,0,0,352,0,4,1,347,4,0,0,343,0,9,0,334,9,0,0,882,0,17,2,863,17,0,0,383,0,8,0,375,8,0,0,2,8,0,0,1,8,1,0,2,1,1,1,1,2,6,1,1,1,1,1,4,0,0,0,Normal
2025-03-10,Monday,1,11,3,Summer,0,0,0,0,0,0,0,2.3,27.2,18.9,51.1,,0,0,0,100,22,8,9,7,139,113.0,120.0,128.0,132.71,12.53,136.0,133.21,None,0,9,3,2,8,0,4,2,0,2,1,3,4,0,0,28,15,4,1,12,15,0,15,10,3,1,2,5,3,0,3,28,10,0,2,16,10,0,10,0,398,0,12,1,385,12,0,0,347,0,4,1,342,4,0,0,334,0,14,0,320,14,0,0,863,0,26,2,835,26,0,0,375,0,8,0,367,8,0,0,2,8,0,0,1,8,1,0,3,1,1,1,1,2,6,1,1,1,1,1,4,0,0,0,Normal
2025-03-11,Tuesday,2,11,3,Summer,0,0,0,0,0,1,0,0.0,29.4,22.5,52.7,,0,0,0,100,16,11,11,8,138,139.0,113.0,138.0,134.29,12.53,140.0,133.43,None,0,11,2,1,2,1,3,5,1,2,1,3,8,0,0,28,13,6,1,14,13,0,13,10,3,1,0,7,3,0,3,28,10,3,0,18,10,0,10,0,385,0,12,1,372,12,0,0,342,0,2,1,339,2,0,0,320,0,13,0,307,13,0,0,835,0,21,2,812,21,0,0,367,0,8,0,359,8,0,0,2,12,1,0,1,8,0,0,3,1,1,1,1,2,6,2,1,1,1,1,4,0,0,0,Normal
2025-03-12,Wednesday,3,11,3,Summer,0,0,1,1,0,0,3,0.0,22.1,13.7,51.5,,0,0,0,115,22,10,21,10,168,138.0,139.0,148.0,134.29,12.53,150.0,133.29,Road_Accident_Surge,3,6,8,3,5,0,5,4,0,1,2,4,5,0,0,28,13,4,2,13,13,0,13,10,6,1,1,3,6,0,6,28,10,2,1,17,10,0,10,0,372,0,16,1,355,16,0,0,339,0,5,1,333,5,0,0,307,0,15,0,292,15,0,0,812,0,27,2,783,27,0,0,359,0,8,0,351,8,0,0,2,8,1,0,1,8,1,0,3,1,3,1,1,3,6,1,1,1,2,3,2,1,1,1,Watch
2025-03-13,Thursday,4,11,3,Summer,0,0,0,0,0,1,0,0.0,26.8,18.2,54.0,,0,0,0,98,24,12,8,10,142,168.0,138.0,133.0,137.14,16.86,138.0,134.57,None,0,10,8,4,2,0,2,8,0,2,1,3,4,0,0,28,17,2,2,9,17,0,17,10,5,3,0,5,5,0,5,28,10,2,0,18,10,0,10,0,355,0,17,1,337,17,0,0,333,0,6,1,326,6,0,0,292,0,15,0,277,15,0,0,783,0,27,2,754,27,0,0,351,0,8,0,343,8,0,0,2,8,1,0,1,8,0,0,3,1,1,1,1,2,6,2,1,1,1,1,4,0,0,0,Normal
2025-03-14,Friday,5,11,3,Summer,0,0,1,0,0,0,1,0.0,25.3,16.1,54.6,,0,0,0,104,19,8,14,8,145,142.0,168.0,149.0,138.43,16.84,126.0,134.86,None,0,9,5,4,1,1,5,2,0,1,2,4,7,0,0,28,17,4,0,11,17,0,17,10,4,2,0,6,4,0,4,28,8,5,1,19,8,0,8,0,337,0,14,1,322,14,0,0,326,0,6,1,319,6,0,0,277,0,14,0,263,14,0,0,754,0,24,1,729,24,0,0,343,0,9,0,334,9,0,0,2,8,0,0,1,8,1,0,3,1,2,1,1,2,6,1,1,1,2,2,4,0,0,0,Normal
2025-03-15,Saturday,6,11,3,Summer,1,0,0,0,0,0,0,0.0,25.5,18.1,56.4,,0,0,0,83,20,8,11,8,122,145.0,142.0,120.0,137.86,16.54,127.0,136.21,None,0,4,8,4,4,0,5,2,1,0,2,4,5,0,0,28,15,5,1,12,15,0,15,10,6,3,2,2,6,0,6,28,7,1,1,20,7,0,7,0,322,0,14,1,307,14,0,0,319,0,6,1,312,6,0,0,263,0,12,0,251,12,0,0,729,0,23,1,705,23,0,0,334,0,4,0,330,4,0,0,2,12,1,0,1,8,1,0,2,1,1,1,1,2,6,1,1,1,1,1,4,0,0,0,Normal
2025-03-16,Sunday,7,11,3,Summer,1,0,1,0,0,0,3,0.0,28.4,20.0,46.9,,0,0,0,84,20,8,22,10,134,122.0,145.0,113.0,138.14,16.24,119.0,135.86,Road_Accident_Surge,3,7,8,3,2,1,2,4,0,2,3,5,7,0,0,28,14,3,2,12,14,0,14,10,8,1,2,0,8,0,8,28,11,1,0,17,11,0,11,0,307,0,16,1,290,16,0,0,312,0,5,1,306,5,0,0,251,0,13,0,238,13,0,0,705,0,23,1,681,23,0,0,330,0,15,0,315,15,0,0,2,8,0,0,1,8,0,0,2,1,3,1,1,2,6,1,1,1,2,3,4,0,0,0,Watch
2025-03-17,Monday,1,12,3,Summer,0,0,1,0,0,0,1,0.0,27.6,22.6,53.1,,0,0,0,106,20,9,15,9,150,134.0,122.0,139.0,141.14,12.92,128.0,136.93,Road_Accident_Surge,2,6,6,4,4,0,4,1,2,2,1,3,4,0,0,28,16,3,1,11,16,0,16,10,8,1,2,0,8,0,8,28,14,0,1,13,14,0,14,0,290,0,15,1,274,15,0,0,306,0,6,1,299,6,0,0,238,0,14,0,224,14,0,0,681,0,24,1,656,24,0,0,315,0,9,0,306,9,0,0,2,20,1,1,1,8,1,0,3,1,3,1,2,2,7,1,1,1,2,3,4,0,0,1,Watch
2025-03-18,Tuesday,2,12,3,Summer,0,0,0,0,0,1,0,0.0,30.0,22.0,48.9,,0,0,0,107,17,14,8,8,146,150.0,134.0,138.0,142.71,13.23,138.0,138.5,None,0,7,5,3,2,2,6,6,2,0,2,4,8,0,0,28,17,3,1,10,17,0,17,10,2,8,2,6,2,0,2,28,13,3,2,13,13,0,13,0,274,0,13,1,260,13,0,0,299,0,4,1,294,4,0,0,224,0,13,0,211,13,0,0,656,0,22,1,633,22,0,0,306,0,8,0,298,8,0,0,2,20,1,1,1,20,1,1,3,1,1,2,2,2,6,2,1,1,1,1,3,0,0,2,Watch
2025-03-19,Wednesday,3,12,3,Summer,0,0,0,1,0,0,1,0.0,29.2,24.7,48.1,,0,0,0,107,18,8,13,10,146,146.0,150.0,168.0,143.86,13.12,148.0,139.07,None,0,7,6,2,3,0,3,3,2,0,1,3,5,0,0,28,18,3,2,8,18,0,18,10,1,2,0,9,1,0,1,28,15,3,2,11,15,0,15,0,260,0,15,0,245,15,0,0,294,0,4,1,289,4,0,0,211,0,13,0,198,13,0,1,633,0,23,1,609,23,0,0,298,0,13,0,285,13,0,0,2,20,1,1,1,8,0,0,3,1,2,1,2,2,6,1,1,1,1,1,3,0,0,1,Watch
2025-03-20,Thursday,4,12,3,Summer,0,0,0,0,0,1,0,0.0,28.2,19.2,48.9,,0,0,0,97,16,13,5,7,131,146.0,146.0,142.0,140.71,8.92,133.0,138.93,None,0,3,7,4,2,1,4,7,0,2,2,4,7,0,0,28,17,5,0,11,17,0,17,10,3,0,1,6,3,0,3,28,15,1,0,13,15,0,15,0,245,0,12,0,233,12,0,0,289,0,5,1,283,5,0,0,198,0,11,0,187,11,0,0,609,0,21,1,587,21,0,0,285,0,6,0,279,6,0,0,2,16,1,1,1,8,1,0,3,1,1,1,2,2,6,2,1,1,1,1,2,0,0,1,Watch
2025-03-21,Friday,5,12,3,Summer,0,0,0,0,0,0,0,0.0,28.0,17.8,50.4,,0,0,0,94,17,10,6,7,127,131.0,146.0,145.0,139.14,9.51,149.0,138.79,None,0,3,7,3,4,1,3,3,1,3,2,4,8,0,0,28,17,5,0,11,17,0,17,10,3,1,0,7,3,0,3,28,12,4,1,15,12,0,12,0,233,0,12,0,221,12,0,0,283,0,4,1,278,4,0,0,187,0,11,0,176,11,0,0,587,0,21,1,565,21,0,0,279,0,6,0,273,6,0,0,2,12,1,0,1,8,0,0,2,1,1,1,1,2,6,1,1,1,1,1,2,0,0,0,Normal
2025-03-22,Saturday,6,12,3,Summer,1,0,0,0,0,0,0,0.0,23.8,14.8,50.9,,0,0,0,87,17,10,10,10,124,127.0,131.0,122.0,136.57,10.0,120.0,137.21,None,0,6,6,4,1,1,7,3,0,0,2,4,6,0,0,28,22,4,1,5,22,0,22,10,2,1,0,8,2,0,2,28,10,3,1,17,10,0,10,0,221,0,16,0,205,16,0,0,278,0,5,1,272,5,0,0,176,0,12,0,164,12,0,0,565,0,21,1,543,21,0,0,273,0,6,0,267,6,0,0,2,8,1,0,1,20,1,1,2,1,1,2,1,2,6,1,1,1,1,1,3,0,0,1,Watch
2025-03-23,Sunday,7,12,3,Summer,1,0,0,0,0,0,0,0.0,30.3,21.3,50.2,,0,0,0,83,18,8,13,7,122,124.0,127.0,134.0,136.86,9.6,113.0,137.5,None,0,5,5,5,3,2,4,2,1,1,3,5,5,0,0,28,21,5,0,7,21,0,21,10,2,1,2,6,2,0,2,28,10,2,2,16,10,0,10,0,205,0,13,0,192,13,0,1,272,0,6,1,265,6,0,0,164,0,11,0,153,11,0,0,543,0,21,1,521,21,0,0,267,0,8,0,259,8,0,0,2,12,1,0,1,8,1,0,2,1,2,1,1,2,6,1,1,1,1,1,3,0,0,0,Normal
2025-03-24,Monday,1,13,3,Summer,0,0,0,0,0,0,0,1.4,27.5,20.3,48.5,,0,0,0,105,20,8,8,7,141,122.0,124.0,150.0,135.14,10.93,139.0,138.14,None,0,8,7,2,3,2,4,2,1,1,3,5,5,0,0,28,21,3,1,6,21,0,21,10,2,2,1,7,2,0,2,28,10,2,0,18,10,0,10,0,192,0,12,0,180,12,0,0,265,0,4,1,260,4,0,0,153,0,14,0,139,14,0,0,521,0,24,1,496,24,0,0,259,0,9,0,250,9,0,0,2,12,1,0,1,8,1,0,3,1,1,1,1,2,6,1,1,1,1,1,3,0,0,0,Normal
2025-03-25,Tuesday,2,13,3,Summer,0,0,0,0,1,1,0,0.0,30.7,22.9,45.6,,0,0,0,100,17,17,8,8,142,141.0,122.0,146.0,133.86,9.55,138.0,138.29,None,0,4,5,6,2,0,7,6,0,4,1,3,7,0,0,28,21,3,2,5,21,0,21,10,3,2,0,7,3,0,3,28,11,1,1,16,11,0,11,0,180,0,14,0,166,14,0,0,260,0,7,1,252,7,0,0,419,280,12,0,407,12,0,0,496,0,22,1,473,22,0,0,250,0,6,0,244,6,0,0,2,16,1,1,1,20,1,1,3,1,1,2,2,2,6,2,1,1,1,1,3,0,0,2,Watch
2025-03-26,Wednesday,3,13,3,Summer,0,0,1,1,0,0,4,1.6,30.2,23.4,49.6,,0,0,0,116,18,9,24,12,167,142.0,141.0,146.0,133.29,8.91,168.0,138.57,Road_Accident_Surge,4,7,4,4,3,2,5,3,0,1,3,5,4,1,1,28,22,7,2,4,22,0,22,10,3,0,2,5,3,0,3,28,15,0,2,11,15,0,15,0,166,0,18,0,148,18,0,0,252,0,5,0,247,5,0,0,407,0,14,0,393,14,0,0,473,0,24,1,448,24,0,0,244,0,12,0,232,12,0,0,2,8,0,0,1,8,1,0,3,1,3,1,1,3,7,1,1,1,2,3,3,0,0,1,High
2025-03-27,Thursday,4,13,3,Summer,0,0,0,0,0,1,0,0.0,25.5,16.2,49.9,,0,0,0,95,19,15,7,7,136,167.0,142.0,131.0,136.29,14.48,142.0,138.5,None,0,8,5,4,2,0,9,5,0,1,1,3,4,0,0,28,22,3,2,4,22,0,22,10,4,0,2,4,4,0,4,28,16,2,0,12,16,0,16,0,148,0,12,0,136,12,0,0,247,0,6,0,241,6,0,0,393,0,13,0,380,13,0,0,448,0,23,1,424,23,0,0,232,0,8,0,224,8,0,1,2,16,1,1,1,20,1,1,2,1,1,2,2,2,7,2,1,1,1,1,3,0,0,2,Watch
2025-03-28,Friday,5,13,3,Summer,0,0,0,0,0,0,0,0.0,27.4,17.8,57.6,,0,0,0,94,20,10,6,6,130,136.0,167.0,127.0,137.0,14.32,145.0,138.07,None,0,6,7,4,3,0,5,4,0,1,1,3,7,0,0,28,22,4,1,5,22,0,22,10,3,1,0,7,3,0,3,28,17,1,0,11,17,0,17,0,436,300,11,1,424,11,0,0,241,0,6,0,235,6,0,0,380,0,13,0,367,13,0,0,424,0,24,1,399,24,0,1,224,0,8,0,216,8,0,0,2,8,1,0,1,8,1,0,2,1,1,1,1,2,7,1,1,1,1,1,4,0,0,0,Normal
2025-03-29,Saturday,6,13,3,Summer,1,0,0,0,0,0,0,0.0,28.3,21.3,49.7,,0,0,0,87,19,8,13,9,127,130.0,136.0,124.0,137.43,14.06,122.0,137.0,None,0,4,9,4,2,0,2,5,0,1,2,4,4,0,0,28,21,5,2,5,21,0,21,10,2,2,2,6,2,0,2,28,21,0,0,7,21,0,21,0,424,0,15,1,408,15,0,0,235,0,6,0,229,6,0,0,367,0,12,0,355,12,0,0,399,0,22,1,376,22,0,0,216,0,12,0,204,12,0,0,2,8,0,0,1,8,0,0,2,1,2,1,1,2,7,1,1,1,1,1,4,0,0,0,Normal
2025-03-30,Sunday,7,13,3,Summer,1,0,0,0,0,0,0,0.0,25.7,15.6,51.7,,0,0,0,80,20,8,9,6,117,127.0,130.0,122.0,137.86,13.68,134.0,137.36,None,0,7,4,6,3,1,5,2,0,1,2,4,5,0,0,28,21,4,2,5,21,0,21,10,1,2,2,7,1,0,1,28,14,8,0,14,14,0,14,0,408,0,12,1,395,12,0,0,229,0,7,0,222,7,0,0,355,0,12,0,343,12,0,0,376,0,22,1,353,22,0,0,204,0,5,0,199,5,0,0,2,8,0,0,1,8,1,0,2,1,1,1,1,2,7,1,1,1,1,1,2,0,0,0,Normal
2025-03-31,Monday,1,14,3,Summer,0,0,0,0,0,0,0,0.0,26.8,19.5,54.4,,0,0,0,104,22,7,9,8,142,117.0,127.0,141.0,137.14,14.59,150.0,136.14,None,0,7,5,6,4,0,3,3,0,1,1,3,7,0,0,28,21,4,2,5,21,0,21,10,2,0,0,8,2,0,2,28,12,5,0,16,12,0,12,0,395,0,15,1,379,15,0,0,222,0,8,0,214,8,0,0,343,0,14,0,329,14,0,0,353,0,26,1,326,26,0,0,199,0,8,0,191,8,0,0,2,8,0,0,1,8,0,0,3,1,1,1,1,2,6,1,1,1,1,1,3,0,0,0,Normal
2025-04-01,Tuesday,2,14,4,Summer,0,0,0,0,0,1,0,0.0,29.1,19.7,46.6,,0,0,0,100,17,14,9,8,140,142.0,117.0,142.0,137.29,14.64,146.0,135.57,None,0,6,7,1,3,1,5,7,0,2,2,4,5,0,0,28,19,6,0,9,19,0,19,10,3,0,0,7,3,0,3,28,13,2,1,14,13,0,13,0,379,0,12,1,366,12,0,0,214,0,3,0,211,3,0,0,329,0,12,0,317,12,0,0,326,0,22,1,303,22,0,0,191,0,10,0,181,10,0,0,2,16,1,1,1,8,1,0,3,1,1,1,2,2,6,2,1,1,1,1,4,0,0,1,Watch
2025-04-02,Wednesday,3,14,4,Summer,0,0,0,1,0,0,1,0.0,30.5,23.7,50.9,,0,0,0,108,18,9,13,7,148,140.0,142.0,167.0,137.0,14.56,146.0,135.14,None,0,5,3,5,5,0,1,3,4,1,1,3,8,0,0,28,17,6,0,11,17,0,17,10,3,1,0,7,3,0,3,28,12,3,0,16,12,0,12,0,366,0,13,1,352,13,0,0,211,0,6,0,205,6,0,0,317,0,13,0,304,13,0,0,1003,700,23,2,978,23,0,0,181,0,6,0,175,6,0,0,2,20,1,1,1,8,0,0,3,1,2,1,2,2,6,1,1,1,1,1,3,0,0,1,Watch
2025-04-03,Thursday,4,14,4,Summer,0,0,0,0,0,1,0,0.0,29.2,21.0,48.7,,0,0,0,96,17,14,9,7,136,148.0,140.0,136.0,134.29,9.66,131.0,135.29,None,0,11,4,2,0,0,7,7,0,0,1,3,8,0,0,28,14,8,2,12,14,0,14,10,1,2,0,9,1,0,1,28,10,4,2,16,10,0,10,0,352,0,12,1,339,12,0,0,205,0,4,0,201,4,0,0,304,0,13,0,291,13,0,0,978,0,21,2,955,21,0,0,575,400,6,1,568,6,0,0,2,16,1,1,1,20,1,1,2,1,1,2,2,2,6,2,1,1,1,1,3,0,0,2,Watch
2025-04-04,Friday,5,14,4,Summer,0,0,0,0,0,0,0,0.1,30.5,22.6,44.6,,0,0,0,92,17,8,7,6,124,136.0,148.0,130.0,134.29,9.66,127.0,135.64,None,0,5,2,5,5,0,5,1,0,2,1,3,4,0,0,28,8,8,0,20,8,0,8,10,0,1,0,10,0,0,0,28,13,1,1,14,13,0,13,0,339,0,11,1,327,11,0,0,201,0,6,0,195,6,0,0,291,0,12,0,279,12,0,0,955,0,21,2,932,21,0,0,568,0,9,1,558,9,0,0,2,8,0,0,1,8,1,0,2,1,1,1,1,2,5,1,1,1,1,1,3,0,0,0,Normal
2025-04-05,Saturday,6,14,4,Summer,1,0,0,0,1,0,0,0.0,30.3,20.4,51.2,,0,0,0,93,17,12,10,8,132,124.0,136.0,127.0,133.43,10.25,124.0,135.43,None,0,6,5,3,3,1,7,3,0,2,2,4,4,0,0,28,5,5,1,22,5,0,5,10,1,0,1,8,1,0,1,28,16,2,2,10,16,0,16,0,327,0,13,1,313,13,0,0,195,0,4,0,191,4,0,0,279,0,12,0,267,12,0,0,932,0,21,2,909,21,0,0,558,0,13,1,544,13,0,0,2,8,1,0,1,20,1,1,2,1,1,2,1,2,5,2,1,1,1,1,3,0,0,1,Watch
2025-04-06,Sunday,7,14,4,Summer,1,0,0,0,0,0,0,1.8,29.6,20.9,50.8,,0,0,0,84,23,9,12,9,128,132.0,124.0,117.0,134.14,9.95,122.0,136.0,None,0,6,8,8,1,1,7,2,0,0,2,4,8,0,0,28,5,5,1,22,5,0,5,10,2,1,0,8,2,0,2,28,11,7,0,17,11,0,11,0,313,0,17,1,295,17,0,0,191,0,10,0,181,10,0,0,267,0,13,0,254,13,0,0,909,0,25,2,882,25,0,0,544,0,9,1,534,9,0,0,2,8,0,0,1,20,1,1,2,1,1,2,1,2,5,1,1,1,1,1,4,0,0,1,Watch
2025-04-07,Monday,1,15,4,Summer,0,0,0,0,0,0,0,0.0,32.3,22.8,47.3,,0,0,0,99,14,8,5,6,126,128.0,132.0,142.0,135.71,7.74,141.0,136.43,None,0,6,4,2,2,0,3,4,0,1,1,3,4,0,0,28,7,0,1,20,7,0,7,10,0,2,0,10,0,0,0,28,13,2,0,15,13,0,13,0,295,0,10,1,284,10,0,0,181,0,3,0,178,3,0,0,254,0,11,0,243,11,0,0,882,0,19,2,861,19,0,0,534,0,10,1,523,10,0,0,2,8,0,0,1,8,0,0,3,1,1,1,1,2,5,1,1,1,1,1,2,0,0,0,Normal
2025-04-08,Tuesday,2,15,4,Summer,0,0,0,0,0,1,0,0.0,31.0,23.7,48.4,,0,0,0,98,16,12,8,8,134,126.0,128.0,140.0,133.43,7.91,142.0,135.36,None,0,5,6,2,3,0,7,3,0,2,1,3,6,0,0,28,10,3,2,16,10,0,10,10,1,0,2,7,1,0,1,28,11,3,2,15,11,0,11,0,284,0,13,1,270,13,0,0,178,0,3,0,175,3,0,0,243,0,12,0,231,12,0,0,861,0,21,2,838,21,0,0,523,0,5,1,517,5,0,0,2,8,1,0,1,20,1,1,3,1,1,2,1,2,5,2,1,1,1,1,4,0,0,1,Watch
2025-04-09,Wednesday,3,15,4,Summer,0,0,0,1,0,0,1,0.0,29.8,22.0,46.1,,0,0,0,110,17,11,12,9,150,134.0,126.0,148.0,132.57,7.46,167.0,134.79,None,0,4,4,5,4,0,6,1,3,1,1,3,8,0,0,28,14,2,0,14,14,0,14,10,2,1,1,7,2,0,2,28,10,2,0,18,10,0,10,0,270,0,15,1,254,15,0,0,175,0,6,0,169,6,0,0,231,0,12,0,219,12,0,0,838,0,22,2,814,22,0,0,517,0,4,1,512,4,0,0,2,20,1,1,1,20,1,1,3,1,1,2,2,2,6,2,1,1,1,1,2,0,0,2,Watch
2025-04-10,Thursday,4,15,4,Summer,0,0,0,0,0,1,0,0.0,30.8,21.1,46.8,,0,0,0,99,14,14,9,8,136,150.0,134.0,136.0,132.86,8.06,136.0,133.57,None,0,4,2,6,2,0,8,3,1,2,1,3,6,0,0,28,12,5,0,16,12,0,12,10,2,1,0,8,2,0,2,28,12,2,1,15,12,0,12,0,254,0,14,0,240,14,0,0,169,0,7,0,162,7,0,0,219,0,11,0,208,11,0,0,814,0,19,2,793,19,0,0,512,0,9,1,502,9,0,0,2,20,1,1,1,20,1,1,3,1,1,2,2,2,6,2,1,1,1,1,3,0,0,2,Watch
2025-04-11,Friday,5,15,4,Summer,0,0,0,0,0,0,0,0.0,30.0,21.2,44.2,,0,0,0,92,17,9,7,6,125,136.0,150.0,124.0,132.86,8.06,130.0,133.57,None,0,4,5,4,4,0,3,2,0,4,1,3,5,0,0,28,11,3,0,17,11,0,11,10,2,0,2,6,2,0,2,28,16,0,1,11,16,0,16,0,240,0,11,0,229,11,0,0,162,0,5,0,157,5,0,0,208,0,11,0,197,11,0,1,793,0,21,2,770,21,0,0,502,0,10,0,492,10,0,0,2,8,0,0,1,8,0,0,2,1,1,1,1,2,6,1,1,1,1,1,3,0,0,0,Normal
2025-04-12,Saturday,6,15,4,Summer,1,0,0,0,0,0,0,0.0,28.5,19.9,50.7,,0,0,0,89,18,9,11,7,127,125.0,136.0,132.0,133.0,7.91,127.0,133.21,None,0,4,7,5,2,0,3,3,0,3,1,3,4,0,0,28,10,3,0,18,10,0,10,10,6,0,0,4,6,0,6,28,13,4,2,13,13,0,13,0,229,0,13,0,216,13,0,0,157,0,6,0,151,6,0,0,197,0,12,0,185,12,0,0,770,0,22,1,747,22,0,0,492,0,6,0,486,6,0,0,2,8,0,0,1,8,0,0,2,1,1,1,1,2,6,1,1,1,1,1,3,0,0,0,Normal
2025-04-13,Sunday,7,15,4,Summer,1,0,0,0,0,0,0,0.0,28.9,21.2,47.6,,0,0,0,81,18,8,12,8,119,127.0,125.0,128.0,132.29,8.19,117.0,133.21,None,0,5,4,4,5,1,4,1,1,2,2,4,5,0,0,28,13,1,1,14,13,0,13,10,7,3,3,0,7,0,7,28,12,1,0,16,12,0,12,0,216,0,13,0,203,13,0,0,151,0,5,0,146,5,0,0,185,0,11,0,174,11,0,0,747,0,21,1,725,21,0,0,486,0,3,0,483,3,0,0,2,12,1,0,1,8,1,0,2,1,1,1,1,2,6,1,1,1,1,1,4,0,0,0,Normal
2025-04-14,Monday,1,16,4,Summer,0,0,0,0,0,0,0,0.0,34.5,25.1,43.3,,0,0,0,101,15,8,6,6,130,119.0,127.0,126.0,131.0,9.38,142.0,133.36,None,0,9,3,3,0,0,4,2,1,1,1,3,6,0,0,28,9,6,1,18,9,0,9,10,3,4,2,5,3,0,3,28,15,1,0,13,15,0,15,0,203,0,10,0,193,10,0,1,146,0,4,0,142,4,0,0,174,0,12,0,162,12,0,0,725,0,20,1,704,20,0,0,483,0,10,0,473,10,0,0,2,12,1,0,1,8,1,0,3,1,1,1,1,2,6,1,1,1,1,1,2,0,0,0,Normal
2025-04-15,Tuesday,2,16,4,Summer,0,0,0,0,0,1,0,0.0,30.0,23.4,41.8,,0,0,0,107,16,13,6,7,142,130.0,119.0,134.0,131.57,9.18,140.0,132.5,None,0,4,3,4,5,0,3,9,0,1,1,3,4,0,0,28,13,3,2,13,13,0,13,10,1,2,0,9,1,0,1,28,13,2,0,15,13,0,13,0,193,0,12,0,181,12,0,0,142,0,5,0,137,5,0,0,162,0,12,0,150,12,0,0,704,0,21,1,682,21,0,0,473,0,2,0,471,2,0,0,2,16,1,1,1,8,0,0,3,1,1,1,2,2,6,2,1,1,1,1,4,0,0,1,Watch
2025-04-16,Wednesday,3,16,4,Summer,0,0,0,1,0,0,1,0.0,30.4,20.8,48.4,,0,0,0,108,18,8,13,9,147,142.0,130.0,150.0,132.71,9.88,148.0,132.64,None,0,4,9,3,2,2,4,2,0,2,3,5,6,0,0,28,20,1,1,7,20,0,20,10,0,1,0,10,0,0,0,28,12,2,1,15,12,0,12,0,181,0,14,0,167,14,0,0,137,0,4,0,133,4,0,0,150,0,12,0,138,12,0,0,682,0,23,1,658,23,0,0,471,0,8,0,463,8,0,0,2,8,0,0,1,8,1,0,3,1,2,1,1,2,6,1,1,1,1,1,4,0,0,0,Normal
2025-04-17,Thursday,4,16,4,Summer,0,0,0,0,0,1,0,0.0,31.6,23.0,40.4,,0,0,0,100,17,13,5,8,135,147.0,142.0,136.0,132.29,9.16,136.0,132.57,None,0,6,6,5,0,1,2,7,1,3,2,4,6,0,0,28,19,5,2,7,19,0,19,10,1,0,2,7,1,0,1,28,14,1,2,12,14,0,14,0,167,0,14,0,153,14,0,0,133,0,6,0,127,6,0,1,418,280,12,0,406,12,0,0,658,0,22,1,635,22,0,0,463,0,10,0,453,10,0,0,2,20,1,1,1,8,0,0,3,1,1,1,2,2,6,2,1,1,1,1,2,0,0,1,Watch
2025-04-18,Friday,5,16,4,Summer,0,0,0,0,0,0,0,0.0,31.6,25.0,49.2,,0,0,0,96,18,10,7,7,131,135.0,147.0,125.0,132.14,9.11,124.0,132.5,None,0,8,2,3,5,0,4,2,2,2,1,3,5,0,0,28,17,5,0,11,17,0,17,10,1,1,0,9,1,0,1,28,14,3,0,14,14,0,14,0,153,0,12,0,141,12,0,0,127,0,4,0,123,4,0,0,406,0,13,0,393,13,0,0,635,0,22,1,612,22,0,0,453,0,7,0,446,7,0,0,2,20,1,1,1,8,1,0,2,1,1,1,2,2,6,1,1,1,1,1,3,0,0,1,Watch
2025-04-19,Saturday,6,16,4,Summer,1,0,0,0,0,0,0,0.2,31.5,20.9,43.5,,0,0,0,89,15,9,13,8,126,131.0,135.0,127.0,133.0,8.67,132.0,133.0,None,0,5,2,3,5,0,3,3,0,3,1,3,8,0,0,28,18,6,0,10,18,0,18,10,0,1,1,9,0,0,0,28,11,4,0,17,11,0,11,0,441,300,13,1,427,13,0,0,123,0,4,0,119,4,0,0,393,0,11,0,382,11,0,0,612,0,19,1,592,19,0,0,446,0,3,0,443,3,0,0,2,8,0,0,1,8,0,0,2,1,2,1,1,2,6,1,1,1,1,1,4,0,0,0,Normal
2025-04-20,Sunday,7,16,4,Summer,1,0,0,0,0,0,0,0.0,29.1,18.5,53.8,,0,0,0,85,18,7,15,7,125,126.0,131.0,119.0,132.86,8.77,128.0,132.57,None,0,3,4,5,6,0,2,2,0,3,1,3,8,0,0,28,16,3,1,11,16,0,16,10,2,0,2,6,2,0,2,28,13,2,2,13,13,0,13,0,427,0,13,1,413,13,0,0,119,0,6,0,113,6,0,0,382,0,11,0,371,11,0,0,592,0,21,1,570,21,0,0,443,0,10,0,433,10,0,0,2,8,0,0,1,8,0,0,2,1,2,1,1,2,6,1,1,1,2,2,2,0,0,0,Normal
2025-04-21,Monday,1,17,4,Summer,0,0,0,0,0,0,0,0.0,31.6,23.2,46.4,,0,0,0,105,17,9,5,8,136,125.0,126.0,130.0,133.71,7.59,126.0,132.36,None,0,6,7,2,2,1,3,2,2,2,2,4,7,0,0,28,18,3,0,10,18,0,18,10,1,1,1,8,1,0,1,28,14,2,1,13,14,0,14,0,413,0,13,1,399,13,0,0,113,0,4,0,109,4,0,0,371,0,12,0,359,12,0,0,570,0,22,1,547,22,0,0,433,0,10,0,423,10,0,0,2,20,1,1,1,8,0,0,3,1,1,1,2,2,6,1,1,1,1,1,2,0,0,1,Watch
2025-04-22,Tuesday,2,17,4,Summer,0,0,0,0,0,1,0,0.0,32.0,23.8,49.8,,0,0,0,104,15,15,8,8,142,136.0,125.0,142.0,134.57,7.46,134.0,133.07,None,0,6,3,5,1,0,8,3,1,3,1,3,6,0,0,28,15,5,2,11,15,0,15,10,1,1,0,9,1,0,1,28,17,2,1,10,17,0,17,0,399,0,13,1,385,13,0,0,359,250,6,1,352,6,0,0,359,0,12,0,347,12,0,0,547,0,20,1,526,20,0,0,423,0,12,0,411,12,0,0,2,20,1,1,1,20,1,1,3,1,1,2,2,2,6,2,1,1,1,1,3,0,0,2,Watch
2025-04-23,Wednesday,3,17,4,Summer,0,0,0,1,0,0,1,0.0,32.0,23.1,48.3,,0,0,0,107,20,9,13,9,149,142.0,136.0,147.0,134.57,7.46,150.0,133.64,None,0,11,2,4,3,0,5,3,1,0,1,3,6,0,0,28,16,3,1,11,16,0,16,10,0,1,2,8,0,0,0,28,20,2,1,7,20,0,20,0,385,0,15,1,369,15,0,0,352,0,6,1,345,6,0,0,347,0,15,0,332,15,0,0,526,0,25,1,500,25,0,0,411,0,11,0,400,11,0,0,2,12,1,0,1,8,1,0,3,1,2,1,1,2,7,1,1,1,1,1,4,0,0,0,Normal
2025-04-24,Thursday,4,17,4,Summer,0,0,0,0,0,1,0,0.0,29.6,21.0,57.8,,0,0,0,101,26,14,7,8,148,149.0,142.0,135.0,134.86,7.95,136.0,133.57,None,0,8,6,7,5,3,4,10,0,0,3,5,4,1,1,28,16,7,1,11,16,0,16,10,1,0,2,7,1,0,1,28,13,7,1,14,13,0,13,0,369,0,16,1,352,16,0,0,345,0,9,1,335,9,0,0,332,0,16,0,316,16,0,0,500,0,29,1,470,29,0,0,400,0,5,0,395,5,0,0,2,16,1,1,1,8,1,0,3,1,1,1,2,2,6,2,1,1,1,1,3,0,0,2,Watch
2025-04-25,Friday,5,17,4,Summer,0,0,0,0,0,0,0,0.0,30.6,25.1,51.1,,0,0,0,97,18,10,9,8,134,148.0,149.0,131.0,136.71,9.19,125.0,134.43,None,0,8,5,2,3,1,2,3,0,5,2,4,5,0,0,28,18,2,2,8,18,0,18,10,3,0,1,6,3,0,3,28,13,2,1,14,13,0,13,0,352,0,13,1,338,13,0,0,335,0,4,1,330,4,0,0,316,0,13,0,303,13,0,0,470,0,22,1,447,22,0,0,395,0,7,0,388,7,0,0,2,8,1,0,1,8,0,0,3,1,1,1,1,2,6,1,1,1,1,1,2,0,0,0,Normal
2025-04-26,Saturday,6,17,4,Summer,1,0,0,0,0,0,0,0.0,30.0,20.8,50.0,,0,0,0,86,19,8,12,9,125,134.0,148.0,126.0,137.14,8.98,127.0,135.07,None,0,5,6,8,0,0,4,1,1,2,1,3,4,0,0,28,20,4,2,6,20,0,20,10,3,3,0,7,3,0,3,28,10,3,0,18,10,0,10,0,338,0,16,1,321,16,0,0,330,0,9,1,320,9,0,0,303,0,12,0,291,12,0,0,447,0,22,1,424,22,0,0,388,0,3,0,385,3,0,0,2,12,1,0,1,8,1,0,2,1,1,1,1,2,6,1,1,1,1,1,3,0,0,0,Normal
2025-04-27,Sunday,7,17,4,Summer,1,0,0,0,0,0,0,0.2,31.1,24.4,42.6,,0,0,0,85,15,9,12,7,121,125.0,134.0,125.0,137.0,9.17,119.0,134.93,None,0,6,3,3,3,0,4,4,1,0,1,3,5,0,0,28,17,7,2,9,17,0,17,10,5,1,1,4,5,0,5,28,10,0,0,18,10,0,10,0,321,0,12,1,308,12,0,0,320,0,4,1,315,4,0,0,291,0,11,0,280,11,0,0,424,0,19,1,404,19,0,0,385,0,2,0,383,2,0,0,2,12,1,0,1,8,1,0,2,1,1,1,1,2,6,1,1,1,1,1,3,0,0,0,Normal
2025-04-28,Monday,1,18,4,Summer,0,0,0,0,0,0,0,1.0,30.1,22.4,47.9,,0,0,0,107,14,9,7,8,137,121.0,125.0,136.0,136.43,9.98,130.0,135.07,None,0,3,6,2,3,1,4,3,2,0,2,4,6,0,0,28,15,8,1,12,15,0,15,10,1,5,2,7,1,0,1,28,9,2,0,19,9,0,9,0,308,0,12,1,295,12,0,0,315,0,3,1,311,3,0,0,280,0,11,0,269,11,0,0,404,0,20,1,383,20,0,1,383,0,6,0,377,6,0,0,2,20,1,1,1,8,1,0,3,1,1,1,2,2,6,1,1,1,1,1,3,0,0,1,Watch
2025-04-29,Tuesday,2,18,4,Summer,0,0,0,0,0,1,0,0.0,34.1,27.2,43.5,,0,0,0,101,17,15,9,9,142,137.0,121.0,142.0,136.57,9.98,142.0,135.57,None,0,8,1,1,7,0,4,8,0,3,0,2,7,0,0,28,15,6,0,13,15,0,15,10,2,1,0,8,2,0,2,28,7,3,0,21,7,0,7,0,295,0,14,1,280,14,0,0,311,0,3,1,307,3,0,0,269,0,13,0,256,13,0,0,383,0,22,1,360,22,0,0,377,0,2,0,375,2,0,0,2,16,1,1,1,8,1,0,3,1,1,1,2,2,6,2,1,1,1,1,4,0,0,1,Watch
2025-04-30,Wednesday,3,18,4,Summer,0,0,0,1,0,0,1,0.0,32.0,25.3,47.8,,0,0,0,113,21,9,15,10,158,142.0,137.0,149.0,136.57,9.98,147.0,135.57,None,0,6,5,7,3,0,2,4,1,2,1,3,5,0,0,28,17,3,0,11,17,0,17,10,4,0,1,5,4,0,4,28,8,2,0,20,8,0,8,0,280,0,17,1,262,17,0,0,307,0,8,1,298,8,0,0,256,0,14,0,242,14,0,0,360,0,26,1,333,26,0,0,375,0,8,0,367,8,0,0,2,12,1,0,1,8,0,0,3,1,2,1,1,2,6,1,1,1,2,2,2,0,0,0,Normal
2025-05-01,Thursday,4,18,5,Summer,0,1,0,0,0,1,1,0.0,31.8,25.8,43.5,,0,0,0,99,19,13,7,8,138,158.0,142.0,148.0,137.86,11.9,135.0,136.36,None,0,5,6,6,2,0,4,6,2,1,1,3,5,0,0,28,21,3,0,7,21,0,21,10,0,4,1,9,0,0,0,28,7,2,2,19,7,0,7,0,262,0,14,0,248,14,0,0,298,0,7,1,290,7,0,0,242,0,13,0,229,13,0,0,333,0,23,1,309,23,0,0,367,0,5,0,362,5,0,0,2,20,1,1,1,8,1,0,3,1,1,1,2,2,6,2,1,1,1,1,3,0,0,1,Watch
2025-05-02,Friday,5,18,5,Summer,0,0,0,0,0,0,0,0.0,30.7,24.9,55.0,,0,0,0,98,20,9,8,7,135,138.0,158.0,134.0,136.43,11.17,131.0,136.57,None,0,6,7,3,4,1,6,3,0,0,2,4,7,0,0,28,18,9,2,8,18,0,18,10,1,0,1,8,1,0,1,28,6,1,1,21,6,0,6,0,248,0,12,0,236,12,0,0,290,0,5,1,284,5,0,0,229,0,13,0,216,13,0,0,309,0,24,1,284,24,0,0,362,0,4,0,358,4,0,0,2,8,0,0,1,20,1,1,3,1,1,2,1,2,6,1,1,1,1,1,2,0,0,1,Watch
2025-05-03,Saturday,6,18,5,Summer,1,0,0,0,0,0,0,0.0,30.2,22.6,43.0,,0,0,0,86,17,10,12,8,125,135.0,138.0,125.0,136.57,11.15,126.0,136.86,None,0,7,5,4,1,1,6,3,1,0,2,4,4,0,0,28,18,5,0,10,18,0,18,10,0,1,0,10,0,0,0,28,8,1,3,17,8,0,8,0,236,0,13,0,223,13,0,0,284,0,5,1,278,5,0,0,216,0,12,0,204,12,0,0,984,700,20,2,962,20,0,0,358,0,9,0,349,9,0,0,2,12,1,0,1,20,1,1,2,1,1,2,1,2,6,1,1,1,1,1,4,0,0,1,Watch
2025-05-04,Sunday,7,18,5,Summer,1,0,0,0,0,0,0,0.0,34.3,25.4,44.5,,0,0,0,82,13,10,12,6,117,125.0,135.0,121.0,136.57,11.15,125.0,136.79,None,0,6,1,4,2,0,4,3,0,3,1,3,4,0,0,28,17,5,1,10,17,0,17,10,0,0,1,9,0,0,0,28,8,2,2,18,8,0,8,0,223,0,10,0,213,10,0,0,278,0,5,1,272,5,0,0,204,0,10,0,194,10,0,1,962,0,17,2,943,17,0,0,349,0,4,0,345,4,0,0,2,8,1,0,1,8,1,0,2,1,1,1,1,2,6,1,1,1,1,1,4,0,0,0,Normal
2025-05-05,Monday,1,19,5,Summer,0,0,0,0,0,0,0,0.0,33.1,23.0,44.8,,0,0,0,107,15,9,10,7,141,117.0,125.0,137.0,136.0,12.0,136.0,136.21,None,0,2,6,5,2,0,5,3,0,1,1,3,7,0,0,28,12,6,1,15,12,0,12,10,2,0,2,6,2,0,2,28,12,0,2,14,12,0,12,0,213,0,12,0,201,12,0,0,272,0,6,1,265,6,0,0,194,0,11,0,183,11,0,0,943,0,21,2,920,21,0,0,345,0,11,0,334,11,0,0,2,8,0,0,1,8,1,0,3,1,1,1,1,2,6,1,1,1,1,1,4,0,0,0,Normal
2025-05-06,Tuesday,2,19,5,Summer,0,0,0,0,0,1,0,0.0,32.2,23.6,44.3,,0,0,0,101,18,13,7,8,139,141.0,117.0,142.0,136.57,12.13,142.0,136.57,None,0,7,4,4,3,1,5,6,1,1,2,4,6,0,0,28,13,2,1,14,13,0,13,10,2,2,0,8,2,0,2,28,14,1,0,14,14,0,14,0,201,0,13,0,188,13,0,1,265,0,5,1,259,5,0,0,183,0,13,0,170,13,0,0,920,0,22,2,896,22,0,0,334,0,9,0,325,9,0,0,2,20,1,1,1,8,1,0,3,1,1,1,2,2,6,2,1,1,1,1,2,0,0,1,Watch
2025-05-07,Wednesday,3,19,5,Summer,0,0,0,1,0,0,1,0.0,30.3,23.0,45.6,,0,0,0,109,19,9,12,9,149,139.0,141.0,158.0,136.14,11.98,149.0,136.36,None,0,6,3,6,4,0,5,2,1,1,1,3,8,0,0,28,16,2,0,12,16,0,16,10,2,2,0,8,2,0,2,28,13,3,2,13,13,0,13,0,188,0,15,0,173,15,0,0,259,0,7,1,251,7,0,0,170,0,13,0,157,13,0,0,896,0,24,2,870,24,0,0,325,0,6,0,319,6,0,0,2,12,1,0,1,8,1,0,3,1,1,1,1,2,6,1,1,1,1,1,2,0,0,0,Normal
2025-05-08,Thursday,4,19,5,Summer,0,0,0,0,0,1,0,0.0,31.7,23.2,45.3,,0,0,0,96,14,13,8,8,131,149.0,139.0,138.0,134.86,9.86,148.0,136.36,None,0,6,4,4,0,1,6,3,0,4,2,4,7,0,0,28,16,4,1,11,16,0,16,10,2,2,1,7,2,0,2,28,12,3,1,15,12,0,12,0,173,0,13,0,160,13,0,0,251,0,5,0,246,5,0,0,157,0,11,0,146,11,0,0,870,0,19,2,849,19,0,0,319,0,7,0,312,7,0,0,2,16,1,1,1,20,1,1,2,1,1,2,2,2,6,2,1,1,1,1,3,0,0,2,Watch
2025-05-09,Friday,5,19,5,Summer,0,0,0,0,0,0,0,1.4,33.0,25.3,43.9,,0,0,0,100,21,7,7,7,135,131.0,149.0,135.0,133.86,9.85,134.0,135.14,None,0,8,5,8,0,0,3,2,0,2,1,3,8,0,0,28,18,5,0,10,18,0,18,10,1,1,2,7,1,0,1,28,10,2,1,17,10,0,10,0,160,0,14,0,146,14,0,0,246,0,9,0,237,9,0,0,146,0,14,0,132,14,0,0,849,0,25,2,822,25,0,0,312,0,2,0,310,2,0,0,2,8,0,0,1,8,0,0,3,1,1,1,1,2,6,1,1,1,1,1,2,0,0,0,Normal
2025-05-10,Saturday,6,19,5,Summer,1,0,0,0,0,0,0,0.0,32.9,25.6,49.8,,0,0,0,83,19,8,13,6,123,135.0,131.0,125.0,133.86,9.85,125.0,135.21,None,0,5,6,5,3,1,3,3,1,1,2,4,7,0,0,28,16,4,1,11,16,0,16,10,2,0,0,8,2,0,2,28,11,2,2,15,11,0,11,0,146,0,12,0,134,12,0,0,237,0,6,0,231,6,0,0,412,280,12,0,400,12,0,0,822,0,22,2,798,22,0,0,310,0,10,0,300,10,0,0,2,12,1,0,1,8,0,0,2,1,2,1,1,2,6,1,1,1,1,1,4,0,0,0,Normal
2025-05-11,Sunday,7,19,5,Summer,1,0,0,0,0,0,0,0.0,31.8,24.6,48.1,,0,0,0,85,17,11,13,8,126,123.0,135.0,117.0,133.57,10.13,121.0,135.07,None,0,7,3,3,4,1,4,3,1,3,2,4,8,0,0,28,9,12,2,17,9,0,9,10,2,1,2,6,2,0,2,28,11,2,2,15,11,0,11,0,434,300,13,1,420,13,0,0,231,0,4,0,227,4,0,0,400,0,12,0,388,12,0,0,798,0,20,2,776,20,0,0,300,0,6,0,294,6,0,0,2,12,1,0,1,8,1,0,2,1,2,1,1,2,5,2,1,1,1,1,2,0,0,0,Normal
2025-05-12,Monday,1,20,5,Summer,0,0,0,0,0,0,0,0.9,32.4,24.8,43.2,,0,0,0,103,19,9,7,8,138,126.0,123.0,141.0,134.86,8.36,137.0,135.43,None,0,5,7,3,4,1,5,3,1,0,2,4,4,0,0,28,11,2,1,16,11,0,11,10,3,0,2,5,3,0,3,28,12,2,2,14,12,0,12,0,420,0,13,1,406,13,0,0,227,0,5,0,222,5,0,0,388,0,13,0,375,13,0,0,776,0,23,2,751,23,0,0,294,0,10,0,284,10,0,0,2,12,1,0,1,8,1,0,3,1,1,1,1,2,6,1,1,1,1,1,4,0,0,0,Normal
2025-05-13,Tuesday,2,20,5,Summer,0,0,0,0,0,1,0,0.0,31.0,23.0,45.8,,0,0,0,103,17,13,7,8,140,138.0,126.0,139.0,134.43,8.1,142.0,135.5,None,0,5,2,6,4,0,5,7,0,1,1,3,6,0,0,28,14,2,1,13,14,0,14,10,2,1,0,8,2,0,2,28,10,5,0,18,10,0,10,0,406,0,14,1,391,14,0,0,222,0,7,0,215,7,0,0,375,0,12,0,363,12,0,0,751,0,22,1,728,22,0,0,284,0,7,0,277,7,0,0,2,16,1,1,1,8,1,0,3,1,1,1,2,2,6,2,1,1,1,1,2,0,0,1,Watch
2025-05-14,Wednesday,3,20,5,Summer,0,0,0,1,0,0,1,0.0,32.8,25.5,48.4,,0,0,0,111,14,9,14,8,148,140.0,138.0,149.0,134.57,8.19,158.0,135.36,None,0,10,4,0,0,1,3,1,1,4,2,4,8,0,0,28,16,3,0,12,16,0,16,10,2,0,0,8,2,0,2,28,12,1,0,16,12,0,12,0,391,0,12,1,378,12,0,0,215,0,1,0,214,1,0,0,363,0,12,0,351,12,0,0,728,0,20,1,707,20,0,0,277,0,9,0,268,9,0,0,2,12,1,0,1,8,0,0,3,1,2,1,1,2,6,1,1,1,2,2,2,0,0,0,Normal
2025-05-15,Thursday,4,20,5,Summer,0,0,0,0,0,1,0,0.0,34.5,25.9,47.9,,0,0,0,98,19,14,9,8,140,148.0,140.0,131.0,134.43,7.94,138.0,134.64,None,0,5,7,5,2,0,2,10,0,2,1,3,7,0,0,28,12,7,2,14,12,0,12,10,2,1,0,8,2,0,2,28,15,1,0,13,15,0,15,0,378,0,14,1,363,14,0,0,214,0,6,0,208,6,0,0,351,0,13,0,338,13,0,0,707,0,23,1,683,23,0,0,268,0,12,0,256,12,0,0,2,16,1,1,1,8,0,0,3,1,1,1,2,2,6,2,1,1,1,1,4,0,0,1,Watch
2025-05-16,Friday,5,20,5,Summer,0,0,0,0,0,0,0,0.0,32.0,26.0,49.4,,0,0,0,99,15,9,6,7,129,140.0,148.0,135.0,135.71,8.01,135.0,134.79,None,0,3,6,4,2,0,4,2,1,2,1,3,6,0,0,28,14,0,1,13,14,0,14,10,4,0,2,4,4,0,4,28,16,2,0,12,16,0,16,0,363,0,12,1,350,12,0,0,208,0,5,0,203,5,0,0,338,0,11,0,327,11,0,0,683,0,20,1,662,20,0,0,256,0,9,0,247,9,0,0,2,12,1,0,1,8,1,0,3,1,1,1,1,2,6,1,1,1,1,1,2,0,0,0,Normal
2025-05-17,Saturday,6,20,5,Summer,1,0,0,0,0,0,0,0.0,33.1,24.3,43.2,,0,0,0,93,18,10,9,8,130,129.0,140.0,123.0,134.86,8.36,125.0,134.36,None,0,6,7,3,2,0,6,4,0,0,1,3,8,0,0,28,11,7,2,15,11,0,11,10,7,0,0,3,7,0,7,28,15,2,1,12,15,0,15,0,350,0,13,1,336,13,0,0,203,0,4,0,199,4,0,0,327,0,12,0,315,12,0,0,662,0,22,1,639,22,0,0,247,0,6,0,241,6,0,0,2,8,1,0,1,20,1,1,2,1,1,2,1,2,6,1,1,1,1,1,2,0,0,1,Watch
2025-05-18,Sunday,7,20,5,Summer,1,0,0,0,0,0,0,0.0,32.6,25.4,43.4,,0,0,0,83,18,9,12,9,122,130.0,129.0,126.0,135.86,7.22,117.0,134.71,None,0,7,4,6,1,1,4,2,1,2,2,4,5,0,0,28,16,1,1,11,16,0,16,10,4,4,1,5,4,0,4,28,15,2,0,13,15,0,15,0,336,0,15,1,320,15,0,0,199,0,7,0,192,7,0,0,315,0,12,0,303,12,0,0,639,0,21,1,617,21,0,0,241,0,7,0,234,7,0,0,2,12,1,0,1,8,1,0,2,1,1,1,1,2,6,1,1,1,1,1,2,0,0,0,Normal
2025-05-19,Monday,1,21,5,Summer,0,0,0,0,1,0,0,0.0,34.0,26.0,41.1,,0,0,0,108,19,13,6,7,146,122.0,130.0,138.0,135.29,8.08,141.0,135.07,None,0,6,9,2,2,1,7,2,1,3,2,4,4,0,0,28,19,3,0,9,19,0,19,10,3,1,0,7,3,0,3,28,16,0,0,12,16,0,16,0,320,0,12,1,307,12,0,0,192,0,4,0,188,4,0,0,303,0,13,0,290,13,0,0,617,0,24,1,592,24,0,0,234,0,7,0,227,7,0,1,2,20,1,1,1,20,1,1,3,1,1,2,2,2,7,2,1,1,1,1,3,0,0,2,Watch
2025-05-20,Tuesday,2,21,5,Summer,0,0,0,0,0,1,0,0.3,33.7,25.4,47.5,,0,0,0,99,15,13,8,8,135,146.0,122.0,140.0,136.43,8.91,139.0,135.43,None,0,3,6,1,5,2,5,7,1,0,3,5,7,0,0,28,21,3,0,7,21,0,21,10,4,1,1,5,4,0,4,28,14,3,2,12,14,0,14,0,307,0,12,1,294,12,0,0,188,0,2,0,186,2,0,0,290,0,11,0,279,11,0,0,592,0,20,1,571,20,0,0,227,0,7,0,220,7,0,0,2,20,1,1,1,8,1,0,3,1,1,1,2,2,7,2,1,1,1,1,2,0,0,1,Watch
2025-05-21,Wednesday,3,21,5,Summer,0,0,0,1,0,0,1,0.0,33.3,22.6,48.1,,0,0,0,111,21,9,10,8,151,135.0,146.0,148.0,135.71,8.79,149.0,135.14,None,0,10,5,4,2,0,3,5,1,0,1,3,6,0,0,28,18,6,0,10,18,0,18,10,3,2,2,5,3,0,3,28,17,1,1,10,17,0,17,0,294,0,14,1,279,14,0,0,186,0,6,0,180,6,0,0,279,0,15,0,264,15,0,0,571,0,26,1,544,26,0,0,220,0,10,0,210,10,0,0,2,12,1,0,1,8,0,0,3,1,1,1,1,2,7,1,1,1,1,1,2,0,0,0,Normal
2025-05-22,Thursday,4,21,5,Summer,0,0,0,0,0,1,0,0.0,32.3,22.6,51.6,,0,0,0,97,17,15,4,8,133,151.0,135.0,140.0,136.14,9.43,131.0,135.29,None,0,6,6,2,3,1,6,4,3,2,2,4,4,0,0,28,16,6,2,10,16,0,16,10,1,3,0,9,1,0,1,28,19,1,4,5,19,0,19,0,279,0,13,1,265,13,0,0,180,0,4,0,176,4,0,0,264,0,12,0,252,12,0,0,544,0,21,1,522,21,0,0,210,0,10,0,200,10,0,0,2,20,1,1,1,20,1,1,3,1,1,2,2,2,7,2,1,1,1,1,2,0,0,2,Watch
2025-05-23,Friday,5,21,5,Summer,0,0,0,0,0,0,0,3.0,35.2,27.3,41.8,Diarrheal,3,1,5,110,30,7,7,8,154,133.0,151.0,129.0,135.14,9.34,135.0,135.43,None,0,7,4,18,1,0,2,2,3,0,1,3,5,0,0,28,22,2,1,5,22,0,22,10,0,1,0,10,0,0,0,28,16,3,2,10,16,0,16,0,265,0,20,0,245,20,0,0,176,0,19,0,157,19,0,0,252,0,17,0,235,17,0,0,522,0,33,1,488,33,0,0,200,0,5,0,195,5,0,0,2,20,1,1,1,8,0,0,3,1,1,1,2,2,7,1,1,1,1,1,4,0,0,1,Watch
2025-05-24,Saturday,6,21,5,Summer,1,0,0,0,0,0,0,0.2,31.3,23.2,42.7,Diarrheal,3,1,4,102,36,10,9,10,157,154.0,133.0,130.0,138.71,10.95,123.0,136.79,None,0,6,4,24,2,1,3,4,2,1,2,4,4,0,0,28,22,8,1,5,22,0,22,10,1,0,1,8,1,0,1,28,16,1,2,10,16,0,16,0,245,0,25,0,220,25,0,0,157,0,25,0,132,25,0,0,235,0,19,0,216,19,0,0,488,0,37,1,450,37,0,0,195,0,8,0,187,8,0,0,2,20,1,1,1,8,0,0,3,1,1,1,2,2,7,1,1,1,1,1,4,0,0,1,Watch
2025-05-25,Sunday,7,21,5,Summer,1,0,0,0,0,0,0,0.0,33.8,27.2,49.7,Diarrheal,3,1,6,95,33,7,8,8,143,157.0,154.0,122.0,142.57,11.91,126.0,139.21,None,0,5,6,16,6,0,2,1,1,3,1,3,8,0,0,28,19,7,2,7,19,0,19,10,2,0,1,7,2,0,2,28,17,2,2,9,17,0,17,0,220,0,19,0,201,19,0,0,132,0,18,0,114,18,0,1,216,0,17,0,199,17,0,1,450,0,34,1,415,34,0,0,187,0,12,0,175,12,0,0,2,12,1,0,1,8,0,0,2,1,1,1,1,2,7,1,1,1,1,1,2,0,0,0,Watch
2025-05-26,Monday,1,22,5,Summer,0,0,0,0,0,0,0,0.0,33.7,27.9,44.1,Diarrheal,3,1,4,117,32,7,6,8,162,143.0,157.0,146.0,145.57,8.52,138.0,140.43,None,0,7,7,14,4,1,5,1,0,1,2,4,8,0,0,28,23,4,0,5,23,0,23,10,1,1,2,7,1,0,1,28,17,0,2,9,17,0,17,0,201,0,19,0,182,19,0,1,114,0,16,0,98,16,0,0,199,0,18,0,181,18,0,0,415,0,35,1,379,35,0,1,575,400,7,1,567,7,0,0,2,8,0,0,1,8,1,0,3,1,1,1,1,3,7,1,1,1,1,1,3,0,0,0,Watch
2025-05-27,Tuesday,2,22,5,Summer,0,0,0,0,0,1,0,0.0,32.0,22.3,45.5,Diarrheal,3,1,5,112,33,15,9,10,169,162.0,143.0,135.0,147.86,10.29,140.0,142.14,None,0,6,1,21,5,0,7,7,0,1,0,2,8,0,0,28,18,10,1,9,18,0,18,10,3,1,0,7,3,0,3,28,11,8,1,16,11,0,11,0,182,0,23,0,159,23,0,0,98,0,22,0,76,22,0,0,181,0,18,0,163,18,0,0,379,0,35,1,343,35,0,0,567,0,8,1,558,8,0,0,2,16,1,1,1,20,1,1,3,1,1,2,2,3,6,2,1,1,1,1,4,0,0,2,Watch
2025-05-28,Wednesday,3,22,5,Summer,0,0,0,1,0,0,1,0.0,35.7,28.3,48.1,Diarrheal,3,1,5,123,33,8,11,10,175,169.0,162.0,151.0,152.71,11.07,148.0,144.21,None,0,3,3,24,3,0,6,0,2,0,1,3,4,0,0,28,20,6,1,7,20,0,20,10,2,2,1,7,2,0,2,28,6,6,1,21,6,0,6,0,159,0,24,0,135,24,0,0,76,0,25,0,51,25,0,0,163,0,18,0,145,18,0,0,343,0,36,1,306,36,0,0,558,0,6,1,551,6,0,0,2,20,1,1,1,20,1,1,3,1,1,2,2,3,6,1,1,1,1,1,2,0,0,2,Watch
2025-05-29,Thursday,4,22,5,Summer,0,0,0,0,0,1,0,0.0,35.4,29.6,38.7,Diarrheal,3,1,4,107,28,13,10,9,158,175.0,169.0,133.0,156.14,13.46,140.0,146.14,None,0,6,5,11,6,1,5,5,1,2,2,4,8,0,0,28,20,4,2,6,20,0,20,10,3,1,2,5,3,0,3,28,6,3,2,20,6,0,6,0,135,0,18,0,117,18,0,0,51,0,13,0,38,13,0,0,145,0,16,0,129,16,0,0,306,0,31,1,274,31,0,0,551,0,12,1,538,12,0,0,2,20,1,1,1,8,1,0,3,1,1,1,2,2,6,2,1,1,1,1,3,0,0,1,Watch
2025-05-30,Friday,5,22,5,Summer,0,0,0,0,0,0,0,0.0,30.7,24.3,52.2,Diarrheal,3,1,5,108,33,8,7,8,156,158.0,175.0,154.0,159.71,9.62,129.0,147.43,None,0,10,7,15,1,0,4,2,0,2,1,3,6,0,0,28,25,2,2,1,25,0,25,10,1,3,2,7,1,0,1,28,6,0,2,20,6,0,6,0,117,0,19,0,98,19,0,0,288,250,17,1,270,17,0,0,129,0,19,0,110,19,0,0,274,0,35,0,239,35,0,0,538,0,6,1,531,6,0,0,2,8,0,0,1,8,1,0,3,1,1,1,1,2,6,1,1,1,1,1,2,0,0,0,Watch
2025-05-31,Saturday,6,22,5,Summer,1,0,0,0,0,0,0,0.0,35.9,29.2,41.1,Diarrheal,3,1,4,107,30,8,10,8,155,156.0,158.0,157.0,160.0,9.47,130.0,149.36,None,0,7,6,12,5,0,2,3,0,3,1,3,5,0,0,28,23,6,2,3,23,0,23,10,1,1,1,8,1,0,1,28,9,0,1,18,9,0,9,0,398,300,18,1,379,18,0,0,270,0,14,1,255,14,0,0,390,280,17,0,373,17,0,0,939,700,33,2,904,33,0,0,531,0,12,1,518,12,0,0,2,8,0,0,1,8,0,0,3,1,1,1,1,2,6,1,1,1,1,1,3,0,0,0,Watch
2025-06-01,Sunday,7,22,6,Monsoon,1,0,0,0,0,0,0,15.5,33.4,23.2,72.1,Diarrheal,3,1,4,94,41,8,12,10,155,155.0,156.0,143.0,159.71,9.59,122.0,151.14,None,0,5,4,24,8,2,3,4,1,0,2,4,7,0,0,28,27,3,0,1,27,0,27,10,3,0,2,5,3,0,3,28,9,1,1,18,9,0,9,0,379,0,25,1,353,25,0,0,255,0,26,0,229,26,0,0,373,0,20,0,353,20,0,0,904,0,40,2,862,40,0,0,518,0,9,1,508,9,0,0,2,12,1,0,1,8,0,0,2,2,1,1,1,2,7,1,1,1,1,1,3,0,0,0,Watch
2025-06-02,Monday,1,23,6,Monsoon,0,0,0,0,0,0,0,8.7,33.4,24.1,79.0,Diarrheal,3,1,6,110,41,8,9,9,168,155.0,155.0,162.0,161.43,7.23,146.0,153.5,None,0,5,5,26,5,0,6,1,1,0,1,3,8,0,0,28,24,7,1,3,24,0,24,10,6,0,1,3,6,0,6,28,9,2,1,18,9,0,9,0,353,0,25,1,327,25,0,0,229,0,28,0,201,28,0,0,353,0,21,0,332,21,0,0,862,0,42,2,818,42,0,0,508,0,10,0,498,10,0,0,2,12,1,0,1,20,1,1,3,2,1,2,1,3,7,1,2,1,1,1,4,0,0,1,Watch
2025-06-03,Tuesday,2,23,6,Monsoon,0,0,0,0,0,1,0,10.4,36.8,28.8,79.0,Diarrheal,3,1,4,109,50,13,8,12,180,168.0,155.0,169.0,162.29,7.59,135.0,155.07,None,0,6,3,28,13,0,7,5,0,1,1,3,6,0,0,28,26,5,2,0,27,1,27,10,5,3,1,4,5,0,5,28,9,2,2,17,9,0,9,1,327,0,30,1,296,30,0,0,201,0,30,0,171,30,0,0,332,0,24,0,308,24,0,0,818,0,49,2,767,49,0,0,498,0,8,0,490,8,0,0,2,16,1,1,1,20,1,1,3,2,1,2,2,3,7,2,2,2,1,1,3,0,0,3,Critical
2025-06-04,Wednesday,3,23,6,Monsoon,0,0,0,1,0,0,1,12.6,34.8,25.6,73.4,Diarrheal,3,1,3,121,42,8,13,12,184,180.0,168.0,175.0,163.86,9.67,151.0,158.29,None,0,10,9,20,3,1,2,5,0,1,2,4,4,0,0,28,28,4,0,0,30,2,30,10,7,1,0,3,7,0,7,28,9,2,1,18,9,0,9,2,296,0,27,1,268,27,0,0,171,0,22,0,149,22,0,0,308,0,23,0,285,23,0,0,767,0,43,1,723,43,0,0,490,0,12,0,478,12,0,0,2,8,0,0,1,8,0,0,3,2,2,1,1,3,7,1,2,1,1,1,2,0,0,1,High
2025-06-05,Thursday,4,23,6,Monsoon,0,0,0,0,0,1,0,28.1,34.9,24.5,80.8,Diarrheal,3,1,6,105,52,12,8,11,177,184.0,180.0,158.0,165.14,11.49,133.0,160.64,None,0,7,7,32,6,0,3,4,2,3,1,3,8,0,0,28,27,5,1,0,30,3,30,10,5,2,2,3,5,0,5,28,12,3,1,15,12,0,12,3,268,0,31,0,237,31,0,0,149,0,34,0,115,34,0,1,285,0,25,0,260,25,0,0,723,0,50,1,672,50,0,0,478,0,18,0,460,18,0,0,2,20,1,1,1,8,0,0,3,2,1,1,2,3,7,2,2,2,1,1,4,0,0,2,High
2025-06-06,Friday,5,23,6,Monsoon,0,0,0,0,0,0,0,25.8,33.7,27.3,73.3,Diarrheal,3,1,7,111,44,9,8,10,172,177.0,184.0,156.0,167.86,11.73,154.0,163.79,None,0,2,9,22,11,1,3,1,3,2,2,4,4,0,0,28,27,4,1,0,32,5,32,10,3,4,2,5,3,0,3,28,11,3,1,16,11,0,11,5,237,0,25,0,212,25,0,0,115,0,24,0,91,24,0,0,260,0,21,0,239,21,0,0,672,0,44,1,627,44,0,0,460,0,12,0,448,12,0,0,2,20,1,1,1,8,0,0,3,2,1,1,2,3,7,1,2,2,1,1,4,0,0,2,High
2025-06-07,Saturday,6,23,6,Monsoon,1,0,0,0,0,0,0,19.7,36.1,28.3,70.2,Diarrheal,3,1,4,99,43,10,14,11,166,172.0,177.0,155.0,170.14,10.71,157.0,165.07,None,0,8,5,26,4,0,6,1,3,0,1,3,4,0,0,28,26,3,2,0,34,8,34,10,4,2,0,6,4,0,4,28,12,2,1,15,12,0,12,8,212,0,27,0,185,27,0,1,91,0,28,0,63,28,0,0,239,0,22,0,217,22,0,0,627,0,42,1,584,42,0,0,448,0,12,0,436,12,0,0,2,20,1,1,1,20,1,1,3,2,2,2,2,3,7,1,2,1,2,2,2,0,0,3,Critical
2025-06-08,Sunday,7,23,6,Monsoon,1,0,0,0,0,0,0,5.4,31.4,23.5,70.0,Diarrheal,3,1,3,88,41,6,11,10,146,166.0,172.0,155.0,171.71,9.05,143.0,165.71,None,0,4,5,27,5,0,3,1,0,2,1,3,7,0,0,28,27,7,1,0,29,2,29,10,5,0,1,4,5,0,5,28,18,1,1,9,18,0,18,2,185,0,26,0,159,26,0,0,63,0,28,0,35,28,0,0,217,0,20,0,197,20,0,1,584,0,40,1,543,40,0,0,436,0,20,0,416,20,0,0,2,8,0,0,1,8,0,0,2,2,1,1,1,2,8,1,1,1,1,1,2,0,0,1,High
2025-06-09,Monday,1,24,6,Monsoon,0,0,0,0,0,0,0,12.7,32.7,26.0,76.1,Diarrheal,3,1,4,114,42,8,9,10,173,146.0,166.0,168.0,170.43,11.61,162.0,165.93,None,0,7,6,22,7,1,4,2,0,2,2,4,7,0,0,28,26,6,2,0,28,2,28,10,3,3,2,5,3,0,3,28,18,4,0,10,18,0,18,2,159,0,25,0,134,25,0,0,35,0,24,0,11,24,0,0,197,0,22,0,175,22,0,0,543,0,43,1,499,43,0,0,416,0,15,0,401,15,0,0,2,8,0,0,1,8,1,0,3,2,1,1,1,3,7,1,2,1,1,1,2,0,0,1,High
2025-06-10,Tuesday,2,24,6,Monsoon,0,0,0,0,0,1,0,16.5,34.8,27.5,75.1,Diarrheal,3,1,4,111,43,12,6,10,172,173.0,146.0,180.0,171.14,11.59,169.0,166.71,None,0,6,2,33,2,0,2,10,0,0,0,2,7,0,0,28,25,8,0,3,25,0,25,10,3,3,0,7,3,0,3,28,19,1,4,5,19,0,19,0,134,0,28,0,106,28,0,0,261,250,34,0,227,34,0,0,175,0,22,0,153,22,0,0,499,0,43,1,455,43,0,0,401,0,8,0,393,8,0,0,2,8,1,0,1,8,0,0,3,2,1,1,1,3,7,2,2,1,1,1,2,0,0,0,Watch
2025-06-11,Wednesday,3,24,6,Monsoon,0,0,0,1,0,0,1,71.7,33.3,23.5,96.6,Diarrheal,3,1,4,115,56,8,14,12,193,172.0,173.0,184.0,170.0,11.05,175.0,166.93,Flood_Disruption,4,7,9,32,8,3,3,4,0,1,4,6,8,0,0,28,22,9,2,4,22,0,22,10,2,3,2,6,2,0,2,28,21,2,0,7,21,0,21,0,106,0,32,0,74,32,0,0,227,0,34,0,193,34,0,0,153,0,27,0,126,27,0,0,455,0,54,1,400,54,0,1,393,0,18,0,375,18,0,0,2,8,0,0,1,8,0,0,3,2,3,1,1,3,7,1,2,2,2,2,4,0,0,0,High
2025-06-12,Thursday,4,24,6,Monsoon,0,0,0,0,0,1,0,13.8,36.4,27.5,70.7,Diarrheal,3,1,4,110,42,14,7,11,173,193.0,172.0,177.0,171.29,12.96,158.0,168.21,None,0,11,6,22,3,3,7,4,1,2,3,5,8,0,0,28,20,8,2,6,20,0,20,10,5,0,2,3,5,0,5,28,20,3,0,8,20,0,20,0,374,300,26,1,347,26,0,0,193,0,24,0,169,24,0,0,126,0,22,0,104,22,0,0,400,0,42,1,357,42,0,0,375,0,12,0,363,12,0,0,2,20,1,1,1,20,1,1,3,2,1,2,2,3,7,2,2,1,1,1,4,0,0,2,Watch
2025-06-13,Friday,5,24,6,Monsoon,0,0,0,0,0,0,0,25.2,34.3,24.0,77.7,Diarrheal,3,1,5,103,42,8,6,8,159,173.0,193.0,172.0,170.71,12.78,156.0,169.29,None,0,5,6,27,4,0,1,3,0,4,1,3,4,0,0,28,18,5,1,9,18,0,18,10,2,5,1,7,2,0,2,28,20,3,0,8,20,0,20,0,347,0,24,1,322,24,0,0,169,0,28,0,141,28,0,0,104,0,21,0,83,21,0,0,357,0,42,1,314,42,0,0,363,0,12,0,351,12,0,0,2,8,0,0,1,8,0,0,3,2,1,1,1,2,7,1,2,1,1,1,4,0,0,0,Watch
2025-06-14,Saturday,6,24,6,Monsoon,1,0,0,0,0,0,0,15.1,33.8,25.8,77.9,Diarrheal,3,1,5,96,46,7,10,11,159,159.0,173.0,166.0,168.86,13.39,155.0,169.5,None,0,11,6,26,3,0,2,3,2,0,1,3,5,0,0,28,20,2,1,7,20,0,20,10,5,0,2,3,5,0,5,28,23,1,2,3,23,0,23,0,322,0,28,1,293,28,0,0,141,0,28,0,113,28,0,1,363,280,23,0,340,23,0,0,314,0,44,1,269,44,0,0,351,0,14,0,337,14,0,0,2,20,1,1,1,8,0,0,2,2,1,1,2,2,8,1,2,2,1,1,2,0,0,1,Watch
2025-06-15,Sunday,7,24,6,Monsoon,1,0,0,0,0,0,0,8.5,32.7,27.3,70.0,,0,0,0,81,21,9,8,7,119,159.0,159.0,146.0,167.86,13.82,155.0,169.79,None,0,7,4,4,6,0,8,0,1,0,1,3,7,0,0,28,18,7,0,10,18,0,18,10,3,3,0,7,3,0,3,28,21,3,2,5,21,0,21,0,293,0,13,1,279,13,0,0,113,0,6,0,107,6,0,0,340,0,13,0,327,13,0,0,269,0,23,0,246,23,0,0,337,0,4,0,333,4,0,0,2,12,1,0,1,20,1,1,2,1,1,2,1,2,7,1,1,1,1,1,2,0,0,1,Watch
2025-06-16,Monday,1,25,6,Monsoon,0,0,0,0,0,0,0,20.1,33.4,24.4,75.8,,0,0,0,103,32,8,7,8,150,119.0,159.0,173.0,164.0,21.19,168.0,167.21,None,0,8,5,14,5,0,4,2,0,2,1,3,5,0,0,28,14,7,1,13,14,0,14,10,4,2,1,5,4,0,4,28,18,5,1,9,18,0,18,0,279,0,19,1,259,19,0,0,107,0,16,0,91,16,0,0,327,0,18,0,309,18,0,0,946,700,34,2,910,34,0,0,333,0,6,0,327,6,0,0,2,8,0,0,1,8,1,0,3,1,1,1,1,2,7,1,1,1,1,1,2,0,0,0,Normal
2025-06-17,Tuesday,2,25,6,Monsoon,0,0,0,0,0,1,0,54.2,33.9,25.4,87.4,,0,0,0,98,33,11,8,9,150,150.0,119.0,172.0,160.71,21.32,180.0,165.93,Flood_Disruption,3,15,7,6,5,1,3,3,4,1,2,4,7,0,0,28,19,2,1,8,19,0,19,10,3,2,1,6,3,0,3,28,11,8,0,17,11,0,11,0,259,0,18,0,241,18,0,0,91,0,9,0,82,9,0,0,309,0,19,0,290,19,0,0,910,0,34,2,874,34,0,0,327,0,6,0,321,6,0,0,2,20,1,1,1,8,0,0,3,1,2,1,2,2,6,2,1,1,1,1,3,0,0,1,Watch
2025-06-18,Wednesday,3,25,6,Monsoon,0,0,0,1,0,0,1,20.4,34.3,23.8,71.1,,0,0,0,105,29,7,14,9,155,150.0,150.0,193.0,157.57,21.04,184.0,163.79,Snakebite_Cluster,1,10,5,7,7,1,3,3,0,1,2,4,6,0,0,28,19,7,2,7,19,0,19,10,2,2,2,6,2,0,2,28,12,0,0,16,12,0,12,0,241,0,17,0,224,17,0,0,82,0,9,0,73,9,0,0,290,0,17,0,273,17,0,0,874,0,32,2,840,32,0,0,321,0,5,0,316,5,0,0,2,8,0,0,1,8,0,0,3,1,3,1,1,2,6,1,1,1,2,2,2,0,0,0,Normal
2025-06-19,Thursday,4,25,6,Monsoon,0,0,0,0,1,1,0,20.9,33.6,25.4,67.7,,0,0,0,98,30,16,7,10,151,155.0,150.0,173.0,152.14,15.33,177.0,161.71,None,0,9,5,10,6,0,5,7,1,3,1,3,6,0,0,28,19,5,2,7,19,0,19,10,3,1,0,7,3,0,3,28,12,3,3,13,12,0,12,0,224,0,20,0,204,20,0,0,323,250,12,1,310,12,0,0,273,0,17,0,256,17,0,0,840,0,32,2,806,32,0,0,316,0,8,0,308,8,0,0,2,20,1,1,1,8,1,0,3,1,1,1,2,2,6,2,1,1,1,1,2,0,0,1,Watch
2025-06-20,Friday,5,25,6,Monsoon,0,0,0,0,0,0,0,20.3,36.3,26.9,72.5,,0,0,0,93,28,5,6,7,132,151.0,155.0,159.0,149.0,12.77,172.0,159.86,None,0,7,6,8,7,0,1,3,0,1,1,3,4,0,0,28,21,2,1,6,21,0,21,10,2,2,0,8,2,0,2,28,12,2,2,14,12,0,12,0,204,0,15,0,189,15,0,1,310,0,10,1,299,10,0,0,256,0,16,0,240,16,0,0,806,0,30,2,774,30,0,0,308,0,7,0,301,7,0,0,2,8,0,0,1,8,0,0,2,1,1,1,1,2,6,1,1,1,1,1,4,0,0,0,Normal
2025-06-21,Saturday,6,25,6,Monsoon,1,0,0,0,0,0,0,17.6,33.9,26.8,78.9,,0,0,0,87,27,7,14,8,135,132.0,151.0,159.0,145.14,13.24,166.0,157.0,Snakebite_Cluster,1,10,6,8,3,0,4,2,0,1,1,3,7,0,0,28,18,6,2,8,18,0,18,10,4,0,0,6,4,0,4,28,11,4,2,15,11,0,11,0,189,0,16,0,173,16,0,0,299,0,10,1,288,10,0,0,240,0,16,0,224,16,0,0,774,0,29,1,744,29,0,0,301,0,9,0,292,9,0,0,2,8,0,0,1,8,1,0,2,1,3,1,1,2,6,1,1,1,2,2,3,0,0,0,Normal
2025-06-22,Sunday,7,25,6,Monsoon,1,0,0,0,0,0,0,9.7,32.9,26.4,76.9,,0,0,0,80,24,7,9,8,120,135.0,132.0,119.0,141.71,12.28,146.0,154.79,None,0,11,3,8,2,2,4,1,0,2,2,4,8,0,0,28,16,6,0,12,16,0,16,10,5,1,2,3,5,0,5,28,12,1,1,15,12,0,12,0,173,0,16,0,157,16,0,0,288,0,10,1,277,10,0,0,224,0,15,0,209,15,0,0,744,0,26,1,717,26,0,0,292,0,7,0,285,7,0,0,2,8,0,0,1,8,1,0,2,1,1,1,1,2,6,1,1,1,1,1,4,0,0,0,Normal
2025-06-23,Monday,1,26,6,Monsoon,0,0,0,0,0,0,0,23.5,35.4,27.4,77.3,,0,0,0,98,29,7,8,7,142,120.0,135.0,150.0,141.86,12.02,173.0,152.93,None,0,12,7,3,7,2,4,2,0,1,3,5,8,0,0,28,16,4,2,10,16,0,16,10,2,3,2,6,2,0,2,28,13,2,3,12,13,0,13,0,157,0,14,0,143,14,0,0,277,0,6,1,270,6,0,0,209,0,17,0,192,17,0,1,717,0,31,1,685,31,0,0,285,0,11,0,274,11,0,0,2,8,0,0,1,8,1,0,3,1,1,1,1,2,6,1,1,1,1,1,3,0,0,0,Normal
2025-06-24,Tuesday,2,26,6,Monsoon,0,0,0,0,0,1,0,48.9,36.4,27.8,82.8,,0,0,0,100,34,9,4,8,147,142.0,120.0,150.0,140.71,11.56,172.0,150.71,Flood_Disruption,2,12,6,10,6,0,3,2,3,1,1,3,5,0,0,28,15,5,1,12,15,0,15,10,2,2,2,6,2,0,2,28,13,2,2,13,13,0,13,0,143,0,18,0,125,18,0,0,270,0,12,1,257,12,0,0,192,0,19,0,173,19,0,0,685,0,35,1,649,35,0,0,274,0,7,0,267,7,0,0,2,20,1,1,1,8,0,0,3,1,2,1,2,2,6,1,1,1,1,1,2,0,0,1,Watch
2025-06-25,Wednesday,3,26,6,Monsoon,0,0,0,1,0,0,1,15.3,36.6,30.2,80.8,,0,0,0,108,31,8,11,10,158,147.0,142.0,155.0,140.29,11.26,193.0,148.93,None,0,13,5,8,5,1,5,0,0,3,2,4,7,0,0,28,16,5,0,12,16,0,16,10,1,1,1,8,1,0,1,28,12,5,0,16,12,0,12,0,425,300,19,1,405,19,0,0,257,0,10,0,247,10,0,0,173,0,19,0,154,19,0,0,649,0,33,1,615,33,0,0,267,0,11,0,256,11,0,0,2,8,0,0,1,8,1,0,3,1,1,1,1,2,6,1,1,1,1,1,4,0,0,0,Normal
2025-06-26,Thursday,4,26,6,Monsoon,0,0,0,0,0,1,0,36.0,32.2,24.4,88.2,,0,0,0,89,29,13,9,9,140,158.0,147.0,151.0,140.71,11.85,173.0,146.43,None,0,9,10,5,5,1,5,7,0,1,2,4,4,0,0,28,16,3,2,10,16,0,16,10,3,1,1,6,3,0,3,28,12,3,0,16,12,0,12,0,405,0,17,1,387,17,0,0,247,0,7,0,240,7,0,0,154,0,16,0,138,16,0,0,615,0,30,1,584,30,0,0,256,0,12,0,244,12,0,0,2,16,1,1,1,8,1,0,2,1,1,1,2,2,6,2,1,1,1,1,3,0,0,1,Watch
2025-06-27,Friday,5,26,6,Monsoon,0,0,0,0,0,0,0,31.4,34.6,25.6,84.1,,0,0,0,93,33,6,6,9,138,140.0,158.0,132.0,139.14,11.09,159.0,144.07,None,0,12,13,2,6,2,3,1,1,1,4,6,7,0,0,28,14,6,2,12,14,0,14,10,3,2,1,6,3,0,3,28,12,3,1,15,12,0,12,0,387,0,16,1,370,16,0,0,240,0,5,0,235,5,0,0,138,0,19,0,119,19,0,0,584,0,34,1,549,34,0,0,244,0,14,0,230,14,0,0,2,12,1,0,1,8,0,0,2,1,1,1,1,2,6,1,1,1,1,1,4,0,0,0,Normal
2025-06-28,Saturday,6,26,6,Monsoon,1,0,0,0,0,0,0,26.8,32.4,24.0,83.1,,0,0,0,81,33,6,14,9,134,138.0,140.0,135.0,140.0,10.73,159.0,142.57,None,0,10,9,8,6,1,4,1,1,0,2,4,6,0,0,28,15,6,1,12,15,0,15,10,4,0,1,5,4,0,4,28,10,3,0,18,10,0,10,0,370,0,18,1,351,18,0,0,235,0,10,0,225,10,0,0,119,0,18,0,101,18,0,0,549,0,33,1,515,33,0,0,230,0,7,0,223,7,0,1,2,12,1,0,1,8,1,0,2,1,2,1,1,2,6,1,1,1,2,2,4,0,0,0,Normal
2025-06-29,Sunday,7,26,6,Monsoon,1,0,0,0,0,0,0,10.9,32.7,24.3,73.7,,0,0,0,78,33,7,10,8,128,134.0,138.0,120.0,139.86,10.8,119.0,140.79,None,0,9,9,11,4,2,5,0,0,2,3,5,8,0,0,28,16,2,0,12,16,0,16,10,5,1,0,5,5,0,5,28,13,0,0,15,13,0,13,0,351,0,18,1,332,18,0,0,225,0,13,0,212,13,0,0,381,280,17,0,364,17,0,0,515,0,33,1,481,33,0,0,223,0,12,0,211,12,0,0,2,8,0,0,1,8,1,0,2,1,1,1,1,2,6,1,1,1,1,1,2,0,0,0,Normal
2025-06-30,Monday,1,27,6,Monsoon,0,0,0,0,0,0,0,10.0,34.7,27.5,72.6,,0,0,0,99,25,7,6,7,137,128.0,134.0,142.0,141.0,8.9,150.0,141.43,None,0,14,4,3,4,0,3,2,2,0,1,3,7,0,0,28,15,3,0,13,15,0,15,10,5,2,0,5,5,0,5,28,14,2,2,12,14,0,14,0,332,0,13,1,318,13,0,0,212,0,5,0,207,5,0,0,364,0,16,0,348,16,0,0,481,0,28,1,452,28,0,0,211,0,8,0,203,8,0,0,2,20,1,1,1,8,0,0,3,1,1,1,2,2,6,1,1,1,1,1,4,0,0,1,Watch
2025-07-01,Tuesday,2,27,7,Monsoon,0,0,0,0,0,1,0,55.4,37.7,28.1,93.0,,0,0,0,99,40,11,8,10,158,137.0,128.0,147.0,140.29,8.99,150.0,140.5,Flood_Disruption,3,15,8,8,9,0,1,8,0,2,1,3,4,0,0,28,21,2,1,6,21,0,21,10,7,0,0,3,7,0,7,28,11,3,1,16,11,0,11,0,318,0,20,1,297,20,0,0,207,0,11,0,196,11,0,0,348,0,22,0,326,22,0,0,452,0,40,1,411,40,0,0,203,0,4,0,199,4,0,0,2,8,1,0,1,8,0,0,3,2,2,1,1,2,7,2,2,1,1,1,3,0,0,0,Watch
2025-07-02,Wednesday,3,27,7,Monsoon,0,0,0,1,0,0,1,32.4,30.9,23.0,85.5,,0,0,0,106,33,6,11,10,156,158.0,137.0,158.0,141.86,10.8,155.0,141.07,None,0,4,8,14,7,3,2,1,0,3,4,6,8,0,0,28,18,7,2,8,18,0,18,10,6,3,0,4,6,0,6,28,12,3,1,15,12,0,12,0,297,0,21,1,275,21,0,0,196,0,16,0,180,16,0,0,326,0,18,0,308,18,0,0,411,0,35,1,375,35,0,1,199,0,14,0,185,14,0,0,2,8,0,0,1,8,0,0,3,1,1,1,1,2,7,1,1,1,1,1,4,0,0,0,Normal
2025-07-03,Thursday,4,27,7,Monsoon,0,0,0,0,0,1,0,58.7,34.4,26.2,94.8,,0,0,0,91,37,11,3,8,142,156.0,158.0,140.0,141.57,10.39,151.0,141.14,Flood_Disruption,3,16,8,11,2,0,3,5,1,2,1,3,7,0,0,28,14,5,0,14,14,0,14,10,7,2,0,3,7,0,7,28,13,3,2,13,13,0,13,0,275,0,18,1,256,18,0,0,180,0,14,0,166,14,0,0,308,0,21,0,287,21,0,0,375,0,37,1,337,37,0,0,185,0,12,0,173,12,0,0,2,12,1,0,1,8,0,0,2,1,2,1,1,2,6,2,2,1,1,1,4,0,0,0,Watch
2025-07-04,Friday,5,27,7,Monsoon,0,0,0,0,0,0,0,19.1,34.4,26.6,81.7,,0,0,0,90,31,7,6,7,134,142.0,156.0,138.0,141.86,10.37,132.0,140.5,None,0,11,7,12,1,0,2,2,1,2,1,3,5,0,0,28,12,4,2,14,12,0,12,10,7,3,1,2,7,0,7,28,11,4,0,17,11,0,11,0,256,0,17,0,239,17,0,0,166,0,14,0,152,14,0,0,287,0,18,0,269,18,0,0,337,0,32,1,304,32,0,0,173,0,8,0,165,8,0,0,2,12,1,0,1,8,0,0,2,1,1,1,1,2,6,1,1,1,1,1,2,0,0,0,Normal
2025-07-05,Saturday,6,27,7,Monsoon,1,0,0,0,0,0,0,26.5,33.8,24.2,82.6,,0,0,0,84,32,7,10,7,133,134.0,142.0,134.0,141.29,10.67,135.0,140.64,None,0,13,5,10,4,1,6,0,1,0,2,4,5,0,0,28,11,7,2,15,11,0,11,10,6,2,2,2,6,0,6,28,9,2,2,17,9,0,9,0,239,0,16,0,223,16,0,0,152,0,12,0,140,12,0,0,269,0,18,0,251,18,0,0,304,0,32,1,271,32,0,0,565,400,3,1,561,3,0,0,2,12,1,0,1,20,1,1,2,1,1,2,1,2,6,1,1,1,1,1,2,0,0,1,Watch
2025-07-06,Sunday,7,27,7,Monsoon,1,0,0,0,0,0,0,11.0,35.3,25.5,70.8,,0,0,0,80,34,7,13,10,134,133.0,134.0,128.0,141.14,10.78,120.0,140.5,None,0,14,9,8,3,2,2,2,1,2,3,5,4,1,1,28,10,5,0,18,10,0,10,10,5,4,2,3,5,0,5,28,9,3,1,18,9,0,9,0,223,0,20,0,203,20,0,0,140,0,11,0,129,11,0,1,251,0,19,0,232,19,0,0,271,0,34,0,237,34,0,0,561,0,12,1,548,12,0,0,2,12,1,0,1,8,0,0,2,1,2,1,1,2,6,1,1,1,1,1,2,0,0,1,Watch
2025-07-07,Monday,1,28,7,Monsoon,0,0,0,0,0,0,0,21.7,34.7,26.6,81.4,,0,0,0,99,29,5,8,8,141,134.0,133.0,137.0,142.0,9.9,142.0,141.5,None,0,10,6,5,8,1,3,1,0,1,2,4,5,0,0,28,13,0,1,14,13,0,13,10,7,1,2,1,7,0,7,28,9,2,1,18,9,0,9,0,203,0,15,0,188,15,0,1,129,0,7,0,122,7,0,0,232,0,17,0,215,17,0,0,937,700,31,2,904,31,0,0,548,0,8,1,539,8,0,0,2,8,0,0,1,8,0,0,3,1,1,1,1,2,6,1,1,1,1,1,2,0,0,0,Normal
2025-07-08,Tuesday,2,28,7,Monsoon,0,0,0,0,0,1,0,8.8,32.6,23.4,73.5,,0,0,0,99,26,12,7,9,144,141.0,134.0,158.0,142.57,9.71,147.0,141.43,None,0,8,5,8,5,1,2,5,3,2,2,4,8,0,0,28,12,5,0,16,12,0,12,10,7,3,0,3,7,0,7,28,10,1,1,17,10,0,10,0,188,0,17,0,171,17,0,0,122,0,10,0,112,10,0,0,215,0,16,0,199,16,0,1,904,0,29,2,873,29,0,0,539,0,7,1,531,7,0,0,2,20,1,1,1,8,0,0,3,1,1,1,2,2,6,2,1,1,1,1,3,0,0,1,Watch
2025-07-09,Wednesday,3,28,7,Monsoon,0,0,0,1,0,0,1,14.6,32.7,22.0,78.2,,0,0,0,110,29,7,15,9,161,144.0,141.0,156.0,140.57,7.52,158.0,141.21,None,0,9,6,11,3,1,2,2,1,2,2,4,8,0,0,28,17,1,2,9,17,0,17,10,3,5,1,6,3,0,3,28,7,5,2,19,7,0,7,0,171,0,18,0,153,18,0,0,112,0,13,0,99,13,0,0,199,0,17,0,182,17,0,0,873,0,32,2,839,32,0,0,531,0,8,1,522,8,0,0,2,12,1,0,1,8,0,0,3,1,2,1,1,3,6,1,1,1,2,2,4,0,0,0,Normal
2025-07-10,Thursday,4,28,7,Monsoon,0,0,0,0,0,1,0,32.2,32.7,24.0,81.6,,0,0,0,96,32,11,6,10,145,161.0,144.0,142.0,141.29,9.04,140.0,141.43,None,0,13,8,6,5,0,4,5,1,1,1,3,6,0,0,28,18,6,1,9,18,0,18,10,4,1,1,5,4,0,4,28,4,4,2,22,4,0,4,0,153,0,19,0,134,19,0,0,99,0,9,0,90,9,0,0,182,0,19,0,163,19,0,0,839,0,33,2,804,33,0,0,522,0,6,1,515,6,0,0,2,12,1,0,1,8,1,0,2,1,1,1,1,2,6,2,1,1,1,1,3,0,0,0,Normal
2025-07-11,Friday,5,28,7,Monsoon,0,0,0,0,0,0,0,42.7,32.4,24.1,83.0,,0,0,0,95,31,5,8,7,139,145.0,161.0,134.0,141.71,9.13,138.0,141.79,Flood_Disruption,2,14,6,5,6,1,3,1,0,1,2,4,5,0,0,28,16,5,1,11,16,0,16,10,5,1,1,4,5,0,5,28,4,2,0,24,4,0,4,0,134,0,15,0,119,15,0,0,340,250,8,1,331,8,0,0,163,0,18,0,145,18,0,0,804,0,32,2,770,32,0,0,515,0,8,1,506,8,0,0,2,8,0,0,1,8,0,0,2,1,2,1,1,2,6,1,1,1,1,1,3,0,0,0,Watch
2025-07-12,Saturday,6,28,7,Monsoon,1,0,0,0,0,0,0,18.7,34.6,28.3,78.6,,0,0,0,80,29,5,13,8,127,139.0,145.0,133.0,142.43,8.68,134.0,141.86,None,0,13,8,4,4,2,3,2,0,0,3,5,5,0,0,28,18,1,0,10,18,0,18,10,6,1,0,4,6,0,6,28,5,2,0,23,5,0,5,0,419,300,15,1,403,15,0,0,331,0,6,1,324,6,0,0,145,0,17,0,128,17,0,0,770,0,30,1,739,30,0,0,506,0,12,0,494,12,0,0,2,8,0,0,1,8,0,0,2,1,2,1,1,2,6,1,1,1,1,1,4,0,0,0,Normal
2025-07-13,Sunday,7,28,7,Monsoon,1,0,0,0,1,0,0,14.8,32.4,25.6,78.3,,0,0,0,83,29,11,11,10,134,127.0,139.0,134.0,141.57,9.8,128.0,141.36,None,0,10,7,8,4,2,6,1,1,3,3,5,8,0,0,28,17,6,1,10,17,0,17,10,10,0,0,0,11,1,11,28,4,1,4,20,4,0,4,1,403,0,19,1,383,19,0,0,324,0,10,1,313,10,0,0,128,0,16,0,112,16,0,0,739,0,30,1,708,30,0,0,494,0,5,0,489,5,0,0,2,12,1,0,1,20,1,1,2,1,1,2,1,2,6,2,1,1,1,1,3,0,0,2,Critical
2025-07-14,Monday,1,29,7,Monsoon,0,0,0,0,0,0,0,25.0,35.9,27.6,73.1,,0,0,0,101,30,6,9,8,146,134.0,127.0,141.0,141.57,9.8,137.0,141.79,None,0,8,9,11,2,0,4,1,0,1,2,4,4,0,0,28,16,4,2,10,16,0,16,10,9,4,0,1,9,0,9,28,7,0,1,20,7,0,7,0,383,0,17,1,365,17,0,0,313,0,13,1,299,13,0,0,392,280,17,0,375,17,0,0,708,0,32,1,675,32,0,0,489,0,10,0,479,10,0,0,2,8,0,0,1,8,1,0,3,1,1,1,1,2,6,1,1,1,1,1,4,0,0,0,Normal
2025-07-15,Tuesday,2,29,7,Monsoon,0,0,0,0,0,1,0,47.7,32.1,24.8,85.0,,0,0,0,98,33,10,4,8,145,146.0,134.0,144.0,142.29,9.91,158.0,142.43,Flood_Disruption,2,6,15,7,5,0,2,6,1,1,2,4,7,0,0,28,14,5,2,12,14,0,14,10,5,5,0,5,5,0,5,28,9,2,2,17,9,0,9,0,365,0,17,1,347,17,0,0,299,0,10,1,288,10,0,0,375,0,18,0,357,18,0,0,675,0,34,1,640,34,0,0,479,0,16,0,463,16,0,0,2,12,1,0,1,8,0,0,3,1,2,1,1,2,6,1,1,1,1,1,3,0,0,0,Watch
2025-07-16,Wednesday,3,29,7,Monsoon,0,0,0,1,0,0,1,8.0,34.7,24.8,71.6,,0,0,0,109,26,6,9,8,150,145.0,146.0,161.0,142.43,9.94,156.0,141.5,None,0,11,5,6,4,1,1,4,1,0,2,4,8,0,0,28,17,3,0,11,17,0,17,10,2,4,1,7,2,0,2,28,9,1,0,19,9,0,9,0,347,0,15,1,331,15,0,0,288,0,8,1,279,8,0,0,357,0,17,0,340,17,0,0,640,0,30,1,609,30,0,0,463,0,5,0,458,5,0,0,2,12,1,0,1,8,0,0,3,1,1,1,1,2,6,1,1,1,1,1,4,0,0,0,Normal
2025-07-17,Thursday,4,29,7,Monsoon,0,0,0,0,0,1,0,16.9,33.2,25.5,72.4,,0,0,0,91,26,12,8,8,137,150.0,145.0,145.0,140.86,7.43,142.0,141.07,None,0,13,6,4,3,0,4,6,0,2,1,3,8,0,0,28,14,7,1,13,14,0,14,10,0,2,1,9,0,0,0,28,11,2,1,16,11,0,11,0,331,0,15,1,315,15,0,0,279,0,6,1,272,6,0,0,340,0,16,0,324,16,0,0,609,0,28,1,580,28,0,0,458,0,11,0,447,11,0,0,2,8,1,0,1,8,1,0,2,1,1,1,1,2,6,2,1,1,1,1,2,0,0,0,Normal
2025-07-18,Friday,5,29,7,Monsoon,0,0,0,0,0,0,0,19.1,35.0,27.7,71.8,,0,0,0,94,28,6,10,8,138,137.0,150.0,139.0,139.71,7.32,134.0,140.71,None,0,11,6,6,5,0,3,2,1,0,1,3,7,0,0,28,15,4,4,9,15,0,15,10,1,0,2,7,1,0,1,28,12,1,0,16,12,0,12,0,315,0,16,1,298,16,0,0,272,0,8,1,263,8,0,0,324,0,17,0,307,17,0,0,580,0,30,1,549,30,0,0,447,0,7,0,440,7,0,0,2,12,1,0,1,8,0,0,2,1,1,1,1,2,6,1,1,1,1,1,3,0,0,0,Normal
2025-07-19,Saturday,6,29,7,Monsoon,1,0,0,0,0,0,0,22.6,33.6,26.0,76.9,,0,0,0,83,26,7,11,9,127,138.0,137.0,127.0,139.57,7.35,133.0,141.0,None,0,15,4,5,2,1,3,4,0,0,2,4,8,0,0,28,18,4,0,10,18,0,18,10,2,0,2,6,2,0,2,28,10,3,2,16,10,0,10,0,298,0,16,1,281,16,0,0,263,0,7,1,255,7,0,0,307,0,16,0,291,16,0,0,549,0,27,1,521,27,0,0,440,0,5,0,435,5,0,0,2,8,0,0,1,8,0,0,2,1,1,1,1,2,6,1,1,1,1,1,3,0,0,0,Normal
2025-07-20,Sunday,7,29,7,Monsoon,1,0,0,0,0,0,0,17.1,31.6,24.3,82.1,,0,0,0,81,30,6,12,9,129,127.0,138.0,134.0,139.57,7.35,134.0,140.57,None,0,11,7,4,8,1,3,3,0,0,2,4,5,0,0,28,20,2,2,6,20,0,20,10,5,0,0,5,5,0,5,28,7,5,2,19,7,0,7,0,281,0,16,1,264,16,0,0,255,0,7,0,248,7,0,0,291,0,17,0,274,17,0,0,521,0,30,1,490,30,0,0,435,0,8,0,427,8,0,0,2,8,0,0,1,8,0,0,2,1,1,1,1,2,6,1,1,1,1,1,3,0,0,0,Normal
2025-07-21,Monday,1,30,7,Monsoon,0,0,0,0,0,0,0,30.8,32.5,24.1,83.2,,0,0,0,93,33,6,6,7,138,129.0,127.0,146.0,138.86,8.06,141.0,140.21,None,0,14,7,8,4,0,4,2,0,0,1,3,8,0,0,28,21,3,2,5,21,0,21,10,2,3,1,7,2,0,2,28,8,2,1,19,8,0,8,0,264,0,16,0,248,16,0,0,248,0,10,0,238,10,0,0,274,0,19,0,255,19,0,0,490,0,34,1,455,34,0,0,427,0,10,0,417,10,0,0,2,8,0,0,1,8,1,0,2,1,1,1,1,2,6,1,1,1,1,1,4,0,0,0,Normal
2025-07-22,Tuesday,2,30,7,Monsoon,0,0,0,0,1,1,0,8.4,32.5,25.6,76.9,,0,0,0,103,25,15,7,9,150,138.0,129.0,145.0,137.71,7.52,144.0,140.0,None,0,9,3,8,5,0,3,7,0,5,1,3,4,0,0,28,24,5,1,3,24,0,24,10,0,2,0,10,0,0,0,28,8,1,0,20,8,0,8,0,248,0,17,0,231,17,0,0,238,0,10,0,228,10,0,0,255,0,16,0,239,16,0,0,455,0,28,1,426,28,0,0,417,0,4,0,413,4,0,0,2,16,1,1,1,8,0,0,3,1,1,1,2,2,6,2,1,1,1,1,2,0,0,1,Watch
2025-07-23,Wednesday,3,30,7,Monsoon,0,0,0,1,0,0,1,10.1,33.2,25.8,80.3,,0,0,0,104,25,6,12,8,147,150.0,138.0,150.0,138.43,8.36,161.0,140.43,None,0,12,6,5,2,0,3,2,1,0,1,3,4,0,0,28,25,1,3,0,26,1,26,10,2,0,2,6,2,0,2,28,10,1,2,16,10,0,10,1,231,0,15,0,216,15,0,0,228,0,7,0,221,7,0,0,239,0,16,0,223,16,0,0,426,0,28,1,397,28,0,1,413,0,9,0,404,9,0,0,2,12,1,0,1,8,0,0,3,1,1,1,1,2,7,1,1,1,1,1,2,0,0,1,High
2025-07-24,Thursday,4,30,7,Monsoon,0,0,0,0,1,1,0,20.8,31.3,25.1,77.8,,0,0,0,95,26,15,9,10,145,147.0,150.0,137.0,138.0,7.82,145.0,139.43,None,0,12,7,5,2,1,2,7,2,4,2,4,4,0,0,28,24,9,1,3,24,0,24,10,2,2,0,8,2,0,2,28,11,0,0,17,11,0,11,0,216,0,17,0,199,17,0,1,221,0,7,0,214,7,0,0,223,0,16,0,207,16,0,0,397,0,28,1,368,28,0,0,404,0,6,0,398,6,0,0,2,20,1,1,1,8,0,0,2,1,1,1,2,2,7,2,1,1,1,1,3,0,0,1,Watch
2025-07-25,Friday,5,30,7,Monsoon,0,0,0,0,0,0,0,12.4,32.4,25.7,68.9,Malaria,4,1,7,90,58,5,6,8,159,145.0,147.0,138.0,139.14,8.17,139.0,139.43,None,0,36,8,6,8,1,1,2,1,1,2,4,7,0,0,28,22,7,0,6,22,0,22,10,1,1,1,8,1,0,1,28,13,1,0,15,13,0,13,0,199,0,20,0,179,20,0,0,214,0,11,0,203,11,0,0,207,0,32,0,175,32,0,1,368,0,54,1,313,54,0,0,398,0,15,0,383,15,0,0,2,12,1,0,1,8,0,0,2,2,1,1,1,2,7,1,2,2,1,1,3,0,0,0,High
2025-07-26,Saturday,6,30,7,Monsoon,1,0,0,0,0,0,0,27.5,34.6,26.8,80.8,Malaria,4,1,8,80,62,6,12,13,160,159.0,145.0,127.0,142.14,10.67,127.0,140.86,None,0,44,5,7,6,0,4,0,1,1,1,3,5,0,0,28,18,8,0,10,18,0,18,10,4,1,1,5,4,0,4,28,18,0,1,9,18,0,18,0,179,0,27,0,152,27,0,0,203,0,12,0,191,12,0,0,175,0,34,0,141,34,0,0,313,0,56,1,256,56,0,0,383,0,16,0,367,16,0,0,2,12,1,0,1,8,1,0,2,2,1,1,1,3,7,1,2,2,1,1,2,0,0,0,High
2025-07-27,Sunday,7,30,7,Monsoon,1,0,0,0,0,0,0,18.1,35.7,29.8,79.9,Malaria,4,1,6,79,55,5,14,11,153,160.0,159.0,129.0,146.86,10.22,134.0,143.21,None,0,41,5,4,5,0,2,0,0,3,1,3,7,0,0,28,21,2,2,5,21,0,21,10,5,3,2,3,5,0,5,28,15,5,2,11,15,0,15,0,152,0,23,0,129,23,0,0,191,0,9,0,182,9,0,0,141,0,31,0,110,31,0,0,256,0,50,0,206,50,0,0,367,0,10,0,357,10,0,0,2,8,0,0,1,8,0,0,2,2,2,1,1,2,7,1,2,2,2,2,4,0,0,0,High
2025-07-28,Monday,1,31,7,Monsoon,0,0,0,0,0,0,0,10.2,31.1,22.8,69.9,Malaria,4,1,6,98,60,7,8,11,173,153.0,160.0,138.0,150.29,7.24,146.0,144.57,None,0,42,6,3,9,0,3,1,2,1,1,3,4,0,0,28,13,11,1,14,13,0,13,10,7,1,1,2,7,0,7,28,13,7,1,14,13,0,13,0,129,0,23,0,106,23,0,0,182,0,9,0,173,9,0,0,110,0,34,0,76,34,0,0,906,700,56,2,848,56,0,0,357,0,17,0,340,17,0,0,2,20,1,1,1,8,0,0,3,2,1,1,2,3,6,1,2,2,1,1,4,0,0,1,High
2025-07-29,Tuesday,2,31,7,Monsoon,0,0,0,0,0,1,0,12.2,34.1,27.2,72.9,Malaria,4,1,6,96,61,13,6,10,176,173.0,153.0,150.0,155.29,8.92,145.0,146.5,None,0,39,8,8,6,0,7,6,0,0,1,3,7,0,0,28,13,2,2,13,13,0,13,10,5,4,2,3,5,0,5,28,16,3,0,12,16,0,16,0,406,300,24,1,381,24,0,0,173,0,13,0,160,13,0,0,76,0,34,0,42,34,0,0,848,0,56,2,790,56,0,0,340,0,20,0,320,20,0,0,2,16,1,1,1,20,1,1,2,2,1,2,2,3,6,2,2,2,1,1,3,0,0,2,High
2025-07-30,Wednesday,3,31,7,Monsoon,0,0,0,1,0,0,1,30.9,31.4,24.5,78.5,Malaria,4,1,6,99,63,6,14,12,182,176.0,173.0,147.0,159.0,11.1,150.0,148.71,None,0,44,5,7,7,0,3,2,1,0,1,3,5,0,0,28,17,2,2,9,17,0,17,10,7,0,0,3,7,0,7,28,17,3,2,9,17,0,17,0,381,0,26,1,354,26,0,0,160,0,13,0,147,13,0,0,42,0,36,0,6,36,0,0,790,0,58,1,731,58,0,0,320,0,14,0,306,14,0,0,2,12,1,0,1,8,0,0,3,2,2,1,1,3,7,1,2,2,2,2,4,0,0,0,High
2025-07-31,Thursday,4,31,7,Monsoon,0,0,0,0,0,1,0,12.6,33.6,27.5,72.4,Malaria,4,1,5,95,56,12,7,11,170,182.0,176.0,145.0,164.0,12.38,137.0,151.0,None,0,37,6,10,3,1,5,6,1,0,2,4,6,0,0,28,12,6,2,14,12,0,12,10,7,2,2,1,7,0,7,28,23,2,1,4,23,0,23,0,354,0,25,1,328,25,0,0,147,0,15,0,132,15,0,0,286,280,32,0,254,32,0,0,731,0,52,1,678,52,0,0,306,0,24,0,282,24,0,0,2,12,1,0,1,8,1,0,2,2,1,1,1,3,7,2,2,2,1,1,3,0,0,0,High
2025-08-01,Friday,5,31,8,Monsoon,0,0,0,0,0,0,0,42.1,34.8,28.4,84.5,Malaria,4,1,6,86,65,4,10,10,165,170.0,182.0,159.0,167.57,9.69,138.0,153.36,Flood_Disruption,2,38,5,11,11,0,2,1,1,0,1,3,4,0,0,28,16,1,2,10,16,0,16,10,6,1,0,4,6,0,6,28,21,7,1,6,21,0,21,0,328,0,25,1,302,25,0,0,132,0,16,0,116,16,0,1,254,0,35,0,219,35,0,0,678,0,59,1,618,59,0,0,282,0,16,0,266,16,0,0,2,12,1,0,1,8,0,0,2,2,2,1,1,3,7,1,2,2,1,1,4,0,0,0,High
2025-08-02,Saturday,6,31,8,Monsoon,1,0,0,0,0,0,0,22.9,34.4,25.2,78.2,Malaria,4,1,6,76,56,7,7,10,146,165.0,170.0,160.0,168.43,9.15,127.0,155.29,None,0,37,7,8,4,0,4,1,0,2,1,3,8,0,0,28,18,2,2,8,18,0,18,10,1,6,2,7,1,0,1,28,22,4,1,5,22,0,22,0,302,0,23,1,278,23,0,0,116,0,13,0,103,13,0,0,219,0,31,0,188,31,0,1,618,0,51,1,566,51,0,0,266,0,18,0,248,18,0,0,2,8,0,0,1,8,1,0,2,2,1,1,1,2,7,1,2,2,1,1,2,0,0,0,High
2025-08-03,Sunday,7,31,8,Monsoon,1,0,0,0,0,0,0,8.3,32.0,23.8,75.1,Malaria,4,1,7,81,54,7,11,11,153,146.0,165.0,153.0,166.43,11.89,129.0,156.64,None,0,38,6,5,5,1,2,5,0,0,2,4,5,0,0,28,13,8,1,14,13,0,13,10,4,1,0,6,4,0,4,28,25,1,0,3,25,0,25,0,278,0,23,1,254,23,0,0,103,0,10,0,93,10,0,0,188,0,31,0,157,31,0,0,566,0,50,1,515,50,0,0,248,0,16,0,232,16,0,0,2,8,0,0,1,8,0,0,2,2,1,1,1,2,7,1,2,2,1,1,3,0,0,0,High
2025-08-04,Monday,1,32,8,Monsoon,0,0,0,0,0,0,0,20.9,32.8,22.7,75.6,Malaria,4,1,6,93,61,5,8,10,167,153.0,146.0,173.0,166.43,11.89,138.0,158.36,None,0,42,6,7,6,0,2,2,0,1,1,3,7,0,0,28,9,6,1,18,9,0,9,10,6,0,2,2,6,0,6,28,25,6,2,1,25,0,25,0,254,0,23,0,231,23,0,0,93,0,12,0,81,12,0,0,157,0,34,0,123,34,0,0,515,0,56,1,458,56,0,0,232,0,19,0,213,19,0,1,2,8,0,0,1,8,0,0,2,2,1,1,1,3,7,1,2,2,1,1,4,0,0,0,High
2025-08-05,Tuesday,2,32,8,Monsoon,0,0,0,0,0,1,0,42.9,31.8,24.4,91.7,Malaria,4,1,7,98,65,12,6,11,181,167.0,153.0,176.0,165.57,11.6,150.0,160.43,Flood_Disruption,2,45,7,9,4,0,5,6,0,1,1,3,6,0,0,28,12,3,2,14,12,0,12,10,3,3,0,7,3,0,3,28,26,4,0,2,26,0,26,0,231,0,26,0,205,26,0,0,81,0,15,0,66,15,0,0,123,0,37,0,86,37,0,0,458,0,60,1,397,60,0,1,213,0,18,0,195,18,0,0,2,8,1,0,1,8,1,0,3,2,2,1,1,3,7,2,2,2,1,1,2,0,0,0,High
2025-08-06,Wednesday,3,32,8,Monsoon,0,0,0,1,0,0,1,6.7,33.1,24.2,75.3,Malaria,4,1,5,104,57,7,13,12,181,181.0,167.0,182.0,166.29,12.35,147.0,162.64,None,0,37,5,8,7,0,5,2,0,0,1,3,6,0,0,28,16,2,2,10,16,0,16,10,3,1,2,5,3,0,3,28,25,6,0,3,25,0,25,0,205,0,25,0,180,25,0,1,316,250,13,1,302,13,0,0,86,0,33,0,53,33,0,0,397,0,54,1,342,54,0,0,195,0,16,0,179,16,0,0,2,8,0,0,1,8,1,0,3,2,2,1,1,3,7,1,2,2,1,1,4,0,0,0,High
2025-08-07,Thursday,4,32,8,Monsoon,0,0,0,0,0,1,0,30.4,30.8,23.3,81.4,Malaria,4,1,6,92,58,10,5,11,165,181.0,181.0,170.0,166.14,12.17,145.0,165.07,None,0,39,6,8,5,0,4,6,0,0,1,3,6,0,0,28,18,5,2,8,18,0,18,10,4,1,2,4,4,0,4,28,20,7,1,7,20,0,20,0,180,0,24,0,156,24,0,0,302,0,13,1,288,13,0,0,53,0,33,0,20,33,0,0,342,0,54,1,287,54,0,0,179,0,11,0,168,11,0,0,2,8,1,0,1,8,1,0,2,2,1,1,1,3,7,1,2,2,1,1,2,0,0,0,High
2025-08-08,Friday,5,32,8,Monsoon,0,0,1,0,0,0,3,26.5,28.8,20.9,81.5,Malaria,4,1,6,89,65,6,17,11,177,165.0,181.0,165.0,165.43,12.07,159.0,166.5,Road_Accident_Surge,2,37,10,8,10,1,3,1,0,2,3,5,4,1,1,28,18,6,2,8,18,0,18,10,4,1,1,5,4,0,4,28,19,5,1,8,19,0,19,0,156,0,25,0,131,25,0,0,288,0,14,1,273,14,0,0,300,280,35,0,265,35,0,0,287,0,59,0,228,59,0,0,168,0,18,0,150,18,0,0,2,8,0,0,1,8,0,0,2,2,3,1,1,3,7,1,2,2,2,3,3,0,0,1,High
2025-08-09,Saturday,6,32,8,Monsoon,1,0,1,0,0,0,1,6.1,31.4,24.5,71.8,Malaria,4,1,5,88,55,6,18,12,167,177.0,165.0,146.0,167.14,12.72,160.0,167.79,Road_Accident_Surge,2,38,5,9,3,1,2,1,0,3,2,4,8,0,0,28,21,4,0,7,21,0,21,10,3,3,2,5,3,0,3,28,20,2,0,8,20,0,20,0,131,0,25,0,106,25,0,0,273,0,14,1,258,14,0,0,265,0,31,0,234,31,0,0,228,0,51,0,177,51,0,0,150,0,13,0,137,13,0,0,2,8,0,0,1,8,0,0,2,2,3,1,1,3,7,1,2,2,2,3,4,0,0,0,High
2025-08-10,Sunday,7,32,8,Monsoon,1,0,0,0,0,0,0,40.1,32.9,26.1,73.8,Malaria,4,1,6,76,62,5,11,11,154,167.0,177.0,153.0,170.14,9.43,153.0,168.29,Flood_Disruption,2,41,8,5,8,0,3,1,0,1,2,4,7,0,0,28,16,9,1,11,16,0,16,10,1,2,1,8,1,0,1,28,23,4,0,5,23,0,23,0,106,0,24,0,82,24,0,0,258,0,11,0,247,11,0,0,234,0,34,0,200,34,0,1,877,700,56,2,819,56,0,0,137,0,22,0,115,22,0,0,2,8,0,0,1,8,0,0,2,2,2,1,1,2,7,1,2,2,1,1,2,0,0,0,High
2025-08-11,Monday,1,33,8,Monsoon,0,0,0,0,0,0,0,43.9,29.4,22.1,95.0,Malaria,4,1,7,92,67,6,9,13,174,154.0,167.0,167.0,170.29,9.18,173.0,168.36,Flood_Disruption,2,42,10,10,5,2,3,2,0,1,3,5,5,0,0,28,15,4,2,11,15,0,15,10,3,0,0,7,3,0,3,28,26,5,0,2,26,0,26,0,382,300,29,1,352,29,0,0,247,0,16,0,231,16,0,0,200,0,36,0,164,36,0,0,819,0,61,2,756,61,0,0,515,400,27,0,488,27,0,0,2,8,0,0,1,8,0,0,2,2,2,1,1,3,7,1,2,2,1,1,2,0,0,0,High
2025-08-12,Tuesday,2,33,8,Monsoon,0,0,0,0,0,1,0,8.5,31.6,23.1,74.5,Malaria,4,1,6,91,55,11,8,11,165,174.0,154.0,181.0,171.29,9.15,176.0,168.43,None,0,41,6,6,2,1,7,3,1,0,2,4,4,0,0,28,17,2,0,11,17,0,17,10,5,2,1,4,5,0,5,28,28,0,0,0,29,1,29,1,352,0,23,1,328,23,0,0,231,0,11,0,220,11,0,0,164,0,32,0,132,32,0,0,756,0,51,1,704,51,0,0,488,0,14,0,474,14,0,0,2,12,1,0,1,20,1,1,2,2,1,2,1,3,8,2,2,2,1,1,3,0,0,2,Critical
2025-08-13,Wednesday,3,33,8,Monsoon,0,0,0,1,0,0,1,8.4,34.8,24.9,79.1,Malaria,4,1,5,104,56,6,14,12,180,165.0,174.0,181.0,169.0,8.4,182.0,167.64,None,0,41,8,2,5,0,2,3,1,0,2,4,8,0,0,28,26,3,0,2,26,0,26,10,5,0,1,4,5,0,5,28,23,6,2,3,23,0,23,0,328,0,23,1,304,23,0,0,220,0,7,0,213,7,0,0,132,0,33,0,99,33,0,0,704,0,53,1,650,53,0,0,474,0,8,0,466,8,0,0,2,12,1,0,1,8,0,0,3,2,2,1,1,3,8,1,2,2,2,2,3,0,0,0,High
2025-08-14,Thursday,4,33,8,Monsoon,0,0,0,0,0,1,0,7.5,30.6,23.7,78.8,Malaria,4,1,6,92,58,12,8,10,170,180.0,165.0,165.0,168.86,8.2,170.0,167.5,None,0,36,7,6,9,0,5,6,1,0,1,3,5,0,0,28,24,5,2,2,24,0,24,10,7,2,1,2,7,0,7,28,23,3,0,5,23,0,23,0,304,0,22,1,281,22,0,0,213,0,11,0,202,11,0,0,99,0,32,0,67,32,0,0,650,0,54,1,595,54,0,0,466,0,14,0,452,14,0,0,2,12,1,0,1,8,1,0,2,2,1,1,1,3,8,2,2,2,1,1,4,0,0,0,High
2025-08-15,Friday,5,33,8,Monsoon,0,1,0,0,0,0,1,18.9,29.6,21.9,80.2,Malaria,4,1,5,87,59,5,10,8,161,170.0,180.0,177.0,169.57,8.05,165.0,167.5,None,0,41,6,7,5,0,2,2,1,0,1,3,8,0,0,28,25,3,2,1,25,0,25,10,2,6,0,8,2,0,2,28,22,4,2,4,22,0,22,0,281,0,21,1,259,21,0,0,202,0,12,0,190,12,0,0,67,0,33,0,34,33,0,0,595,0,54,1,540,54,0,0,452,0,13,0,439,13,0,0,2,12,1,0,1,8,0,0,2,2,1,1,1,3,8,1,2,2,1,1,2,0,0,0,High
2025-08-16,Saturday,6,33,8,Monsoon,1,0,0,0,0,0,0,10.7,30.5,21.1,85.1,Malaria,4,1,6,87,61,6,12,12,166,161.0,170.0,167.0,167.29,7.89,146.0,167.21,None,0,34,13,7,7,0,3,2,1,0,2,4,7,0,0,28,23,10,1,4,23,0,23,10,3,1,1,6,3,0,3,28,19,5,1,8,19,0,19,0,259,0,26,0,233,26,0,0,190,0,12,0,178,12,0,0,314,280,32,0,282,32,0,0,540,0,56,1,483,56,0,0,439,0,14,0,425,14,0,0,2,12,1,0,1,8,0,0,2,2,1,1,1,3,7,1,2,2,1,1,4,0,0,0,High
2025-08-17,Sunday,7,33,8,Monsoon,1,0,0,0,0,0,0,43.9,31.2,23.8,92.2,,0,0,0,72,33,6,9,8,120,166.0,161.0,154.0,167.14,7.9,153.0,168.64,Flood_Disruption,2,9,10,10,4,1,3,0,2,1,2,4,8,0,0,28,20,7,2,6,20,0,20,10,1,3,0,9,1,0,1,28,15,7,0,13,15,0,15,0,233,0,18,0,215,18,0,0,178,0,12,0,166,12,0,0,282,0,17,0,265,17,0,0,483,0,32,1,450,32,0,0,425,0,12,0,413,12,0,0,2,20,1,1,1,8,0,0,2,1,2,1,2,2,7,1,1,1,1,1,4,0,0,1,Watch
2025-08-18,Monday,1,34,8,Monsoon,0,0,0,0,0,0,0,18.6,33.8,28.0,76.4,,0,0,0,94,27,5,6,7,132,120.0,166.0,174.0,162.29,18.21,167.0,166.29,None,0,14,3,9,1,0,2,2,1,0,1,3,7,0,0,28,21,4,1,6,21,0,21,10,3,0,1,6,3,0,3,28,10,5,0,18,10,0,10,0,215,0,15,0,200,15,0,1,166,0,11,0,155,11,0,0,265,0,17,0,248,17,0,0,450,0,29,1,420,29,0,0,413,0,2,0,411,2,0,0,2,12,1,0,1,8,0,0,2,1,1,1,1,2,6,1,1,1,1,1,4,0,0,0,Normal
2025-08-19,Tuesday,2,34,8,Monsoon,0,0,0,0,0,1,0,34.8,33.8,25.4,79.8,,0,0,0,89,32,9,8,7,138,132.0,120.0,165.0,156.29,20.18,181.0,163.79,None,0,14,7,5,6,2,5,4,0,0,3,5,4,1,1,28,22,4,1,5,22,0,22,10,3,0,1,6,3,0,3,28,12,0,0,16,12,0,12,0,200,0,15,0,185,15,0,0,155,0,8,0,147,8,0,0,248,0,18,0,230,18,0,0,420,0,33,1,386,33,0,1,411,0,9,0,402,9,0,0,2,8,0,0,1,8,1,0,2,1,1,1,1,2,7,1,1,1,1,1,2,0,0,1,Watch
2025-08-20,Wednesday,3,34,8,Monsoon,0,0,0,1,0,0,1,22.1,31.3,25.2,77.7,Dengue,4,1,5,111,72,6,14,14,203,138.0,132.0,180.0,152.43,20.71,181.0,160.71,Snakebite_Cluster,1,53,8,9,2,1,2,3,1,0,2,4,4,0,0,28,25,2,2,1,25,0,25,10,3,3,1,6,3,0,3,28,17,1,2,9,17,0,17,0,185,0,30,0,155,30,0,0,147,0,15,0,132,15,0,0,230,0,41,0,189,41,0,1,386,0,66,1,319,66,0,0,402,0,21,0,381,21,0,0,2,12,1,0,1,8,0,0,3,2,3,1,1,3,7,1,2,2,2,2,4,0,0,0,High
2025-08-21,Thursday,4,34,8,Monsoon,0,0,0,0,0,1,0,4.2,30.1,20.7,73.9,Dengue,4,1,6,102,68,11,9,12,190,203.0,138.0,170.0,155.71,25.98,165.0,162.29,None,0,52,5,7,4,1,6,3,0,2,2,4,5,0,0,28,24,6,1,3,24,0,24,10,6,1,2,2,6,0,6,28,19,1,2,7,19,0,19,0,155,0,27,0,128,27,0,0,132,0,13,0,119,13,0,1,189,0,39,0,150,39,0,0,319,0,63,1,255,63,0,0,381,0,13,0,368,13,0,0,2,8,1,0,1,20,1,1,3,2,1,2,1,3,8,2,2,2,1,1,3,0,0,1,High
2025-08-22,Friday,5,34,8,Monsoon,0,0,0,0,0,0,0,14.1,34.7,26.9,74.9,Dengue,4,1,6,95,71,7,8,12,181,190.0,203.0,161.0,158.57,28.38,177.0,164.07,None,0,46,4,15,6,1,5,2,0,0,2,4,6,0,0,28,24,5,2,2,24,0,24,10,7,2,1,2,7,0,7,28,18,5,0,10,18,0,18,0,128,0,30,0,98,30,0,0,119,0,21,0,98,21,0,0,150,0,39,0,111,39,0,0,255,0,64,0,191,64,0,0,368,0,15,0,353,15,0,0,2,8,0,0,1,8,1,0,2,2,1,1,1,3,8,1,2,2,1,1,3,0,0,0,High
2025-08-23,Saturday,6,34,8,Monsoon,1,0,0,0,0,0,0,0.0,32.5,24.0,67.6,Dengue,4,1,4,89,63,4,9,11,165,181.0,190.0,166.0,161.43,29.47,167.0,164.36,None,0,39,7,8,9,1,2,1,0,1,2,4,7,0,0,28,23,6,2,3,23,0,23,10,2,7,1,7,2,0,2,28,19,3,1,8,19,0,19,0,398,300,25,1,372,25,0,0,98,0,14,0,84,14,0,0,111,0,34,0,77,34,0,0,191,0,58,0,133,58,0,0,353,0,16,0,337,16,0,0,2,8,0,0,1,8,0,0,2,2,1,1,1,3,7,1,2,2,1,1,4,0,0,0,High
2025-08-24,Sunday,7,34,8,Monsoon,1,0,0,0,0,0,0,17.1,28.2,21.3,78.3,Dengue,4,1,7,80,71,6,9,11,166,165.0,181.0,120.0,161.29,29.45,154.0,164.21,None,0,44,6,10,11,2,3,2,0,1,3,5,8,0,0,28,23,3,2,3,23,0,23,10,3,0,2,5,3,0,3,28,19,7,2,7,19,0,19,0,372,0,27,1,344,27,0,0,84,0,16,0,68,16,0,0,77,0,38,0,39,38,0,0,833,700,63,2,768,63,0,0,337,0,23,0,314,23,0,0,2,8,0,0,1,8,0,0,2,2,1,1,1,3,7,1,2,2,1,1,4,0,0,0,High
2025-08-25,Monday,1,35,8,Monsoon,0,0,0,0,1,0,0,21.5,29.3,21.2,84.7,Dengue,4,1,6,108,76,9,4,11,197,166.0,165.0,132.0,167.86,24.16,174.0,165.07,None,0,53,7,11,5,3,5,0,1,3,3,5,4,1,1,28,26,4,0,2,26,0,26,10,4,1,0,6,4,0,4,28,20,1,0,8,20,0,20,0,344,0,28,1,315,28,0,0,68,0,18,0,50,18,0,0,39,0,39,0,0,43,4,0,768,0,69,1,698,69,0,0,314,0,14,0,300,14,0,0,2,12,1,0,1,8,1,0,3,2,1,1,1,3,8,1,2,2,1,1,3,0,0,2,High
2025-08-26,Tuesday,2,35,8,Monsoon,0,0,0,0,0,1,0,15.8,30.1,22.2,86.5,Dengue,4,1,5,100,70,10,7,12,187,197.0,166.0,138.0,177.14,20.86,165.0,166.71,None,0,42,10,10,8,1,2,6,0,2,2,4,7,0,0,28,25,6,2,1,25,0,25,10,4,3,0,6,4,0,4,28,23,1,2,3,23,0,23,0,315,0,28,1,286,28,0,0,300,250,16,1,283,16,0,0,280,280,38,0,242,38,0,0,698,0,64,1,633,64,0,0,300,0,18,0,282,18,0,0,2,8,1,0,1,8,0,0,3,2,1,1,1,3,8,1,2,2,1,1,4,0,0,0,High
2025-08-27,Wednesday,3,35,8,Monsoon,0,0,1,1,0,0,3,10.0,33.2,25.3,73.3,Dengue,4,1,5,117,68,5,22,15,212,187.0,197.0,203.0,184.14,13.46,180.0,168.29,Road_Accident_Surge,3,38,9,8,13,0,3,1,0,1,2,4,4,0,0,28,27,4,1,0,29,2,29,10,2,3,0,8,2,0,2,28,22,7,1,5,22,0,22,2,286,0,31,1,254,31,0,0,283,0,14,1,268,14,0,0,242,0,37,0,205,37,0,0,633,0,64,1,568,64,0,0,282,0,20,0,262,20,0,0,2,8,0,0,1,8,0,0,3,2,3,1,1,3,8,1,2,2,2,3,3,0,0,1,Critical
2025-08-28,Thursday,4,35,8,Monsoon,0,0,0,0,0,1,0,13.4,29.1,21.7,76.0,Dengue,4,1,7,97,68,10,7,13,182,212.0,187.0,190.0,185.43,15.48,170.0,170.57,None,0,43,12,5,8,1,5,5,0,0,3,5,6,0,0,28,26,9,0,2,26,0,26,10,4,1,2,4,4,0,4,28,24,2,1,3,24,0,24,0,254,0,27,0,227,27,0,0,268,0,11,1,256,11,0,0,205,0,37,0,168,37,0,1,568,0,62,1,505,62,0,0,262,0,19,0,243,19,0,0,2,8,1,0,1,8,1,0,3,2,1,1,1,3,8,1,2,2,1,1,4,0,0,0,High
2025-08-29,Friday,5,35,8,Monsoon,0,0,0,0,0,0,0,20.4,31.1,24.7,79.2,Dengue,4,1,6,93,73,5,8,11,179,182.0,212.0,181.0,184.29,15.4,161.0,171.43,None,0,38,9,12,14,0,3,2,0,0,2,4,4,0,0,28,26,6,1,1,26,0,26,10,0,4,1,9,0,0,0,28,26,3,2,0,26,0,26,0,227,0,28,0,199,28,0,1,256,0,18,0,238,18,0,0,168,0,38,0,130,38,0,0,505,0,66,1,438,66,0,0,243,0,18,0,225,18,0,1,2,8,0,0,1,8,0,0,2,2,1,1,1,3,8,1,2,2,1,1,2,0,0,0,High
2025-08-30,Saturday,6,35,8,Monsoon,1,0,0,0,0,0,0,3.6,32.2,23.4,74.7,Dengue,4,1,8,90,69,6,12,13,177,179.0,182.0,165.0,184.0,15.47,166.0,172.71,None,0,42,10,10,7,1,4,2,0,0,3,5,5,0,0,28,26,4,1,1,26,0,26,10,2,0,0,8,2,0,2,28,27,0,1,0,33,6,33,6,199,0,29,0,170,29,0,0,238,0,16,0,222,16,0,0,130,0,37,0,93,37,0,0,438,0,62,1,375,62,0,1,225,0,24,0,201,24,0,0,2,8,0,0,1,8,1,0,2,2,1,1,1,3,8,1,2,2,1,1,2,0,0,1,Critical
2025-08-31,Sunday,7,35,8,Monsoon,1,0,0,0,0,0,0,46.6,28.5,18.0,90.6,Dengue,4,1,6,80,74,6,13,11,173,177.0,179.0,166.0,185.71,13.85,120.0,173.5,Flood_Disruption,2,41,9,13,11,1,3,1,1,1,2,4,7,0,0,28,20,9,1,7,20,0,20,10,2,1,1,7,2,0,2,28,26,5,2,0,35,9,35,9,170,0,28,0,142,28,0,0,222,0,19,0,203,19,0,0,93,0,38,0,55,38,0,0,375,0,66,1,308,66,0,0,201,0,23,0,178,23,0,0,2,12,1,0,1,8,0,0,2,2,3,1,1,3,8,1,2,2,1,1,2,0,0,1,Critical
2025-09-01,Monday,1,36,9,Monsoon,0,0,0,0,0,0,0,7.8,31.4,23.4,67.6,Dengue,4,1,6,105,67,4,8,12,184,173.0,177.0,197.0,186.71,12.59,132.0,177.29,None,0,44,6,8,9,1,3,1,0,0,2,4,7,0,0,28,24,2,2,2,24,0,24,10,4,0,1,5,4,0,4,28,28,6,0,0,33,5,33,5,142,0,27,0,115,27,0,0,203,0,14,0,189,14,0,0,55,0,38,0,17,38,0,0,308,0,62,0,246,62,0,0,178,0,16,0,162,16,0,0,2,8,0,0,1,8,0,0,3,2,1,1,1,3,8,1,2,2,1,1,2,0,0,1,Critical
2025-09-02,Tuesday,2,36,9,Monsoon,0,0,0,0,0,1,0,20.7,30.5,22.8,87.9,Dengue,4,1,6,103,75,9,6,12,193,184.0,173.0,187.0,184.86,11.87,138.0,181.0,None,0,55,8,5,7,2,3,3,2,1,3,5,8,0,0,28,26,2,0,2,26,0,26,10,3,3,2,5,3,0,3,28,26,2,2,0,37,11,37,11,115,0,27,0,88,27,0,0,189,0,12,0,177,12,0,0,17,0,17,0,0,42,25,0,246,0,68,0,178,68,0,0,162,0,22,0,140,22,0,0,2,20,1,1,1,8,0,0,3,2,1,1,2,3,8,1,2,2,1,1,2,0,0,3,Critical
2025-09-03,Wednesday,3,36,9,Monsoon,0,0,0,1,0,0,1,7.4,31.3,23.0,66.6,Dengue,4,1,7,103,70,5,14,12,192,193.0,184.0,212.0,185.71,12.21,203.0,184.93,Snakebite_Cluster,1,48,9,9,4,0,2,2,1,0,2,4,6,0,0,28,27,2,1,0,27,0,27,10,3,2,0,7,3,0,3,28,27,8,1,0,36,9,36,9,388,300,28,1,359,28,0,0,177,0,15,0,162,15,0,0,280,280,39,0,241,39,0,0,178,0,64,0,114,64,0,0,140,0,22,0,118,22,0,0,2,12,1,0,1,8,0,0,3,2,3,1,1,3,8,1,2,2,2,2,4,0,0,1,Critical
2025-09-04,Thursday,4,36,9,Monsoon,0,0,0,0,0,1,0,14.8,31.3,23.5,78.5,Dengue,4,1,7,93,70,11,7,11,181,192.0,193.0,182.0,182.86,6.92,190.0,184.14,None,0,42,14,9,5,2,5,3,2,1,4,6,5,1,1,28,25,8,0,3,25,0,25,10,6,0,0,4,6,0,6,28,26,6,2,0,32,6,32,6,359,0,26,1,332,26,0,0,162,0,15,0,147,15,0,0,241,0,38,0,203,38,0,1,814,700,63,2,749,63,0,0,118,0,17,0,101,17,0,0,2,20,1,1,1,8,1,0,2,2,1,1,2,3,8,2,2,2,1,1,4,0,0,3,Critical
2025-09-05,Friday,5,36,9,Monsoon,0,0,0,0,0,0,0,8.6,28.6,18.7,79.3,Dengue,4,1,7,98,70,7,5,9,180,181.0,192.0,179.0,182.71,6.94,181.0,183.5,None,0,44,9,9,8,1,3,2,1,1,2,4,8,0,0,28,24,4,2,2,24,0,24,10,4,5,2,4,4,0,4,28,27,8,0,1,27,0,27,0,332,0,24,1,307,24,0,0,147,0,15,0,132,15,0,0,203,0,38,0,165,38,0,0,749,0,64,1,684,64,0,0,501,400,15,0,486,15,0,0,2,12,1,0,1,8,0,0,3,2,1,1,1,3,8,1,2,2,1,1,2,0,0,0,High
2025-09-06,Saturday,6,36,9,Monsoon,1,0,0,0,0,0,0,12.9,30.0,21.0,79.6,Dengue,4,1,6,87,74,5,9,11,175,180.0,181.0,177.0,182.86,6.87,165.0,183.43,None,0,47,9,9,9,2,1,1,1,2,3,5,8,0,0,28,26,5,2,0,26,0,26,10,4,1,2,4,4,0,4,28,25,5,1,2,25,0,25,0,307,0,27,1,279,27,0,0,132,0,16,0,116,16,0,1,165,0,40,0,125,40,0,0,684,0,66,1,617,66,0,0,486,0,16,0,470,16,0,0,2,12,1,0,1,8,0,0,2,2,1,1,1,3,8,1,2,2,1,1,2,0,0,0,High
2025-09-07,Sunday,7,36,9,Monsoon,1,0,0,0,0,0,0,0.0,30.2,20.1,69.1,Dengue,4,1,6,85,65,6,13,11,169,175.0,180.0,173.0,182.57,7.15,166.0,184.14,Snakebite_Cluster,1,46,6,5,8,1,1,2,0,3,2,4,8,0,0,28,24,10,1,3,24,0,24,10,2,2,0,8,2,0,2,28,21,7,1,6,21,0,21,0,279,0,24,1,254,24,0,0,116,0,11,0,105,11,0,0,125,0,36,0,89,36,0,0,617,0,59,1,557,59,0,0,470,0,14,0,456,14,0,0,2,8,0,0,1,8,0,0,2,2,3,1,1,3,7,1,2,2,1,1,4,0,0,0,High
2025-09-08,Monday,1,37,9,Monsoon,0,0,0,0,0,0,0,21.0,26.9,17.2,80.0,Dengue,4,1,6,109,72,5,5,10,191,169.0,175.0,184.0,182.0,8.0,197.0,184.36,None,0,52,8,8,4,0,1,2,1,1,1,3,7,0,0,28,21,5,2,5,21,0,21,10,4,1,2,4,4,0,4,28,17,9,2,9,17,0,17,0,254,0,25,0,229,25,0,0,105,0,14,0,91,14,0,0,89,0,41,0,48,41,0,0,557,0,66,1,490,66,0,0,456,0,18,0,438,18,0,0,2,12,1,0,1,8,0,0,3,2,1,1,1,3,7,1,2,2,1,1,3,0,0,0,High
2025-09-09,Tuesday,2,37,9,Monsoon,0,0,0,0,0,1,0,5.5,27.3,19.1,73.5,Dengue,4,1,7,99,68,9,7,11,183,191.0,169.0,193.0,183.0,8.6,187.0,183.93,None,0,41,10,10,7,2,3,6,0,0,3,5,7,0,0,28,23,3,0,5,23,0,23,10,3,2,0,7,3,0,3,28,18,4,2,8,18,0,18,0,229,0,26,0,203,26,0,0,91,0,16,0,75,16,0,0,48,0,37,0,11,37,0,0,490,0,62,1,427,62,0,0,438,0,21,0,417,21,0,0,2,8,0,0,1,8,0,0,3,2,1,1,1,3,7,1,2,2,1,1,4,0,0,0,High
2025-09-10,Wednesday,3,37,9,Monsoon,0,0,0,1,0,0,1,18.0,29.3,23.3,80.7,Dengue,4,1,7,106,71,6,13,13,196,183.0,191.0,192.0,181.57,7.59,212.0,183.64,None,0,50,7,4,10,0,3,3,0,0,1,3,4,0,0,28,22,4,2,4,22,0,22,10,4,0,0,6,4,0,4,28,25,2,0,3,25,0,25,0,203,0,27,0,176,27,0,1,75,0,11,0,64,11,0,0,291,280,40,0,251,40,0,0,427,0,65,1,361,65,0,1,417,0,26,0,391,26,0,0,2,8,0,0,1,8,0,0,3,2,2,1,1,3,8,1,2,2,1,1,2,0,0,0,High
2025-09-11,Thursday,4,37,9,Monsoon,0,0,0,0,0,1,0,12.5,27.3,20.6,80.3,Dengue,4,1,6,95,71,9,7,13,182,196.0,183.0,181.0,182.14,8.46,182.0,182.5,None,0,47,8,7,9,1,5,3,1,0,2,4,6,0,0,28,20,5,1,7,20,0,20,10,3,2,0,7,3,0,3,28,26,3,2,0,31,5,31,5,176,0,28,0,148,28,0,0,314,250,13,1,300,13,0,0,251,0,39,0,212,39,0,0,361,0,64,1,296,64,0,0,391,0,27,0,364,27,0,0,2,12,1,0,1,8,1,0,2,2,1,1,1,3,8,1,2,2,1,1,4,0,0,1,Critical
2025-09-12,Friday,5,37,9,Monsoon,0,0,0,0,0,0,0,32.7,27.0,18.0,88.7,Dengue,4,1,6,95,78,3,8,12,184,182.0,196.0,180.0,182.29,8.45,179.0,182.5,None,0,53,8,10,7,1,0,3,0,0,2,4,6,0,0,28,27,0,1,0,28,1,28,10,3,0,1,6,3,0,3,28,26,8,2,0,27,1,27,2,148,0,29,0,119,29,0,0,300,0,17,1,282,17,0,0,212,0,43,0,169,43,0,1,296,0,70,0,226,70,0,0,364,0,17,0,347,17,0,0,2,8,0,0,1,8,0,0,2,2,1,1,1,3,8,1,2,2,1,1,3,0,0,2,Critical
2025-09-13,Saturday,6,37,9,Monsoon,1,0,0,0,0,0,0,17.2,26.4,19.6,86.3,Dengue,4,1,6,86,72,5,12,12,175,184.0,182.0,175.0,182.86,8.41,177.0,182.86,None,0,52,8,4,8,1,2,1,2,0,2,4,5,0,0,28,27,7,0,1,27,0,27,10,1,2,1,8,1,0,1,28,27,2,1,0,31,4,31,4,119,0,26,0,93,26,0,0,282,0,11,1,270,11,0,0,169,0,40,0,129,40,0,0,226,0,64,0,162,64,0,0,347,0,21,0,326,21,0,0,2,20,1,1,1,8,0,0,2,2,1,1,2,3,8,1,2,2,1,1,4,0,0,2,Critical
2025-09-14,Sunday,7,37,9,Monsoon,1,0,0,0,0,0,0,18.0,27.9,18.4,81.4,Dengue,4,1,6,77,72,7,11,12,167,175.0,184.0,169.0,182.86,8.41,173.0,182.71,None,0,42,14,9,7,2,3,3,0,1,4,6,4,2,1,28,27,4,1,0,27,0,27,10,5,0,1,4,5,0,5,28,27,7,1,0,28,1,28,1,93,0,28,0,65,28,0,0,270,0,15,1,254,15,0,0,129,0,37,0,92,37,0,0,162,0,64,0,98,64,0,0,326,0,21,0,305,21,0,0,2,8,0,0,1,8,0,0,2,2,1,1,1,3,8,1,2,2,1,1,2,0,0,2,Critical
2025-09-15,Monday,1,38,9,Monsoon,0,0,0,0,0,0,0,6.9,27.5,18.9,74.0,Dengue,4,1,7,102,73,5,6,9,186,167.0,175.0,191.0,182.57,8.89,184.0,182.29,None,0,51,8,4,10,2,2,2,1,0,3,5,5,0,0,28,26,4,2,0,26,0,26,10,4,2,0,6,4,0,4,28,21,12,0,7,21,0,21,0,365,300,23,1,341,23,0,0,254,0,11,0,243,11,0,0,92,0,41,0,51,41,0,0,798,700,67,1,730,67,0,0,305,0,20,0,285,20,0,0,2,12,1,0,1,8,0,0,3,2,1,1,1,3,8,1,2,2,1,1,3,0,0,0,High
2025-09-16,Tuesday,2,38,9,Monsoon,0,0,0,0,0,1,0,16.1,26.8,18.2,78.8,Dengue,4,1,4,108,73,12,10,15,203,186.0,167.0,183.0,181.86,8.37,193.0,182.43,None,0,46,9,9,9,2,4,5,2,1,3,5,8,0,0,28,27,2,1,0,33,6,33,10,1,3,1,8,1,0,1,28,22,5,1,5,22,0,22,6,341,0,32,1,308,32,0,0,243,0,15,0,228,15,0,0,51,0,40,0,11,40,0,0,730,0,67,1,662,67,0,0,285,0,22,0,263,22,0,0,2,20,1,1,1,8,1,0,3,2,1,1,2,3,8,2,2,2,1,1,4,0,0,2,Critical
2025-09-17,Wednesday,3,38,9,Monsoon,0,0,0,1,0,0,1,42.2,27.8,20.8,85.4,Dengue,4,1,5,107,72,3,12,11,194,203.0,186.0,196.0,184.71,11.21,192.0,183.14,Flood_Disruption,2,45,13,6,8,2,0,2,1,0,4,6,8,0,0,28,21,14,0,7,21,0,21,10,6,0,1,3,6,0,6,28,20,6,0,8,20,0,20,0,308,0,26,1,281,26,0,0,228,0,13,0,215,13,0,0,11,0,11,0,0,40,29,0,662,0,66,1,595,66,0,0,263,0,20,0,243,20,0,0,2,12,1,0,1,8,0,0,3,2,2,1,1,3,7,1,2,2,1,1,2,0,0,1,High
2025-09-18,Thursday,4,38,9,Monsoon,0,0,0,0,0,1,0,17.0,30.0,22.0,78.2,Dengue,4,1,5,98,70,8,8,11,184,194.0,203.0,182.0,184.43,10.94,181.0,183.29,None,0,47,7,9,7,1,3,3,1,1,2,4,7,0,0,28,20,5,2,6,20,0,20,10,4,4,2,4,4,0,4,28,22,3,1,5,22,0,22,0,281,0,26,1,254,26,0,0,215,0,15,0,200,15,0,0,280,280,39,0,241,39,0,0,595,0,64,1,530,64,0,0,243,0,18,0,225,18,0,1,2,12,1,0,1,8,0,0,3,2,1,1,1,3,7,1,2,2,1,1,4,0,0,0,High
2025-09-19,Friday,5,38,9,Monsoon,0,0,0,0,1,0,0,0.0,28.7,20.6,74.8,Dengue,4,1,4,99,65,9,6,10,179,184.0,194.0,184.0,184.71,10.9,180.0,183.5,None,0,45,10,5,5,1,2,4,0,3,2,4,4,0,0,28,16,7,1,11,16,0,16,10,5,0,0,5,5,0,5,28,23,5,1,4,23,0,23,0,254,0,23,0,231,23,0,0,200,0,11,0,189,11,0,0,241,0,37,0,204,37,0,0,530,0,60,1,469,60,0,0,225,0,22,0,203,22,0,0,2,8,0,0,1,8,0,0,3,2,1,1,1,3,7,1,2,2,1,1,4,0,0,0,High
2025-09-20,Saturday,6,38,9,Monsoon,1,0,0,0,0,0,0,17.7,29.1,20.0,72.2,Dengue,4,1,5,80,71,7,11,12,169,179.0,184.0,175.0,184.0,11.08,175.0,183.43,None,0,47,7,8,9,1,3,3,0,1,2,4,7,0,0,28,17,4,2,9,17,0,17,10,5,2,2,3,5,0,5,28,25,3,1,2,25,0,25,0,231,0,27,0,204,27,0,0,189,0,14,0,175,14,0,0,204,0,38,0,166,38,0,1,469,0,63,1,405,63,0,0,203,0,18,0,185,18,0,0,2,8,0,0,1,8,0,0,2,2,1,1,1,3,7,1,2,2,1,1,3,0,0,0,High
2025-09-21,Sunday,7,38,9,Monsoon,1,0,0,0,0,0,0,56.9,28.5,20.3,90.2,Dengue,4,1,5,84,79,4,13,13,180,169.0,179.0,167.0,183.14,11.95,169.0,183.0,Flood_Disruption,3,52,7,8,12,2,0,4,0,0,3,5,4,1,1,28,20,1,2,6,20,0,20,10,7,2,2,1,7,0,7,28,24,1,4,0,29,5,29,5,204,0,30,0,174,30,0,1,175,0,15,0,160,15,0,0,166,0,42,0,124,42,0,0,405,0,70,1,334,70,0,1,185,0,19,0,166,19,0,0,2,8,0,0,1,8,0,0,2,2,3,1,1,3,8,1,2,2,1,1,4,0,0,2,Critical
2025-09-22,Monday,1,39,9,Monsoon,0,0,0,0,0,0,0,13.7,29.5,19.8,78.8,Dengue,4,1,6,110,69,5,5,11,189,180.0,169.0,186.0,185.0,10.17,191.0,183.79,None,0,47,7,10,5,0,2,2,0,1,1,3,7,0,0,28,17,9,0,11,17,0,17,10,4,4,1,5,4,0,4,28,27,6,1,0,27,0,27,0,174,0,27,0,147,27,0,0,160,0,16,0,144,16,0,0,124,0,39,0,85,39,0,0,334,0,64,1,269,64,0,0,166,0,16,0,150,16,0,0,2,8,0,0,1,8,0,0,3,2,1,1,1,3,8,1,2,2,1,1,4,0,0,0,High
2025-09-23,Tuesday,2,39,9,Monsoon,0,0,0,0,0,1,0,19.7,27.2,18.4,87.5,Dengue,4,1,7,98,71,10,7,12,186,189.0,180.0,203.0,185.43,10.27,183.0,183.64,None,0,46,10,6,9,0,1,8,0,1,2,4,4,0,0,28,17,5,0,11,17,0,17,10,2,4,2,6,2,0,2,28,26,6,0,2,26,0,26,0,147,0,27,0,120,27,0,0,144,0,12,0,132,12,0,0,85,0,39,0,46,39,0,0,269,0,65,0,204,65,0,0,150,0,19,0,131,19,0,0,2,8,1,0,1,8,0,0,3,2,1,1,1,3,7,1,2,2,1,1,2,0,0,0,High
2025-09-24,Wednesday,3,39,9,Monsoon,0,0,0,1,1,0,1,0.8,26.6,16.9,81.0,Dengue,4,1,6,113,70,8,13,13,204,186.0,189.0,194.0,183.0,7.45,196.0,183.86,None,0,53,10,3,4,0,3,1,0,4,2,4,5,0,0,28,21,3,2,5,21,0,21,10,1,2,2,7,1,0,1,28,27,2,1,0,29,2,29,2,120,0,27,0,93,27,0,0,132,0,10,0,122,10,0,1,46,0,41,0,5,41,0,0,204,0,65,0,139,65,0,0,131,0,19,0,112,19,0,0,2,8,0,0,1,8,0,0,3,2,2,1,1,3,8,1,2,2,1,1,2,0,0,1,Critical
2025-09-25,Thursday,4,39,9,Monsoon,0,0,0,0,0,1,0,14.8,25.5,18.1,86.9,Dengue,4,1,5,98,71,10,7,11,186,204.0,186.0,184.0,184.43,9.96,182.0,184.43,None,0,49,6,10,6,0,4,3,1,2,1,3,4,0,0,28,25,3,0,3,25,0,25,10,1,1,2,7,1,0,1,28,26,6,1,1,26,0,26,0,93,0,27,0,66,27,0,0,122,0,16,0,106,16,0,0,5,0,5,0,0,40,35,0,139,0,65,0,74,65,0,0,512,400,13,0,499,13,0,0,2,12,1,0,1,8,1,0,3,2,1,1,1,3,8,1,2,2,1,1,2,0,0,1,High
2025-09-26,Friday,5,39,9,Monsoon,0,0,0,0,0,0,0,0.6,28.0,19.5,67.5,Dengue,4,1,6,99,67,5,10,11,181,186.0,204.0,179.0,184.71,9.97,184.0,184.71,None,0,40,8,10,9,1,2,1,1,1,2,4,8,0,0,28,25,7,2,1,25,0,25,10,4,0,1,5,4,0,4,28,18,9,1,9,18,0,18,0,366,300,26,1,339,26,0,0,106,0,16,0,90,16,0,0,280,280,36,0,244,36,0,0,774,700,62,1,711,62,0,0,499,0,11,0,488,11,0,0,2,12,1,0,1,8,0,0,3,2,1,1,1,3,7,1,2,2,1,1,3,0,0,0,High
2025-09-27,Saturday,6,39,9,Monsoon,1,0,0,0,0,0,0,0.0,23.8,15.3,80.4,Dengue,4,1,7,88,65,6,8,12,167,181.0,186.0,169.0,185.0,9.83,175.0,184.5,None,0,41,11,6,7,0,3,2,0,1,2,4,6,0,0,28,22,5,0,6,22,0,22,10,3,3,0,7,3,0,3,28,24,2,2,2,24,0,24,0,339,0,26,1,312,26,0,0,90,0,12,0,78,12,0,0,244,0,35,0,209,35,0,0,711,0,59,1,651,59,0,0,488,0,26,0,462,26,0,0,2,8,0,0,1,8,0,0,2,2,1,1,1,3,8,1,2,2,1,1,4,0,0,0,High
2025-09-28,Sunday,7,39,9,Monsoon,1,0,0,0,0,0,0,3.2,26.3,16.5,73.2,Dengue,4,1,5,82,70,6,13,13,171,167.0,181.0,180.0,184.71,10.31,167.0,183.93,Snakebite_Cluster,1,44,7,8,11,1,3,2,1,0,2,4,8,0,0,28,21,6,1,6,21,0,21,10,4,1,2,4,4,0,4,28,26,3,2,0,27,1,27,1,312,0,28,1,283,28,0,0,78,0,14,0,64,14,0,0,209,0,37,0,172,37,0,1,651,0,63,1,587,63,0,0,462,0,20,0,442,20,0,0,2,12,1,0,1,8,0,0,2,2,3,1,1,3,8,1,2,2,1,1,2,0,0,1,Critical
2025-09-29,Monday,1,40,9,Monsoon,0,0,0,0,0,0,0,12.3,25.6,16.7,81.5,Dengue,4,1,5,106,69,4,6,12,185,171.0,167.0,189.0,183.43,11.32,186.0,184.21,None,0,48,5,5,11,0,1,3,0,0,1,3,4,0,0,28,25,3,0,3,25,0,25,10,1,3,0,9,1,0,1,28,27,3,1,0,29,2,29,2,283,0,26,1,256,26,0,0,314,250,11,1,302,11,0,0,172,0,39,0,133,39,0,0,587,0,64,1,522,64,0,0,442,0,16,0,426,16,0,0,2,8,0,0,1,8,0,0,3,2,1,1,1,3,8,1,2,2,1,1,2,0,0,1,Critical
2025-09-30,Tuesday,2,40,9,Monsoon,0,0,0,0,0,1,0,2.4,25.8,16.3,78.2,Dengue,4,1,6,104,68,10,9,12,191,185.0,171.0,186.0,182.86,11.13,203.0,184.14,None,0,48,5,7,8,0,2,7,0,1,1,3,7,0,0,28,26,5,2,0,26,0,26,10,4,0,2,4,4,0,4,28,25,7,2,1,25,0,25,0,256,0,27,0,229,27,0,0,302,0,13,1,288,13,0,0,133,0,39,0,94,39,0,0,522,0,63,1,458,63,0,0,426,0,12,0,414,12,0,0,2,8,1,0,1,8,0,0,3,2,1,1,1,3,8,1,2,2,1,1,3,0,0,0,High
2025-10-01,Wednesday,3,40,10,Post_Monsoon,0,0,0,1,0,0,1,2.4,23.0,17.2,63.3,,0,0,0,101,21,4,13,8,139,191.0,185.0,204.0,183.57,11.46,194.0,183.29,None,0,6,4,6,5,1,0,2,0,2,2,4,6,0,0,28,17,10,1,10,17,0,17,10,3,1,2,5,3,0,3,28,28,3,0,0,29,1,29,1,229,0,15,0,214,15,0,0,288,0,8,1,279,8,0,0,94,0,14,0,80,14,0,0,458,0,25,1,432,25,0,0,414,0,17,0,397,17,0,0,2,8,0,0,1,8,0,0,3,1,2,1,1,2,8,1,1,1,1,1,3,0,0,1,High
2025-10-02,Thursday,4,40,10,Post_Monsoon,0,1,0,0,0,1,1,0.2,31.2,23.0,45.5,,0,0,0,84,13,11,8,7,116,139.0,191.0,186.0,174.29,16.41,184.0,179.36,None,0,6,4,3,0,0,4,3,2,2,1,3,6,0,0,28,16,3,2,10,16,0,16,10,2,2,2,6,2,0,2,28,22,11,1,5,22,0,22,0,214,0,11,0,203,11,0,0,279,0,4,1,274,4,0,0,80,0,10,0,70,10,0,0,432,0,17,1,414,17,0,0,397,0,10,0,387,10,0,0,2,20,1,1,1,8,1,0,2,1,1,1,2,2,7,2,1,1,1,1,3,0,0,1,Watch
2025-10-03,Friday,5,40,10,Post_Monsoon,0,0,0,0,0,0,0,3.7,24.6,15.3,54.3,,0,0,0,87,17,6,6,7,116,116.0,139.0,181.0,164.29,25.2,179.0,174.5,None,0,6,6,4,1,0,3,2,1,0,1,3,8,0,0,28,17,3,0,11,17,0,17,10,2,0,1,7,2,0,2,28,22,3,2,4,22,0,22,0,203,0,12,0,191,12,0,1,274,0,5,1,268,5,0,0,70,0,12,0,58,12,0,0,414,0,21,1,392,21,0,1,387,0,9,0,378,9,0,0,2,12,1,0,1,8,0,0,2,1,1,1,1,2,7,1,1,1,1,1,3,0,0,0,Normal
2025-10-04,Saturday,6,40,10,Post_Monsoon,1,0,0,0,0,0,0,0.0,28.9,21.1,48.3,,0,0,0,81,16,5,10,7,112,116.0,116.0,167.0,155.0,29.02,169.0,170.0,None,0,4,1,6,5,0,4,1,0,0,0,2,4,0,0,28,17,4,0,11,17,0,17,10,1,1,0,9,1,0,1,28,22,3,1,5,22,0,22,0,191,0,13,0,178,13,0,0,268,0,7,1,260,7,0,0,338,280,10,0,328,10,0,0,392,0,19,1,372,19,0,0,378,0,6,0,372,6,0,0,2,8,0,0,1,8,1,0,2,1,1,1,1,2,7,1,1,1,1,1,4,0,0,0,Normal
2025-10-05,Sunday,7,40,10,Post_Monsoon,1,0,0,0,0,0,0,0.0,28.5,18.5,37.6,,0,0,0,78,11,5,12,7,106,112.0,116.0,171.0,147.14,32.0,180.0,165.93,None,0,2,5,1,3,2,1,1,0,3,3,5,8,0,0,28,20,2,1,7,20,0,20,10,0,1,1,9,0,0,0,28,22,2,1,5,22,0,22,0,178,0,10,0,168,10,0,0,260,0,2,1,257,2,0,0,328,0,8,0,320,8,0,0,372,0,15,1,356,15,0,0,372,0,8,0,364,8,0,0,2,8,0,0,1,8,0,0,2,1,1,1,1,2,7,1,1,1,1,1,4,0,0,0,Normal
2025-10-06,Monday,1,41,10,Post_Monsoon,0,0,0,0,0,0,0,0.8,25.1,16.0,53.4,,0,0,0,94,17,6,7,6,124,106.0,112.0,185.0,137.86,33.14,189.0,160.64,None,0,4,6,5,2,1,4,2,0,0,2,4,4,0,0,28,20,2,0,8,20,0,20,10,2,0,0,8,2,0,2,28,16,8,2,10,16,0,16,0,168,0,11,0,157,11,0,0,257,0,6,1,250,6,0,0,320,0,11,0,309,11,0,0,356,0,21,1,334,21,0,0,364,0,8,0,356,8,0,0,2,8,0,0,1,8,1,0,2,1,1,1,1,2,7,1,1,1,1,1,4,0,0,0,Normal
2025-10-07,Tuesday,2,41,10,Post_Monsoon,0,0,0,0,0,1,0,0.7,26.8,20.0,49.4,,0,0,0,93,14,11,7,8,125,124.0,106.0,191.0,129.14,27.06,186.0,156.0,None,0,1,7,4,2,0,2,5,2,2,1,3,5,0,0,28,19,5,1,8,19,0,19,10,4,0,2,4,4,0,4,28,14,4,2,12,14,0,14,0,157,0,13,0,144,13,0,0,250,0,5,0,245,5,0,0,309,0,10,0,299,10,0,0,334,0,19,1,314,19,0,0,356,0,8,0,348,8,0,0,2,20,1,1,1,8,0,0,2,1,1,1,2,2,7,2,1,1,1,1,4,0,0,1,Watch
2025-10-08,Wednesday,3,41,10,Post_Monsoon,0,0,1,1,1,0,4,0.1,25.5,20.2,52.3,,0,0,0,109,12,6,23,9,150,125.0,124.0,139.0,119.71,9.95,204.0,151.64,Road_Accident_Surge,4,7,2,3,0,0,2,2,1,1,1,3,4,0,0,28,22,2,2,4,22,0,22,10,4,0,2,4,4,0,4,28,17,1,2,9,17,0,17,0,444,300,13,1,430,13,0,0,245,0,4,0,241,4,0,0,299,0,11,0,288,11,0,0,1014,700,18,2,994,18,0,0,348,0,9,0,339,9,0,0,2,12,1,0,1,8,0,0,3,1,3,1,1,2,7,1,1,1,2,3,4,0,0,0,High
2025-10-09,Thursday,4,41,10,Post_Monsoon,0,0,1,0,1,1,1,0.8,27.9,22.5,49.2,,0,0,0,97,12,14,12,9,135,150.0,125.0,116.0,121.29,13.21,186.0,147.79,None,0,4,2,2,4,1,4,1,1,8,1,3,6,0,0,28,23,6,1,4,23,0,23,10,3,2,0,7,3,0,3,28,14,4,2,12,14,0,14,0,430,0,13,1,416,13,0,0,241,0,3,0,238,3,0,0,288,0,10,0,278,10,0,0,994,0,17,2,975,17,0,0,339,0,4,0,335,4,0,0,2,20,1,1,1,8,1,0,3,1,1,1,2,2,7,2,1,1,1,1,4,0,0,1,Watch
2025-10-10,Friday,5,41,10,Post_Monsoon,0,0,0,0,0,0,0,0.2,25.3,17.3,50.4,,0,0,0,83,17,6,9,7,115,135.0,150.0,116.0,124.0,13.78,181.0,144.14,None,0,7,4,4,2,1,2,1,1,2,2,4,6,0,0,28,16,9,2,10,16,0,16,10,1,3,0,9,1,0,1,28,15,3,1,12,15,0,15,0,416,0,12,1,403,12,0,0,238,0,5,0,233,5,0,0,278,0,12,0,266,12,0,0,975,0,20,2,953,20,0,0,335,0,11,0,324,11,0,0,2,12,1,0,1,8,0,0,2,1,1,1,1,2,6,1,1,1,1,1,2,0,0,0,Normal
2025-10-11,Saturday,6,41,10,Post_Monsoon,1,0,0,0,0,0,0,0.0,25.8,16.6,49.6,,0,0,0,75,13,4,12,6,104,115.0,135.0,112.0,123.86,13.87,167.0,139.43,None,0,5,5,3,0,1,3,1,0,0,2,4,7,0,0,28,12,7,0,16,12,0,12,10,3,0,2,5,3,0,3,28,14,2,1,13,14,0,14,0,403,0,10,1,392,10,0,0,233,0,4,0,229,4,0,0,266,0,9,0,257,9,0,0,953,0,16,2,935,16,0,0,324,0,5,0,319,5,0,0,2,8,0,0,1,8,0,0,2,1,1,1,1,2,6,1,1,1,1,1,4,0,0,0,Normal
2025-10-12,Sunday,7,41,10,Post_Monsoon,1,0,0,0,0,0,0,0.0,23.6,16.9,54.2,,0,0,0,75,17,3,9,6,104,104.0,115.0,106.0,122.71,15.08,171.0,134.93,None,0,2,4,7,4,1,0,3,0,0,2,4,7,0,0,28,12,2,0,16,12,0,12,10,1,3,1,8,1,0,1,28,14,3,2,12,14,0,14,0,392,0,12,1,379,12,0,0,229,0,8,0,221,8,0,0,257,0,10,0,247,10,0,0,935,0,20,2,913,20,0,0,319,0,9,0,310,9,0,0,2,8,0,0,1,8,0,0,2,1,1,1,1,2,6,1,1,1,1,1,4,0,0,0,Normal
2025-10-13,Monday,1,42,10,Post_Monsoon,0,0,0,0,0,0,0,0.0,26.0,16.8,50.0,,0,0,0,96,14,7,10,6,127,104.0,104.0,124.0,122.43,15.41,185.0,130.14,None,0,5,2,4,3,0,3,1,1,2,1,3,7,0,0,28,14,0,0,14,14,0,14,10,2,1,2,6,2,0,2,28,12,4,0,16,12,0,12,0,379,0,10,1,368,10,0,0,221,0,5,0,216,5,0,0,247,0,11,0,236,11,0,0,913,0,19,2,892,19,0,0,310,0,5,0,305,5,0,0,2,12,1,0,1,8,0,0,2,1,1,1,1,2,6,1,1,1,1,1,4,0,0,0,Normal
2025-10-14,Tuesday,2,42,10,Post_Monsoon,0,0,1,0,0,1,1,1.1,25.6,16.7,52.9,,0,0,0,95,16,9,15,9,135,127.0,104.0,125.0,122.86,15.49,191.0,126.0,Road_Accident_Surge,2,5,3,3,5,0,1,6,0,2,1,3,8,0,0,28,15,4,1,12,15,0,15,10,5,0,1,4,5,0,5,28,11,2,0,17,11,0,11,0,368,0,14,1,353,14,0,0,216,0,4,0,212,4,0,0,236,0,11,0,225,11,0,0,892,0,20,2,870,20,0,0,305,0,4,0,301,4,0,0,2,8,0,0,1,8,0,0,2,1,3,1,1,2,6,1,1,1,2,3,4,0,0,0,Watch
2025-10-15,Wednesday,3,42,10,Post_Monsoon,0,0,0,1,0,0,1,0.0,25.6,18.4,49.8,,0,0,0,104,14,4,13,7,135,135.0,127.0,150.0,124.29,16.07,139.0,122.0,None,0,5,3,4,2,1,2,1,0,1,2,4,6,0,0,28,16,4,1,11,16,0,16,10,6,1,0,4,6,0,6,28,5,6,2,21,5,0,5,0,353,0,12,1,340,12,0,0,212,0,5,0,207,5,0,0,225,0,11,0,214,11,0,0,870,0,20,2,848,20,0,0,301,0,2,0,299,2,0,0,2,8,0,0,1,8,0,0,3,1,2,1,1,2,6,1,1,1,1,1,4,0,0,0,Normal
2025-10-16,Thursday,4,42,10,Post_Monsoon,0,0,1,0,0,1,2,0.9,27.7,19.8,57.3,,0,0,0,95,16,11,15,8,137,135.0,135.0,135.0,122.14,13.25,116.0,121.71,Road_Accident_Surge,2,5,6,3,2,2,4,4,0,3,3,5,4,1,1,28,20,0,1,7,20,0,20,10,7,2,2,1,7,0,7,28,6,0,0,22,6,0,6,0,340,0,13,1,326,13,0,0,207,0,4,0,203,4,0,0,214,0,11,0,203,11,0,1,848,0,20,2,826,20,0,0,299,0,7,0,292,7,0,0,2,8,1,0,1,8,1,0,2,1,3,1,1,2,6,2,1,1,2,3,3,0,0,1,Watch
2025-10-17,Friday,5,42,10,Post_Monsoon,0,0,0,0,0,0,0,0.0,26.9,20.2,46.0,,0,0,0,89,11,4,6,5,110,137.0,135.0,115.0,122.43,13.54,116.0,123.21,None,0,4,5,0,2,0,2,1,0,1,1,3,4,0,0,28,18,4,0,10,18,0,18,10,6,2,0,4,6,0,6,28,8,0,1,19,8,0,8,0,326,0,8,1,317,8,0,0,203,0,1,0,202,1,0,0,203,0,9,0,194,9,0,0,826,0,16,2,808,16,0,0,292,0,6,0,286,6,0,0,2,8,0,0,1,8,0,0,2,1,1,1,1,2,6,1,1,1,1,1,2,0,0,0,Normal
2025-10-18,Saturday,6,42,10,Post_Monsoon,1,0,0,0,0,0,0,0.0,25.5,19.6,49.0,,0,0,0,79,15,4,10,7,108,110.0,137.0,104.0,121.71,14.04,112.0,122.79,None,0,7,2,5,1,0,0,3,1,0,1,3,5,0,0,28,16,8,1,11,16,0,16,10,1,5,2,7,1,0,1,28,8,1,0,20,8,0,8,0,317,0,12,1,304,12,0,0,202,0,6,0,196,6,0,0,194,0,11,0,183,11,0,0,808,0,18,2,788,18,0,0,286,0,3,0,283,3,0,0,2,12,1,0,1,8,0,0,2,1,1,1,1,2,6,1,1,1,1,1,3,0,0,0,Normal
2025-10-19,Sunday,7,42,10,Post_Monsoon,1,0,1,0,0,0,3,7.8,28.4,19.2,45.6,,0,1,7,82,12,4,86,23,184,108.0,110.0,104.0,122.29,13.37,106.0,122.5,Mass_Casualty,4,5,3,2,2,0,1,1,1,1,3,5,7,0,0,28,22,4,2,4,22,0,22,10,8,1,2,0,8,0,8,28,11,2,2,15,11,0,11,0,304,0,30,1,273,30,0,0,196,0,3,0,193,3,0,0,183,0,9,0,174,9,0,0,788,0,16,2,770,16,0,0,283,0,16,0,267,16,0,0,2,12,1,0,1,8,0,0,2,1,3,1,1,3,7,1,1,1,4,4,3,1,1,1,High
2025-10-20,Monday,1,43,10,Post_Monsoon,0,0,0,0,0,0,0,0.5,23.7,15.5,48.2,,0,0,0,97,14,5,10,7,126,184.0,108.0,127.0,133.71,23.33,124.0,128.07,None,0,6,3,4,1,1,2,1,0,2,1,3,4,0,0,28,18,6,0,10,18,0,18,10,9,1,0,1,9,0,9,28,14,0,1,13,14,0,14,0,273,0,12,1,260,12,0,0,193,0,5,0,188,5,0,0,174,0,11,0,163,11,0,0,770,0,19,2,749,19,0,0,267,0,8,0,259,8,0,0,2,8,0,0,1,8,0,0,3,1,1,1,1,2,7,1,1,1,1,1,4,0,0,0,Normal
2025-10-21,Tuesday,2,43,10,Post_Monsoon,0,0,0,0,0,1,0,0.4,24.3,17.0,53.9,,0,0,0,91,12,10,7,7,120,126.0,184.0,135.0,133.57,23.38,125.0,128.21,None,0,4,3,3,2,0,3,6,0,1,1,3,8,0,0,28,13,9,2,13,13,0,13,10,6,5,2,2,6,0,6,28,14,1,0,14,14,0,14,0,260,0,11,0,249,11,0,0,188,0,4,0,184,4,0,0,163,0,10,0,153,10,0,0,749,0,17,1,731,17,0,0,259,0,4,0,255,4,0,0,2,8,1,0,1,8,0,0,2,1,1,1,1,2,6,1,1,1,1,1,2,0,0,0,Normal
2025-10-22,Wednesday,3,43,10,Post_Monsoon,0,0,1,1,0,0,4,0.0,25.8,18.5,52.5,,0,0,0,107,15,6,22,10,150,120.0,126.0,135.0,131.43,23.83,150.0,127.86,Road_Accident_Surge,3,6,4,2,3,1,3,1,0,2,2,4,8,0,0,28,15,2,0,13,15,0,15,10,2,6,2,6,2,0,2,28,16,2,2,10,16,0,16,0,249,0,15,0,234,15,0,0,184,0,3,0,181,3,0,0,433,280,12,0,421,12,0,0,731,0,21,1,709,21,0,0,255,0,11,0,244,11,0,0,2,8,0,0,1,8,0,0,3,1,3,1,1,2,6,1,1,1,2,3,2,1,1,1,Watch
2025-10-23,Thursday,4,43,10,Post_Monsoon,0,0,0,0,0,1,0,0.9,25.6,18.5,45.9,,0,0,0,93,11,11,7,5,122,150.0,120.0,137.0,133.57,24.71,135.0,127.86,None,0,4,4,2,1,0,4,5,0,2,1,3,4,0,0,28,15,5,2,11,15,0,15,10,0,2,2,8,0,0,0,28,16,0,2,10,16,0,16,0,234,0,8,0,226,8,0,0,181,0,3,0,178,3,0,0,421,0,9,0,412,9,0,0,709,0,16,1,692,16,0,0,244,0,2,0,242,2,0,0,2,8,1,0,1,8,1,0,2,1,1,1,1,2,6,2,1,1,1,1,4,0,0,0,Normal
2025-10-24,Friday,5,43,10,Post_Monsoon,0,0,1,0,0,0,1,0.3,24.1,16.6,55.1,,0,0,0,91,19,5,16,9,131,122.0,150.0,110.0,131.43,24.97,115.0,126.93,Road_Accident_Surge,2,8,6,4,1,1,3,2,0,0,2,4,7,0,0,28,17,1,2,9,17,0,17,10,4,0,2,4,4,0,4,28,17,1,2,9,17,0,17,0,226,0,15,0,211,15,0,0,178,0,6,0,172,6,0,0,412,0,13,0,399,13,0,0,692,0,22,1,669,22,0,0,242,0,8,0,234,8,0,0,2,8,0,0,1,8,0,0,2,1,3,1,1,2,7,1,1,1,2,3,3,0,0,0,Watch
2025-10-25,Saturday,6,43,10,Post_Monsoon,1,0,0,0,0,0,0,0.0,23.8,17.3,53.6,,0,0,0,80,11,4,11,8,106,131.0,122.0,108.0,134.43,23.43,104.0,128.07,None,0,4,4,2,1,1,3,1,0,0,2,4,6,0,0,28,20,2,1,7,20,0,20,10,4,1,2,4,4,0,4,28,15,4,0,13,15,0,15,0,211,0,12,0,199,12,0,1,172,0,3,0,169,3,0,0,399,0,9,0,390,9,0,0,669,0,15,1,653,15,0,0,234,0,7,0,227,7,0,1,2,8,0,0,1,8,0,0,2,1,1,1,1,2,7,1,1,1,1,1,4,0,0,0,Normal
2025-10-26,Sunday,7,43,10,Post_Monsoon,1,0,0,0,1,0,0,1.3,25.9,18.5,51.2,,0,0,0,76,13,9,13,6,111,106.0,131.0,184.0,134.14,23.76,104.0,128.21,None,0,6,5,0,2,0,3,1,1,4,1,3,6,0,0,28,16,8,1,11,16,0,16,10,3,2,0,7,3,0,3,28,13,3,2,13,13,0,13,0,199,0,9,0,190,9,0,0,169,0,1,0,168,1,0,0,390,0,10,0,380,10,0,0,653,0,16,1,636,16,0,0,227,0,4,0,223,4,0,0,2,12,1,0,1,8,0,0,2,1,2,1,1,2,6,1,1,1,1,1,3,0,0,0,Normal
2025-10-27,Monday,1,44,10,Post_Monsoon,0,0,0,0,1,0,0,0.6,23.7,17.2,47.9,,0,0,0,97,15,9,6,6,127,111.0,106.0,126.0,123.71,13.32,127.0,128.71,None,0,5,5,0,5,1,2,3,2,2,2,4,7,0,0,28,16,5,1,11,16,0,16,10,2,1,0,8,2,0,2,28,12,2,2,14,12,0,12,0,190,0,9,0,181,9,0,0,168,0,2,0,166,2,0,0,380,0,11,0,369,11,0,0,636,0,20,1,615,20,0,0,223,0,5,0,218,5,0,0,2,20,1,1,1,8,0,0,3,1,1,1,2,2,6,1,1,1,1,1,4,0,0,1,Watch
2025-10-28,Tuesday,2,44,10,Post_Monsoon,0,0,0,0,0,1,0,0.0,23.7,14.4,54.6,,0,0,0,92,20,12,9,8,133,127.0,111.0,120.0,123.86,13.35,135.0,128.71,None,0,7,3,8,2,1,5,6,1,0,1,3,6,0,0,28,16,3,1,11,16,0,16,10,1,2,1,8,1,0,1,28,13,3,0,15,13,0,13,0,181,0,15,0,166,15,0,0,166,0,9,0,157,9,0,0,369,0,13,0,356,13,0,0,615,0,23,1,591,23,0,0,218,0,10,0,208,10,0,0,2,12,1,0,1,8,1,0,2,1,1,1,1,2,6,2,1,1,1,1,2,0,0,0,Normal
2025-10-29,Wednesday,3,44,10,Post_Monsoon,0,0,1,1,0,0,4,1.2,23.2,17.4,46.6,,0,0,0,106,13,4,24,10,147,133.0,127.0,150.0,125.71,13.58,135.0,128.57,Road_Accident_Surge,4,6,3,3,1,1,2,2,0,0,2,4,5,0,0,28,13,7,1,14,13,0,13,10,3,1,2,5,3,0,3,28,14,2,1,13,14,0,14,0,166,0,15,0,151,15,0,0,157,0,4,0,153,4,0,0,356,0,11,0,345,11,0,0,591,0,19,1,571,19,0,0,208,0,8,0,200,8,0,0,2,8,0,0,1,8,0,0,3,1,3,1,1,2,6,1,1,1,2,3,3,0,0,0,High
2025-10-30,Thursday,4,44,10,Post_Monsoon,0,0,0,0,0,1,0,0.0,24.1,16.6,49.9,,0,0,0,86,17,11,8,7,122,147.0,133.0,122.0,125.29,12.84,137.0,129.43,None,0,5,6,4,2,0,4,4,1,2,1,3,6,0,0,28,17,2,1,10,17,0,17,10,0,3,1,9,0,0,0,28,12,3,2,14,12,0,12,0,451,300,12,1,438,12,0,0,153,0,5,0,148,5,0,0,345,0,11,0,334,11,0,0,571,0,20,1,550,20,0,0,200,0,5,0,195,5,0,0,2,12,1,0,1,8,1,0,2,1,1,1,1,2,6,2,1,1,1,1,4,0,0,0,Normal
2025-10-31,Friday,5,44,10,Post_Monsoon,0,0,0,0,0,0,0,0.0,22.9,15.2,55.4,,0,0,0,82,15,4,6,7,107,122.0,147.0,131.0,125.29,12.84,110.0,128.36,None,0,7,4,0,4,1,2,1,0,1,1,3,4,0,0,28,18,4,2,8,18,0,18,10,1,0,1,8,1,0,1,28,11,2,1,16,11,0,11,0,438,0,11,1,426,11,0,0,148,0,2,0,146,2,0,0,334,0,11,0,323,11,0,0,550,0,19,1,530,19,0,0,195,0,5,0,190,5,0,0,2,8,0,0,1,8,0,0,2,1,1,1,1,2,6,1,1,1,1,1,4,0,0,0,Normal
2025-11-01,Saturday,6,44,11,Post_Monsoon,1,0,0,0,0,0,0,0.8,21.5,14.5,55.7,,0,0,0,76,15,6,12,7,109,107.0,122.0,106.0,121.86,14.0,108.0,128.14,None,0,8,2,3,2,0,2,2,0,2,1,3,5,0,0,28,13,7,4,11,13,0,13,10,4,0,1,5,4,0,4,28,12,1,2,14,12,0,12,0,426,0,12,1,413,12,0,0,146,0,4,0,142,4,0,0,323,0,11,0,312,11,0,0,530,0,18,1,511,18,0,0,590,400,5,1,584,5,0,0,2,8,0,0,1,8,0,0,2,1,1,1,1,2,6,1,1,1,1,1,2,0,0,0,Normal
2025-11-02,Sunday,7,44,11,Post_Monsoon,1,0,0,0,0,0,0,1.3,24.5,16.1,55.8,,0,0,0,71,15,5,13,9,104,109.0,107.0,111.0,122.29,13.55,184.0,128.21,None,0,2,10,2,1,1,1,3,1,0,3,5,8,0,0,28,15,2,1,12,15,0,15,10,7,0,0,3,7,0,7,28,12,2,0,16,12,0,12,0,413,0,14,1,398,14,0,0,142,0,3,0,139,3,0,0,312,0,9,0,303,9,0,0,511,0,18,1,492,18,0,0,584,0,10,1,573,10,0,0,2,12,1,0,1,8,0,0,2,1,2,1,1,2,6,1,1,1,1,1,2,0,0,0,Normal
2025-11-03,Monday,1,45,11,Post_Monsoon,0,0,0,0,0,0,0,2.9,19.7,11.3,59.4,,0,0,0,95,18,6,7,6,126,104.0,109.0,127.0,121.29,14.57,126.0,122.5,None,0,7,6,4,1,1,2,3,0,1,2,4,4,0,0,28,13,5,4,11,13,0,13,10,6,2,1,3,6,0,6,28,12,2,0,16,12,0,12,0,398,0,11,1,386,11,0,0,139,0,5,0,134,5,0,0,303,0,12,0,291,12,0,0,492,0,22,1,469,22,0,0,573,0,8,1,564,8,0,0,2,8,0,0,1,8,0,0,2,1,1,1,1,2,6,1,1,1,1,1,4,0,0,0,Normal
2025-11-04,Tuesday,2,45,11,Post_Monsoon,0,0,0,0,0,1,0,0.0,28.6,20.1,49.9,,0,0,0,91,13,10,5,6,119,126.0,104.0,133.0,121.14,14.52,120.0,122.5,None,0,6,0,4,3,0,1,3,2,4,0,2,6,0,0,28,13,3,0,15,13,0,13,10,1,6,1,8,1,0,1,28,9,5,2,17,9,0,9,0,386,0,10,1,375,10,0,0,134,0,5,0,129,5,0,1,291,0,10,0,281,10,0,0,469,0,18,1,450,18,0,0,564,0,4,1,559,4,0,0,2,20,1,1,1,8,0,0,2,1,1,1,2,2,5,1,1,1,1,1,3,0,0,1,Watch
2025-11-05,Wednesday,3,45,11,Post_Monsoon,0,0,0,1,0,0,1,0.0,26.1,17.9,49.6,,0,0,0,104,13,5,12,7,134,119.0,126.0,147.0,119.14,13.68,150.0,122.43,None,0,4,3,3,3,0,3,1,0,1,1,3,5,0,0,28,17,2,2,9,17,0,17,10,2,0,0,8,2,0,2,28,8,1,0,20,8,0,8,0,375,0,11,1,363,11,0,0,129,0,4,0,125,4,0,0,281,0,11,0,270,11,0,0,450,0,19,1,430,19,0,0,559,0,2,1,556,2,0,0,2,8,0,0,1,8,0,0,3,1,1,1,1,2,6,1,1,1,1,1,3,0,0,0,Normal
2025-11-06,Thursday,4,45,11,Post_Monsoon,0,0,0,0,0,1,0,0.0,24.0,16.8,53.1,,0,0,0,93,13,11,5,7,122,134.0,119.0,122.0,117.29,10.22,122.0,121.29,None,0,7,2,2,2,0,5,2,2,2,0,2,6,0,0,28,12,9,0,16,12,0,12,10,1,1,0,9,1,0,1,28,10,1,0,18,10,0,10,0,363,0,11,1,351,11,0,0,125,0,3,0,122,3,0,0,270,0,11,0,259,11,0,0,430,0,18,1,411,18,0,0,556,0,7,1,548,7,0,0,2,20,1,1,1,8,1,0,2,1,1,1,2,2,5,2,1,1,1,1,2,0,0,1,Watch
2025-11-07,Friday,5,45,11,Post_Monsoon,0,0,0,0,0,0,0,0.0,26.4,17.8,50.4,,0,0,0,87,15,5,6,6,113,122.0,134.0,107.0,117.29,10.22,131.0,121.29,None,0,7,4,4,0,0,3,1,1,0,1,3,5,0,0,28,11,2,1,16,11,0,11,10,0,1,2,8,0,0,0,28,12,3,2,14,12,0,12,0,351,0,11,1,339,11,0,0,122,0,5,0,117,5,0,0,259,0,11,0,248,11,0,0,411,0,19,1,391,19,0,1,548,0,12,1,535,12,0,0,2,12,1,0,1,8,0,0,2,1,1,1,1,2,5,1,1,1,1,1,2,0,0,0,Normal
2025-11-08,Saturday,6,45,11,Post_Monsoon,1,0,0,0,0,0,0,0.5,23.2,16.6,48.1,,0,0,0,77,13,7,9,7,106,113.0,122.0,109.0,118.14,9.55,106.0,120.0,None,0,7,1,3,2,0,1,2,1,3,0,2,6,0,0,28,13,1,2,13,13,0,13,10,3,0,0,7,3,0,3,28,13,0,2,13,13,0,13,0,339,0,11,1,327,11,0,0,117,0,4,0,113,4,0,0,248,0,10,0,238,10,0,0,391,0,17,1,373,17,0,0,535,0,2,1,532,2,0,0,2,12,1,0,1,8,0,0,2,1,1,1,1,2,6,1,1,1,1,1,4,0,0,0,Normal
2025-11-09,Sunday,7,45,11,Post_Monsoon,1,0,1,0,0,0,2,0.0,23.2,15.9,50.3,,0,0,0,79,15,7,19,11,120,106.0,113.0,104.0,117.71,10.01,111.0,120.0,Road_Accident_Surge,3,6,5,3,1,0,3,1,1,2,1,3,6,0,0,28,17,3,0,11,17,0,17,10,5,1,0,5,5,0,5,28,10,4,0,18,10,0,10,0,327,0,16,1,310,16,0,0,363,250,4,1,358,4,0,0,238,0,10,0,228,10,0,0,373,0,18,1,354,18,0,0,532,0,4,1,527,4,0,0,2,12,1,0,1,8,0,0,2,1,3,1,1,2,6,1,1,1,2,3,2,1,1,1,Watch
2025-11-10,Monday,1,46,11,Post_Monsoon,0,0,0,0,0,0,0,0.0,24.7,19.5,47.7,,0,0,0,91,12,6,4,6,113,120.0,106.0,126.0,120.0,8.3,127.0,120.64,None,0,3,5,3,1,0,0,3,2,1,1,3,7,0,0,28,15,5,1,12,15,0,15,10,2,5,0,8,2,0,2,28,10,1,2,16,10,0,10,0,310,0,10,1,299,10,0,0,358,0,4,1,353,4,0,0,228,0,9,0,219,9,0,0,354,0,17,1,336,17,0,0,527,0,4,1,522,4,0,0,2,20,1,1,1,8,0,0,2,1,1,1,2,2,6,1,1,1,1,1,4,0,0,1,Watch
2025-11-11,Tuesday,2,46,11,Post_Monsoon,0,0,1,0,0,1,2,0.0,25.1,17.5,50.0,,0,0,0,95,15,10,18,9,138,113.0,120.0,119.0,118.14,8.2,133.0,119.64,Road_Accident_Surge,2,5,5,3,2,0,4,3,2,1,1,3,5,0,0,28,12,5,0,16,12,0,12,10,6,0,1,3,6,0,6,28,12,1,2,14,12,0,12,0,299,0,14,1,284,14,0,0,353,0,4,1,348,4,0,0,219,0,11,0,208,11,0,0,336,0,20,1,315,20,0,0,522,0,8,1,513,8,0,0,2,20,1,1,1,8,1,0,2,1,3,1,2,2,6,1,1,1,2,3,4,0,0,1,Watch
2025-11-12,Wednesday,3,46,11,Post_Monsoon,0,0,0,1,0,0,1,0.1,22.6,14.2,55.0,,0,0,0,103,15,6,15,8,139,138.0,113.0,134.0,120.86,10.78,147.0,120.0,None,0,4,4,2,5,1,4,1,0,1,2,4,6,0,0,28,16,1,2,10,16,0,16,10,6,2,0,4,6,0,6,28,12,1,2,14,12,0,12,0,284,0,12,1,271,12,0,0,348,0,3,1,344,3,0,0,208,0,11,0,197,11,0,1,1015,700,20,2,993,20,0,0,513,0,5,1,507,5,0,0,2,8,0,0,1,8,1,0,3,1,2,1,1,2,6,1,1,1,2,2,4,0,0,0,Normal
2025-11-13,Thursday,4,46,11,Post_Monsoon,0,0,0,0,0,1,0,0.7,27.3,20.1,53.7,,0,0,0,89,13,10,8,7,120,139.0,138.0,122.0,121.57,11.75,122.0,119.43,None,0,4,1,6,2,0,5,2,0,3,0,2,7,0,0,28,15,5,1,12,15,0,15,10,3,4,1,6,3,0,3,28,10,4,1,17,10,0,10,0,271,0,12,1,258,12,0,0,344,0,7,1,336,7,0,0,197,0,10,0,187,10,0,0,993,0,18,2,973,18,0,0,507,0,4,1,502,4,0,0,2,8,1,0,1,8,1,0,2,1,1,1,1,2,6,1,1,1,1,1,2,0,0,0,Normal
2025-11-14,Friday,5,46,11,Post_Monsoon,0,0,0,0,0,0,0,2.0,23.5,16.5,54.1,,0,0,0,93,17,5,8,6,123,120.0,139.0,113.0,121.29,11.76,107.0,119.29,None,0,5,11,1,0,0,1,3,1,0,2,4,7,0,0,28,19,1,0,9,19,0,19,10,2,1,0,8,2,0,2,28,11,0,0,17,11,0,11,0,258,0,10,0,248,10,0,0,336,0,3,1,332,3,0,0,187,0,12,0,175,12,0,0,973,0,21,2,950,21,0,0,502,0,8,0,494,8,0,0,2,12,1,0,1,8,0,0,2,1,1,1,1,2,6,1,1,1,1,1,3,0,0,0,Normal
2025-11-15,Saturday,6,46,11,Post_Monsoon,1,0,0,0,0,0,0,0.0,23.7,14.1,53.8,,0,0,0,80,16,5,10,7,111,123.0,120.0,106.0,122.71,11.26,109.0,120.43,None,0,2,6,7,1,1,4,0,0,1,2,4,6,0,0,28,18,4,0,10,18,0,18,10,3,2,0,7,3,0,3,28,10,2,1,17,10,0,10,0,248,0,13,0,235,13,0,0,332,0,8,1,323,8,0,0,175,0,10,0,165,10,0,0,950,0,19,2,929,19,0,0,494,0,6,0,488,6,0,0,2,8,0,0,1,8,1,0,2,1,1,1,1,2,6,1,1,1,1,1,2,0,0,0,Normal
2025-11-16,Sunday,7,46,11,Post_Monsoon,1,0,0,0,0,0,0,3.6,24.4,15.6,49.0,,0,0,0,77,15,7,11,7,110,111.0,123.0,120.0,123.43,10.29,104.0,120.57,None,0,4,9,1,1,2,2,2,1,2,3,5,5,0,0,28,16,3,0,12,16,0,16,10,4,1,2,4,4,0,4,28,13,1,1,14,13,0,13,0,235,0,11,0,224,11,0,0,323,0,2,1,320,2,0,0,165,0,10,0,155,10,0,0,929,0,18,2,909,18,0,0,488,0,14,0,474,14,0,0,2,12,1,0,1,8,0,0,2,1,1,1,1,2,6,1,1,1,1,1,3,0,0,0,Normal
2025-11-17,Monday,1,47,11,Post_Monsoon,0,0,0,0,0,0,0,0.0,21.3,13.7,50.3,,0,0,0,93,16,4,7,7,120,110.0,111.0,113.0,122.0,11.31,126.0,121.0,None,0,3,5,6,2,1,1,2,1,0,2,4,6,0,0,28,13,7,0,15,13,0,13,10,2,3,1,7,2,0,2,28,14,1,2,12,14,0,14,0,224,0,13,0,211,13,0,0,320,0,7,1,312,7,0,0,155,0,11,0,144,11,0,0,909,0,20,2,887,20,0,0,474,0,7,0,467,7,0,0,2,12,1,0,1,8,0,0,2,1,1,1,1,2,6,1,1,1,1,1,3,0,0,0,Normal
2025-11-18,Tuesday,2,47,11,Post_Monsoon,0,0,0,0,0,1,0,0.0,24.5,15.9,52.1,,0,0,0,93,16,10,7,7,126,120.0,110.0,138.0,123.0,10.77,119.0,120.57,None,0,3,6,4,3,1,4,5,0,1,2,4,6,0,0,28,15,3,1,12,15,0,15,10,3,0,0,7,3,0,3,28,11,4,2,15,11,0,11,0,211,0,12,0,199,12,0,1,312,0,5,1,306,5,0,0,424,280,11,0,413,11,0,0,887,0,20,2,865,20,0,0,467,0,6,0,461,6,0,0,2,8,1,0,1,8,1,0,2,1,1,1,1,2,6,1,1,1,1,1,2,0,0,0,Normal
2025-11-19,Wednesday,3,47,11,Post_Monsoon,0,0,0,1,0,0,1,0.0,22.1,12.9,52.4,,0,0,0,101,15,6,14,7,136,126.0,120.0,139.0,121.29,9.07,134.0,121.07,None,0,6,6,2,1,3,5,1,0,0,3,5,8,0,0,28,15,4,0,13,15,0,15,10,4,2,0,6,4,0,4,28,8,3,1,19,8,0,8,0,199,0,11,0,188,11,0,0,306,0,3,1,302,3,0,0,413,0,12,0,401,12,0,0,865,0,20,2,843,20,0,0,461,0,5,0,456,5,0,0,2,8,0,0,1,8,1,0,3,1,2,1,1,2,6,1,1,1,2,2,4,0,0,0,Normal
2025-11-20,Thursday,4,47,11,Post_Monsoon,0,0,0,0,0,1,0,1.4,23.4,14.5,46.0,,0,0,0,88,19,9,9,7,125,136.0,126.0,120.0,120.86,8.25,122.0,121.21,None,0,10,4,4,1,0,3,5,0,1,1,3,5,0,0,28,16,4,0,12,16,0,16,10,1,4,1,8,1,0,1,28,7,2,0,21,7,0,7,0,188,0,12,0,176,12,0,0,302,0,6,1,295,6,0,0,401,0,13,0,388,13,0,0,843,0,22,2,819,22,0,0,456,0,4,0,452,4,0,0,2,8,0,0,1,8,0,0,2,1,1,1,1,2,6,1,1,1,1,1,3,0,0,0,Normal
2025-11-21,Friday,5,47,11,Post_Monsoon,0,0,0,0,0,0,0,0.0,24.2,16.5,50.2,,0,0,0,87,8,5,9,6,109,125.0,136.0,123.0,121.57,8.36,113.0,121.43,None,0,4,0,2,2,0,3,1,0,1,0,2,5,0,0,28,13,5,1,14,13,0,13,10,3,0,1,6,3,0,3,28,9,0,1,18,9,0,9,0,176,0,9,0,167,9,0,0,295,0,3,1,291,3,0,0,388,0,8,0,380,8,0,0,819,0,13,2,804,13,0,0,452,0,4,0,448,4,0,0,2,8,0,0,1,8,0,0,2,1,1,1,1,2,6,1,1,1,1,1,3,0,0,0,Normal
2025-11-22,Saturday,6,47,11,Post_Monsoon,1,0,0,0,0,0,0,0.0,24.2,16.1,56.3,,0,0,0,79,19,6,9,6,113,109.0,125.0,111.0,119.57,9.39,106.0,121.14,None,0,8,4,3,4,2,4,1,1,0,2,4,7,0,0,28,15,2,1,12,15,0,15,10,2,1,0,8,2,0,2,28,10,1,1,17,10,0,10,0,167,0,11,0,156,11,0,0,291,0,5,1,285,5,0,0,380,0,12,0,368,12,0,0,804,0,22,2,780,22,0,0,448,0,8,0,440,8,0,0,2,12,1,0,1,8,1,0,2,1,1,1,1,2,6,1,1,1,1,1,4,0,0,0,Normal
2025-11-23,Sunday,7,47,11,Post_Monsoon,1,0,0,0,0,0,0,0.4,21.5,14.4,51.4,,0,0,0,76,15,5,11,7,107,113.0,109.0,110.0,119.86,9.16,120.0,121.64,None,0,4,6,4,1,2,0,3,1,1,3,5,7,0,0,28,15,1,1,12,15,0,15,10,1,2,1,8,1,0,1,28,13,2,0,15,13,0,13,0,456,300,12,1,443,12,0,0,285,0,5,1,279,5,0,0,368,0,10,0,358,10,0,0,780,0,18,2,760,18,0,0,440,0,15,0,425,15,0,0,2,12,1,0,1,8,0,0,2,1,1,1,1,2,6,1,1,1,1,1,3,0,0,0,Normal
2025-11-24,Monday,1,48,11,Post_Monsoon,0,0,0,0,0,0,0,0.0,21.8,16.2,55.7,,0,0,0,91,17,5,11,8,124,107.0,113.0,120.0,119.43,9.66,113.0,120.71,None,0,4,5,3,5,0,4,0,0,1,1,3,6,0,0,28,19,2,1,8,19,0,19,10,2,1,0,8,2,0,2,28,8,5,2,18,8,0,8,0,443,0,13,1,429,13,0,0,279,0,4,1,274,4,0,0,358,0,11,0,347,11,0,0,760,0,21,1,738,21,0,0,425,0,2,0,423,2,0,0,2,8,0,0,1,8,1,0,2,1,1,1,1,2,6,1,1,1,1,1,4,0,0,0,Normal
2025-11-25,Tuesday,2,48,11,Post_Monsoon,0,0,0,0,0,1,0,0.0,25.4,16.5,49.3,,0,0,0,97,14,10,5,7,126,124.0,107.0,126.0,120.0,9.8,138.0,121.5,None,0,3,7,3,1,2,5,3,0,2,3,5,4,1,1,28,15,7,2,11,15,0,15,10,3,1,1,6,3,0,3,28,10,0,2,16,10,0,10,0,429,0,11,1,417,11,0,0,274,0,4,1,269,4,0,0,347,0,10,0,337,10,0,0,738,0,19,1,718,19,0,0,423,0,9,0,414,9,0,0,2,8,1,0,1,8,1,0,3,1,1,1,1,2,6,1,1,1,1,1,4,0,0,1,Watch
2025-11-26,Wednesday,3,48,11,Post_Monsoon,0,0,0,1,0,0,1,0.0,24.6,15.1,47.9,,0,0,0,98,14,6,13,8,131,126.0,124.0,136.0,120.0,9.8,139.0,120.64,None,0,5,3,5,1,1,3,1,1,1,2,4,7,0,0,28,19,2,1,8,19,0,19,10,1,3,1,8,1,0,1,28,9,2,1,18,9,0,9,0,417,0,13,1,403,13,0,0,269,0,6,1,262,6,0,0,337,0,11,0,326,11,0,0,718,0,19,1,698,19,0,0,414,0,4,0,410,4,0,0,2,12,1,0,1,8,0,0,3,1,2,1,1,2,6,1,1,1,1,1,4,0,0,0,Normal
2025-11-27,Thursday,4,48,11,Post_Monsoon,0,0,0,0,0,1,0,0.4,25.1,16.5,51.5,,0,0,0,95,12,11,7,7,125,131.0,126.0,125.0,119.29,8.73,120.0,120.07,None,0,7,2,1,2,1,6,4,0,1,1,3,7,0,0,28,15,7,1,12,15,0,15,10,2,0,1,7,2,0,2,28,10,2,1,17,10,0,10,0,403,0,10,1,392,10,0,0,262,0,2,1,259,2,0,0,326,0,10,0,316,10,0,0,698,0,17,1,680,17,0,0,410,0,8,0,402,8,0,0,2,8,1,0,1,20,1,1,2,1,1,2,1,2,6,2,1,1,1,1,3,0,0,1,Watch
2025-11-28,Friday,5,48,11,Post_Monsoon,0,0,0,0,0,0,0,0.0,24.6,14.4,54.9,,0,0,0,90,17,6,6,8,119,125.0,131.0,109.0,119.29,8.73,123.0,120.43,None,0,6,5,3,3,2,2,1,0,3,2,4,8,0,0,28,13,8,1,14,13,0,13,10,2,0,2,6,2,0,2,28,11,1,2,15,11,0,11,0,392,0,13,1,378,13,0,0,259,0,4,1,254,4,0,0,316,0,12,0,304,12,0,0,680,0,21,1,658,21,0,0,402,0,8,0,394,8,0,0,2,8,0,0,1,8,0,0,2,1,1,1,1,2,6,1,1,1,1,1,2,0,0,0,Normal
2025-11-29,Saturday,6,48,11,Post_Monsoon,1,0,0,0,1,0,0,1.1,22.6,16.0,56.1,,0,0,0,79,19,9,12,7,119,119.0,125.0,113.0,120.71,7.69,111.0,120.14,None,0,9,5,3,2,0,5,0,0,4,1,3,6,0,0,28,14,2,0,14,14,0,14,10,1,2,0,9,1,0,1,28,14,0,1,13,14,0,14,0,378,0,12,1,365,12,0,0,254,0,5,0,249,5,0,0,304,0,12,0,292,12,0,0,658,0,22,1,635,22,0,0,394,0,8,0,386,8,0,0,2,8,0,0,1,8,1,0,2,1,1,1,1,2,6,1,1,1,1,1,2,0,0,0,Normal
2025-11-30,Sunday,7,48,11,Post_Monsoon,1,0,0,0,0,0,0,0.0,20.1,12.0,58.3,,0,0,0,74,17,7,10,6,108,119.0,119.0,107.0,121.57,7.09,110.0,120.71,None,0,7,5,3,2,0,4,2,1,0,1,3,6,0,0,28,15,1,2,11,15,0,15,10,2,0,0,8,2,0,2,28,14,3,2,12,14,0,14,0,365,0,11,1,353,11,0,0,249,0,4,0,245,4,0,0,292,0,11,0,281,11,0,0,635,0,20,1,614,20,0,0,386,0,8,0,378,8,0,0,2,12,1,0,1,8,1,0,2,1,1,1,1,2,6,1,1,1,1,1,4,0,0,0,Normal
2025-12-01,Monday,1,49,12,Winter,0,0,0,0,0,0,0,0.0,25.8,15.9,49.6,,0,0,0,95,16,6,8,6,125,108.0,119.0,124.0,121.71,6.8,120.0,120.57,None,0,5,6,2,3,1,1,3,1,1,2,4,5,0,0,28,14,6,1,13,14,0,14,10,2,1,1,7,2,0,2,28,13,1,0,15,13,0,13,0,353,0,10,1,342,10,0,0,245,0,3,0,242,3,0,0,281,0,11,0,270,11,0,0,614,0,20,1,593,20,0,0,378,0,4,0,374,4,0,0,2,12,1,0,1,8,0,0,2,1,1,1,1,2,6,1,1,1,1,1,3,0,0,0,Normal
2025-12-02,Tuesday,2,49,12,Winter,0,0,0,0,0,1,0,0.0,22.9,14.8,52.0,,0,0,0,93,20,13,3,7,129,125.0,108.0,126.0,121.86,6.85,126.0,120.93,None,0,10,2,3,5,0,7,6,0,0,0,2,6,0,0,28,14,2,1,13,14,0,14,10,3,1,1,6,3,0,3,28,16,0,0,12,16,0,16,0,342,0,12,1,329,12,0,0,242,0,5,0,237,5,0,0,270,0,14,0,256,14,0,0,593,0,23,1,569,23,0,0,374,0,7,0,367,7,0,0,2,16,1,1,1,20,1,1,2,1,1,2,2,2,6,2,1,1,1,1,3,0,0,2,Watch
2025-12-03,Wednesday,3,49,12,Winter,0,0,0,1,0,0,1,0.1,23.9,16.1,60.8,,0,0,0,101,16,7,14,8,138,129.0,125.0,131.0,122.29,7.19,136.0,121.14,None,0,5,5,5,1,1,3,2,2,0,2,4,4,0,0,28,12,4,1,15,12,0,12,10,4,0,0,6,4,0,4,28,20,1,1,7,20,0,20,0,329,0,14,1,314,14,0,0,237,0,6,0,231,6,0,0,256,0,12,0,244,12,0,0,569,0,21,1,547,21,0,0,367,0,13,0,354,13,0,0,2,20,1,1,1,8,0,0,3,1,2,1,2,2,7,1,1,1,2,2,3,0,0,1,Watch
2025-12-04,Thursday,4,49,12,Winter,0,0,0,0,0,1,0,0.0,22.3,16.3,53.6,,0,0,0,90,18,11,7,8,126,138.0,129.0,125.0,123.29,8.66,125.0,121.29,None,0,5,8,5,0,2,6,2,1,2,3,5,6,0,0,28,14,3,1,13,14,0,14,10,2,2,0,8,2,0,2,28,20,3,2,6,20,0,20,0,314,0,14,1,299,14,0,0,231,0,6,0,225,6,0,0,244,0,12,0,232,12,0,0,547,0,22,1,524,22,0,0,354,0,12,0,342,12,0,0,2,12,1,0,1,20,1,1,2,1,1,2,1,2,7,2,1,1,1,1,3,0,0,1,Watch
2025-12-05,Friday,5,49,12,Winter,0,0,0,0,0,0,0,0.1,20.3,12.5,52.9,,0,0,0,88,19,6,4,6,117,126.0,138.0,119.0,123.43,8.7,109.0,121.36,None,0,10,3,3,3,1,3,1,1,1,1,3,7,0,0,28,15,3,2,11,15,0,15,10,3,0,0,7,3,0,3,28,19,2,1,8,19,0,19,0,299,0,11,1,287,11,0,0,225,0,5,0,220,5,0,0,232,0,13,0,219,13,0,0,524,0,22,1,501,22,0,0,342,0,4,0,338,4,0,0,2,12,1,0,1,8,0,0,2,1,1,1,1,2,7,1,1,1,1,1,2,0,0,0,Normal
2025-12-06,Saturday,6,49,12,Winter,1,0,0,0,0,0,0,0.0,21.4,12.8,54.6,,0,0,0,79,14,5,12,8,110,117.0,126.0,119.0,123.14,8.87,113.0,121.93,None,0,3,5,4,2,2,3,0,1,1,3,5,7,0,0,28,14,4,1,13,14,0,14,10,1,2,2,7,1,0,1,28,21,3,1,6,21,0,21,0,287,0,13,1,273,13,0,0,220,0,5,0,215,5,0,0,219,0,9,0,210,9,0,0,501,0,18,1,482,18,0,0,338,0,14,0,324,14,0,0,2,12,1,0,1,8,0,0,2,1,1,1,1,2,7,1,1,1,1,1,3,0,0,0,Normal
2025-12-07,Sunday,7,49,12,Winter,1,0,0,0,0,0,0,0.0,23.1,15.9,57.0,,0,0,0,78,19,6,9,7,112,110.0,117.0,108.0,121.86,9.96,107.0,121.71,None,0,8,1,6,4,0,1,3,2,0,0,2,7,0,0,28,14,4,1,13,14,0,14,10,4,0,0,6,4,0,4,28,20,1,2,6,20,0,20,0,273,0,13,1,259,13,0,0,215,0,7,0,208,7,0,0,210,0,12,0,198,12,0,1,482,0,21,1,460,21,0,0,324,0,0,0,324,0,0,0,2,20,1,1,1,8,0,0,2,1,1,1,2,2,7,1,1,1,1,1,2,0,0,1,Watch
2025-12-08,Monday,1,50,12,Winter,0,0,0,0,0,0,0,0.0,22.3,14.8,52.5,,0,0,0,93,14,5,8,5,120,112.0,110.0,125.0,122.43,9.24,124.0,122.07,None,0,3,7,4,0,2,2,2,0,1,3,5,8,0,0,28,13,4,0,15,13,0,13,10,2,2,1,7,2,0,2,28,14,8,2,12,14,0,14,0,259,0,9,0,250,9,0,0,208,0,5,0,203,5,0,0,198,0,10,0,188,10,0,0,460,0,19,1,440,19,0,0,324,0,9,0,315,9,0,0,2,8,0,0,1,8,0,0,2,1,1,1,1,2,6,1,1,1,1,1,3,0,0,0,Normal
2025-12-09,Tuesday,2,50,12,Winter,0,0,0,0,0,1,0,0.0,18.9,10.6,62.0,,0,0,0,98,17,12,6,7,133,120.0,112.0,129.0,121.71,9.21,126.0,121.79,None,0,5,10,2,0,0,5,4,2,1,2,4,7,0,0,28,14,4,0,14,14,0,14,10,0,2,0,10,0,0,0,28,13,3,0,15,13,0,13,0,250,0,12,0,238,12,0,0,203,0,4,0,199,4,0,0,188,0,12,0,176,12,0,0,440,0,21,1,418,21,0,0,315,0,9,0,306,9,0,0,2,20,1,1,1,8,1,0,3,1,1,1,2,2,6,2,1,1,1,1,3,0,0,1,Watch
2025-12-10,Wednesday,3,50,12,Winter,0,0,0,1,0,0,1,0.0,20.5,13.5,56.5,,0,0,0,104,21,7,15,9,147,133.0,120.0,138.0,122.29,9.75,131.0,122.29,None,0,5,10,3,3,1,1,3,0,3,3,5,7,0,0,28,16,3,2,10,16,0,16,10,2,0,2,6,2,0,2,28,14,1,3,11,14,0,14,0,238,0,15,0,223,15,0,0,199,0,5,0,194,5,0,0,176,0,14,0,162,14,0,0,418,0,25,1,392,25,0,1,306,0,10,0,296,10,0,0,2,8,0,0,1,8,0,0,3,1,2,1,1,2,6,1,1,1,2,2,4,0,0,0,Normal
2025-12-11,Thursday,4,50,12,Winter,0,0,0,0,0,1,0,0.0,21.5,12.9,58.1,,0,0,0,86,16,11,7,7,120,147.0,133.0,126.0,123.57,12.06,125.0,123.43,None,0,3,5,6,2,0,6,4,0,1,1,3,6,0,0,28,14,6,2,12,14,0,14,10,1,2,1,8,1,0,1,28,12,4,2,14,12,0,12,0,223,0,13,0,210,13,0,0,194,0,7,0,187,7,0,0,162,0,10,0,152,10,0,0,392,0,20,1,371,20,0,0,296,0,6,0,290,6,0,0,2,8,1,0,1,20,1,1,2,1,1,2,1,2,6,2,1,1,1,1,2,0,0,1,Watch
2025-12-12,Friday,5,50,12,Winter,0,0,0,0,0,0,0,0.0,24.4,17.9,57.5,,0,0,0,87,19,7,9,6,122,120.0,147.0,117.0,122.71,12.07,119.0,123.07,None,0,3,13,1,2,2,3,2,1,1,4,6,7,0,0,28,13,4,2,13,13,0,13,10,1,0,0,9,1,0,1,28,13,2,0,15,13,0,13,0,210,0,10,0,200,10,0,1,187,0,3,0,184,3,0,0,152,0,12,0,140,12,0,0,371,0,22,1,348,22,0,0,290,0,14,0,276,14,0,0,2,12,1,0,1,8,0,0,2,1,1,1,1,2,6,1,1,1,1,1,4,0,0,0,Normal
2025-12-13,Saturday,6,50,12,Winter,1,0,0,0,0,0,0,0.0,22.9,14.5,58.9,,0,0,0,82,18,8,10,6,118,122.0,120.0,110.0,123.43,11.85,119.0,123.29,None,0,4,7,6,1,0,4,2,0,2,1,3,7,0,0,28,17,1,1,10,17,0,17,10,1,0,2,7,1,0,1,28,11,3,2,15,11,0,11,0,200,0,12,0,188,12,0,0,184,0,7,0,177,7,0,0,420,280,11,0,409,11,0,0,348,0,21,1,326,21,0,0,276,0,6,0,270,6,0,0,2,8,0,0,1,8,1,0,2,1,1,1,1,2,6,1,1,1,1,1,4,0,0,0,Normal
2025-12-14,Sunday,7,50,12,Winter,1,0,0,0,0,0,0,0.0,21.6,13.5,56.7,,0,0,0,78,17,6,14,8,115,118.0,122.0,112.0,124.57,10.85,108.0,123.21,None,0,10,5,1,1,0,2,2,0,2,1,3,6,0,0,28,14,6,2,12,14,0,14,10,3,1,1,6,3,0,3,28,11,2,1,16,11,0,11,0,188,0,12,0,176,12,0,0,177,0,3,0,174,3,0,0,409,0,12,0,397,12,0,0,326,0,20,1,305,20,0,0,270,0,6,0,264,6,0,0,2,8,0,0,1,8,0,0,2,1,2,1,1,2,6,1,1,1,2,2,4,0,0,0,Normal
2025-12-15,Monday,1,51,12,Winter,0,0,0,0,0,0,0,0.0,20.3,12.4,59.5,,0,0,0,100,16,7,6,7,129,115.0,118.0,120.0,125.0,10.39,125.0,123.71,None,0,7,6,2,1,1,4,2,1,0,2,4,6,0,0,28,18,2,1,9,18,0,18,10,0,3,0,10,0,0,0,28,10,2,0,18,10,0,10,0,176,0,11,0,165,11,0,0,174,0,3,0,171,3,0,0,397,0,12,0,385,12,0,0,1005,700,21,2,982,21,0,0,264,0,6,0,258,6,0,0,2,12,1,0,1,8,1,0,3,1,1,1,1,2,6,1,1,1,1,1,3,0,0,0,Normal
2025-12-16,Tuesday,2,51,12,Winter,0,0,0,0,0,1,0,0.0,20.9,13.4,64.7,,0,0,0,91,20,12,7,7,130,129.0,115.0,133.0,126.29,10.25,129.0,124.0,None,0,8,7,5,0,1,3,5,0,4,2,4,7,0,0,28,20,2,0,8,20,0,20,10,1,0,2,7,1,0,1,28,10,2,2,16,10,0,10,0,165,0,13,0,152,13,0,0,171,0,6,0,165,6,0,0,385,0,13,0,372,13,0,0,982,0,23,2,957,23,0,0,258,0,8,0,250,8,0,0,2,8,1,0,1,8,0,0,2,1,1,1,1,2,6,2,1,1,1,1,4,0,0,0,Normal
2025-12-17,Wednesday,3,51,12,Winter,0,0,0,1,0,0,1,0.0,20.4,13.7,57.4,,0,0,0,105,16,5,13,8,139,130.0,129.0,147.0,125.86,10.02,138.0,124.07,None,0,5,9,0,2,0,2,2,0,1,2,4,5,0,0,28,18,6,0,10,18,0,18,10,5,0,4,1,5,0,5,28,10,0,1,17,10,0,10,0,452,300,12,1,439,12,0,0,165,0,2,0,163,2,0,0,372,0,12,0,360,12,0,0,957,0,21,2,934,21,0,0,250,0,4,0,246,4,0,0,2,8,0,0,1,8,0,0,3,1,2,1,1,2,6,1,1,1,1,1,2,0,0,0,Normal
2025-12-18,Thursday,4,51,12,Winter,0,0,0,0,0,1,0,0.0,22.4,15.3,52.3,,0,0,0,87,19,10,5,5,121,139.0,130.0,120.0,124.71,7.74,126.0,124.14,None,0,7,6,4,2,1,2,4,1,3,2,4,5,0,0,28,14,8,1,13,14,0,14,10,2,3,1,7,2,0,2,28,10,1,1,17,10,0,10,0,439,0,10,1,428,10,0,0,163,0,6,0,157,6,0,0,360,0,12,0,348,12,0,0,934,0,22,2,910,22,0,0,246,0,6,0,240,6,0,0,2,12,1,0,1,8,0,0,2,1,1,1,1,2,6,1,1,1,1,1,3,0,0,0,Normal
2025-12-19,Friday,5,51,12,Winter,0,0,0,0,0,0,0,0.0,22.2,13.3,57.7,,0,0,0,86,19,7,5,7,117,121.0,139.0,122.0,124.86,7.66,117.0,123.79,None,0,7,5,6,1,0,5,1,0,1,1,3,6,0,0,28,18,0,1,9,18,0,18,10,2,1,0,8,2,0,2,28,12,0,2,14,12,0,12,0,428,0,13,1,414,13,0,0,157,0,7,0,150,7,0,0,348,0,12,0,336,12,0,0,910,0,22,2,886,22,0,0,240,0,6,0,234,6,0,0,2,8,0,0,1,8,1,0,2,1,1,1,1,2,6,1,1,1,1,1,4,0,0,0,Normal
2025-12-20,Saturday,6,51,12,Winter,1,0,0,0,0,0,0,0.0,18.7,10.3,57.1,,0,0,0,81,17,7,13,8,118,117.0,121.0,118.0,124.14,8.11,110.0,123.79,None,0,7,5,2,3,0,4,2,0,1,1,3,7,0,0,28,21,3,0,7,21,0,21,10,1,2,2,7,1,0,1,28,10,3,0,18,10,0,10,0,414,0,13,1,400,13,0,0,150,0,4,0,146,4,0,0,336,0,11,0,325,11,0,0,886,0,20,2,864,20,0,0,234,0,4,0,230,4,0,0,2,8,0,0,1,8,1,0,2,1,2,1,1,2,6,1,1,1,1,1,3,0,0,0,Normal
2025-12-21,Sunday,7,51,12,Winter,1,0,0,0,0,0,0,0.0,20.6,14.0,58.7,,0,0,0,76,19,7,10,7,112,118.0,117.0,115.0,124.14,8.11,112.0,124.36,None,0,5,9,2,3,0,3,2,0,2,2,4,6,0,0,28,24,3,0,4,24,0,24,10,1,1,1,8,1,0,1,28,9,1,0,19,9,0,9,0,400,0,12,1,387,12,0,0,146,0,4,0,142,4,0,0,325,0,11,0,314,11,0,0,864,0,21,2,841,21,0,0,230,0,4,0,226,4,0,1,2,8,0,0,1,8,0,0,2,1,1,1,1,2,6,1,1,1,1,1,4,0,0,0,Normal
2025-12-22,Monday,1,52,12,Winter,0,0,0,0,0,0,0,0.2,20.1,12.3,56.5,,0,0,0,95,17,6,7,7,125,112.0,118.0,129.0,123.71,8.65,120.0,124.36,None,0,7,6,4,0,1,2,2,0,2,2,4,4,0,0,28,23,5,1,4,23,0,23,10,2,0,0,8,2,0,2,28,10,1,2,16,10,0,10,0,387,0,12,1,374,12,0,0,142,0,5,0,137,5,0,0,314,0,12,0,302,12,0,0,841,0,21,2,818,21,0,0,226,0,8,0,218,8,0,0,2,8,0,0,1,8,0,0,2,1,1,1,1,2,6,1,1,1,1,1,3,0,0,0,Normal
2025-12-23,Tuesday,2,52,12,Winter,0,0,0,0,0,1,0,0.0,21.1,13.1,62.5,,0,0,0,88,22,10,8,7,128,125.0,112.0,130.0,123.14,8.41,133.0,124.71,None,0,9,8,3,2,2,3,5,1,1,3,5,8,0,0,28,21,3,2,5,21,0,21,10,4,1,1,5,4,0,4,28,12,1,2,14,12,0,12,0,374,0,13,1,360,13,0,0,137,0,5,0,132,5,0,0,302,0,14,0,288,14,0,0,818,0,25,2,791,25,0,0,218,0,12,0,206,12,0,0,2,12,1,0,1,8,0,0,2,1,1,1,1,2,7,1,1,1,1,1,3,0,0,0,Normal
2025-12-24,Wednesday,3,52,12,Winter,0,0,0,1,0,0,1,1.2,23.0,15.0,51.4,,0,0,0,102,12,6,17,7,137,128.0,125.0,139.0,122.86,8.2,147.0,124.36,None,0,4,6,2,0,1,2,3,1,0,2,4,6,0,0,28,22,3,0,6,22,0,22,10,5,2,1,4,5,0,5,28,10,2,0,18,10,0,10,0,360,0,11,1,348,11,0,0,132,0,3,0,129,3,0,1,288,0,10,0,278,10,0,0,791,0,18,2,771,18,0,0,206,0,4,0,202,4,0,0,2,12,1,0,1,8,0,0,3,1,2,1,1,2,7,1,1,1,2,2,4,0,0,0,Normal
2025-12-25,Thursday,4,52,12,Winter,0,1,0,0,0,1,1,0.0,22.4,14.7,54.5,,0,0,0,90,15,11,8,7,124,137.0,128.0,121.0,122.57,7.65,120.0,123.64,None,0,1,5,6,3,1,6,5,0,0,2,4,6,0,0,28,21,4,0,7,21,0,21,10,4,2,0,6,4,0,4,28,11,2,2,15,11,0,11,0,348,0,12,1,335,12,0,0,129,0,7,0,122,7,0,0,278,0,10,0,268,10,0,0,771,0,19,2,750,19,0,0,202,0,9,0,193,9,0,0,2,8,1,0,1,20,1,1,2,1,1,2,1,2,7,2,1,1,1,1,4,0,0,1,Watch
2025-12-26,Friday,5,52,12,Winter,0,0,0,0,0,0,0,0.0,23.6,15.1,56.9,,0,0,0,88,19,5,4,7,116,124.0,137.0,117.0,123.0,7.63,122.0,123.93,None,0,7,2,5,5,0,2,3,0,0,0,2,8,0,0,28,18,7,1,9,18,0,18,10,4,1,0,6,4,0,4,28,13,0,0,15,13,0,13,0,335,0,13,1,321,13,0,0,122,0,6,0,116,6,0,0,268,0,12,0,256,12,0,0,750,0,22,1,727,22,0,0,193,0,5,0,188,5,0,0,2,8,0,0,1,8,0,0,2,1,1,1,1,2,6,1,1,1,1,1,3,0,0,0,Normal
2025-12-27,Saturday,6,52,12,Winter,1,0,0,0,0,0,0,0.0,21.5,13.2,52.0,,0,0,0,78,15,6,13,8,112,116.0,124.0,118.0,122.86,7.75,118.0,123.5,None,0,5,5,3,2,1,4,1,0,1,2,4,6,0,0,28,16,6,0,12,16,0,16,10,3,4,1,6,3,0,3,28,14,0,1,13,14,0,14,0,321,0,13,1,307,13,0,0,116,0,4,0,112,4,0,0,256,0,10,0,246,10,0,0,727,0,18,1,708,18,0,0,188,0,5,0,183,5,0,0,2,8,0,0,1,8,1,0,2,1,2,1,1,2,6,1,1,1,1,1,3,0,0,0,Normal
2025-12-28,Sunday,7,52,12,Winter,1,0,0,0,0,0,0,0.0,21.2,12.4,54.8,,0,0,0,74,18,9,11,7,112,112.0,116.0,112.0,122.0,8.54,115.0,123.07,None,0,6,3,4,5,2,3,3,0,3,2,4,4,0,0,28,19,1,2,7,19,0,19,10,0,3,2,8,0,0,0,28,11,6,1,16,11,0,11,0,307,0,12,1,294,12,0,0,112,0,5,0,107,5,0,0,246,0,11,0,235,11,0,0,708,0,20,1,687,20,0,0,583,400,9,1,573,9,0,0,2,8,0,0,1,8,0,0,2,1,1,1,1,2,6,1,1,1,1,1,3,0,0,0,Normal
2025-12-29,Monday,1,1,12,Winter,0,0,0,0,0,0,0,0.0,21.9,13.4,58.4,,0,0,0,97,16,7,7,7,127,112.0,112.0,125.0,122.0,8.54,129.0,122.86,None,0,4,7,2,3,0,4,2,0,1,1,3,8,0,0,28,11,12,1,16,11,0,11,10,2,0,0,8,2,0,2,28,10,2,0,18,10,0,10,0,294,0,11,1,282,11,0,0,357,250,3,1,353,3,0,0,235,0,11,0,224,11,0,0,687,0,21,1,665,21,0,0,573,0,6,1,566,6,0,0,2,8,0,0,1,8,1,0,3,1,1,1,1,2,5,1,1,1,1,1,2,0,0,0,Normal
2025-12-30,Tuesday,2,1,12,Winter,0,0,0,0,1,1,0,0.4,20.3,12.9,45.3,,0,0,0,105,17,14,7,9,143,127.0,112.0,128.0,122.29,8.66,130.0,122.71,None,0,3,5,6,3,0,6,6,0,2,1,3,5,0,0,28,15,2,1,12,15,0,15,10,1,1,0,9,1,0,1,28,13,0,2,13,13,0,13,0,282,0,15,1,266,15,0,0,353,0,7,1,345,7,0,0,224,0,12,0,212,12,0,0,665,0,22,1,642,22,0,0,566,0,8,1,557,8,0,0,2,16,1,1,1,20,1,1,3,1,1,2,2,2,6,2,1,1,1,1,2,0,0,2,Watch
2025-12-31,Wednesday,3,1,12,Winter,0,0,0,1,0,0,1,0.0,19.1,12.1,54.9,,0,0,0,101,9,7,13,8,130,143.0,127.0,137.0,124.43,11.27,139.0,123.64,None,0,4,2,2,1,0,3,1,0,3,1,3,8,0,0,28,17,3,1,10,17,0,17,10,3,0,2,5,3,0,3,28,11,3,0,17,11,0,11,0,266,0,12,1,253,12,0,0,345,0,3,1,341,3,0,0,212,0,9,0,203,9,0,1,642,0,15,1,626,15,0,0,557,0,3,1,553,3,0,0,2,8,0,0,1,8,0,0,3,1,2,1,1,2,6,1,1,1,1,1,3,0,0,0,Normal
