date,day_of_week,day_of_week_num,week_of_year,month,season,is_weekend,public_holiday,festival_flag,weekly_market_day,vaccination_camp_flag,maternal_clinic_day,local_event_intensity,rainfall_mm,temperature_max_c,temperature_min_c,humidity_pct,outbreak_type,outbreak_severity_0_5,surveillance_alert,affected_villages,general_opd_arrivals,fever_infectious_arrivals,maternal_child_arrivals,trauma_emergency_arrivals,expected_admissions,total_patient_arrivals,patients_lag_1,patients_lag_2,patients_lag_7,rolling_mean_7,rolling_std_7,patients_lag_14,rolling_mean_14
2020-01-01,Wednesday,3,1,1,Winter,0,0,0,1,0,0,1,0.0,22.1,13.3,48.1,None,0,0,0,93,13,6,14,6,126,,,,,,,
2020-01-02,Thursday,4,1,1,Winter,0,0,0,0,1,1,0,0.0,19.6,12.7,59.4,None,0,0,0,82,19,15,8,8,124,126,,,,,,
2020-01-03,Friday,5,1,1,Winter,0,0,0,0,0,0,0,0.0,22.7,14.5,47.4,None,0,0,0,83,18,5,4,5,110,124,126,,,,,
2020-01-04,Saturday,6,1,1,Winter,1,0,0,0,0,0,0,0.0,23.8,13.6,49.4,None,0,0,0,70,14,9,14,9,107,110,124,,,,,
2020-01-05,Sunday,7,1,1,Winter,1,0,0,0,0,0,0,0.0,20.7,11.6,60.5,None,0,0,0,69,20,7,8,7,104,107,110,,,,,
2020-01-06,Monday,1,2,1,Winter,0,0,0,0,0,0,0,0.0,21.3,14.9,60.4,Respiratory,3,1,5,107,39,7,5,9,158,104,107,,,,,
2020-01-07,Tuesday,2,2,1,Winter,0,0,0,0,0,1,0,0.0,22.4,16.0,61.3,Respiratory,3,1,5,101,40,12,7,9,160,158,104,,,,,
2020-01-08,Wednesday,3,2,1,Winter,0,0,0,1,0,0,1,0.0,22.1,15.0,53.9,Respiratory,3,1,3,112,41,7,11,9,171,160,158,126,127.0,21.64,,
2020-01-09,Thursday,4,2,1,Winter,0,0,0,0,0,1,0,0.0,22.9,14.5,53.1,Respiratory,3,1,3,96,38,11,6,9,151,171,160,124,133.43,26.52,,
2020-01-10,Friday,5,2,1,Winter,0,0,0,0,0,0,0,0.5,21.5,14.3,55.9,Respiratory,3,1,5,92,37,8,5,6,142,151,171,110,137.29,26.83,,
2020-01-11,Saturday,6,2,1,Winter,1,0,0,0,0,0,0,0.0,19.3,11.2,61.4,Respiratory,3,1,4,88,43,6,10,9,147,142,151,107,141.86,24.41,,
2020-01-12,Sunday,7,2,1,Winter,1,0,0,0,0,0,0,0.0,21.0,13.3,53.9,Respiratory,3,1,4,83,42,7,11,10,143,147,142,104,147.57,19.83,,
2020-01-13,Monday,1,3,1,Winter,0,0,0,0,0,0,0,0.0,27.9,18.9,48.2,Respiratory,3,1,4,106,37,7,7,9,157,143,147,158,153.14,9.7,,
2020-01-14,Tuesday,2,3,1,Winter,0,0,0,0,0,1,0,1.7,23.3,17.6,48.2,Respiratory,3,1,5,102,36,13,5,9,156,157,143,160,153.0,9.64,,
2020-01-15,Wednesday,3,3,1,Winter,0,0,0,1,0,0,1,0.0,21.6,13.7,57.6,Respiratory,3,1,5,104,34,7,12,9,157,156,157,171,152.43,9.32,126,139.71
2020-01-16,Thursday,4,3,1,Winter,0,0,0,0,0,1,0,0.0,22.6,14.3,52.2,Respiratory,3,1,5,93,36,11,6,9,146,157,156,151,150.43,6.04,124,141.93
2020-01-17,Friday,5,3,1,Winter,0,0,0,0,0,0,0,0.0,22.2,12.9,56.2,Respiratory,3,1,5,97,39,7,9,8,152,146,157,142,149.71,6.23,110,143.5
2020-01-18,Saturday,6,3,1,Winter,1,0,0,0,0,0,0,0.0,26.2,18.5,52.6,Respiratory,3,1,5,85,40,8,13,10,146,152,146,147,151.14,5.38,107,146.5
2020-01-19,Sunday,7,3,1,Winter,1,0,0,0,0,0,0,0.0,25.1,19.4,52.4,Respiratory,3,1,4,83,43,7,12,9,145,146,152,143,151.0,5.5,104,149.29
2020-01-20,Monday,1,4,1,Winter,0,0,0,0,0,0,0,1.6,23.0,15.0,60.8,Respiratory,3,1,5,106,37,7,8,10,158,145,146,157,151.29,5.12,158,152.21
2020-01-21,Tuesday,2,4,1,Winter,0,0,0,0,0,1,0,0.0,23.3,14.2,54.5,Respiratory,3,1,4,103,32,12,2,7,149,158,145,156,151.43,5.29,160,152.21
2020-01-22,Wednesday,3,4,1,Winter,0,0,0,1,0,0,1,0.0,23.7,15.2,58.5,Respiratory,3,1,5,117,39,7,15,11,178,149,158,157,150.43,4.98,171,151.43
2020-01-23,Thursday,4,4,1,Winter,0,0,0,0,0,1,0,0.0,21.3,13.4,52.0,Respiratory,3,1,4,99,37,12,7,10,155,178,149,146,153.43,10.87,151,151.93
2020-01-24,Friday,5,4,1,Winter,0,0,0,0,0,0,0,0.0,21.4,14.6,49.2,Respiratory,3,1,4,98,34,7,8,9,147,155,178,152,154.71,10.44,142,152.21
2020-01-25,Saturday,6,4,1,Winter,1,0,0,0,0,0,0,0.5,24.2,17.9,55.2,Respiratory,3,1,4,86,41,9,14,11,150,147,155,146,154.0,10.77,147,152.57
2020-01-26,Sunday,7,4,1,Winter,1,1,0,0,0,0,1,0.0,23.0,14.6,54.1,Respiratory,3,1,5,84,37,7,13,9,141,150,147,145,154.57,10.43,143,152.79
2020-01-27,Monday,1,5,1,Winter,0,0,0,0,0,0,0,0.0,23.8,15.0,54.4,Respiratory,3,1,4,109,38,6,5,7,158,141,150,158,154.0,11.03,157,152.64
2020-01-28,Tuesday,2,5,1,Winter,0,0,0,0,0,1,0,0.0,23.4,15.7,54.6,Respiratory,3,1,4,104,40,10,6,7,160,158,141,149,154.0,11.03,156,152.71
2020-01-29,Wednesday,3,5,1,Winter,0,0,0,1,0,0,1,0.0,23.4,15.5,54.1,Respiratory,3,1,4,112,38,7,14,10,171,160,158,178,155.57,10.99,157,153.0
2020-01-30,Thursday,4,5,1,Winter,0,0,0,0,0,1,0,0.0,24.8,16.0,54.9,Respiratory,3,1,5,97,37,12,8,9,154,171,160,155,154.57,9.05,146,154.0
2020-01-31,Friday,5,5,1,Winter,0,0,0,0,0,0,0,0.0,24.3,17.8,62.4,Respiratory,3,1,5,101,41,8,7,9,157,154,171,147,154.43,9.05,152,154.57
2020-02-01,Saturday,6,5,2,Winter,1,0,0,0,1,0,0,0.1,23.3,13.6,50.8,Respiratory,3,1,5,88,39,12,11,10,150,157,154,150,155.86,8.54,146,154.93
2020-02-02,Sunday,7,5,2,Winter,1,0,0,0,0,0,0,0.0,21.8,14.0,65.8,Respiratory,3,1,5,88,42,7,12,10,149,150,157,141,155.86,8.54,145,155.21
2020-02-03,Monday,1,6,2,Winter,0,0,0,0,0,0,0,0.0,23.9,16.4,55.5,Respiratory,3,1,6,104,39,8,7,8,158,149,150,158,157.0,6.85,158,155.5
2020-02-04,Tuesday,2,6,2,Winter,0,0,0,0,0,1,0,0.0,25.9,16.0,56.3,Respiratory,3,1,4,105,41,13,5,10,164,158,149,160,157.0,6.85,149,155.5
2020-02-05,Wednesday,3,6,2,Winter,0,0,0,1,0,0,1,0.0,21.6,14.5,60.7,Respiratory,3,1,4,108,40,8,13,11,169,164,158,171,157.57,7.23,178,156.57
2020-02-06,Thursday,4,6,2,Winter,0,0,0,0,0,1,0,0.0,23.3,14.9,53.3,None,0,0,0,84,17,12,10,8,123,169,164,154,157.29,6.71,155,155.93
2020-02-07,Friday,5,6,2,Winter,0,0,0,0,0,0,0,0.1,23.6,18.1,50.4,None,0,0,0,82,20,8,7,7,117,123,169,157,152.86,13.85,147,153.64
2020-02-08,Saturday,6,6,2,Winter,1,0,0,0,0,0,0,0.0,24.1,14.1,50.5,None,0,0,0,76,18,7,13,8,114,117,123,150,147.14,18.45,150,151.5
2020-02-09,Sunday,7,6,2,Winter,1,0,0,0,0,0,0,0.0,24.5,15.3,55.2,None,0,0,0,70,22,5,9,6,106,114,117,149,142.0,21.67,141,148.93
2020-02-10,Monday,1,7,2,Winter,0,0,0,0,0,0,0,0.0,23.7,16.0,49.6,None,0,0,0,96,16,7,5,5,124,106,114,158,135.86,24.7,158,146.43
2020-02-11,Tuesday,2,7,2,Winter,0,0,0,0,0,1,0,0.0,24.2,17.3,49.6,None,0,0,0,90,18,11,8,7,127,124,106,164,131.0,23.16,160,144.0
2020-02-12,Wednesday,3,7,2,Winter,0,0,0,1,0,0,1,0.0,25.5,17.5,53.1,None,0,0,0,97,22,9,12,9,140,127,124,169,125.71,18.85,171,141.64
2020-02-13,Thursday,4,7,2,Winter,0,0,0,0,0,1,0,0.0,27.8,17.5,55.7,None,0,0,0,82,17,13,7,7,119,140,127,123,121.57,9.98,154,139.43
2020-02-14,Friday,5,7,2,Winter,0,0,0,0,0,0,0,0.0,23.5,16.3,54.4,None,0,0,0,82,18,7,3,4,110,119,140,117,121.0,10.0,157,136.93
2020-02-15,Saturday,6,7,2,Winter,1,0,0,0,0,0,0,0.0,21.6,16.3,54.5,None,0,0,0,76,20,7,12,8,115,110,119,114,120.0,10.68,150,133.57
2020-02-16,Sunday,7,7,2,Winter,1,0,0,0,0,0,0,0.0,23.8,15.1,48.5,None,0,0,0,71,18,7,11,7,107,115,110,106,120.14,10.6,149,131.07
2020-02-17,Monday,1,8,2,Winter,0,0,0,0,0,0,0,0.3,25.9,16.1,58.1,None,0,0,0,95,19,7,4,6,125,107,115,124,120.29,10.42,158,128.07
2020-02-18,Tuesday,2,8,2,Winter,0,0,0,0,0,1,0,0.0,22.3,13.1,55.4,None,0,0,0,88,20,13,10,8,131,125,107,127,120.43,10.47,164,125.71
2020-02-19,Wednesday,3,8,2,Winter,0,0,0,1,0,0,1,0.0,26.7,18.6,50.4,None,0,0,0,95,19,9,13,10,136,131,125,140,121.0,10.92,169,123.36
2020-02-20,Thursday,4,8,2,Winter,0,0,0,0,1,1,0,0.9,27.6,20.0,50.3,None,0,0,0,93,19,16,9,7,137,136,131,119,120.43,9.97,123,121.0
2020-02-21,Friday,5,8,2,Winter,0,0,0,0,0,0,0,0.0,21.8,12.8,49.3,None,0,0,0,90,19,8,6,6,123,137,136,110,123.0,11.48,117,122.0
2020-02-22,Saturday,6,8,2,Winter,1,0,0,0,0,0,0,2.2,21.7,13.4,52.8,None,0,0,0,72,19,6,12,8,109,123,137,115,124.86,10.2,114,122.43
2020-02-23,Sunday,7,8,2,Winter,1,0,0,0,0,0,0,0.0,25.0,20.0,40.9,None,0,0,0,68,18,7,12,8,105,109,123,107,124.0,11.2,106,122.07
2020-02-24,Monday,1,9,2,Winter,0,0,0,0,0,0,0,0.0,28.6,20.9,53.9,None,0,0,0,91,18,6,7,7,122,105,109,125,123.71,11.65,124,122.0
2020-02-25,Tuesday,2,9,2,Winter,0,0,0,0,0,1,0,0.0,26.1,20.0,43.6,None,0,0,0,93,17,13,10,9,133,122,105,131,123.29,11.65,127,121.86
2020-02-26,Wednesday,3,9,2,Winter,0,0,0,1,1,0,1,0.0,26.8,15.6,52.3,None,0,0,0,100,16,13,13,8,142,133,122,136,123.57,11.85,140,122.29
2020-02-27,Thursday,4,9,2,Winter,0,0,0,0,0,1,0,0.0,27.3,19.5,45.0,None,0,0,0,88,21,14,6,7,129,142,133,137,124.43,12.89,119,122.43
2020-02-28,Friday,5,9,2,Winter,0,0,0,0,0,0,0,0.0,25.2,17.5,44.9,None,0,0,0,83,18,7,9,8,117,129,142,123,123.29,12.06,110,123.14
2020-02-29,Saturday,6,9,2,Winter,1,0,0,0,0,0,0,1.3,27.6,21.4,51.8,None,0,0,0,76,19,10,13,6,118,117,129,109,122.43,12.26,115,123.64
2020-03-01,Sunday,7,9,3,Summer,1,0,1,0,0,0,3,0.0,25.5,17.7,56.6,None,0,0,0,76,23,8,22,9,129,118,117,105,123.71,11.21,107,123.86
2020-03-02,Monday,1,10,3,Summer,0,0,0,0,0,0,0,0.0,29.3,20.6,42.9,None,0,0,0,92,15,8,8,7,123,129,118,122,127.14,8.24,125,125.43
2020-03-03,Tuesday,2,10,3,Summer,0,0,0,0,0,1,0,0.0,27.4,19.4,59.0,None,0,0,0,95,18,15,8,9,136,123,129,133,127.29,8.15,131,125.29
2020-03-04,Wednesday,3,10,3,Summer,0,0,0,1,0,0,1,0.0,26.4,18.7,56.5,None,0,0,0,101,21,9,14,9,145,136,123,142,127.71,8.51,136,125.64
2020-03-05,Thursday,4,10,3,Summer,0,0,0,0,0,1,0,0.0,24.9,17.9,51.8,None,0,0,0,83,21,13,8,7,125,145,136,129,128.14,9.26,137,126.29
2020-03-06,Friday,5,10,3,Summer,0,0,0,0,0,0,0,0.0,29.0,21.2,54.9,None,0,0,0,84,20,8,6,8,118,125,145,117,127.57,9.32,123,125.43
2020-03-07,Saturday,6,10,3,Summer,1,0,0,0,0,0,0,0.0,26.5,15.7,52.2,None,0,0,0,74,19,9,11,6,113,118,125,118,127.71,9.16,109,125.07
2020-03-08,Sunday,7,10,3,Summer,1,0,0,0,0,0,0,0.0,24.5,18.2,43.4,None,0,0,0,78,13,8,14,8,113,113,118,129,127.0,10.04,105,125.36
2020-03-09,Monday,1,11,3,Summer,0,0,0,0,0,0,0,0.0,27.8,19.7,46.5,None,0,0,0,94,18,8,7,6,127,113,113,123,124.71,11.09,122,125.93
2020-03-10,Tuesday,2,11,3,Summer,0,0,0,0,0,1,0,0.0,25.2,17.6,47.3,None,0,0,0,90,16,15,7,8,128,127,113,136,125.29,11.09,133,126.29
2020-03-11,Wednesday,3,11,3,Summer,0,0,1,1,0,0,3,0.0,27.9,22.5,50.2,None,0,0,0,108,13,7,22,9,150,128,127,145,124.14,10.32,142,125.93
2020-03-12,Thursday,4,11,3,Summer,0,0,0,0,0,1,0,0.3,29.4,21.8,47.8,None,0,0,0,91,17,11,8,8,127,150,128,125,124.86,11.8,129,126.5
2020-03-13,Friday,5,11,3,Summer,0,0,0,0,0,0,0,0.2,27.8,18.6,46.0,None,0,0,0,83,21,8,8,7,120,127,150,118,125.14,11.83,117,126.36
2020-03-14,Saturday,6,11,3,Summer,1,0,0,0,0,0,0,1.2,27.2,17.6,47.5,None,0,0,0,72,16,8,10,6,106,120,127,113,125.43,11.67,118,126.57
2020-03-15,Sunday,7,11,3,Summer,1,0,0,0,0,0,0,0.0,26.4,19.3,50.3,None,0,0,0,70,15,8,10,6,103,106,120,113,124.43,12.93,129,125.71
2020-03-16,Monday,1,12,3,Summer,0,0,0,0,0,0,0,0.0,27.9,19.0,49.7,None,0,0,0,94,20,6,8,8,128,103,106,127,123.0,14.56,123,123.86
2020-03-17,Tuesday,2,12,3,Summer,0,0,0,0,0,1,0,0.0,27.4,18.8,43.6,None,0,0,0,89,16,12,5,7,122,128,103,128,123.14,14.6,136,124.21
2020-03-18,Wednesday,3,12,3,Summer,0,0,0,1,0,0,1,0.0,26.6,18.1,51.7,None,0,0,0,100,21,10,10,8,141,122,128,150,122.29,14.47,145,123.21
2020-03-19,Thursday,4,12,3,Summer,0,0,0,0,0,1,0,0.0,30.2,21.6,46.3,None,0,0,0,88,17,13,8,10,126,141,122,127,121.0,12.17,125,122.93
2020-03-20,Friday,5,12,3,Summer,0,0,0,0,0,0,0,0.0,25.0,16.6,52.2,None,0,0,0,86,21,6,9,7,122,126,141,120,120.86,12.1,118,123.0
2020-03-21,Saturday,6,12,3,Summer,1,0,0,0,0,0,0,0.0,29.9,23.4,48.0,None,0,0,0,72,20,9,11,6,112,122,126,106,121.14,12.1,113,123.29
2020-03-22,Sunday,7,12,3,Summer,1,0,0,0,0,0,0,0.0,29.1,24.0,49.0,None,0,0,0,73,16,8,13,8,110,112,122,103,122.0,11.17,113,123.21
2020-03-23,Monday,1,13,3,Summer,0,0,0,0,0,0,0,0.0,27.7,19.9,42.8,None,0,0,0,101,14,8,10,8,133,110,112,128,123.0,9.64,127,123.0
2020-03-24,Tuesday,2,13,3,Summer,0,0,0,0,0,1,0,0.4,27.2,19.0,47.6,None,0,0,0,93,19,13,5,8,130,133,110,122,123.71,10.15,128,123.43
2020-03-25,Wednesday,3,13,3,Summer,0,0,0,1,0,0,1,0.0,29.1,22.0,44.6,None,0,0,0,98,18,8,13,8,137,130,133,141,124.86,10.34,150,123.57
2020-03-26,Thursday,4,13,3,Summer,0,0,0,0,0,1,0,0.0,30.1,22.7,42.4,None,0,0,0,85,17,13,11,7,126,137,130,126,124.29,9.51,127,122.64
2020-03-27,Friday,5,13,3,Summer,0,0,0,0,0,0,0,0.0,29.1,22.4,39.4,None,0,0,0,85,17,10,7,6,119,126,137,122,124.29,9.51,120,122.57
2020-03-28,Saturday,6,13,3,Summer,1,0,0,0,0,0,0,0.0,25.0,16.2,52.5,None,0,0,0,79,15,10,9,6,113,119,126,112,123.86,9.67,106,122.5
2020-03-29,Sunday,7,13,3,Summer,1,0,0,0,0,0,0,0.0,32.2,22.8,44.1,None,0,0,0,73,17,8,9,6,107,113,119,110,124.0,9.5,103,123.0
2020-03-30,Monday,1,14,3,Summer,0,0,1,0,0,0,3,0.0,30.6,24.2,48.0,None,0,0,0,97,19,8,17,9,141,107,113,133,123.57,10.17,128,123.29
2020-03-31,Tuesday,2,14,3,Summer,0,0,0,0,0,1,0,0.0,28.3,19.2,46.7,None,0,0,0,94,21,16,5,8,136,141,107,130,124.71,11.52,122,124.21
2020-04-01,Wednesday,3,14,4,Summer,0,0,0,1,0,0,1,0.0,27.2,20.2,46.0,None,0,0,0,97,19,8,17,9,141,136,141,137,125.57,12.09,141,125.21
2020-04-02,Thursday,4,14,4,Summer,0,0,0,0,0,1,0,0.0,29.5,23.0,49.6,None,0,0,0,89,15,15,8,8,127,141,136,126,126.14,12.7,126,125.21
2020-04-03,Friday,5,14,4,Summer,0,0,0,0,0,0,0,0.0,25.3,18.5,56.2,None,0,0,0,87,22,7,7,7,123,127,141,119,126.29,12.7,122,125.29
2020-04-04,Saturday,6,14,4,Summer,1,0,0,0,0,0,0,0.0,29.0,23.2,48.2,None,0,0,0,76,18,9,11,7,114,123,127,113,126.86,12.45,112,125.36
2020-04-05,Sunday,7,14,4,Summer,1,0,0,0,0,0,0,0.7,29.8,24.1,48.6,None,0,0,0,68,13,9,11,7,101,114,123,107,127.0,12.29,110,125.5
2020-04-06,Monday,1,15,4,Summer,0,0,0,0,0,0,0,0.0,28.9,20.1,51.9,None,0,0,0,97,16,9,8,8,130,101,114,141,126.14,13.78,133,124.86
2020-04-07,Tuesday,2,15,4,Summer,0,0,0,0,0,1,0,0.0,28.3,20.6,44.9,None,0,0,0,94,17,14,7,9,132,130,101,136,124.57,12.57,130,124.64
2020-04-08,Wednesday,3,15,4,Summer,0,0,0,1,0,0,1,0.0,28.4,21.1,43.3,None,0,0,0,95,17,8,12,8,132,132,130,141,124.0,12.12,137,124.79
2020-04-09,Thursday,4,15,4,Summer,0,0,0,0,0,1,0,0.0,28.9,20.7,50.8,None,0,0,0,88,21,14,5,8,128,132,132,127,122.71,10.63,126,124.43
2020-04-10,Friday,5,15,4,Summer,0,0,0,0,0,0,0,0.0,28.3,18.6,50.0,None,0,0,0,89,17,9,8,7,123,128,132,123,122.86,10.7,119,124.57
2020-04-11,Saturday,6,15,4,Summer,1,0,0,0,0,0,0,1.6,29.2,22.6,52.2,None,0,0,0,82,15,9,13,7,119,123,128,114,122.86,10.7,113,124.86
2020-04-12,Sunday,7,15,4,Summer,1,0,0,0,0,0,0,0.0,30.5,24.9,48.4,None,0,0,0,75,20,8,9,5,112,119,123,101,123.57,10.24,107,125.29
2020-04-13,Monday,1,16,4,Summer,0,0,0,0,0,0,0,0.0,30.0,22.7,46.2,None,0,0,0,93,20,9,7,8,129,112,119,130,125.14,6.98,141,125.64
2020-04-14,Tuesday,2,16,4,Summer,0,0,0,0,0,1,0,0.0,28.5,20.5,50.9,None,0,0,0,94,19,11,9,5,133,129,112,132,125.0,6.89,136,124.79
2020-04-15,Wednesday,3,16,4,Summer,0,0,0,1,0,0,1,0.0,29.5,20.3,44.0,None,0,0,0,96,19,9,11,8,135,133,129,132,125.14,7.04,141,124.57
2020-04-16,Thursday,4,16,4,Summer,0,0,0,0,0,1,0,0.0,29.0,19.9,47.2,None,0,0,0,93,14,15,7,7,129,135,133,128,125.57,7.52,127,124.14
2020-04-17,Friday,5,16,4,Summer,0,0,0,0,0,0,0,1.0,29.6,22.6,43.7,None,0,0,0,86,13,8,6,5,113,129,135,123,125.71,7.57,123,124.29
2020-04-18,Saturday,6,16,4,Summer,1,0,0,0,0,0,0,0.0,34.3,26.2,42.0,None,0,0,0,75,18,8,11,7,112,113,129,119,124.29,8.79,114,123.57
2020-04-19,Sunday,7,16,4,Summer,1,0,0,0,0,0,0,0.0,31.2,24.0,44.1,None,0,0,0,75,16,8,12,7,111,112,113,112,123.29,9.69,101,123.43
2020-04-20,Monday,1,17,4,Summer,0,0,0,0,0,0,0,0.0,30.5,22.4,50.7,None,0,0,0,96,22,9,7,7,134,111,112,129,123.14,9.86,130,124.14
2020-04-21,Tuesday,2,17,4,Summer,0,0,0,0,0,1,0,0.0,31.2,23.5,43.8,None,0,0,0,94,18,14,8,8,134,134,111,133,123.86,10.43,132,124.43
2020-04-22,Wednesday,3,17,4,Summer,0,0,0,1,1,0,1,0.0,31.9,23.5,55.3,None,0,0,0,102,20,12,10,10,144,134,134,135,124.0,10.56,132,124.57
2020-04-23,Thursday,4,17,4,Summer,0,0,0,0,0,1,0,0.2,31.2,24.5,42.1,None,0,0,0,91,16,15,7,8,129,144,134,129,125.29,12.23,128,125.43
2020-04-24,Friday,5,17,4,Summer,0,0,0,0,0,0,0,1.0,30.3,21.6,45.0,None,0,0,0,87,14,7,8,4,116,129,144,113,125.29,12.23,123,125.5
2020-04-25,Saturday,6,17,4,Summer,1,0,0,0,0,0,0,0.0,31.8,24.4,47.0,None,0,0,0,77,20,8,11,8,116,116,129,112,125.71,11.84,119,125.0
2020-04-26,Sunday,7,17,4,Summer,1,0,0,0,0,0,0,0.0,32.7,22.4,41.9,None,0,0,0,76,16,8,12,6,112,116,116,111,126.29,11.25,112,124.79
2020-04-27,Monday,1,18,4,Summer,0,0,0,0,0,0,0,0.0,33.6,22.2,37.9,None,0,0,0,92,12,11,7,7,122,112,116,134,126.43,11.06,129,124.79
2020-04-28,Tuesday,2,18,4,Summer,0,0,0,0,0,1,0,1.0,31.2,23.4,46.0,None,0,0,0,88,17,14,5,7,124,122,112,134,124.71,10.67,133,124.29
2020-04-29,Wednesday,3,18,4,Summer,0,0,0,1,0,0,1,0.0,31.9,26.5,48.0,None,0,0,0,102,20,10,12,8,144,124,122,144,123.29,9.98,135,123.64
2020-04-30,Thursday,4,18,4,Summer,0,0,0,0,0,1,0,0.0,30.8,22.3,47.9,None,0,0,0,90,19,15,6,6,130,144,124,129,123.29,9.98,129,124.29
2020-05-01,Friday,5,18,5,Summer,0,1,0,0,0,0,1,0.0,34.6,26.3,47.4,None,0,0,0,86,21,8,7,7,122,130,144,116,123.43,10.07,113,124.36
2020-05-02,Saturday,6,18,5,Summer,1,0,0,0,0,0,0,0.0,32.7,24.1,47.8,None,0,0,0,78,18,9,12,8,117,122,130,116,124.29,9.65,112,125.0
2020-05-03,Sunday,7,18,5,Summer,1,0,0,0,0,0,0,0.0,32.2,25.2,47.0,None,0,0,0,73,18,10,11,9,112,117,122,112,124.43,9.53,111,125.36
2020-05-04,Monday,1,19,5,Summer,0,0,0,0,0,0,0,0.2,31.6,23.2,47.8,None,0,0,0,96,20,9,7,9,132,112,117,122,124.43,9.53,134,125.43
2020-05-05,Tuesday,2,19,5,Summer,0,0,0,0,0,1,0,0.0,32.9,25.8,49.4,None,0,0,0,94,17,14,6,7,131,132,112,124,125.86,9.8,134,125.29
2020-05-06,Wednesday,3,19,5,Summer,0,0,0,1,0,0,1,0.0,32.7,24.0,48.5,None,0,0,0,100,15,10,13,9,138,131,132,144,126.86,9.92,144,125.07
2020-05-07,Thursday,4,19,5,Summer,0,0,0,0,0,1,0,1.0,34.5,23.2,42.3,None,0,0,0,86,16,12,8,7,122,138,131,130,126.0,8.57,129,124.64
2020-05-08,Friday,5,19,5,Summer,0,0,0,0,0,0,0,0.0,33.3,24.7,53.8,None,0,0,0,82,16,7,7,6,112,122,138,122,124.86,8.49,116,124.14
2020-05-09,Saturday,6,19,5,Summer,1,0,0,0,0,0,0,0.0,31.8,21.3,42.9,None,0,0,0,78,17,7,11,7,113,112,122,117,123.43,9.62,116,123.86
2020-05-10,Sunday,7,19,5,Summer,1,0,0,0,0,0,0,0.0,32.2,25.2,46.6,None,0,0,0,77,16,8,12,8,113,113,112,112,122.86,10.09,112,123.64
2020-05-11,Monday,1,20,5,Summer,0,0,0,0,0,0,0,0.0,31.9,23.0,46.5,None,0,0,0,95,15,7,7,6,124,113,113,132,123.0,9.94,122,123.71
2020-05-12,Tuesday,2,20,5,Summer,0,0,0,0,0,1,0,0.0,32.9,25.8,54.4,None,0,0,0,95,16,12,9,7,132,124,113,131,121.86,9.28,124,123.86
2020-05-13,Wednesday,3,20,5,Summer,0,0,0,1,0,0,1,0.0,31.0,23.1,46.0,None,0,0,0,99,13,10,13,8,135,132,124,138,122.0,9.43,144,124.43
2020-05-14,Thursday,4,20,5,Summer,0,0,0,0,0,1,0,0.0,30.2,23.1,43.7,None,0,0,0,91,10,15,5,7,121,135,132,122,121.57,8.73,130,123.79
2020-05-15,Friday,5,20,5,Summer,0,0,0,0,0,0,0,0.6,33.3,24.0,46.1,Diarrheal,3,1,5,100,34,9,7,7,150,121,135,112,121.43,8.73,122,123.14
2020-05-16,Saturday,6,20,5,Summer,1,0,0,0,0,0,0,0.0,32.2,23.7,49.9,Diarrheal,3,1,5,82,29,11,10,7,132,150,121,113,126.86,12.28,117,125.14
2020-05-17,Sunday,7,20,5,Summer,1,0,0,0,0,0,0,0.1,35.1,27.1,45.8,Diarrheal,3,1,4,88,37,10,9,9,144,132,150,113,129.57,10.94,112,126.21
2020-05-18,Monday,1,21,5,Summer,0,0,0,0,0,0,0,0.0,35.0,25.6,47.7,Diarrheal,3,1,4,105,31,8,6,7,150,144,132,124,134.0,9.52,132,128.5
2020-05-19,Tuesday,2,21,5,Summer,0,0,0,0,0,1,0,0.0,28.5,21.0,57.0,Diarrheal,3,1,4,109,34,14,7,11,164,150,144,132,137.71,9.95,131,129.79
2020-05-20,Wednesday,3,21,5,Summer,0,0,0,1,0,0,1,0.0,33.3,24.7,47.0,Diarrheal,3,1,5,112,33,10,14,10,169,164,150,135,142.29,13.12,138,132.14
2020-05-21,Thursday,4,21,5,Summer,0,0,0,0,0,1,0,0.4,29.2,20.6,49.4,Diarrheal,3,1,5,98,29,14,7,9,148,169,164,121,147.14,15.59,122,134.36
2020-05-22,Friday,5,21,5,Summer,0,0,0,0,0,0,0,0.0,33.4,22.1,48.6,Diarrheal,3,1,5,98,27,8,8,7,141,148,169,150,151.0,11.43,112,136.21
2020-05-23,Saturday,6,21,5,Summer,1,0,0,0,0,0,0,0.0,33.1,25.9,48.2,Diarrheal,3,1,4,90,32,7,8,8,137,141,148,132,149.71,11.96,113,138.29
2020-05-24,Sunday,7,21,5,Summer,1,0,0,0,0,0,0,1.1,33.9,24.5,41.2,Diarrheal,3,1,5,87,37,10,13,10,147,137,141,144,150.43,10.99,113,140.0
2020-05-25,Monday,1,22,5,Summer,0,0,0,0,0,0,0,0.0,31.9,23.0,46.0,Diarrheal,3,1,5,106,26,9,6,8,147,147,137,150,150.86,10.79,124,142.43
2020-05-26,Tuesday,2,22,5,Summer,0,0,0,0,0,1,0,0.0,33.3,25.7,43.3,Diarrheal,3,1,5,103,27,14,9,9,153,147,147,164,150.43,10.87,132,144.07
2020-05-27,Wednesday,3,22,5,Summer,0,0,0,1,0,0,1,0.0,30.2,21.3,44.3,Diarrheal,3,1,5,112,31,8,13,9,164,153,147,169,148.86,9.51,135,145.57
2020-05-28,Thursday,4,22,5,Summer,0,0,0,0,0,1,0,0.0,35.2,26.9,46.1,Diarrheal,3,1,5,96,32,13,3,8,144,164,153,148,148.14,8.04,121,147.64
2020-05-29,Friday,5,22,5,Summer,0,0,0,0,0,0,0,0.0,32.1,22.2,50.8,Diarrheal,3,1,5,97,31,9,4,6,141,144,164,141,147.57,8.17,150,149.29
2020-05-30,Saturday,6,22,5,Summer,1,0,0,0,0,0,0,0.0,33.2,23.3,50.0,Diarrheal,3,1,5,88,32,10,9,10,139,141,144,137,147.57,8.17,132,148.64
2020-05-31,Sunday,7,22,5,Summer,1,0,0,0,0,0,0,0.0,31.9,23.8,42.5,Diarrheal,3,1,5,88,30,8,12,8,138,139,141,147,147.86,7.83,144,149.14
2020-06-01,Monday,1,23,6,Monsoon,0,0,0,0,0,0,0,66.6,35.0,26.0,90.5,Diarrheal,3,1,5,104,55,6,8,9,173,138,139,147,146.57,8.57,150,148.71
2020-06-02,Tuesday,2,23,6,Monsoon,0,0,0,0,0,1,0,26.5,33.0,24.9,72.5,Diarrheal,3,1,3,99,42,12,5,9,158,173,138,153,150.29,12.62,164,150.36
2020-06-03,Wednesday,3,23,6,Monsoon,0,0,0,1,0,0,1,33.2,32.4,25.0,82.7,Diarrheal,3,1,4,109,49,8,11,11,177,158,173,164,151.0,12.9,169,149.93
2020-06-04,Thursday,4,23,6,Monsoon,0,0,0,0,0,1,0,23.0,30.3,22.1,88.0,Diarrheal,3,1,4,99,48,13,7,11,167,177,158,144,152.86,15.34,148,150.5
2020-06-05,Friday,5,23,6,Monsoon,0,0,0,0,0,0,0,12.5,35.3,25.6,70.4,Diarrheal,3,1,4,95,45,10,7,8,157,167,177,141,156.14,15.55,141,151.86
2020-06-06,Saturday,6,23,6,Monsoon,1,0,0,0,1,0,0,20.2,32.9,23.4,81.8,Diarrheal,3,1,4,94,48,12,12,12,166,157,167,139,158.43,14.28,137,153.0
2020-06-07,Sunday,7,23,6,Monsoon,1,0,0,0,1,0,0,43.0,33.3,26.1,88.6,Diarrheal,3,1,6,84,51,11,12,10,158,166,157,138,162.29,11.97,147,155.07
2020-06-08,Monday,1,24,6,Monsoon,0,0,0,0,0,0,0,11.1,33.5,23.4,81.6,Diarrheal,3,1,4,105,43,9,6,10,163,158,166,173,165.14,7.32,147,155.86
2020-06-09,Tuesday,2,24,6,Monsoon,0,0,0,0,0,1,0,15.5,34.8,26.5,78.7,Diarrheal,3,1,5,99,46,13,8,11,166,163,158,158,163.71,6.58,153,157.0
2020-06-10,Wednesday,3,24,6,Monsoon,0,0,0,1,0,0,1,13.5,33.4,24.4,73.8,None,0,0,0,94,29,6,12,8,141,166,163,177,164.86,6.17,164,157.93
2020-06-11,Thursday,4,24,6,Monsoon,0,0,0,0,0,1,0,10.4,30.4,21.9,79.7,None,0,0,0,92,29,13,9,10,143,141,166,167,159.71,8.48,144,156.29
2020-06-12,Friday,5,24,6,Monsoon,0,0,0,0,0,0,0,17.1,35.9,29.0,67.1,None,0,0,0,91,29,9,7,8,136,143,141,157,156.29,9.62,141,156.21
2020-06-13,Saturday,6,24,6,Monsoon,1,0,0,0,0,0,0,6.4,34.6,27.6,77.0,None,0,0,0,79,27,8,12,9,126,136,143,166,153.29,11.92,139,155.86
2020-06-14,Sunday,7,24,6,Monsoon,1,0,0,0,0,0,0,19.2,34.1,24.4,73.1,None,0,0,0,73,30,6,10,9,119,126,136,158,147.57,13.89,138,154.93
2020-06-15,Monday,1,25,6,Monsoon,0,0,0,0,0,0,0,31.2,34.5,28.8,86.0,None,0,0,0,92,36,6,6,8,140,119,126,163,142.0,16.21,173,153.57
2020-06-16,Tuesday,2,25,6,Monsoon,0,0,0,0,0,1,0,3.7,35.4,29.0,67.6,None,0,0,0,86,23,13,8,8,130,140,119,166,138.71,13.77,158,151.21
2020-06-17,Wednesday,3,25,6,Monsoon,0,0,0,1,0,0,1,9.6,36.8,29.6,71.8,None,0,0,0,99,30,9,11,9,149,130,140,141,133.57,8.23,177,149.21
2020-06-18,Thursday,4,25,6,Monsoon,0,0,0,0,0,1,0,15.9,34.2,27.3,79.8,None,0,0,0,88,32,12,7,9,139,149,130,143,134.71,9.62,167,147.21
2020-06-19,Friday,5,25,6,Monsoon,0,0,0,0,0,0,0,15.9,33.0,24.3,72.3,None,0,0,0,84,32,7,7,10,130,139,149,136,134.14,9.22,157,145.21
2020-06-20,Saturday,6,25,6,Monsoon,1,0,0,0,0,0,0,37.6,32.2,26.5,84.3,None,0,0,0,75,32,7,12,8,126,130,139,126,133.29,9.28,166,143.29
2020-06-21,Sunday,7,25,6,Monsoon,1,0,0,0,0,0,0,6.2,32.8,25.2,73.4,None,0,0,0,71,26,7,12,9,116,126,130,119,133.29,9.28,158,140.43
2020-06-22,Monday,1,26,6,Monsoon,0,0,0,0,0,0,0,15.1,33.2,24.6,82.0,None,0,0,0,87,31,9,7,9,134,116,126,140,132.86,9.98,163,137.43
2020-06-23,Tuesday,2,26,6,Monsoon,0,0,0,0,0,1,0,19.7,32.8,26.6,76.7,None,0,0,0,85,26,11,7,8,129,134,116,130,132.0,9.58,166,135.36
2020-06-24,Wednesday,3,26,6,Monsoon,0,0,0,1,0,0,1,24.8,36.4,27.2,78.2,None,0,0,0,100,28,8,14,10,150,129,134,149,131.86,9.61,141,132.71
2020-06-25,Thursday,4,26,6,Monsoon,0,0,0,0,0,1,0,3.8,33.7,25.2,70.9,None,0,0,0,89,25,12,7,8,133,150,129,139,132.0,9.87,143,133.36
2020-06-26,Friday,5,26,6,Monsoon,0,0,0,0,0,0,0,34.4,34.2,26.0,82.4,None,0,0,0,78,33,6,6,6,123,133,150,130,131.14,9.48,136,132.64
2020-06-27,Saturday,6,26,6,Monsoon,1,0,0,0,0,0,0,8.6,33.7,23.4,67.9,None,0,0,0,74,25,7,10,7,116,123,133,126,130.14,9.91,126,131.71
2020-06-28,Sunday,7,26,6,Monsoon,1,0,0,0,0,0,0,11.4,38.1,28.4,67.2,None,0,0,0,74,28,8,10,8,120,116,123,116,128.71,11.05,119,131.0
2020-06-29,Monday,1,27,6,Monsoon,0,0,0,0,0,0,0,15.3,35.2,26.7,74.7,None,0,0,0,89,29,8,8,9,134,120,116,134,129.29,10.47,140,131.07
2020-06-30,Tuesday,2,27,6,Monsoon,0,0,0,0,0,1,0,14.3,32.7,26.7,73.7,None,0,0,0,85,32,13,8,10,138,134,120,129,129.29,10.47,130,130.64
2020-07-01,Wednesday,3,27,7,Monsoon,0,0,0,1,1,0,1,18.0,34.9,27.2,86.0,None,0,0,0,99,32,9,15,10,155,138,134,150,130.57,10.9,149,131.21
2020-07-02,Thursday,4,27,7,Monsoon,0,0,0,0,0,1,0,25.0,34.7,25.4,78.0,None,0,0,0,83,29,13,7,8,132,155,138,133,131.29,12.23,139,131.64
2020-07-03,Friday,5,27,7,Monsoon,0,0,0,0,0,0,0,29.5,33.0,23.6,79.9,None,0,0,0,81,31,8,8,7,128,132,155,123,131.14,12.22,130,131.14
2020-07-04,Saturday,6,27,7,Monsoon,1,0,0,0,0,0,0,50.7,32.4,24.2,90.0,None,0,0,0,70,35,6,10,8,121,128,132,116,131.86,11.86,126,131.0
2020-07-05,Sunday,7,27,7,Monsoon,1,0,0,0,0,0,0,9.1,33.8,26.4,76.2,None,0,0,0,67,27,8,9,7,111,121,128,120,132.57,11.0,116,130.64
2020-07-06,Monday,1,28,7,Monsoon,0,0,0,0,0,0,0,55.9,33.6,23.3,98.0,None,0,0,0,91,42,5,8,8,146,111,121,134,131.29,12.78,134,130.29
2020-07-07,Tuesday,2,28,7,Monsoon,0,0,0,0,0,1,0,39.3,34.7,26.4,82.4,None,0,0,0,89,35,11,5,8,140,146,111,138,133.0,13.79,129,131.14
2020-07-08,Wednesday,3,28,7,Monsoon,0,0,0,1,0,0,1,35.2,32.6,23.7,88.9,None,0,0,0,96,32,8,12,9,148,140,146,155,133.29,13.92,150,131.93
2020-07-09,Thursday,4,28,7,Monsoon,0,0,0,0,0,1,0,9.5,33.1,26.1,70.7,None,0,0,0,82,23,13,9,8,127,148,140,132,132.29,12.5,133,131.79
2020-07-10,Friday,5,28,7,Monsoon,0,0,0,0,1,0,0,14.4,34.6,28.8,66.8,None,0,0,0,80,22,9,6,7,117,127,148,128,131.57,12.64,123,131.36
2020-07-11,Saturday,6,28,7,Monsoon,1,0,0,0,0,0,0,31.5,34.1,25.0,80.7,None,0,0,0,74,32,6,11,7,123,117,127,121,130.0,13.63,116,130.93
2020-07-12,Sunday,7,28,7,Monsoon,1,0,0,0,0,0,0,14.5,34.3,26.4,69.8,None,0,0,0,70,24,8,10,6,112,123,117,111,130.29,13.46,120,131.43
2020-07-13,Monday,1,29,7,Monsoon,0,0,0,0,0,0,0,16.7,35.2,27.9,79.2,None,0,0,0,87,30,6,10,8,133,112,123,146,130.43,13.25,134,130.86
2020-07-14,Tuesday,2,29,7,Monsoon,0,0,0,0,0,1,0,56.8,29.7,21.2,98.0,None,0,0,0,88,38,11,5,8,142,133,112,140,128.57,11.77,138,130.79
2020-07-15,Wednesday,3,29,7,Monsoon,0,0,0,1,0,0,1,32.3,32.3,23.2,77.1,None,0,0,0,93,33,7,14,9,147,142,133,148,128.86,12.06,155,131.07
2020-07-16,Thursday,4,29,7,Monsoon,0,0,0,0,0,1,0,44.2,28.7,22.8,86.5,None,0,0,0,86,35,11,7,9,139,147,142,127,128.71,11.84,132,130.5
2020-07-17,Friday,5,29,7,Monsoon,0,0,0,0,0,0,0,31.0,36.1,27.5,74.3,None,0,0,0,81,24,4,5,6,114,139,147,117,130.43,12.33,128,131.0
2020-07-18,Saturday,6,29,7,Monsoon,1,0,0,0,0,0,0,56.8,33.5,25.3,90.0,None,0,0,0,68,38,4,13,8,123,114,139,123,130.0,12.83,121,130.0
2020-07-19,Sunday,7,29,7,Monsoon,1,0,0,0,0,0,0,36.1,36.7,28.7,80.2,None,0,0,0,68,33,5,11,7,117,123,114,112,130.0,12.83,111,130.14
2020-07-20,Monday,1,30,7,Monsoon,0,0,0,0,0,0,0,46.7,37.1,29.2,84.7,None,0,0,0,87,35,7,7,9,136,117,123,133,130.71,11.91,146,130.57
2020-07-21,Tuesday,2,30,7,Monsoon,0,0,0,0,0,1,0,19.8,34.2,24.3,74.6,None,0,0,0,84,33,12,6,9,135,136,117,142,131.14,12.04,140,129.86
2020-07-22,Wednesday,3,30,7,Monsoon,0,0,0,1,0,0,1,8.6,34.2,23.9,70.8,None,0,0,0,100,24,7,16,9,147,135,136,147,130.14,11.37,148,129.5
2020-07-23,Thursday,4,30,7,Monsoon,0,0,0,0,0,1,0,34.8,32.3,24.2,80.8,None,0,0,0,84,27,10,9,8,130,147,135,139,130.14,11.37,127,129.43
2020-07-24,Friday,5,30,7,Monsoon,0,0,0,0,0,0,0,20.2,31.7,23.9,73.3,None,0,0,0,82,27,7,5,7,121,130,147,114,128.86,10.79,117,129.64
2020-07-25,Saturday,6,30,7,Monsoon,1,0,0,0,0,0,0,21.5,34.8,26.2,73.4,None,0,0,0,76,27,5,10,7,118,121,130,123,129.86,9.63,123,129.93
2020-07-26,Sunday,7,30,7,Monsoon,1,0,0,0,0,0,0,26.6,32.2,23.6,86.2,Malaria,2,0,3,65,45,6,10,8,126,118,121,117,129.14,10.27,112,129.57
2020-07-27,Monday,1,31,7,Monsoon,0,0,0,0,0,0,0,12.9,32.0,24.6,80.6,Malaria,2,0,3,97,44,6,7,9,154,126,118,136,130.43,9.18,133,130.57
2020-07-28,Tuesday,2,31,7,Monsoon,0,0,0,0,0,1,0,11.4,33.5,23.0,75.1,Malaria,2,0,4,90,45,11,7,8,153,154,126,135,133.0,12.35,142,132.07
2020-07-29,Wednesday,3,31,7,Monsoon,0,0,0,1,1,0,1,14.2,30.5,21.3,78.5,Malaria,2,0,4,97,45,8,11,10,161,153,154,147,135.57,14.23,147,132.86
2020-07-30,Thursday,4,31,7,Monsoon,0,0,0,0,0,1,0,12.3,34.2,24.8,70.8,Malaria,2,0,3,80,45,11,10,10,146,161,153,130,137.57,16.5,139,133.86
2020-07-31,Friday,5,31,7,Monsoon,0,0,0,0,0,0,0,29.6,30.8,23.4,82.4,Malaria,2,0,3,82,47,5,6,8,140,146,161,121,139.86,16.4,114,134.36
2020-08-01,Saturday,6,31,8,Monsoon,1,0,0,0,1,0,0,29.3,34.5,24.6,82.6,Malaria,2,0,4,72,44,9,11,10,136,140,146,118,142.57,14.52,123,136.21
2020-08-02,Sunday,7,31,8,Monsoon,1,0,0,0,0,0,0,25.4,33.3,25.0,80.9,Malaria,2,0,3,69,44,6,10,8,129,136,140,126,145.14,11.14,117,137.14
2020-08-03,Monday,1,32,8,Monsoon,0,0,0,0,0,0,0,33.8,30.4,20.9,92.4,Malaria,2,0,2,86,49,6,6,9,147,129,136,154,145.57,10.43,136,138.0
2020-08-04,Tuesday,2,32,8,Monsoon,0,0,0,0,0,1,0,49.0,33.7,25.8,88.3,Malaria,2,0,2,84,50,9,11,10,154,147,129,153,144.57,9.9,135,138.79
2020-08-05,Wednesday,3,32,8,Monsoon,0,0,0,1,0,0,1,16.6,29.7,22.5,81.3,Malaria,2,0,2,96,42,5,11,8,154,154,147,161,144.71,10.02,147,140.14
2020-08-06,Thursday,4,32,8,Monsoon,0,0,0,0,0,1,0,31.3,33.9,25.1,83.9,Malaria,2,0,3,82,49,11,6,8,148,154,154,146,143.71,8.6,130,140.64
2020-08-07,Friday,5,32,8,Monsoon,0,0,0,0,0,0,0,26.1,30.8,22.1,77.6,Malaria,2,0,3,76,42,5,7,7,130,148,154,140,144.0,8.7,121,141.93
2020-08-08,Saturday,6,32,8,Monsoon,1,0,0,0,0,0,0,5.6,31.7,22.5,77.7,Malaria,2,0,4,76,41,7,12,9,136,130,148,136,142.57,9.97,118,142.57
2020-08-09,Sunday,7,32,8,Monsoon,1,0,0,0,0,0,0,31.2,32.7,24.3,81.9,Malaria,2,0,3,64,49,6,9,10,128,136,130,129,142.57,9.97,126,143.86
2020-08-10,Monday,1,33,8,Monsoon,0,0,0,0,1,0,0,39.1,35.6,26.4,75.6,Malaria,2,0,3,88,45,8,8,8,149,128,136,147,142.43,10.17,154,144.0
2020-08-11,Tuesday,2,33,8,Monsoon,0,0,0,0,0,1,0,6.0,30.9,21.1,72.4,Malaria,2,0,4,89,42,10,9,9,150,149,128,154,142.71,10.32,153,143.64
2020-08-12,Wednesday,3,33,8,Monsoon,0,0,0,1,0,0,1,21.4,32.1,23.7,75.5,Malaria,2,0,3,94,46,6,10,10,156,150,149,154,142.14,9.78,161,143.43
2020-08-13,Thursday,4,33,8,Monsoon,0,0,0,0,0,1,0,8.4,30.9,22.5,71.7,Malaria,2,0,3,80,41,13,6,9,140,156,150,148,142.43,10.14,146,143.07
2020-08-14,Friday,5,33,8,Monsoon,0,0,0,0,0,0,0,11.0,26.8,18.8,83.8,Malaria,2,0,2,79,39,5,8,6,131,140,156,130,141.29,9.9,140,142.64
2020-08-15,Saturday,6,33,8,Monsoon,1,1,0,0,0,0,1,44.8,30.1,22.5,86.4,Malaria,2,0,3,72,47,6,12,9,137,131,140,136,141.43,9.74,136,142.0
2020-08-16,Sunday,7,33,8,Monsoon,1,0,0,0,0,0,0,8.7,30.9,22.6,73.0,Malaria,2,0,3,67,40,6,12,10,125,137,131,128,141.57,9.66,129,142.07
2020-08-17,Monday,1,34,8,Monsoon,0,0,0,0,0,0,0,19.8,32.8,23.6,73.7,Malaria,2,0,2,89,42,6,9,10,146,125,137,149,141.14,10.3,147,141.79
2020-08-18,Tuesday,2,34,8,Monsoon,0,0,0,0,0,1,0,30.6,30.8,23.6,76.6,Malaria,2,0,3,87,48,11,8,10,154,146,125,150,140.71,10.02,154,141.71
2020-08-19,Wednesday,3,34,8,Monsoon,0,0,0,1,0,0,1,13.1,29.9,22.2,70.1,Malaria,2,0,3,93,40,6,11,8,150,154,146,156,141.29,10.63,154,141.71
2020-08-20,Thursday,4,34,8,Monsoon,0,0,0,0,0,1,0,42.0,30.3,21.4,81.5,Malaria,2,0,3,80,50,9,7,10,146,150,154,140,140.43,9.6,148,141.43
2020-08-21,Friday,5,34,8,Monsoon,0,0,0,0,0,0,0,8.6,32.2,25.2,71.7,None,0,0,0,81,24,4,7,6,116,146,150,131,141.29,9.79,130,141.29
2020-08-22,Saturday,6,34,8,Monsoon,1,0,0,0,0,0,0,12.4,31.6,25.1,77.3,None,0,0,0,66,23,5,11,6,105,116,146,137,139.14,12.94,136,140.29
2020-08-23,Sunday,7,34,8,Monsoon,1,0,0,0,0,0,0,3.1,31.7,24.1,73.6,None,0,0,0,65,24,6,11,7,106,105,116,125,134.57,17.68,128,138.07
2020-08-24,Monday,1,35,8,Monsoon,0,0,0,0,0,0,0,2.1,27.9,20.5,72.2,None,0,0,0,90,21,6,4,6,121,106,105,146,131.86,20.22,149,136.5
2020-08-25,Tuesday,2,35,8,Monsoon,0,0,0,0,0,1,0,4.4,31.1,22.2,67.6,None,0,0,0,91,24,11,4,6,130,121,106,154,128.29,19.6,150,134.5
2020-08-26,Wednesday,3,35,8,Monsoon,0,0,0,1,0,0,1,1.5,30.6,23.0,73.5,None,0,0,0,98,23,6,14,8,141,130,121,150,124.86,16.69,156,133.07
2020-08-27,Thursday,4,35,8,Monsoon,0,0,0,0,0,1,0,15.6,35.1,26.6,81.9,None,0,0,0,85,27,11,5,8,128,141,130,146,123.57,14.96,140,132.0
2020-08-28,Friday,5,35,8,Monsoon,0,0,0,0,0,0,0,7.5,29.1,21.0,84.3,None,0,0,0,79,29,5,6,7,119,128,141,116,121.0,12.17,131,131.14
2020-08-29,Saturday,6,35,8,Monsoon,1,0,0,0,0,0,0,0.0,29.2,21.2,81.4,None,0,0,0,69,25,5,11,8,110,119,128,105,121.43,12.03,137,130.29
2020-08-30,Sunday,7,35,8,Monsoon,1,0,0,0,0,0,0,0.0,30.2,23.9,74.8,None,0,0,0,62,27,7,9,7,105,110,119,106,122.14,11.15,125,128.36
2020-08-31,Monday,1,36,8,Monsoon,0,0,0,0,0,0,0,0.0,31.8,23.1,63.0,None,0,0,0,88,20,7,8,8,123,105,110,121,122.0,11.36,146,126.93
2020-09-01,Tuesday,2,36,9,Monsoon,0,0,0,0,0,1,0,20.0,31.3,22.0,79.3,Dengue,3,1,5,87,58,10,7,12,162,123,105,130,122.29,11.36,154,125.29
2020-09-02,Wednesday,3,36,9,Monsoon,0,0,0,1,0,0,1,26.0,29.6,20.4,84.8,Dengue,3,1,5,102,64,4,13,13,183,162,123,141,126.86,18.03,150,125.86
2020-09-03,Thursday,4,36,9,Monsoon,0,0,0,0,0,1,0,16.8,29.3,20.7,81.5,Dengue,3,1,4,85,63,11,7,11,166,183,162,128,132.86,26.66,146,128.21
2020-09-04,Friday,5,36,9,Monsoon,0,0,0,0,0,0,0,18.4,29.4,21.4,80.1,Dengue,3,1,4,80,58,7,8,9,153,166,183,119,138.29,28.89,116,129.64
2020-09-05,Saturday,6,36,9,Monsoon,1,0,0,0,0,0,0,35.7,26.8,18.9,93.3,Dengue,3,1,4,75,63,6,10,11,154,153,166,110,143.14,28.09,105,132.29
2020-09-06,Sunday,7,36,9,Monsoon,1,0,0,0,0,0,0,13.7,27.9,19.7,81.1,Dengue,3,1,3,70,64,6,10,11,150,154,153,105,149.43,24.69,106,135.79
2020-09-07,Monday,1,37,9,Monsoon,0,0,0,0,0,0,0,24.6,27.9,21.4,87.0,Dengue,3,1,3,91,64,6,6,11,167,150,154,123,155.86,16.92,121,138.93
2020-09-08,Tuesday,2,37,9,Monsoon,0,0,0,0,0,1,0,7.2,29.3,22.8,82.8,Dengue,3,1,3,88,60,11,8,12,167,167,150,162,162.14,10.49,130,142.21
2020-09-09,Wednesday,3,37,9,Monsoon,0,0,0,1,0,0,1,3.0,29.6,21.7,75.7,Dengue,3,1,4,101,54,6,16,12,177,167,167,183,162.86,10.63,141,144.86
2020-09-10,Thursday,4,37,9,Monsoon,0,0,0,0,0,1,0,47.2,28.8,20.4,91.3,Dengue,3,1,5,82,68,11,10,12,171,177,167,166,162.0,9.1,128,147.43
2020-09-11,Friday,5,37,9,Monsoon,0,0,0,0,0,0,0,4.6,28.1,17.2,69.0,Dengue,3,1,4,88,62,4,9,10,163,171,177,153,162.71,9.57,119,150.5
2020-09-12,Saturday,6,37,9,Monsoon,1,0,0,0,0,0,0,33.3,30.1,24.0,84.5,Dengue,3,1,4,72,63,4,8,10,147,163,171,154,164.14,8.72,110,153.64
2020-09-13,Sunday,7,37,9,Monsoon,1,0,0,0,0,0,0,13.5,30.6,23.4,78.5,Dengue,3,1,6,69,62,5,14,11,150,147,163,150,163.14,10.12,105,156.29
2020-09-14,Monday,1,38,9,Monsoon,0,0,0,0,0,0,0,17.7,26.9,17.4,86.4,Dengue,3,1,4,91,61,4,7,11,163,150,147,167,163.14,10.12,123,159.5
2020-09-15,Tuesday,2,38,9,Monsoon,0,0,0,0,0,1,0,0.0,28.8,22.4,73.6,Dengue,3,1,5,90,52,12,6,11,160,163,150,167,162.57,10.0,162,162.36
2020-09-16,Wednesday,3,38,9,Monsoon,0,0,0,1,0,0,1,12.4,28.4,18.6,81.5,Dengue,3,1,4,99,59,7,11,11,176,160,163,177,161.57,9.85,183,162.21
2020-09-17,Thursday,4,38,9,Monsoon,0,0,0,0,0,1,0,4.8,28.2,19.7,75.5,Dengue,3,1,4,87,54,9,7,10,157,176,160,171,161.43,9.63,166,161.71
2020-09-18,Friday,5,38,9,Monsoon,0,0,0,0,0,0,0,0.0,29.0,20.3,81.7,Dengue,3,1,4,86,56,6,6,10,154,157,176,163,159.43,8.86,153,161.07
2020-09-19,Saturday,6,38,9,Monsoon,1,0,0,0,0,0,0,0.3,28.2,20.7,69.7,Dengue,3,1,4,83,58,6,11,9,158,154,157,147,158.14,8.9,154,161.14
2020-09-20,Sunday,7,38,9,Monsoon,1,0,0,0,0,0,0,2.2,25.6,16.1,76.6,Dengue,3,1,5,68,57,4,10,9,139,158,154,150,159.71,7.69,150,161.43
2020-09-21,Monday,1,39,9,Monsoon,0,0,0,0,0,0,0,7.8,28.6,20.9,76.3,Dengue,3,1,3,93,59,5,7,9,164,139,158,163,158.14,10.22,167,160.64
2020-09-22,Tuesday,2,39,9,Monsoon,0,0,0,0,0,1,0,15.8,26.2,17.3,82.7,Dengue,3,1,5,91,63,11,7,12,172,164,139,160,158.29,10.29,167,160.43
2020-09-23,Wednesday,3,39,9,Monsoon,0,0,0,1,0,0,1,13.7,27.9,19.2,76.5,Dengue,3,1,5,106,58,5,12,11,181,172,164,176,160.0,11.38,177,160.79
2020-09-24,Thursday,4,39,9,Monsoon,0,0,0,0,0,1,0,5.5,30.1,22.9,71.8,Dengue,3,1,4,88,63,10,4,11,165,181,172,157,160.71,12.46,171,161.07
2020-09-25,Friday,5,39,9,Monsoon,0,0,0,0,0,0,0,7.5,26.1,16.5,78.0,Dengue,3,1,3,83,57,5,5,9,150,165,181,154,161.86,12.44,163,160.64
2020-09-26,Saturday,6,39,9,Monsoon,1,0,0,0,0,0,0,21.4,24.2,16.7,87.5,Dengue,3,1,5,77,65,5,12,12,159,150,165,158,161.29,12.87,147,159.71
2020-09-27,Sunday,7,39,9,Monsoon,1,0,0,0,0,0,0,16.4,26.4,20.0,86.0,Dengue,3,1,4,68,62,5,8,10,143,159,150,139,161.43,12.84,150,160.57
2020-09-28,Monday,1,40,9,Monsoon,0,0,0,0,0,0,0,33.0,23.9,17.0,84.6,Dengue,3,1,5,90,68,4,6,11,168,143,159,164,162.0,11.88,163,160.07
2020-09-29,Tuesday,2,40,9,Monsoon,0,0,0,0,0,1,0,19.9,26.3,17.4,78.7,Dengue,3,1,5,89,60,9,7,11,165,168,143,172,162.57,12.06,160,160.43
2020-09-30,Wednesday,3,40,9,Monsoon,0,0,0,1,0,0,1,4.0,28.5,23.7,75.2,Dengue,3,1,6,99,56,5,12,12,172,165,168,181,161.57,11.51,176,160.79
2020-10-01,Thursday,4,40,10,Post_Monsoon,0,0,0,0,0,1,0,0.2,25.5,17.6,50.5,Dengue,3,1,4,86,47,10,7,10,150,172,165,165,160.29,9.62,157,160.5
2020-10-02,Friday,5,40,10,Post_Monsoon,0,1,0,0,0,0,1,0.0,27.0,18.7,59.0,Dengue,3,1,4,88,49,6,8,9,151,150,172,150,158.14,9.99,154,160.0
2020-10-03,Saturday,6,40,10,Post_Monsoon,1,0,0,0,0,0,0,0.0,26.2,19.9,41.7,Dengue,3,1,5,78,43,6,10,8,137,151,150,159,158.29,9.88,158,159.79
2020-10-04,Sunday,7,40,10,Post_Monsoon,1,0,0,0,0,0,0,0.0,25.8,17.7,51.4,Dengue,3,1,5,68,49,4,13,8,134,137,151,143,155.14,12.35,139,158.29
2020-10-05,Monday,1,41,10,Post_Monsoon,0,0,1,0,0,0,3,0.0,24.5,16.0,54.7,Dengue,3,1,6,97,45,4,18,10,164,134,137,168,153.86,13.91,164,157.93
2020-10-06,Tuesday,2,41,10,Post_Monsoon,0,0,1,0,0,1,3,0.0,26.8,20.3,56.2,Dengue,3,1,5,96,46,10,17,11,169,164,134,165,153.29,13.39,172,157.93
2020-10-07,Wednesday,3,41,10,Post_Monsoon,0,0,0,1,0,0,1,0.0,24.1,17.8,47.3,Dengue,3,1,5,99,48,6,10,10,163,169,164,172,153.86,13.95,181,157.71
2020-10-08,Thursday,4,41,10,Post_Monsoon,0,0,0,0,0,1,0,0.0,23.3,12.4,49.2,Dengue,3,1,6,93,46,9,4,9,152,163,169,150,152.57,12.57,165,156.43
2020-10-09,Friday,5,41,10,Post_Monsoon,0,0,1,0,0,0,1,0.0,25.4,18.2,53.0,Dengue,3,1,4,92,48,6,16,10,162,152,163,151,152.86,12.53,150,155.5
2020-10-10,Saturday,6,41,10,Post_Monsoon,1,0,0,0,0,0,0,0.0,23.4,16.3,54.7,Dengue,3,1,4,75,51,6,11,11,143,162,152,137,154.43,12.88,159,156.36
2020-10-11,Sunday,7,41,10,Post_Monsoon,1,0,0,0,0,0,0,0.0,25.9,18.3,54.1,Dengue,3,1,4,74,43,5,11,8,133,143,162,134,155.29,11.85,143,155.21
2020-10-12,Monday,1,42,10,Post_Monsoon,0,0,0,0,0,0,0,0.0,29.7,21.8,52.2,Dengue,3,1,4,95,46,4,9,10,154,133,143,164,155.14,12.11,168,154.5
2020-10-13,Tuesday,2,42,10,Post_Monsoon,0,0,0,0,0,1,0,0.0,26.4,19.0,46.9,Dengue,3,1,3,87,43,10,7,11,147,154,133,169,153.71,11.56,165,153.5
2020-10-14,Wednesday,3,42,10,Post_Monsoon,0,0,0,1,1,0,1,0.0,24.3,16.0,55.5,None,0,0,0,94,14,7,11,7,126,147,154,163,150.57,9.84,172,152.21
2020-10-15,Thursday,4,42,10,Post_Monsoon,0,0,0,0,0,1,0,1.1,23.5,14.9,54.8,None,0,0,0,78,17,9,9,7,113,126,147,152,145.29,11.54,150,148.93
2020-10-16,Friday,5,42,10,Post_Monsoon,0,0,0,0,0,0,0,0.0,24.2,17.7,53.8,None,0,0,0,77,14,6,6,6,103,113,126,162,139.71,15.64,151,146.29
2020-10-17,Saturday,6,42,10,Post_Monsoon,1,0,0,0,0,0,0,1.0,25.8,17.5,52.4,None,0,0,0,71,14,5,11,7,101,103,113,143,131.29,17.18,137,142.86
2020-10-18,Sunday,7,42,10,Post_Monsoon,1,0,0,0,0,0,0,0.0,22.8,16.6,51.2,None,0,0,0,65,11,5,12,7,93,101,103,133,125.29,19.25,134,140.29
2020-10-19,Monday,1,43,10,Post_Monsoon,0,0,0,0,0,0,0,1.1,23.8,15.6,50.6,None,0,0,0,85,14,4,6,5,109,93,101,154,119.57,21.87,164,137.36
2020-10-20,Tuesday,2,43,10,Post_Monsoon,0,0,0,0,1,1,0,0.0,24.6,17.3,55.8,None,0,0,0,85,17,14,8,8,124,109,93,147,113.14,16.84,169,133.43
2020-10-21,Wednesday,3,43,10,Post_Monsoon,0,0,0,1,0,0,1,0.0,25.8,17.9,52.1,None,0,0,0,91,14,3,12,7,120,124,109,126,109.86,11.22,163,130.21
2020-10-22,Thursday,4,43,10,Post_Monsoon,0,0,0,0,0,1,0,5.9,24.5,14.8,44.1,None,0,0,0,78,17,11,7,7,113,120,124,113,109.0,10.13,152,127.14
2020-10-23,Friday,5,43,10,Post_Monsoon,0,0,0,0,0,0,0,0.9,26.4,18.4,49.4,None,0,0,0,78,12,4,8,4,102,113,120,103,109.0,10.13,162,124.36
2020-10-24,Saturday,6,43,10,Post_Monsoon,1,0,0,0,0,0,0,0.0,25.5,16.5,53.9,None,0,0,0,74,14,6,7,7,101,102,113,101,108.86,10.22,143,120.07
2020-10-25,Sunday,7,43,10,Post_Monsoon,1,0,1,0,0,0,1,0.9,27.0,18.9,55.2,None,0,0,0,69,17,4,19,9,109,101,102,93,108.86,10.22,133,117.07
2020-10-26,Monday,1,44,10,Post_Monsoon,0,0,0,0,0,0,0,0.0,24.3,15.0,48.7,None,0,0,0,87,14,4,6,7,111,109,101,109,111.14,7.95,154,115.36
2020-10-27,Tuesday,2,44,10,Post_Monsoon,0,0,0,0,0,1,0,0.0,24.7,17.9,66.1,None,0,0,0,88,13,10,10,7,121,111,109,124,111.43,7.91,147,112.29
2020-10-28,Wednesday,3,44,10,Post_Monsoon,0,0,1,1,0,0,2,0.0,21.3,13.8,51.6,None,0,0,0,99,18,6,21,9,144,121,111,120,111.0,7.27,126,110.43
2020-10-29,Thursday,4,44,10,Post_Monsoon,0,0,0,0,0,1,0,5.7,21.9,13.3,57.7,None,0,0,0,79,18,11,8,7,116,144,121,113,114.43,13.61,113,111.71
2020-10-30,Friday,5,44,10,Post_Monsoon,0,0,0,0,1,0,0,0.0,22.8,16.1,50.6,None,0,0,0,77,20,8,8,7,113,116,144,102,114.86,13.6,103,111.93
2020-10-31,Saturday,6,44,10,Post_Monsoon,1,0,0,0,0,0,0,0.0,23.4,16.3,49.3,None,0,0,0,69,10,3,11,5,93,113,116,101,116.43,12.62,101,112.64
2020-11-01,Sunday,7,44,11,Post_Monsoon,1,0,0,0,0,0,0,0.0,20.5,11.9,59.1,None,0,0,0,65,17,6,11,6,99,93,113,109,115.29,14.23,93,112.07
2020-11-02,Monday,1,45,11,Post_Monsoon,0,0,0,0,0,0,0,1.6,26.2,16.7,50.1,None,0,0,0,95,12,5,8,6,120,99,93,111,113.86,15.25,109,112.5
2020-11-03,Tuesday,2,45,11,Post_Monsoon,0,0,1,0,1,1,3,0.0,27.1,19.9,52.7,None,0,0,0,94,15,12,16,9,137,120,99,121,115.14,15.34,124,113.29
2020-11-04,Wednesday,3,45,11,Post_Monsoon,0,0,1,1,0,0,3,0.1,24.1,16.1,50.3,None,0,0,0,96,16,3,20,9,135,137,120,144,117.43,17.13,120,114.21
2020-11-05,Thursday,4,45,11,Post_Monsoon,0,0,0,0,0,1,0,0.0,20.7,11.3,56.6,None,0,0,0,77,18,10,6,6,111,135,137,116,116.14,15.33,113,115.29
2020-11-06,Friday,5,45,11,Post_Monsoon,0,0,0,0,0,0,0,0.1,24.1,14.8,48.4,None,0,0,0,79,13,6,7,5,105,111,135,113,115.43,15.44,102,115.14
2020-11-07,Saturday,6,45,11,Post_Monsoon,1,0,1,0,0,0,1,2.2,21.9,12.2,53.4,None,0,0,0,73,15,6,18,7,112,105,111,93,114.29,15.86,101,115.36
2020-11-08,Sunday,7,45,11,Post_Monsoon,1,0,0,0,0,0,0,1.3,22.0,12.4,53.8,None,0,0,0,64,14,6,10,6,94,112,105,99,117.0,13.43,109,116.14
2020-11-09,Monday,1,46,11,Post_Monsoon,0,0,0,0,0,0,0,0.0,23.4,15.4,54.6,None,0,0,0,86,15,6,7,6,114,94,112,120,116.29,14.46,111,115.07
2020-11-10,Tuesday,2,46,11,Post_Monsoon,0,0,0,0,0,1,0,0.4,24.3,17.0,49.8,None,0,0,0,84,12,10,9,7,115,114,94,137,115.43,14.39,121,115.29
2020-11-11,Wednesday,3,46,11,Post_Monsoon,0,0,0,1,0,0,1,0.3,24.2,18.3,58.9,None,0,0,0,89,17,5,13,7,124,115,114,135,112.29,11.44,144,114.86
2020-11-12,Thursday,4,46,11,Post_Monsoon,0,0,1,0,0,1,2,0.0,19.7,10.4,54.0,None,0,0,0,79,16,11,16,8,122,124,115,111,110.71,8.61,116,113.43
2020-11-13,Friday,5,46,11,Post_Monsoon,0,0,0,0,0,0,0,0.0,23.3,17.0,56.8,None,0,0,0,83,17,6,6,5,112,122,124,105,112.29,9.48,113,113.86
2020-11-14,Saturday,6,46,11,Post_Monsoon,1,0,1,0,0,0,1,3.5,19.3,10.2,57.2,None,0,0,0,71,21,6,15,7,113,112,122,112,113.29,9.02,93,113.79
2020-11-15,Sunday,7,46,11,Post_Monsoon,1,0,0,0,0,0,0,0.0,22.8,15.3,55.0,None,0,0,0,67,15,5,12,5,99,113,112,94,113.43,9.01,99,115.21
2020-11-16,Monday,1,47,11,Post_Monsoon,0,0,0,0,0,0,0,0.0,25.7,17.4,47.8,None,0,0,0,86,13,4,5,5,108,99,113,114,114.14,7.51,120,115.21
2020-11-17,Tuesday,2,47,11,Post_Monsoon,0,0,0,0,0,1,0,0.0,22.1,14.9,59.4,None,0,0,0,84,12,12,7,7,115,108,99,115,113.29,7.81,137,114.36
2020-11-18,Wednesday,3,47,11,Post_Monsoon,0,0,0,1,0,0,1,0.0,21.6,13.7,60.2,Mass_Casualty,3,1,3,94,15,4,62,18,175,115,108,124,113.29,7.81,135,112.79
2020-11-19,Thursday,4,47,11,Post_Monsoon,0,0,0,0,0,1,0,0.0,20.4,12.6,49.0,Mass_Casualty,3,1,4,86,19,11,54,18,170,175,115,122,120.57,23.14,111,115.64
2020-11-20,Friday,5,47,11,Post_Monsoon,0,0,0,0,0,0,0,0.0,20.4,13.5,51.6,None,0,0,0,79,15,7,7,5,108,170,175,112,127.43,28.94,105,119.86
2020-11-21,Saturday,6,47,11,Post_Monsoon,1,0,0,0,0,0,0,0.0,22.3,15.9,64.1,None,0,0,0,67,18,6,11,8,102,108,170,113,126.86,29.27,112,120.07
2020-11-22,Sunday,7,47,11,Post_Monsoon,1,0,0,0,0,0,0,0.0,21.6,12.4,53.5,None,0,0,0,66,14,7,12,6,99,102,108,99,125.29,30.25,94,119.36
2020-11-23,Monday,1,48,11,Post_Monsoon,0,0,0,0,0,0,0,2.4,23.5,15.1,55.6,None,0,0,0,87,17,5,6,7,115,99,102,108,125.29,30.25,114,119.71
2020-11-24,Tuesday,2,48,11,Post_Monsoon,0,0,0,0,0,1,0,0.0,20.8,12.2,51.8,None,0,0,0,85,12,10,4,6,111,115,99,115,126.29,29.78,115,119.79
2020-11-25,Wednesday,3,48,11,Post_Monsoon,0,0,0,1,0,0,1,2.5,21.7,15.4,58.7,None,0,0,0,94,15,5,13,7,127,111,115,175,125.71,30.03,124,119.5
2020-11-26,Thursday,4,48,11,Post_Monsoon,0,0,0,0,0,1,0,0.0,22.2,12.6,58.1,None,0,0,0,79,12,9,7,6,107,127,111,170,118.86,22.54,122,119.71
2020-11-27,Friday,5,48,11,Post_Monsoon,0,0,1,0,0,0,2,0.0,22.5,13.3,54.7,None,0,0,0,87,17,7,14,8,125,107,127,108,109.86,8.56,112,118.64
2020-11-28,Saturday,6,48,11,Post_Monsoon,1,0,0,0,0,0,0,0.0,23.0,16.1,54.7,None,0,0,0,71,16,3,13,7,103,125,107,102,112.29,9.98,113,119.57
2020-11-29,Sunday,7,48,11,Post_Monsoon,1,0,0,0,0,0,0,0.0,21.0,11.8,56.7,None,0,0,0,66,17,6,9,7,98,103,125,99,112.43,9.84,99,118.86
2020-11-30,Monday,1,49,11,Post_Monsoon,0,0,1,0,0,0,3,0.0,21.1,12.7,55.6,None,0,0,0,94,16,7,18,9,135,98,103,115,112.29,10.04,108,118.79
2020-12-01,Tuesday,2,49,12,Winter,0,0,0,0,0,1,0,0.0,24.1,15.6,50.8,None,0,0,0,83,17,11,9,7,120,135,98,111,115.14,12.86,115,120.71
2020-12-02,Wednesday,3,49,12,Winter,0,0,0,1,0,0,1,0.0,23.0,14.4,51.7,None,0,0,0,97,16,5,14,8,132,120,135,127,116.43,12.83,175,121.07
2020-12-03,Thursday,4,49,12,Winter,0,0,0,0,0,1,0,0.0,21.6,13.2,57.7,None,0,0,0,80,18,11,7,6,116,132,120,107,117.14,13.52,170,118.0
2020-12-04,Friday,5,49,12,Winter,0,0,0,0,0,0,0,0.0,24.4,17.8,60.5,None,0,0,0,77,16,7,3,4,103,116,132,125,118.43,12.9,108,114.14
2020-12-05,Saturday,6,49,12,Winter,1,0,0,0,0,0,0,0.0,26.8,18.1,50.8,None,0,0,0,75,16,5,12,6,108,103,116,103,115.29,13.58,102,113.79
2020-12-06,Sunday,7,49,12,Winter,1,0,0,0,0,0,0,0.3,20.4,14.5,51.1,None,0,0,0,62,8,5,10,5,85,108,103,98,116.0,13.04,99,114.21
2020-12-07,Monday,1,50,12,Winter,0,0,0,0,0,0,0,1.1,24.7,17.4,52.4,None,0,0,0,86,14,6,7,5,113,85,108,135,114.14,16.05,115,113.21
2020-12-08,Tuesday,2,50,12,Winter,0,0,0,0,0,1,0,0.0,23.8,15.3,52.6,None,0,0,0,85,14,10,5,6,114,113,85,120,111.0,13.63,111,113.07
2020-12-09,Wednesday,3,50,12,Winter,0,0,0,1,0,0,1,0.0,23.1,15.9,61.0,None,0,0,0,86,16,6,13,8,121,114,113,132,110.14,13.22,127,113.29
2020-12-10,Thursday,4,50,12,Winter,0,0,0,0,0,1,0,0.0,24.3,15.9,48.2,None,0,0,0,81,13,10,6,6,110,121,114,116,108.57,10.99,107,112.86
2020-12-11,Friday,5,50,12,Winter,0,0,0,0,0,0,0,0.0,19.9,13.7,60.5,None,0,0,0,80,16,6,8,7,110,110,121,103,107.71,10.61,125,113.07
2020-12-12,Saturday,6,50,12,Winter,1,0,0,0,0,0,0,0.0,21.9,12.6,52.5,None,0,0,0,71,18,6,12,7,107,110,110,108,108.71,10.44,103,112.0
2020-12-13,Sunday,7,50,12,Winter,1,0,0,0,0,0,0,0.0,20.7,12.0,59.9,None,0,0,0,64,21,7,10,7,102,107,110,85,108.57,10.46,98,112.29
2020-12-14,Monday,1,51,12,Winter,0,0,0,0,0,0,0,0.0,22.3,17.6,52.7,None,0,0,0,90,15,5,7,6,117,102,107,113,111.0,5.5,135,112.57
2020-12-15,Tuesday,2,51,12,Winter,0,0,0,0,0,1,0,0.0,21.7,14.1,53.0,None,0,0,0,83,18,12,7,7,120,117,102,114,111.57,5.88,120,111.29
2020-12-16,Wednesday,3,51,12,Winter,0,0,0,1,0,0,1,0.5,21.8,13.9,55.7,None,0,0,0,90,14,4,14,7,122,120,117,121,112.43,6.57,132,111.29
2020-12-17,Thursday,4,51,12,Winter,0,0,0,0,0,1,0,0.0,22.9,16.6,54.4,None,0,0,0,79,15,11,11,8,116,122,120,110,112.57,6.76,116,110.57
2020-12-18,Friday,5,51,12,Winter,0,0,0,0,0,0,0,0.0,24.7,15.3,56.5,None,0,0,0,84,17,3,6,6,110,116,122,110,113.43,6.76,103,110.57
2020-12-19,Saturday,6,51,12,Winter,1,0,0,0,0,0,0,0.0,21.6,12.7,54.4,None,0,0,0,69,19,5,11,7,104,110,116,107,113.43,6.76,108,111.07
2020-12-20,Sunday,7,51,12,Winter,1,0,0,0,0,0,0,0.4,19.4,12.9,59.0,None,0,0,0,58,19,6,13,6,96,104,110,102,113.0,7.23,85,110.79
2020-12-21,Monday,1,52,12,Winter,0,0,0,0,0,0,0,0.9,22.6,13.6,54.3,None,0,0,0,87,19,6,5,8,117,96,104,117,112.14,8.69,113,111.57
2020-12-22,Tuesday,2,52,12,Winter,0,0,0,0,0,1,0,0.0,21.0,13.7,53.7,None,0,0,0,86,17,9,10,7,122,117,96,120,112.14,8.69,114,111.86
2020-12-23,Wednesday,3,52,12,Winter,0,0,0,1,0,0,1,0.0,23.0,16.7,59.5,None,0,0,0,96,16,6,12,9,130,122,117,122,112.43,8.97,121,112.43
2020-12-24,Thursday,4,52,12,Winter,0,0,0,0,0,1,0,0.0,18.8,12.4,53.7,None,0,0,0,80,12,10,9,7,111,130,122,116,113.57,10.5,110,113.07
2020-12-25,Friday,5,52,12,Winter,0,1,0,0,0,0,1,0.0,22.4,15.6,53.9,None,0,0,0,82,18,6,9,6,115,111,130,110,112.86,10.48,110,113.14
2020-12-26,Saturday,6,52,12,Winter,1,0,0,0,0,0,0,0.0,21.7,11.3,59.5,None,0,0,0,69,16,6,9,7,100,115,111,104,113.57,10.43,107,113.5
2020-12-27,Sunday,7,52,12,Winter,1,0,0,0,0,0,0,0.0,23.2,14.6,49.8,None,0,0,0,73,16,5,11,5,105,100,115,96,113.0,11.03,102,113.0
2020-12-28,Monday,1,53,12,Winter,0,0,0,0,0,0,0,0.0,20.0,13.3,58.3,None,0,0,0,85,16,7,6,6,114,105,100,117,114.29,9.38,117,113.21
2020-12-29,Tuesday,2,53,12,Winter,0,0,0,0,0,1,0,0.0,22.8,15.3,53.0,None,0,0,0,88,13,10,6,6,117,114,105,122,113.86,9.31,120,113.0
2020-12-30,Wednesday,3,53,12,Winter,0,0,0,1,0,0,1,0.0,22.0,13.2,52.7,None,0,0,0,94,17,7,16,10,134,117,114,130,113.14,8.84,122,112.79
2020-12-31,Thursday,4,53,12,Winter,0,0,0,0,0,1,0,0.0,23.5,16.6,50.1,None,0,0,0,83,13,13,7,6,116,134,117,111,113.71,9.97,116,113.64
2021-01-01,Friday,5,53,1,Winter,0,0,0,0,0,0,0,0.0,22.0,13.7,57.7,None,0,0,0,78,14,8,9,7,109,116,134,115,114.43,9.93,110,113.64
2021-01-02,Saturday,6,53,1,Winter,1,0,0,0,0,0,0,0.0,24.7,15.4,59.2,None,0,0,0,71,16,7,8,7,102,109,116,100,113.57,10.1,104,113.57
2021-01-03,Sunday,7,53,1,Winter,1,0,0,0,0,0,0,0.0,20.6,12.1,52.5,None,0,0,0,74,20,7,11,8,112,102,109,105,113.86,9.73,96,113.43
2021-01-04,Monday,1,1,1,Winter,0,0,0,0,0,0,0,0.0,24.1,17.1,61.0,None,0,0,0,84,20,6,6,7,116,112,102,114,114.86,9.11,117,114.57
2021-01-05,Tuesday,2,1,1,Winter,0,0,0,0,0,1,0,0.0,22.7,15.3,52.2,Respiratory,4,1,7,107,45,11,5,10,168,116,112,117,115.14,9.11,122,114.5
2021-01-06,Wednesday,3,1,1,Winter,0,0,0,1,0,0,1,0.0,17.6,10.1,60.2,Respiratory,4,1,8,114,48,7,10,12,179,168,116,134,122.43,20.7,130,117.79
2021-01-07,Thursday,4,1,1,Winter,0,0,0,0,0,1,0,0.0,19.8,11.3,54.1,Respiratory,4,1,8,100,45,11,6,10,162,179,168,116,128.86,28.73,111,121.29
2021-01-08,Friday,5,1,1,Winter,0,0,0,0,0,0,0,0.0,24.2,16.6,49.1,Respiratory,4,1,6,101,42,7,7,8,157,162,179,109,135.43,30.26,115,124.93
2021-01-09,Saturday,6,1,1,Winter,1,0,0,0,0,0,0,0.0,19.6,11.0,50.7,Respiratory,4,1,5,93,45,6,10,9,154,157,162,102,142.29,28.9,100,127.93
2021-01-10,Sunday,7,1,1,Winter,1,0,0,0,0,0,0,0.0,20.4,11.3,54.1,Respiratory,4,1,4,88,39,7,11,10,145,154,157,112,149.71,23.83,105,131.79
2021-01-11,Monday,1,2,1,Winter,0,0,0,0,0,0,0,0.0,19.2,9.8,56.4,Respiratory,4,1,6,106,47,6,5,8,164,145,154,116,154.43,18.58,114,134.64
2021-01-12,Tuesday,2,2,1,Winter,0,0,0,0,0,1,0,0.0,22.5,15.5,45.5,Respiratory,4,1,5,111,41,12,9,11,173,164,145,168,161.29,10.02,117,138.21
2021-01-13,Wednesday,3,2,1,Winter,0,0,0,1,0,0,1,0.0,22.8,13.5,53.7,Respiratory,4,1,6,115,45,7,11,11,178,173,164,179,162.0,10.64,134,142.21
2021-01-14,Thursday,4,2,1,Winter,0,0,0,0,0,1,0,0.0,20.9,13.2,46.8,Respiratory,4,1,6,103,47,11,7,12,168,178,173,162,161.86,10.41,116,145.36
2021-01-15,Friday,5,2,1,Winter,0,0,0,0,0,0,0,0.0,22.1,12.6,54.6,Respiratory,4,1,6,101,43,6,7,9,157,168,178,157,162.71,10.63,109,149.07
2021-01-16,Saturday,6,2,1,Winter,1,0,0,0,0,0,0,0.0,23.9,14.3,47.2,Respiratory,4,1,7,94,45,6,11,10,156,157,168,154,162.71,10.63,102,152.5
2021-01-17,Sunday,7,2,1,Winter,1,0,0,0,0,0,0,0.0,22.3,13.0,50.1,Respiratory,4,1,6,94,47,7,11,9,159,156,157,145,163.0,10.42,112,156.36
2021-01-18,Monday,1,3,1,Winter,0,0,0,0,0,0,0,0.8,24.3,16.7,52.1,Respiratory,4,1,6,111,47,9,8,11,175,159,156,164,165.0,7.78,116,159.71
2021-01-19,Tuesday,2,3,1,Winter,0,0,0,0,0,1,0,0.0,22.5,15.3,48.3,Respiratory,4,1,5,109,43,13,8,12,173,175,159,173,166.57,8.5,168,163.93
2021-01-20,Wednesday,3,3,1,Winter,0,0,0,1,0,0,1,0.0,23.3,15.2,53.4,Respiratory,4,1,5,115,45,7,13,10,180,173,175,178,166.57,8.5,179,164.29
2021-01-21,Thursday,4,3,1,Winter,0,0,0,0,0,1,0,0.0,23.7,15.9,57.4,Respiratory,4,1,6,105,50,11,7,9,173,180,173,168,166.86,8.9,162,164.36
2021-01-22,Friday,5,3,1,Winter,0,0,0,0,0,0,0,0.0,25.7,17.8,54.1,Respiratory,4,1,6,101,47,6,4,8,158,173,180,157,167.57,9.16,157,165.14
2021-01-23,Saturday,6,3,1,Winter,1,0,0,0,0,0,0,0.0,20.5,10.6,52.8,Respiratory,4,1,7,91,48,9,12,11,160,158,173,156,167.71,9.0,154,165.21
2021-01-24,Sunday,7,3,1,Winter,1,0,0,0,0,0,0,0.0,22.3,15.5,62.6,Respiratory,4,1,6,85,46,6,11,9,148,160,158,159,168.29,8.34,145,165.64
2021-01-25,Monday,1,4,1,Winter,0,0,0,0,0,0,0,0.0,28.2,21.5,49.4,Respiratory,4,1,7,108,45,8,7,10,168,148,160,175,166.71,10.66,164,165.86
2021-01-26,Tuesday,2,4,1,Winter,0,1,0,0,0,1,1,0.0,25.6,16.5,49.1,Respiratory,4,1,6,110,44,11,7,9,172,168,148,173,165.71,10.15,173,166.14
2021-01-27,Wednesday,3,4,1,Winter,0,0,0,1,0,0,1,0.0,22.9,16.6,48.4,Respiratory,4,1,5,120,43,7,13,10,183,172,168,180,165.57,10.05,178,166.07
2021-01-28,Thursday,4,4,1,Winter,0,0,0,0,0,1,0,0.0,22.0,12.6,58.1,Respiratory,4,1,5,109,47,13,8,11,177,183,172,173,166.0,10.7,168,166.43
2021-01-29,Friday,5,4,1,Winter,0,0,0,0,0,0,0,0.7,22.9,14.5,47.5,Respiratory,4,1,5,109,43,7,6,9,165,177,183,158,166.57,11.16,157,167.07
2021-01-30,Saturday,6,4,1,Winter,1,0,0,0,0,0,0,1.6,22.2,14.4,58.0,None,0,0,0,78,19,11,13,9,121,165,177,160,167.57,10.65,156,167.64
2021-01-31,Sunday,7,4,1,Winter,1,0,0,0,0,0,0,0.0,22.0,14.1,60.3,None,0,0,0,67,20,6,9,7,102,121,165,148,162.0,19.6,159,165.14
2021-02-01,Monday,1,5,2,Winter,0,0,0,0,0,0,0,0.0,24.5,15.4,48.5,None,0,0,0,88,12,8,6,7,114,102,121,168,155.43,28.76,175,161.07
2021-02-02,Tuesday,2,5,2,Winter,0,0,0,0,0,1,0,0.0,25.5,18.3,44.2,None,0,0,0,89,15,14,5,7,123,114,102,172,147.71,31.47,173,156.71
2021-02-03,Wednesday,3,5,2,Winter,0,0,0,1,0,0,1,0.0,22.0,13.0,50.6,None,0,0,0,101,21,8,11,8,141,123,114,183,140.71,30.73,180,153.14
2021-02-04,Thursday,4,5,2,Winter,0,0,0,0,0,1,0,0.0,27.9,19.8,49.5,None,0,0,0,87,15,12,8,8,122,141,123,177,134.71,25.55,173,150.36
2021-02-05,Friday,5,5,2,Winter,0,0,0,0,0,0,0,0.0,26.5,16.3,56.2,None,0,0,0,82,16,8,7,6,113,122,141,165,126.86,18.94,158,146.71
2021-02-06,Saturday,6,5,2,Winter,1,0,0,0,0,0,0,0.0,25.8,16.9,52.4,None,0,0,0,71,16,7,11,8,105,113,122,121,119.43,11.1,160,143.5
2021-02-07,Sunday,7,5,2,Winter,1,0,0,0,0,0,0,1.1,27.5,20.4,51.9,None,0,0,0,72,22,9,9,8,112,105,113,102,117.14,12.14,148,139.57
2021-02-08,Monday,1,6,2,Winter,0,0,0,0,0,0,0,0.0,25.6,17.2,51.2,None,0,0,0,89,21,8,7,7,125,112,105,114,118.57,10.78,168,137.0
2021-02-09,Tuesday,2,6,2,Winter,0,0,0,0,0,1,0,0.0,24.7,15.5,44.5,None,0,0,0,90,16,12,7,9,125,125,112,123,120.14,10.8,172,133.93
2021-02-10,Wednesday,3,6,2,Winter,0,0,0,1,0,0,1,0.0,23.7,15.4,60.3,None,0,0,0,104,21,8,12,8,145,125,125,141,120.43,10.9,183,130.57
2021-02-11,Thursday,4,6,2,Winter,0,0,0,0,0,1,0,0.0,24.5,15.4,58.0,None,0,0,0,86,21,14,6,7,127,145,125,122,121.0,12.01,177,127.86
2021-02-12,Friday,5,6,2,Winter,0,0,0,0,0,0,0,0.0,25.1,15.2,50.9,None,0,0,0,84,21,6,5,5,116,127,145,113,121.71,12.2,165,124.29
2021-02-13,Saturday,6,6,2,Winter,1,0,0,0,0,0,0,0.0,25.0,16.3,54.3,None,0,0,0,71,21,7,12,6,111,116,127,105,122.14,11.93,121,120.79
2021-02-14,Sunday,7,6,2,Winter,1,0,0,0,0,0,0,0.0,24.6,16.3,52.4,None,0,0,0,74,20,9,10,8,113,111,116,112,123.0,10.84,102,120.07
2021-02-15,Monday,1,7,2,Winter,0,0,0,0,0,0,0,0.0,27.0,21.0,49.4,None,0,0,0,96,14,8,7,7,125,113,111,125,123.14,10.7,114,120.86
2021-02-16,Tuesday,2,7,2,Winter,0,0,0,0,0,1,0,0.0,23.7,16.5,62.2,None,0,0,0,92,17,14,6,7,129,125,113,125,123.14,10.7,123,121.64
2021-02-17,Wednesday,3,7,2,Winter,0,0,0,1,0,0,1,0.0,23.9,16.0,52.9,None,0,0,0,101,18,9,11,7,139,129,125,145,123.71,10.89,141,122.07
2021-02-18,Thursday,4,7,2,Winter,0,0,0,0,0,1,0,0.0,24.9,15.3,48.6,None,0,0,0,85,15,13,4,8,117,139,129,127,122.86,9.3,122,121.93
2021-02-19,Friday,5,7,2,Winter,0,0,0,0,0,0,0,0.0,26.1,17.0,47.2,None,0,0,0,88,21,8,8,7,125,117,139,116,121.43,9.32,113,121.57
2021-02-20,Saturday,6,7,2,Winter,1,0,0,0,0,0,0,0.0,24.3,15.7,55.1,None,0,0,0,74,20,7,11,8,112,125,117,111,122.71,9.1,105,122.43
2021-02-21,Sunday,7,7,2,Winter,1,0,0,0,0,0,0,0.0,26.6,17.6,49.7,None,0,0,0,72,16,9,12,7,109,112,125,113,122.86,8.92,112,122.93
2021-02-22,Monday,1,8,2,Winter,0,0,0,0,0,0,0,0.0,26.3,17.4,42.0,None,0,0,0,92,16,7,6,5,121,109,112,125,122.29,9.63,125,122.71
2021-02-23,Tuesday,2,8,2,Winter,0,0,0,0,0,1,0,0.0,25.7,17.2,45.3,None,0,0,0,91,16,13,9,9,129,121,109,129,121.71,9.57,125,122.43
2021-02-24,Wednesday,3,8,2,Winter,0,0,0,1,0,0,1,0.0,23.8,15.0,56.3,None,0,0,0,96,20,8,12,8,136,129,121,139,121.71,9.57,145,122.71
2021-02-25,Thursday,4,8,2,Winter,0,0,0,0,0,1,0,0.0,24.4,15.6,53.9,None,0,0,0,86,13,14,5,7,118,136,129,117,121.29,8.83,127,122.07
2021-02-26,Friday,5,8,2,Winter,0,0,0,0,0,0,0,0.0,26.3,17.6,57.6,None,0,0,0,89,20,7,8,7,124,118,136,125,121.43,8.76,116,121.43
2021-02-27,Saturday,6,8,2,Winter,1,0,0,0,0,0,0,0.0,26.7,19.5,51.6,None,0,0,0,76,15,10,15,9,116,124,118,112,121.29,8.71,111,122.0
2021-02-28,Sunday,7,8,2,Winter,1,0,0,0,0,0,0,0.1,23.6,16.6,48.3,None,0,0,0,74,19,8,9,7,110,116,124,109,121.86,8.2,113,122.36
2021-03-01,Monday,1,9,3,Summer,0,0,1,0,0,0,1,0.0,27.9,20.0,46.3,None,0,0,0,102,21,7,14,9,144,110,116,121,122.0,7.98,125,122.14
2021-03-02,Tuesday,2,9,3,Summer,0,0,0,0,0,1,0,0.5,25.1,16.2,52.3,None,0,0,0,94,19,13,7,7,133,144,110,129,125.29,11.04,129,123.5
2021-03-03,Wednesday,3,9,3,Summer,0,0,0,1,0,0,1,1.6,26.7,19.1,53.8,None,0,0,0,97,18,8,13,9,136,133,144,136,125.86,11.32,139,123.79
2021-03-04,Thursday,4,9,3,Summer,0,0,1,0,0,1,1,1.7,27.8,20.7,53.4,None,0,0,0,95,20,16,15,11,146,136,133,118,125.86,11.32,117,123.57
2021-03-05,Friday,5,9,3,Summer,0,0,0,0,0,0,0,0.0,23.5,16.1,35.6,None,0,0,0,81,19,5,8,6,113,146,136,124,129.86,12.7,125,125.64
2021-03-06,Saturday,6,9,3,Summer,1,0,0,0,0,0,0,0.0,22.5,13.9,56.4,None,0,0,0,80,23,9,8,6,120,113,146,116,128.29,13.95,112,124.79
2021-03-07,Sunday,7,9,3,Summer,1,0,0,0,0,0,0,0.4,25.1,19.0,54.4,None,0,0,0,68,18,8,11,7,105,120,113,110,128.86,13.51,109,125.36
2021-03-08,Monday,1,10,3,Summer,0,0,0,0,0,0,0,0.0,27.1,19.4,50.0,None,0,0,0,93,19,8,8,7,128,105,120,144,128.14,14.57,121,125.07
2021-03-09,Tuesday,2,10,3,Summer,0,0,0,0,0,1,0,0.0,26.3,18.6,52.5,None,0,0,0,91,23,13,6,7,133,128,105,133,125.86,13.09,129,125.57
2021-03-10,Wednesday,3,10,3,Summer,0,0,0,1,0,0,1,0.0,23.9,14.1,49.3,None,0,0,0,100,21,9,16,10,146,133,128,136,125.86,13.09,136,125.86
2021-03-11,Thursday,4,10,3,Summer,0,0,0,0,0,1,0,0.4,26.3,19.0,55.7,None,0,0,0,86,20,14,8,8,128,146,133,146,127.29,14.58,118,126.57
2021-03-12,Friday,5,10,3,Summer,0,0,0,0,1,0,0,0.0,25.7,16.7,61.7,None,0,0,0,90,19,12,8,8,129,128,146,113,124.71,12.49,124,127.29
2021-03-13,Saturday,6,10,3,Summer,1,0,0,0,0,0,0,0.0,28.5,20.5,47.0,None,0,0,0,72,17,10,11,7,110,129,128,120,127.0,11.56,116,127.64
2021-03-14,Sunday,7,10,3,Summer,1,0,0,0,0,0,0,0.0,24.1,15.6,57.2,None,0,0,0,76,21,9,12,6,118,110,129,105,125.57,12.88,110,127.21
2021-03-15,Monday,1,11,3,Summer,0,0,1,0,0,0,3,0.0,24.8,17.7,53.4,None,0,0,0,99,19,8,17,10,143,118,110,128,127.43,10.5,144,127.79
2021-03-16,Tuesday,2,11,3,Summer,0,0,0,0,0,1,0,0.1,21.7,10.8,55.2,None,0,0,0,93,19,15,8,8,135,143,118,133,129.57,11.84,133,127.71
2021-03-17,Wednesday,3,11,3,Summer,0,0,0,1,0,0,1,0.0,29.5,18.4,46.0,None,0,0,0,98,16,8,15,9,137,135,143,146,129.86,11.95,136,127.86
2021-03-18,Thursday,4,11,3,Summer,0,0,1,0,0,1,2,0.1,26.1,19.0,51.2,None,0,0,0,97,24,14,15,11,150,137,135,128,128.57,10.54,146,127.93
2021-03-19,Friday,5,11,3,Summer,0,0,0,0,1,0,0,0.0,27.0,20.7,49.2,None,0,0,0,90,16,11,10,8,127,150,137,129,131.71,12.91,113,128.21
2021-03-20,Saturday,6,11,3,Summer,1,0,0,0,0,0,0,0.0,28.9,19.8,50.0,None,0,0,0,80,17,7,11,7,115,127,150,110,131.43,12.99,120,129.21
2021-03-21,Sunday,7,11,3,Summer,1,0,0,0,0,0,0,0.0,24.8,16.2,47.7,None,0,0,0,72,17,7,12,7,108,115,127,118,132.14,11.89,105,128.86
2021-03-22,Monday,1,12,3,Summer,0,0,0,0,0,0,0,0.0,28.0,21.8,49.5,None,0,0,0,98,20,10,8,8,136,108,115,143,130.71,13.93,128,129.07
2021-03-23,Tuesday,2,12,3,Summer,0,0,0,0,0,1,0,0.0,29.9,20.6,44.7,None,0,0,0,94,20,15,9,10,138,136,108,135,129.71,13.24,133,129.64
2021-03-24,Wednesday,3,12,3,Summer,0,0,0,1,0,0,1,0.0,26.5,18.0,49.6,None,0,0,0,108,18,11,13,9,150,138,136,137,130.14,13.45,146,130.0
2021-03-25,Thursday,4,12,3,Summer,0,0,0,0,0,1,0,0.0,26.2,16.9,56.1,None,0,0,0,89,19,14,8,9,130,150,138,150,132.0,15.07,128,130.29
2021-03-26,Friday,5,12,3,Summer,0,0,0,0,0,0,0,0.9,29.1,18.8,52.3,None,0,0,0,87,21,9,7,8,124,130,150,127,129.14,13.16,129,130.43
2021-03-27,Saturday,6,12,3,Summer,1,0,1,0,0,0,1,0.0,31.5,22.9,47.4,None,0,0,0,85,15,9,21,11,130,124,130,115,128.71,13.27,110,130.07
2021-03-28,Sunday,7,12,3,Summer,1,0,0,0,0,0,0,0.0,29.1,20.4,50.0,None,0,0,0,76,17,8,14,10,115,130,124,108,130.86,12.04,118,131.5
2021-03-29,Monday,1,13,3,Summer,0,0,1,0,1,0,1,0.0,26.8,20.3,54.2,None,0,0,0,103,18,12,12,8,145,115,130,136,131.86,10.26,143,131.29
2021-03-30,Tuesday,2,13,3,Summer,0,0,1,0,0,1,1,0.0,27.0,18.1,43.0,None,0,0,0,92,20,12,16,9,140,145,115,138,133.14,11.22,135,131.43
2021-03-31,Wednesday,3,13,3,Summer,0,0,0,1,0,0,1,0.0,30.8,19.0,40.1,None,0,0,0,103,14,9,10,9,136,140,145,150,133.43,11.36,137,131.79
2021-04-01,Thursday,4,13,4,Summer,0,0,0,0,0,1,0,0.0,28.4,22.1,46.1,None,0,0,0,91,21,14,7,8,133,136,140,130,131.43,9.32,150,131.71
2021-04-02,Friday,5,13,4,Summer,0,0,0,0,0,0,0,0.0,29.1,19.6,46.4,None,0,0,0,84,15,10,7,7,116,133,136,124,131.86,9.31,127,130.5
2021-04-03,Saturday,6,13,4,Summer,1,0,0,0,0,0,0,0.0,25.1,16.4,52.6,None,0,0,0,73,21,9,11,7,114,116,133,130,130.71,10.61,115,129.71
2021-04-04,Sunday,7,13,4,Summer,1,0,0,0,0,0,0,0.0,26.9,18.7,44.9,None,0,0,0,75,19,9,7,7,110,114,116,115,128.43,12.13,108,129.64
2021-04-05,Monday,1,14,4,Summer,0,0,0,0,0,0,0,0.0,27.8,21.5,43.2,None,0,0,0,99,17,8,6,8,130,110,114,145,127.71,13.01,136,129.79
2021-04-06,Tuesday,2,14,4,Summer,0,0,0,0,0,1,0,0.5,27.1,17.8,43.7,None,0,0,0,91,18,12,8,8,129,130,110,140,125.57,11.08,138,129.36
2021-04-07,Wednesday,3,14,4,Summer,0,0,0,1,1,0,1,0.0,28.6,19.6,50.7,None,0,0,0,104,17,12,11,9,144,129,130,136,124.0,9.61,150,128.71
2021-04-08,Thursday,4,14,4,Summer,0,0,0,0,0,1,0,0.0,33.5,25.5,48.3,None,0,0,0,93,16,15,7,7,131,144,129,133,125.14,11.29,130,128.29
2021-04-09,Friday,5,14,4,Summer,0,0,0,0,0,0,0,0.0,29.2,22.7,51.2,None,0,0,0,86,18,10,6,6,120,131,144,116,124.86,11.12,124,128.36
2021-04-10,Saturday,6,14,4,Summer,1,0,0,0,0,0,0,0.0,30.3,21.7,50.3,None,0,0,0,76,16,8,9,7,109,120,131,114,125.43,10.74,130,128.07
2021-04-11,Sunday,7,14,4,Summer,1,0,0,0,0,0,0,0.0,30.6,22.5,43.9,None,0,0,0,72,15,7,12,6,106,109,120,110,124.71,11.61,115,126.57
2021-04-12,Monday,1,15,4,Summer,0,0,0,0,0,0,0,0.0,28.4,22.0,56.5,None,0,0,0,97,16,8,6,7,127,106,109,130,124.14,12.39,145,125.93
2021-04-13,Tuesday,2,15,4,Summer,0,0,0,0,0,1,0,2.1,32.0,22.9,46.9,None,0,0,0,93,16,15,7,8,131,127,106,129,123.71,12.23,140,124.64
2021-04-14,Wednesday,3,15,4,Summer,0,0,0,1,0,0,1,0.0,30.0,19.0,46.9,None,0,0,0,103,16,9,15,8,143,131,127,144,124.0,12.38,136,124.0
2021-04-15,Thursday,4,15,4,Summer,0,0,0,0,0,1,0,0.0,28.6,21.2,53.1,None,0,0,0,90,18,12,8,8,128,143,131,131,123.86,12.15,133,124.5
2021-04-16,Friday,5,15,4,Summer,0,0,0,0,0,0,0,0.0,32.8,25.0,49.3,None,0,0,0,91,18,8,4,6,121,128,143,120,123.43,11.94,116,124.14
2021-04-17,Saturday,6,15,4,Summer,1,0,0,0,0,0,0,0.7,33.1,23.1,49.5,None,0,0,0,78,16,7,13,7,114,121,128,109,123.57,11.9,114,124.5
2021-04-18,Sunday,7,15,4,Summer,1,0,0,0,0,0,0,0.0,29.4,22.8,56.8,None,0,0,0,75,17,10,11,7,113,114,121,106,124.29,11.13,110,124.5
2021-04-19,Monday,1,16,4,Summer,0,0,0,0,0,0,0,0.0,31.0,23.6,52.5,None,0,0,0,96,16,11,7,7,130,113,114,127,125.29,9.66,130,124.71
2021-04-20,Tuesday,2,16,4,Summer,0,0,0,0,0,1,0,0.0,31.0,26.1,50.6,None,0,0,0,94,20,12,7,8,133,130,113,131,125.71,9.79,129,124.71
2021-04-21,Wednesday,3,16,4,Summer,0,0,0,1,0,0,1,0.0,34.0,26.2,39.5,None,0,0,0,104,15,8,12,9,139,133,130,143,126.0,9.97,144,125.0
2021-04-22,Thursday,4,16,4,Summer,0,0,0,0,0,1,0,0.0,32.1,25.0,43.0,None,0,0,0,90,16,12,9,7,127,139,133,128,125.43,9.05,131,124.64
2021-04-23,Friday,5,16,4,Summer,0,0,0,0,0,0,0,0.0,33.0,25.7,43.1,None,0,0,0,92,17,10,7,7,126,127,139,121,125.29,9.02,120,124.36
2021-04-24,Saturday,6,16,4,Summer,1,0,0,0,0,0,0,0.0,30.2,21.1,46.6,None,0,0,0,82,17,9,11,8,119,126,127,114,126.0,8.85,109,124.79
2021-04-25,Sunday,7,16,4,Summer,1,0,0,0,0,0,0,0.0,30.3,22.4,47.2,None,0,0,0,76,14,8,10,8,108,119,126,113,126.71,8.01,106,125.5
2021-04-26,Monday,1,17,4,Summer,0,0,0,0,0,0,0,0.0,31.4,24.0,51.9,None,0,0,0,96,23,9,7,8,135,108,119,130,126.0,9.32,127,125.64
2021-04-27,Tuesday,2,17,4,Summer,0,0,0,0,0,1,0,0.0,33.3,26.0,40.7,None,0,0,0,92,14,13,8,7,127,135,108,133,126.71,9.78,131,126.21
2021-04-28,Wednesday,3,17,4,Summer,0,0,0,1,0,0,1,0.0,30.5,22.5,52.1,None,0,0,0,102,19,7,13,11,141,127,135,139,125.86,9.45,143,125.93
2021-04-29,Thursday,4,17,4,Summer,0,0,0,0,0,1,0,0.0,31.5,23.7,50.7,None,0,0,0,93,24,14,5,8,136,141,127,127,126.14,9.86,128,125.79
2021-04-30,Friday,5,17,4,Summer,0,0,0,0,0,0,0,0.0,29.6,20.2,44.9,None,0,0,0,93,17,8,5,5,123,136,141,126,127.43,10.46,121,126.36
2021-05-01,Saturday,6,17,5,Summer,1,1,0,0,0,0,1,0.0,29.8,21.6,47.2,None,0,0,0,83,22,7,12,9,124,123,136,119,127.0,10.57,114,126.5
2021-05-02,Sunday,7,17,5,Summer,1,0,0,0,0,0,0,0.0,29.5,20.8,49.6,None,0,0,0,81,22,9,10,7,122,124,123,108,127.71,10.17,113,127.21
2021-05-03,Monday,1,18,5,Summer,0,0,0,0,1,0,0,0.5,33.7,27.4,43.2,None,0,0,0,107,16,11,9,8,143,122,124,135,129.71,6.96,130,127.86
2021-05-04,Tuesday,2,18,5,Summer,0,0,0,0,0,1,0,0.0,34.6,26.4,37.9,None,0,0,0,96,12,15,7,7,130,143,122,127,130.86,8.27,133,128.79
2021-05-05,Wednesday,3,18,5,Summer,0,0,0,1,0,0,1,0.0,30.8,22.0,52.1,None,0,0,0,102,20,9,13,8,144,130,143,141,131.29,8.14,139,128.57
2021-05-06,Thursday,4,18,5,Summer,0,0,0,0,0,1,0,0.0,35.8,28.5,46.6,None,0,0,0,94,15,15,10,8,134,144,130,136,131.71,8.7,127,128.93
2021-05-07,Friday,5,18,5,Summer,0,0,0,0,0,0,0,0.0,32.4,25.0,52.5,None,0,0,0,95,17,9,6,7,127,134,144,123,131.43,8.58,126,129.43
2021-05-08,Saturday,6,18,5,Summer,1,0,0,0,1,0,0,0.0,29.4,20.6,46.9,None,0,0,0,85,14,12,14,10,125,127,134,124,132.0,8.12,119,129.5
2021-05-09,Sunday,7,18,5,Summer,1,0,0,0,0,0,0,0.0,29.9,22.6,42.5,None,0,0,0,76,21,8,13,7,118,125,127,122,132.14,7.99,108,129.93
2021-05-10,Monday,1,19,5,Summer,0,0,0,0,0,0,0,0.0,30.8,21.9,47.5,None,0,0,0,96,19,8,7,6,130,118,125,143,131.57,8.8,135,130.64
2021-05-11,Tuesday,2,19,5,Summer,0,0,0,0,0,1,0,0.0,31.5,21.4,45.5,None,0,0,0,92,20,14,10,9,136,130,118,130,129.71,7.46,127,130.29
2021-05-12,Wednesday,3,19,5,Summer,0,0,0,1,0,0,1,0.3,32.6,23.8,45.8,None,0,0,0,106,14,10,12,8,142,136,130,144,130.57,7.78,141,130.93
2021-05-13,Thursday,4,19,5,Summer,0,0,0,0,0,1,0,0.0,33.1,25.3,46.4,None,0,0,0,94,19,15,8,9,136,142,136,134,130.29,7.3,136,131.0
2021-05-14,Friday,5,19,5,Summer,0,0,0,0,0,0,0,0.0,34.9,27.0,50.6,None,0,0,0,88,21,9,7,7,125,136,142,127,130.57,7.48,123,131.0
2021-05-15,Saturday,6,19,5,Summer,1,0,0,0,0,0,0,0.7,33.4,25.5,49.1,None,0,0,0,83,17,9,11,7,120,125,136,125,130.29,7.65,124,131.14
2021-05-16,Sunday,7,19,5,Summer,1,0,0,0,0,0,0,0.0,34.1,25.9,47.6,None,0,0,0,76,15,7,10,7,108,120,125,118,129.57,8.31,122,130.86
2021-05-17,Monday,1,20,5,Summer,0,0,0,0,0,0,0,0.0,29.4,22.1,45.8,None,0,0,0,102,18,8,7,7,135,108,120,130,128.14,10.7,143,129.86
2021-05-18,Tuesday,2,20,5,Summer,0,0,0,0,0,1,0,0.0,31.7,24.7,42.2,Diarrheal,2,0,4,103,21,14,8,9,146,135,108,136,128.86,10.96,130,129.29
2021-05-19,Wednesday,3,20,5,Summer,0,0,0,1,0,0,1,0.2,36.9,27.4,45.6,Diarrheal,2,0,2,114,25,9,12,10,160,146,135,142,130.29,12.36,144,130.43
2021-05-20,Thursday,4,20,5,Summer,0,0,0,0,0,1,0,0.0,32.0,24.9,38.7,Diarrheal,2,0,4,96,23,14,7,9,140,160,146,136,132.86,15.9,134,131.57
2021-05-21,Friday,5,20,5,Summer,0,0,0,0,0,0,0,0.0,34.5,25.2,48.8,Diarrheal,2,0,3,98,30,6,7,7,141,140,160,125,133.43,16.07,127,132.0
2021-05-22,Saturday,6,20,5,Summer,1,0,0,0,0,0,0,0.0,35.2,25.3,42.9,Diarrheal,2,0,3,83,27,9,13,9,132,141,140,120,135.71,15.84,125,133.0
2021-05-23,Sunday,7,20,5,Summer,1,0,0,0,0,0,0,0.2,33.2,25.3,41.6,Diarrheal,2,0,3,81,25,8,10,8,124,132,141,108,137.43,14.66,118,133.5
2021-05-24,Monday,1,21,5,Summer,0,0,0,0,0,0,0,0.0,34.4,26.7,44.4,Diarrheal,2,0,2,106,25,10,8,9,149,124,132,135,139.71,10.57,130,133.93
2021-05-25,Tuesday,2,21,5,Summer,0,0,0,0,0,1,0,0.0,31.7,24.1,51.7,Diarrheal,2,0,3,99,26,13,8,7,146,149,124,146,141.71,10.81,136,135.29
2021-05-26,Wednesday,3,21,5,Summer,0,0,0,1,0,0,1,0.0,30.7,22.1,48.1,Diarrheal,2,0,3,110,26,9,13,9,158,146,149,160,141.71,10.81,142,136.0
2021-05-27,Thursday,4,21,5,Summer,0,0,0,0,0,1,0,0.0,33.5,25.1,50.0,Diarrheal,2,0,2,97,27,13,5,9,142,158,146,140,141.43,10.34,136,137.14
2021-05-28,Friday,5,21,5,Summer,0,0,0,0,0,0,0,0.0,35.0,27.4,46.9,Diarrheal,2,0,2,96,26,9,6,6,137,142,158,141,141.71,10.32,125,137.57
2021-05-29,Saturday,6,21,5,Summer,1,0,0,0,0,0,0,0.0,31.7,23.8,49.0,Diarrheal,2,0,3,87,30,8,11,8,136,137,142,132,141.14,10.45,120,138.43
2021-05-30,Sunday,7,21,5,Summer,1,0,0,0,0,0,0,0.0,36.0,27.5,45.2,Diarrheal,2,0,4,82,25,9,10,8,126,136,137,124,141.71,10.04,108,139.57
2021-05-31,Monday,1,22,5,Summer,0,0,0,0,0,0,0,0.5,31.4,23.3,47.9,Diarrheal,2,0,3,106,28,8,6,7,148,126,136,149,142.0,9.55,135,140.86
2021-06-01,Tuesday,2,22,6,Monsoon,0,0,0,0,0,1,0,3.8,32.7,24.6,68.3,Diarrheal,2,0,3,104,34,12,5,9,155,148,126,146,141.86,9.45,146,141.79
2021-06-02,Wednesday,3,22,6,Monsoon,0,0,0,1,0,0,1,9.1,36.0,28.5,64.1,Diarrheal,2,0,3,117,29,8,11,9,165,155,148,158,143.14,10.48,160,142.43
2021-06-03,Thursday,4,22,6,Monsoon,0,0,0,0,0,1,0,10.5,33.0,24.1,73.6,Diarrheal,2,0,4,94,34,15,6,9,149,165,155,142,144.14,12.06,140,142.79
2021-06-04,Friday,5,22,6,Monsoon,0,0,0,0,0,0,0,0.4,33.1,24.4,69.1,None,0,0,0,83,27,7,9,9,126,149,165,137,145.14,12.14,141,143.43
2021-06-05,Saturday,6,22,6,Monsoon,1,0,0,0,0,0,0,2.0,33.4,24.8,69.0,None,0,0,0,78,24,8,12,7,122,126,149,136,143.57,13.7,132,142.36
2021-06-06,Sunday,7,22,6,Monsoon,1,0,0,0,1,0,0,40.2,36.8,30.4,81.7,None,0,0,0,74,36,12,13,10,135,122,126,126,141.57,15.56,124,141.64
2021-06-07,Monday,1,23,6,Monsoon,0,0,0,0,0,0,0,4.0,34.2,27.1,69.3,None,0,0,0,91,25,10,9,8,135,135,122,148,142.86,14.55,149,142.43
2021-06-08,Tuesday,2,23,6,Monsoon,0,0,0,0,0,1,0,10.8,31.5,22.9,68.7,None,0,0,0,93,26,12,8,9,139,135,135,155,141.0,14.61,146,141.43
2021-06-09,Wednesday,3,23,6,Monsoon,0,0,0,1,0,0,1,7.6,36.9,27.7,64.6,None,0,0,0,99,29,9,13,9,150,139,135,165,138.71,13.45,158,140.93
2021-06-10,Thursday,4,23,6,Monsoon,0,0,0,0,0,1,0,9.9,35.0,27.0,71.9,None,0,0,0,91,27,13,6,7,137,150,139,149,136.57,9.78,142,140.36
2021-06-11,Friday,5,23,6,Monsoon,0,0,0,0,0,0,0,26.9,36.9,27.0,75.7,None,0,0,0,85,29,9,7,9,130,137,150,126,134.86,8.41,137,140.0
2021-06-12,Saturday,6,23,6,Monsoon,1,0,0,0,0,0,0,53.6,31.6,22.9,89.5,None,0,0,0,78,36,6,9,9,129,130,137,122,135.43,7.91,136,139.5
2021-06-13,Sunday,7,23,6,Monsoon,1,0,0,0,0,0,0,4.9,35.9,28.0,68.5,None,0,0,0,70,24,7,10,8,111,129,130,135,136.43,6.46,126,139.0
2021-06-14,Monday,1,24,6,Monsoon,0,0,0,0,0,0,0,8.1,33.3,24.9,71.2,None,0,0,0,94,27,6,9,7,136,111,129,135,133.0,11.05,148,137.93
2021-06-15,Tuesday,2,24,6,Monsoon,0,0,0,0,0,1,0,23.6,35.8,27.9,74.8,None,0,0,0,90,32,12,8,9,142,136,111,139,133.14,11.08,155,137.07
2021-06-16,Wednesday,3,24,6,Monsoon,0,0,0,1,0,0,1,18.7,34.1,27.4,74.1,None,0,0,0,101,27,7,11,10,146,142,136,150,133.57,11.35,165,136.14
2021-06-17,Thursday,4,24,6,Monsoon,0,0,0,0,0,1,0,34.1,35.8,27.5,70.1,None,0,0,0,83,30,12,8,8,133,146,142,137,133.0,10.58,149,134.79
2021-06-18,Friday,5,24,6,Monsoon,0,0,0,0,1,0,0,20.7,34.7,26.7,82.0,None,0,0,0,94,29,11,7,8,141,133,146,130,132.43,10.46,126,133.64
2021-06-19,Saturday,6,24,6,Monsoon,1,0,0,0,0,0,0,36.7,35.1,27.4,89.3,None,0,0,0,72,34,7,9,9,122,141,133,129,134.0,10.8,122,134.71
2021-06-20,Sunday,7,24,6,Monsoon,1,0,0,0,0,0,0,16.7,37.8,29.2,78.8,None,0,0,0,72,30,7,11,7,120,122,141,111,133.0,11.51,135,134.71
2021-06-21,Monday,1,25,6,Monsoon,0,0,0,0,0,0,0,35.0,35.8,28.0,80.0,None,0,0,0,95,31,6,7,8,139,120,122,136,134.29,9.27,135,133.64
2021-06-22,Tuesday,2,25,6,Monsoon,0,0,0,0,1,1,0,28.7,31.1,23.4,81.3,None,0,0,0,94,29,15,8,8,146,139,120,142,134.71,9.41,139,133.93
2021-06-23,Wednesday,3,25,6,Monsoon,0,0,0,1,0,0,1,31.5,33.4,27.0,78.0,None,0,0,0,98,29,6,10,7,143,146,139,146,135.29,9.94,150,134.43
2021-06-24,Thursday,4,25,6,Monsoon,0,0,0,0,0,1,0,24.1,36.3,29.2,79.4,None,0,0,0,88,31,14,8,9,141,143,146,133,134.86,9.52,137,133.93
2021-06-25,Friday,5,25,6,Monsoon,0,0,0,0,0,0,0,6.2,35.1,24.6,70.1,None,0,0,0,86,22,9,5,7,122,141,143,141,136.0,9.71,130,134.21
2021-06-26,Saturday,6,25,6,Monsoon,1,0,0,0,1,0,0,9.8,35.7,27.8,70.9,None,0,0,0,81,23,11,11,9,126,122,141,122,133.29,10.55,129,133.64
2021-06-27,Sunday,7,25,6,Monsoon,1,0,0,0,0,0,0,11.8,36.4,28.9,71.2,None,0,0,0,71,22,7,12,8,112,126,122,120,133.86,10.02,111,133.43
2021-06-28,Monday,1,26,6,Monsoon,0,0,0,0,0,0,0,29.7,36.0,25.6,81.7,None,0,0,0,98,34,8,7,8,147,112,126,139,132.71,11.83,136,133.5
2021-06-29,Tuesday,2,26,6,Monsoon,0,0,0,0,0,1,0,12.3,33.4,24.6,65.2,None,0,0,0,91,26,14,7,10,138,147,112,146,133.86,12.73,142,134.29
2021-06-30,Wednesday,3,26,6,Monsoon,0,0,0,1,0,0,1,36.0,31.8,20.9,89.8,None,0,0,0,97,38,5,13,10,153,138,147,143,132.71,11.92,146,134.0
2021-07-01,Thursday,4,26,7,Monsoon,0,0,0,0,0,1,0,47.2,37.2,31.1,81.9,None,0,0,0,82,36,10,8,8,136,153,138,141,134.14,13.56,133,134.5
2021-07-02,Friday,5,26,7,Monsoon,0,0,0,0,0,0,0,24.1,31.8,24.5,80.1,None,0,0,0,88,30,6,7,8,131,136,153,122,133.43,13.31,141,134.71
2021-07-03,Saturday,6,26,7,Monsoon,1,0,0,0,0,0,0,13.1,31.4,24.4,73.5,None,0,0,0,72,23,7,11,6,113,131,136,126,134.71,12.56,122,134.0
2021-07-04,Sunday,7,26,7,Monsoon,1,0,0,0,0,0,0,16.1,32.8,25.3,73.7,None,0,0,0,74,26,7,11,9,118,113,131,112,132.86,14.52,120,133.36
2021-07-05,Monday,1,27,7,Monsoon,0,0,0,0,0,0,0,20.8,32.8,23.9,83.2,None,0,0,0,92,31,7,10,8,140,118,113,147,133.71,13.39,139,133.21
2021-07-06,Tuesday,2,27,7,Monsoon,0,0,0,0,0,1,0,10.3,33.1,25.6,70.9,None,0,0,0,88,26,13,4,9,131,140,118,138,132.71,12.6,146,133.29
2021-07-07,Wednesday,3,27,7,Monsoon,0,0,0,1,0,0,1,28.3,33.0,24.9,81.6,None,0,0,0,100,35,7,15,11,157,131,140,153,131.71,12.42,143,132.21
2021-07-08,Thursday,4,27,7,Monsoon,0,0,0,0,0,1,0,15.0,30.7,19.5,77.8,None,0,0,0,85,30,12,9,9,136,157,131,136,132.29,13.43,141,133.21
2021-07-09,Friday,5,27,7,Monsoon,0,0,0,0,0,0,0,19.8,35.3,29.9,76.6,None,0,0,0,84,29,8,4,7,125,136,157,131,132.29,13.43,122,132.86
2021-07-10,Saturday,6,27,7,Monsoon,1,0,0,0,0,0,0,25.1,33.1,26.2,83.5,None,0,0,0,78,33,7,10,8,128,125,136,113,131.43,13.68,126,133.07
2021-07-11,Sunday,7,27,7,Monsoon,1,0,0,0,0,0,0,11.8,35.0,27.1,76.4,None,0,0,0,73,30,6,11,8,120,128,125,118,133.57,11.65,112,133.21
2021-07-12,Monday,1,28,7,Monsoon,0,0,0,0,0,0,0,10.2,34.2,24.7,77.3,None,0,0,0,93,28,7,8,8,136,120,128,140,133.86,11.28,147,133.79
2021-07-13,Tuesday,2,28,7,Monsoon,0,0,0,0,0,1,0,39.0,31.9,22.7,79.2,None,0,0,0,90,30,11,5,8,136,136,120,131,133.29,11.05,138,133.0
2021-07-14,Wednesday,3,28,7,Monsoon,0,0,0,1,0,0,1,25.5,33.8,27.8,80.9,None,0,0,0,96,29,6,13,9,144,136,136,157,134.0,11.05,153,132.86
2021-07-15,Thursday,4,28,7,Monsoon,0,0,0,0,0,1,0,17.3,33.1,25.7,73.4,None,0,0,0,96,28,10,8,8,142,144,136,136,132.14,7.57,136,132.21
2021-07-16,Friday,5,28,7,Monsoon,0,0,0,0,0,0,0,16.4,35.0,27.2,77.0,None,0,0,0,86,27,7,9,8,129,142,144,125,133.0,8.26,131,132.64
2021-07-17,Saturday,6,28,7,Monsoon,1,0,0,0,0,0,0,23.5,36.4,27.4,76.6,None,0,0,0,75,30,6,12,8,123,129,142,128,133.57,7.82,113,132.5
2021-07-18,Sunday,7,28,7,Monsoon,1,0,0,0,0,0,0,22.9,34.6,25.9,84.5,None,0,0,0,71,30,6,13,9,120,123,129,120,132.86,8.49,118,133.21
2021-07-19,Monday,1,29,7,Monsoon,0,0,0,0,0,0,0,29.2,34.0,26.2,79.2,None,0,0,0,90,31,6,8,7,135,120,123,136,132.86,8.49,140,133.36
2021-07-20,Tuesday,2,29,7,Monsoon,0,0,0,0,0,1,0,15.0,34.4,27.5,70.4,None,0,0,0,87,24,13,6,8,130,135,120,136,132.71,8.45,131,133.0
2021-07-21,Wednesday,3,29,7,Monsoon,0,0,0,1,0,0,1,32.7,31.5,22.5,85.4,None,0,0,0,95,30,7,14,9,146,130,135,144,131.86,8.37,157,132.93
2021-07-22,Thursday,4,29,7,Monsoon,0,0,0,0,0,1,0,10.8,33.2,25.6,72.6,None,0,0,0,82,22,11,7,7,122,146,130,142,132.14,8.81,136,132.14
2021-07-23,Friday,5,29,7,Monsoon,0,0,0,0,1,0,0,28.1,34.2,26.3,76.3,None,0,0,0,82,31,8,8,8,129,122,146,129,129.29,8.38,125,131.14
2021-07-24,Saturday,6,29,7,Monsoon,1,0,0,0,0,0,0,13.6,34.8,28.2,78.6,None,0,0,0,75,32,6,13,8,126,129,122,123,129.29,8.38,128,131.43
2021-07-25,Sunday,7,29,7,Monsoon,1,0,0,0,0,0,0,10.4,33.7,28.5,68.5,Malaria,4,1,6,74,56,6,10,9,146,126,129,120,129.71,8.12,120,131.29
2021-07-26,Monday,1,30,7,Monsoon,0,0,0,0,0,0,0,16.6,32.7,24.6,73.7,Malaria,4,1,7,89,59,8,9,10,165,146,126,135,133.43,8.75,136,133.14
2021-07-27,Tuesday,2,30,7,Monsoon,0,0,0,0,0,1,0,14.2,33.8,25.3,72.5,Malaria,4,1,6,95,59,12,8,10,174,165,146,130,137.71,14.15,136,135.21
2021-07-28,Wednesday,3,30,7,Monsoon,0,0,0,1,0,0,1,13.6,33.6,26.8,73.9,Malaria,4,1,7,101,56,6,14,11,177,174,165,146,144.0,18.45,144,137.93
2021-07-29,Thursday,4,30,7,Monsoon,0,0,0,0,0,1,0,15.1,30.1,21.4,75.8,Malaria,4,1,6,90,57,11,8,10,166,177,174,122,148.43,21.81,142,140.29
2021-07-30,Friday,5,30,7,Monsoon,0,0,0,0,0,0,0,16.3,33.1,25.4,76.5,Malaria,4,1,5,82,58,6,7,9,153,166,177,129,154.71,19.51,129,142.0
2021-07-31,Saturday,6,30,7,Monsoon,1,0,0,0,0,0,0,11.8,33.1,27.3,71.2,Malaria,4,1,5,75,58,6,11,9,150,153,166,126,158.14,16.57,123,143.71
2021-08-01,Sunday,7,30,8,Monsoon,1,0,0,0,0,0,0,15.5,32.2,25.4,72.1,Malaria,4,1,7,74,62,7,10,10,153,150,153,146,161.57,11.17,120,145.64
2021-08-02,Monday,1,31,8,Monsoon,0,0,1,0,0,0,2,69.9,34.4,26.3,98.0,Malaria,4,1,7,90,72,4,14,13,180,153,150,165,162.57,9.98,135,148.0
2021-08-03,Tuesday,2,31,8,Monsoon,0,0,0,0,0,1,0,25.4,32.0,24.0,85.4,Malaria,4,1,6,90,66,11,4,11,171,180,153,174,164.71,11.73,130,151.21
2021-08-04,Wednesday,3,31,8,Monsoon,0,0,0,1,0,0,1,19.5,32.7,25.9,72.3,Malaria,4,1,6,95,58,7,12,11,172,171,180,177,164.29,11.44,146,154.14
2021-08-05,Thursday,4,31,8,Monsoon,0,0,0,0,0,1,0,39.2,31.5,22.9,88.3,Malaria,4,1,7,81,65,10,5,9,161,172,171,166,163.57,10.76,122,156.0
2021-08-06,Friday,5,31,8,Monsoon,0,0,0,0,0,0,0,16.4,29.9,22.2,79.1,Malaria,4,1,5,82,61,6,5,9,154,161,172,153,162.86,10.74,129,158.79
2021-08-07,Saturday,6,31,8,Monsoon,1,0,0,0,0,0,0,9.8,30.0,22.1,71.1,Malaria,4,1,5,76,59,5,11,10,151,154,161,150,163.0,10.61,126,160.57
2021-08-08,Sunday,7,31,8,Monsoon,1,0,0,0,0,0,0,8.3,34.6,28.4,71.1,Malaria,4,1,7,62,57,7,10,9,136,151,154,153,163.14,10.44,146,162.36
2021-08-09,Monday,1,32,8,Monsoon,0,0,0,0,0,0,0,5.5,33.5,27.6,69.1,None,0,0,0,92,23,7,7,7,129,136,151,180,160.71,13.92,165,161.64
2021-08-10,Tuesday,2,32,8,Monsoon,0,0,0,0,0,1,0,12.4,29.4,20.8,82.0,None,0,0,0,93,29,10,4,8,136,129,136,171,153.43,15.2,174,159.07
2021-08-11,Wednesday,3,32,8,Monsoon,0,0,1,1,0,0,3,33.8,32.0,24.9,81.6,None,0,0,0,101,34,6,23,12,164,136,129,172,148.43,14.33,177,156.36
2021-08-12,Thursday,4,32,8,Monsoon,0,0,1,0,0,1,1,5.8,31.7,26.5,67.5,None,0,0,0,89,22,11,15,9,137,164,136,161,147.29,12.62,166,155.43
2021-08-13,Friday,5,32,8,Monsoon,0,0,0,0,0,0,0,16.4,33.4,26.4,74.4,None,0,0,0,84,27,6,6,6,123,137,164,154,143.86,11.65,153,153.36
2021-08-14,Saturday,6,32,8,Monsoon,1,0,0,0,0,0,0,5.7,33.6,24.9,62.6,None,0,0,0,73,22,3,10,7,108,123,137,151,139.43,12.79,150,151.21
2021-08-15,Sunday,7,32,8,Monsoon,1,1,0,0,0,0,1,12.1,32.2,23.1,70.1,None,0,0,0,64,22,7,12,8,105,108,123,136,133.29,15.75,153,148.21
2021-08-16,Monday,1,33,8,Monsoon,0,0,1,0,0,0,1,27.8,30.5,24.6,80.1,None,0,0,0,96,28,4,13,8,141,105,108,129,128.86,18.48,180,144.79
2021-08-17,Tuesday,2,33,8,Monsoon,0,0,0,0,0,1,0,3.6,30.0,20.8,74.9,None,0,0,0,91,24,12,5,5,132,141,105,136,130.57,18.97,171,142.0
2021-08-18,Wednesday,3,33,8,Monsoon,0,0,0,1,0,0,1,19.7,31.8,23.3,84.4,None,0,0,0,97,33,5,12,8,147,132,141,164,130.0,18.85,172,139.21
2021-08-19,Thursday,4,33,8,Monsoon,0,0,0,0,0,1,0,19.0,33.7,25.2,78.0,Dengue,4,1,6,89,71,10,6,10,176,147,132,137,127.57,15.02,161,137.43
2021-08-20,Friday,5,33,8,Monsoon,0,0,0,0,0,0,0,10.4,33.7,25.4,75.5,Dengue,4,1,6,90,71,7,7,11,175,176,147,123,133.14,22.74,154,138.5
2021-08-21,Saturday,6,33,8,Monsoon,1,0,0,0,0,0,0,17.6,33.5,26.1,73.9,Dengue,4,1,7,79,67,5,11,12,162,175,176,108,140.57,26.41,151,140.0
2021-08-22,Sunday,7,33,8,Monsoon,1,0,0,0,0,0,0,21.0,31.8,26.9,80.7,Dengue,4,1,6,76,72,7,11,13,166,162,175,105,148.29,23.49,136,140.79
2021-08-23,Monday,1,34,8,Monsoon,0,0,0,0,0,0,0,0.0,32.3,23.5,69.3,Dengue,4,1,7,95,71,5,9,11,180,166,162,141,157.0,15.91,129,142.93
2021-08-24,Tuesday,2,34,8,Monsoon,0,0,0,0,0,1,0,1.1,29.9,22.0,69.1,Dengue,4,1,4,97,63,12,7,11,179,180,166,132,162.57,16.16,136,146.57
2021-08-25,Wednesday,3,34,8,Monsoon,0,0,0,1,0,0,1,1.6,31.8,24.0,72.0,Dengue,4,1,6,107,66,4,11,12,188,179,180,147,169.29,11.0,164,149.64
2021-08-26,Thursday,4,34,8,Monsoon,0,0,0,0,0,1,0,33.5,31.9,24.2,82.2,Dengue,4,1,5,87,75,10,4,11,176,188,179,176,175.14,8.11,137,151.36
2021-08-27,Friday,5,34,8,Monsoon,0,0,0,0,0,0,0,0.0,29.9,20.6,71.2,Dengue,4,1,5,95,68,6,7,10,176,176,188,175,175.14,8.11,123,154.14
2021-08-28,Saturday,6,34,8,Monsoon,1,0,0,0,0,0,0,3.1,31.7,25.3,77.6,Dengue,4,1,5,80,64,3,9,10,156,176,176,162,175.29,8.12,108,157.93
2021-08-29,Sunday,7,34,8,Monsoon,1,0,0,0,0,0,0,5.0,30.1,21.3,73.0,Dengue,4,1,6,74,70,5,10,10,159,156,176,166,174.43,9.65,105,161.36
2021-08-30,Monday,1,35,8,Monsoon,0,0,0,0,0,0,0,3.6,31.9,24.1,81.3,Dengue,4,1,7,101,68,6,5,10,180,159,156,180,173.43,10.77,141,165.21
2021-08-31,Tuesday,2,35,8,Monsoon,0,0,0,0,0,1,0,3.0,28.9,21.4,77.0,Dengue,4,1,5,93,65,11,8,12,177,180,159,179,173.43,10.77,132,168.0
2021-09-01,Wednesday,3,35,9,Monsoon,0,0,0,1,0,0,1,5.1,28.6,20.3,78.9,Dengue,4,1,6,106,68,7,12,13,193,177,180,188,173.14,10.64,147,171.21
2021-09-02,Thursday,4,35,9,Monsoon,0,0,0,0,0,1,0,0.0,28.9,21.2,74.2,Dengue,4,1,6,97,64,10,6,11,177,193,177,176,173.86,11.73,176,174.5
2021-09-03,Friday,5,35,9,Monsoon,0,0,0,0,0,0,0,2.9,31.4,21.7,68.2,Dengue,4,1,6,93,66,4,5,10,168,177,193,176,174.0,11.76,175,174.57
2021-09-04,Saturday,6,35,9,Monsoon,1,0,0,0,0,0,0,6.1,30.5,25.0,73.8,Dengue,4,1,7,82,65,5,11,10,163,168,177,156,172.86,11.9,162,174.07
2021-09-05,Sunday,7,35,9,Monsoon,1,0,0,0,1,0,0,0.7,27.8,18.0,73.2,Dengue,4,1,6,81,66,9,8,11,164,163,168,159,173.86,10.67,166,174.14
2021-09-06,Monday,1,36,9,Monsoon,0,0,0,0,0,0,0,21.6,25.2,17.5,79.2,Dengue,4,1,7,94,72,3,7,11,176,164,163,180,174.57,9.78,180,174.0
2021-09-07,Tuesday,2,36,9,Monsoon,0,0,0,0,0,1,0,12.0,28.8,20.2,70.4,Dengue,4,1,6,92,67,11,9,12,179,176,164,177,174.0,9.56,179,173.71
2021-09-08,Wednesday,3,36,9,Monsoon,0,0,0,1,0,0,1,12.2,30.1,23.9,82.1,Dengue,4,1,5,102,73,5,11,14,191,179,176,193,174.29,9.68,188,173.71
2021-09-09,Thursday,4,36,9,Monsoon,0,0,0,0,0,1,0,13.5,27.3,19.3,79.2,Dengue,4,1,6,90,68,12,7,12,177,191,179,177,174.0,9.13,176,173.93
2021-09-10,Friday,5,36,9,Monsoon,0,0,0,0,0,0,0,4.3,28.4,20.8,75.1,Dengue,4,1,6,92,65,5,6,11,168,177,191,168,174.0,9.13,176,174.0
2021-09-11,Saturday,6,36,9,Monsoon,1,0,0,0,0,0,0,23.3,27.4,18.7,77.7,Dengue,4,1,6,81,69,5,11,12,166,168,177,163,174.0,9.13,156,173.43
2021-09-12,Sunday,7,36,9,Monsoon,1,0,0,0,0,0,0,0.3,29.6,22.7,70.9,Dengue,4,1,5,78,64,6,13,11,161,166,168,164,174.43,8.67,159,174.14
2021-09-13,Monday,1,37,9,Monsoon,0,0,0,0,0,0,0,36.0,30.4,22.2,85.3,Dengue,4,1,6,94,78,4,10,14,186,161,166,176,174.0,9.23,180,174.29
2021-09-14,Tuesday,2,37,9,Monsoon,0,0,0,0,0,1,0,27.6,29.1,20.4,78.2,Dengue,4,1,6,94,72,10,3,11,179,186,161,179,175.43,10.15,177,174.71
2021-09-15,Wednesday,3,37,9,Monsoon,0,0,0,1,0,0,1,23.9,27.2,18.1,85.2,Dengue,4,1,8,103,75,6,16,12,200,179,186,191,175.43,10.15,193,174.86
2021-09-16,Thursday,4,37,9,Monsoon,0,0,0,0,0,1,0,11.2,27.7,20.6,77.8,Dengue,4,1,8,87,67,9,6,10,169,200,179,177,176.71,12.37,177,175.36
2021-09-17,Friday,5,37,9,Monsoon,0,0,0,0,0,0,0,1.8,28.2,20.4,74.8,Dengue,4,1,5,88,67,5,7,11,167,169,200,168,175.57,12.66,168,174.79
2021-09-18,Saturday,6,37,9,Monsoon,1,0,0,0,0,0,0,1.7,27.5,18.8,73.3,Dengue,4,1,6,80,71,4,9,10,164,167,169,166,175.43,12.75,163,174.71
2021-09-19,Sunday,7,37,9,Monsoon,1,0,0,0,0,0,0,17.8,25.7,19.4,80.8,Dengue,4,1,5,73,75,4,9,12,161,164,167,161,175.14,12.98,164,174.79
2021-09-20,Monday,1,38,9,Monsoon,0,0,0,0,0,0,0,4.2,27.6,17.1,80.7,Dengue,4,1,6,94,71,6,5,10,176,161,164,186,175.14,12.98,176,174.57
2021-09-21,Tuesday,2,38,9,Monsoon,0,0,0,0,0,1,0,6.8,23.5,14.8,73.8,Dengue,4,1,6,93,66,10,8,13,177,176,161,179,173.71,12.23,179,174.57
2021-09-22,Wednesday,3,38,9,Monsoon,0,0,0,1,0,0,1,2.1,27.7,18.4,74.1,Dengue,4,1,7,102,65,3,15,11,185,177,176,200,173.43,12.13,191,174.43
2021-09-23,Thursday,4,38,9,Monsoon,0,0,0,0,0,1,0,3.0,24.9,15.8,75.2,Dengue,4,1,5,91,69,11,7,12,178,185,177,169,171.29,7.8,177,174.0
2021-09-24,Friday,5,38,9,Monsoon,0,0,0,0,0,0,0,8.5,28.8,20.6,79.3,Dengue,4,1,5,87,72,4,9,11,172,178,185,167,172.57,8.05,168,174.07
2021-09-25,Saturday,6,38,9,Monsoon,1,0,0,0,0,0,0,0.0,28.0,20.5,76.0,Dengue,4,1,4,79,62,4,14,10,159,172,178,164,173.29,7.74,166,174.36
2021-09-26,Sunday,7,38,9,Monsoon,1,0,0,0,0,0,0,8.5,29.8,22.9,72.9,Dengue,4,1,6,75,69,5,12,13,161,159,172,161,172.57,8.73,161,173.86
2021-09-27,Monday,1,39,9,Monsoon,0,0,0,0,0,0,0,4.7,27.0,16.9,79.0,Dengue,4,1,5,96,69,4,8,11,177,161,159,176,172.57,8.73,186,173.86
2021-09-28,Tuesday,2,39,9,Monsoon,0,0,0,0,0,1,0,10.0,27.0,19.1,79.4,Dengue,4,1,6,101,66,9,6,13,182,177,161,177,172.71,8.79,179,173.21
2021-09-29,Wednesday,3,39,9,Monsoon,0,0,0,1,0,0,1,14.3,24.8,16.3,87.1,Dengue,4,1,5,100,72,3,13,11,188,182,177,185,173.43,9.3,200,173.43
2021-09-30,Thursday,4,39,9,Monsoon,0,0,0,0,0,1,0,16.7,26.6,20.6,82.1,Dengue,4,1,6,86,74,10,9,13,179,188,182,178,173.86,9.88,169,172.57
2021-10-01,Friday,5,39,10,Post_Monsoon,0,0,0,0,0,0,0,0.3,25.5,15.7,49.7,Dengue,4,1,5,91,60,6,7,10,164,179,188,172,174.0,9.94,167,173.29
2021-10-02,Saturday,6,39,10,Post_Monsoon,1,1,0,0,0,0,1,0.6,27.2,18.6,43.9,None,0,0,0,72,17,5,13,8,107,164,179,159,172.86,10.55,164,173.07
2021-10-03,Sunday,7,39,10,Post_Monsoon,1,0,0,0,0,0,0,5.6,23.1,15.7,59.9,None,0,0,0,69,18,6,11,7,104,107,164,161,165.43,25.46,161,169.0
2021-10-04,Monday,1,40,10,Post_Monsoon,0,0,0,0,0,0,0,0.8,25.5,15.9,50.3,None,0,0,0,85,17,6,7,6,115,104,107,177,157.29,33.44,176,164.93
2021-10-05,Tuesday,2,40,10,Post_Monsoon,0,0,0,0,0,1,0,4.4,27.2,20.5,58.3,None,0,0,0,86,22,9,7,8,124,115,104,182,148.43,35.21,177,160.57
2021-10-06,Wednesday,3,40,10,Post_Monsoon,0,0,0,1,0,0,1,4.1,27.4,16.4,56.4,None,0,0,0,93,19,6,13,8,131,124,115,188,140.14,33.09,185,156.79
2021-10-07,Thursday,4,40,10,Post_Monsoon,0,0,0,0,1,1,0,0.8,28.3,15.5,48.8,None,0,0,0,90,17,13,5,8,125,131,124,179,132.0,26.72,178,152.93
2021-10-08,Friday,5,40,10,Post_Monsoon,0,0,0,0,0,0,0,0.9,26.1,20.1,41.8,None,0,0,0,82,11,4,8,5,105,125,131,164,124.29,18.59,172,149.14
2021-10-09,Saturday,6,40,10,Post_Monsoon,1,0,0,0,0,0,0,0.0,27.0,20.3,51.4,None,0,0,0,68,18,4,13,8,103,105,125,107,115.86,10.12,159,144.36
2021-10-10,Sunday,7,40,10,Post_Monsoon,1,0,0,0,0,0,0,0.0,27.4,20.2,44.9,None,0,0,0,69,10,6,12,8,97,103,105,104,115.29,10.7,161,140.36
2021-10-11,Monday,1,41,10,Post_Monsoon,0,0,0,0,0,0,0,0.7,26.8,17.5,45.7,None,0,0,0,87,14,6,8,6,115,97,103,115,114.29,11.96,177,135.79
2021-10-12,Tuesday,2,41,10,Post_Monsoon,0,0,1,0,0,1,1,0.1,24.5,15.2,51.7,None,0,0,0,91,13,12,13,9,129,115,97,124,114.29,11.96,182,131.36
2021-10-13,Wednesday,3,41,10,Post_Monsoon,0,0,0,1,0,0,1,1.3,29.4,20.1,43.5,None,0,0,0,92,12,5,13,6,122,129,115,131,115.0,12.65,188,127.57
2021-10-14,Thursday,4,41,10,Post_Monsoon,0,0,1,0,0,1,1,0.0,24.4,16.6,53.4,None,0,0,0,89,14,9,17,8,129,122,129,125,113.71,11.35,179,122.86
2021-10-15,Friday,5,41,10,Post_Monsoon,0,0,1,0,0,0,2,0.0,26.6,18.3,53.0,None,0,0,0,86,12,4,16,8,118,129,122,105,114.29,11.98,164,119.29
2021-10-16,Saturday,6,41,10,Post_Monsoon,1,0,0,0,0,0,0,4.3,22.5,13.9,54.1,None,0,0,0,68,19,5,11,7,103,118,129,103,116.14,11.39,107,116.0
2021-10-17,Sunday,7,41,10,Post_Monsoon,1,0,1,0,0,0,2,4.8,23.6,17.1,50.4,None,0,0,0,69,14,4,23,9,110,103,118,97,116.14,11.39,104,115.71
2021-10-18,Monday,1,42,10,Post_Monsoon,0,0,0,0,0,0,0,0.0,24.5,15.8,52.0,None,0,0,0,87,14,5,7,6,113,110,103,115,118.0,8.91,115,116.14
2021-10-19,Tuesday,2,42,10,Post_Monsoon,0,0,1,0,0,1,1,0.0,25.4,18.8,47.1,None,0,0,0,91,12,12,14,9,129,113,110,129,117.71,9.04,124,116.0
2021-10-20,Wednesday,3,42,10,Post_Monsoon,0,0,0,1,0,0,1,0.6,26.0,18.9,45.2,None,0,0,0,94,13,5,15,7,127,129,113,122,117.71,9.04,131,116.36
2021-10-21,Thursday,4,42,10,Post_Monsoon,0,0,0,0,0,1,0,0.0,24.3,15.5,63.5,None,0,0,0,81,14,10,8,7,113,127,129,129,118.43,9.53,125,116.07
2021-10-22,Friday,5,42,10,Post_Monsoon,0,0,0,0,0,0,0,2.2,25.5,17.8,55.3,None,0,0,0,81,14,6,7,7,108,113,127,118,116.14,8.59,105,115.21
2021-10-23,Saturday,6,42,10,Post_Monsoon,1,0,1,0,0,0,3,3.7,24.0,15.8,53.8,None,0,0,0,75,18,4,22,9,119,108,113,103,114.71,8.99,103,115.43
2021-10-24,Sunday,7,42,10,Post_Monsoon,1,0,0,0,0,0,0,2.5,22.3,13.7,53.0,None,0,0,0,67,17,4,10,6,98,119,108,110,117.0,7.65,97,116.57
2021-10-25,Monday,1,43,10,Post_Monsoon,0,0,1,0,0,0,1,0.0,25.4,20.3,54.5,None,0,0,0,92,16,5,15,7,128,98,119,113,115.29,10.01,115,116.64
2021-10-26,Tuesday,2,43,10,Post_Monsoon,0,0,0,0,0,1,0,0.0,26.0,19.4,50.9,None,0,0,0,89,14,9,6,5,118,128,98,129,117.43,10.86,129,117.57
2021-10-27,Wednesday,3,43,10,Post_Monsoon,0,0,0,1,0,0,1,0.6,26.0,19.9,45.7,None,0,0,0,96,10,4,9,4,119,118,128,127,115.86,9.82,122,116.79
2021-10-28,Thursday,4,43,10,Post_Monsoon,0,0,0,0,0,1,0,0.0,27.4,16.9,48.9,None,0,0,0,82,14,10,6,7,112,119,118,113,114.71,8.88,129,116.57
2021-10-29,Friday,5,43,10,Post_Monsoon,0,0,1,0,0,0,3,0.0,22.6,14.0,59.5,None,0,0,0,80,15,5,20,7,120,112,119,108,114.57,8.91,118,115.36
2021-10-30,Saturday,6,43,10,Post_Monsoon,1,0,1,0,0,0,2,0.0,24.0,14.2,54.1,None,0,0,0,80,14,4,20,7,118,120,112,119,116.29,8.63,103,115.5
2021-10-31,Sunday,7,43,10,Post_Monsoon,1,0,0,0,0,0,0,0.0,24.9,17.4,47.5,None,0,0,0,70,13,6,11,7,100,118,120,98,116.14,8.59,110,116.57
2021-11-01,Monday,1,44,11,Post_Monsoon,0,0,0,0,0,0,0,0.0,24.2,18.2,55.8,None,0,0,0,85,17,5,8,6,115,100,118,128,116.43,8.0,113,115.86
2021-11-02,Tuesday,2,44,11,Post_Monsoon,0,0,0,0,0,1,0,0.0,25.7,17.2,52.4,None,0,0,0,87,15,10,10,8,122,115,100,118,114.57,6.46,129,116.0
2021-11-03,Wednesday,3,44,11,Post_Monsoon,0,0,0,1,0,0,1,0.1,24.0,15.7,54.1,None,0,0,0,90,18,5,11,8,124,122,115,119,115.14,6.9,127,115.5
2021-11-04,Thursday,4,44,11,Post_Monsoon,0,0,1,0,0,1,2,0.0,26.3,17.9,56.6,None,0,0,0,93,18,10,14,9,135,124,122,112,115.86,7.49,113,115.29
2021-11-05,Friday,5,44,11,Post_Monsoon,0,0,0,0,0,0,0,10.9,23.2,14.8,52.8,None,0,0,0,79,14,5,8,6,106,135,124,120,119.14,9.78,108,116.86
2021-11-06,Saturday,6,44,11,Post_Monsoon,1,0,0,0,0,0,0,0.0,22.3,15.7,55.4,None,0,0,0,66,16,7,9,6,98,106,135,118,117.14,10.78,119,116.71
2021-11-07,Sunday,7,44,11,Post_Monsoon,1,0,0,0,1,0,0,0.0,23.2,15.1,53.8,None,0,0,0,68,14,6,11,8,99,98,106,100,114.29,12.66,98,115.21
2021-11-08,Monday,1,45,11,Post_Monsoon,0,0,0,0,0,0,0,0.0,24.3,15.4,56.5,None,0,0,0,90,16,5,6,5,117,99,98,115,114.14,12.82,128,115.29
2021-11-09,Tuesday,2,45,11,Post_Monsoon,0,0,1,0,0,1,2,1.6,21.5,13.5,55.2,None,0,0,0,90,14,11,13,7,128,117,99,122,114.43,12.86,118,114.5
2021-11-10,Wednesday,3,45,11,Post_Monsoon,0,0,1,1,0,0,2,4.1,23.4,15.3,51.1,Mass_Casualty,4,1,8,112,15,5,88,24,220,128,117,124,115.29,13.52,119,115.21
2021-11-11,Thursday,4,45,11,Post_Monsoon,0,0,1,0,0,1,3,0.0,24.2,15.5,53.4,None,0,0,0,93,18,11,19,9,141,220,128,135,129.0,39.37,112,122.43
2021-11-12,Friday,5,45,11,Post_Monsoon,0,0,0,0,0,0,0,1.1,22.8,13.7,52.2,None,0,0,0,85,16,6,7,7,114,141,220,106,129.86,39.56,120,124.5
2021-11-13,Saturday,6,45,11,Post_Monsoon,1,0,0,0,0,0,0,0.0,25.5,18.7,51.1,None,0,0,0,74,14,6,9,5,103,114,141,98,131.0,38.97,118,124.07
2021-11-14,Sunday,7,45,11,Post_Monsoon,1,0,0,0,0,0,0,0.8,23.3,15.3,49.3,None,0,0,0,64,10,6,8,5,88,103,114,99,131.71,38.4,100,123.0
2021-11-15,Monday,1,46,11,Post_Monsoon,0,0,0,0,0,0,0,0.5,25.8,15.8,47.5,None,0,0,0,91,16,5,8,5,120,88,103,117,130.14,39.9,115,122.14
2021-11-16,Tuesday,2,46,11,Post_Monsoon,0,0,0,0,0,1,0,0.0,21.7,14.7,54.1,None,0,0,0,87,16,10,8,8,121,120,88,128,130.57,39.77,122,122.5
2021-11-17,Wednesday,3,46,11,Post_Monsoon,0,0,0,1,0,0,1,2.0,22.0,14.1,49.7,None,0,0,0,100,14,5,12,7,131,121,120,220,129.57,39.91,124,122.43
2021-11-18,Thursday,4,46,11,Post_Monsoon,0,0,0,0,0,1,0,1.2,22.3,14.5,54.6,None,0,0,0,81,18,9,8,6,116,131,121,141,116.86,16.23,135,122.93
2021-11-19,Friday,5,46,11,Post_Monsoon,0,0,0,0,0,0,0,0.0,20.8,13.0,61.3,None,0,0,0,78,17,6,8,6,109,116,131,114,113.29,12.94,106,121.57
2021-11-20,Saturday,6,46,11,Post_Monsoon,1,0,0,0,0,0,0,0.3,21.5,12.5,47.6,None,0,0,0,70,16,5,11,6,102,109,116,103,112.57,13.01,98,121.79
2021-11-21,Sunday,7,46,11,Post_Monsoon,1,0,0,0,0,0,0,0.0,25.2,17.2,52.4,None,0,0,0,69,17,5,11,7,102,102,109,88,112.43,13.12,99,122.07
2021-11-22,Monday,1,47,11,Post_Monsoon,0,0,0,0,0,0,0,1.5,23.7,15.0,51.9,None,0,0,0,88,19,7,7,6,121,102,102,120,114.43,9.93,117,122.29
2021-11-23,Tuesday,2,47,11,Post_Monsoon,0,0,0,0,0,1,0,0.4,17.8,10.2,58.5,None,0,0,0,86,22,11,5,7,124,121,102,121,114.57,10.01,128,122.57
2021-11-24,Wednesday,3,47,11,Post_Monsoon,0,0,0,1,0,0,1,0.0,22.0,13.2,53.8,None,0,0,0,96,18,5,14,7,133,124,121,131,115.0,10.34,220,122.29
2021-11-25,Thursday,4,47,11,Post_Monsoon,0,0,0,0,0,1,0,0.0,20.2,13.6,53.5,None,0,0,0,84,14,10,5,6,113,133,124,116,115.29,10.79,141,116.07
2021-11-26,Friday,5,47,11,Post_Monsoon,0,0,0,0,0,0,0,0.0,24.5,16.4,50.1,None,0,0,0,80,11,8,8,6,107,113,133,109,114.86,10.82,114,114.07
2021-11-27,Saturday,6,47,11,Post_Monsoon,1,0,1,0,0,0,1,0.0,24.1,15.2,55.4,None,0,0,0,78,16,5,17,9,116,107,113,102,114.57,10.99,103,113.57
2021-11-28,Sunday,7,47,11,Post_Monsoon,1,0,0,0,0,0,0,0.0,25.0,17.6,52.1,None,0,0,0,65,10,7,12,6,94,116,107,102,116.57,9.72,88,114.5
2021-11-29,Monday,1,48,11,Post_Monsoon,0,0,0,0,0,0,0,0.0,18.7,12.9,54.3,None,0,0,0,88,19,5,6,7,118,94,116,121,115.43,11.65,120,114.93
2021-11-30,Tuesday,2,48,11,Post_Monsoon,0,0,1,0,0,1,3,0.0,22.4,13.1,55.2,None,0,0,0,92,15,12,17,8,136,118,94,124,115.0,11.49,121,114.79
2021-12-01,Wednesday,3,48,12,Winter,0,0,0,1,0,0,1,0.0,19.5,13.5,57.6,None,0,0,0,94,18,6,8,6,126,136,118,133,116.71,13.43,131,115.86
2021-12-02,Thursday,4,48,12,Winter,0,0,0,0,0,1,0,0.0,23.0,13.0,52.2,None,0,0,0,86,18,11,7,8,122,126,136,113,115.71,12.41,116,115.5
2021-12-03,Friday,5,48,12,Winter,0,0,0,0,0,0,0,0.0,24.3,14.9,51.8,None,0,0,0,83,19,5,7,6,114,122,126,107,117.0,12.52,109,115.93
2021-12-04,Saturday,6,48,12,Winter,1,0,0,0,0,0,0,0.0,23.1,15.7,51.8,None,0,0,0,68,15,4,12,7,99,114,122,116,118.0,11.95,102,116.29
2021-12-05,Sunday,7,48,12,Winter,1,0,0,0,0,0,0,0.0,21.7,13.8,55.4,None,0,0,0,62,18,4,11,5,95,99,114,94,115.57,13.71,102,116.07
2021-12-06,Monday,1,49,12,Winter,0,0,0,0,0,0,0,0.0,24.6,18.0,50.7,None,0,0,0,90,11,5,6,6,112,95,99,118,115.71,13.49,121,115.57
2021-12-07,Tuesday,2,49,12,Winter,0,0,0,0,0,1,0,0.0,24.4,15.0,58.4,None,0,0,0,88,14,10,10,6,122,112,95,136,114.86,13.51,124,114.93
2021-12-08,Wednesday,3,49,12,Winter,0,0,0,1,0,0,1,0.0,20.2,11.0,62.0,None,0,0,0,93,15,8,12,9,128,122,112,126,112.86,11.04,133,114.79
2021-12-09,Thursday,4,49,12,Winter,0,0,0,0,0,1,0,0.0,23.6,16.3,59.0,None,0,0,0,84,17,10,7,6,118,128,122,122,113.14,11.39,113,114.43
2021-12-10,Friday,5,49,12,Winter,0,0,0,0,0,0,0,0.0,21.3,14.3,55.7,None,0,0,0,85,18,8,7,6,118,118,128,114,112.57,11.03,107,114.79
2021-12-11,Saturday,6,49,12,Winter,1,0,0,0,0,0,0,0.0,25.1,17.8,47.0,None,0,0,0,73,18,7,13,7,111,118,118,99,113.14,11.19,116,115.57
2021-12-12,Sunday,7,49,12,Winter,1,0,0,0,0,0,0,0.0,20.6,10.1,57.8,None,0,0,0,68,19,4,10,5,101,111,118,95,114.86,9.72,94,115.21
2021-12-13,Monday,1,50,12,Winter,0,0,0,0,0,0,0,0.0,23.4,17.2,57.6,None,0,0,0,90,18,6,5,6,119,101,111,112,115.71,8.05,118,115.71
2021-12-14,Tuesday,2,50,12,Winter,0,0,0,0,0,1,0,0.0,23.1,14.0,56.3,None,0,0,0,86,16,10,8,6,120,119,101,122,116.71,7.96,136,115.79
2021-12-15,Wednesday,3,50,12,Winter,0,0,0,1,0,0,1,0.0,20.3,12.7,61.1,None,0,0,0,88,18,7,15,8,128,120,119,128,116.43,7.8,126,114.64
2021-12-16,Thursday,4,50,12,Winter,0,0,0,0,0,1,0,0.0,25.0,19.7,56.6,None,0,0,0,86,14,12,8,6,120,128,120,118,116.43,7.8,122,114.79
2021-12-17,Friday,5,50,12,Winter,0,0,0,0,0,0,0,0.0,18.5,9.2,56.4,None,0,0,0,81,13,8,9,6,111,120,128,118,116.71,7.89,114,114.64
2021-12-18,Saturday,6,50,12,Winter,1,0,0,0,0,0,0,0.0,21.5,13.1,49.5,None,0,0,0,69,13,8,11,7,101,111,120,111,115.71,8.1,99,114.43
2021-12-19,Sunday,7,50,12,Winter,1,0,0,0,0,0,0,0.0,18.6,11.3,48.5,None,0,0,0,69,18,5,8,5,100,101,111,101,114.29,9.56,95,114.57
2021-12-20,Monday,1,51,12,Winter,0,0,0,0,0,0,0,0.2,20.1,11.3,59.5,None,0,0,0,85,21,6,7,6,119,100,101,119,114.14,9.76,112,114.93
2021-12-21,Tuesday,2,51,12,Winter,0,0,0,0,0,1,0,0.0,22.2,15.5,47.5,None,0,0,0,84,14,12,9,7,119,119,100,120,114.14,9.76,122,115.43
2021-12-22,Wednesday,3,51,12,Winter,0,0,0,1,0,0,1,0.0,21.3,13.2,56.6,None,0,0,0,101,18,7,11,8,137,119,119,128,114.0,9.68,128,115.21
2021-12-23,Thursday,4,51,12,Winter,0,0,0,0,0,1,0,0.0,20.8,12.3,61.1,None,0,0,0,86,22,10,9,7,127,137,119,120,115.29,11.82,118,115.86
2021-12-24,Friday,5,51,12,Winter,0,0,0,0,0,0,0,0.1,21.1,12.4,53.1,None,0,0,0,81,18,10,8,7,117,127,137,111,116.29,12.45,118,116.5
2021-12-25,Saturday,6,51,12,Winter,1,1,0,0,0,0,1,0.0,19.8,12.2,58.0,None,0,0,0,78,16,6,13,8,113,117,127,101,117.14,12.26,111,116.43
2021-12-26,Sunday,7,51,12,Winter,1,0,0,0,0,0,0,0.3,24.2,15.7,56.4,None,0,0,0,73,13,5,12,4,103,113,117,100,118.86,10.62,101,116.57
2021-12-27,Monday,1,52,12,Winter,0,0,0,0,0,0,0,0.0,22.9,13.6,49.4,None,0,0,0,88,14,6,7,6,115,103,113,119,119.29,9.88,119,116.71
2021-12-28,Tuesday,2,52,12,Winter,0,0,0,0,0,1,0,0.0,25.2,17.7,49.4,None,0,0,0,83,13,11,9,6,116,115,103,119,118.71,10.0,120,116.43
2021-12-29,Wednesday,3,52,12,Winter,0,0,0,1,0,0,1,0.0,21.1,14.8,53.3,None,0,0,0,100,18,6,13,7,137,116,115,137,118.29,10.04,128,116.14
2021-12-30,Thursday,4,52,12,Winter,0,0,0,0,0,1,0,0.0,22.8,14.2,53.3,None,0,0,0,86,18,11,8,7,123,137,116,127,118.29,10.04,120,116.79
2021-12-31,Friday,5,52,12,Winter,0,0,0,0,0,0,0,0.0,19.9,15.7,57.7,None,0,0,0,80,19,5,8,6,112,123,137,117,117.71,9.63,111,117.0
2022-01-01,Saturday,6,52,1,Winter,1,0,0,0,0,0,0,0.0,22.1,13.4,51.1,None,0,0,0,76,14,6,10,6,106,112,123,113,117.0,9.84,101,117.07
2022-01-02,Sunday,7,52,1,Winter,1,0,0,0,0,0,0,0.0,20.4,14.7,48.5,None,0,0,0,73,17,6,10,7,106,106,112,103,116.0,10.53,100,117.43
2022-01-03,Monday,1,1,1,Winter,0,0,0,0,0,0,0,0.0,22.6,14.5,55.6,None,0,0,0,92,17,8,6,8,123,106,106,115,116.43,10.04,119,117.86
2022-01-04,Tuesday,2,1,1,Winter,0,0,0,0,0,1,0,0.0,21.0,11.6,51.7,None,0,0,0,93,19,10,7,7,129,123,106,116,117.57,10.27,119,118.14
2022-01-05,Wednesday,3,1,1,Winter,0,0,0,1,0,0,1,0.0,21.4,10.5,59.7,None,0,0,0,100,14,6,14,9,134,129,123,137,119.43,10.97,137,118.86
2022-01-06,Thursday,4,1,1,Winter,0,0,0,0,0,1,0,0.0,20.9,14.0,54.2,None,0,0,0,84,12,10,7,5,113,134,129,123,119.0,10.31,127,118.64
2022-01-07,Friday,5,1,1,Winter,0,0,0,0,0,0,0,0.0,21.8,15.5,50.3,None,0,0,0,81,16,8,6,6,111,113,134,112,117.57,10.35,117,117.64
2022-01-08,Saturday,6,1,1,Winter,1,0,0,0,0,0,0,0.0,20.7,11.4,55.2,None,0,0,0,77,20,5,14,6,116,111,113,106,117.43,10.43,113,117.21
2022-01-09,Sunday,7,1,1,Winter,1,0,0,0,0,0,0,0.0,24.6,16.4,52.2,Respiratory,4,1,7,88,44,6,9,8,147,116,111,106,118.86,9.4,103,117.43
2022-01-10,Monday,1,2,1,Winter,0,0,0,0,0,0,0,0.0,20.4,12.9,63.5,Respiratory,4,1,8,113,47,8,8,10,176,147,116,123,124.71,11.98,115,120.57
2022-01-11,Tuesday,2,2,1,Winter,0,0,0,0,0,1,0,0.0,22.7,15.6,56.9,Respiratory,4,1,5,109,45,12,9,13,175,176,147,129,132.29,21.49,116,124.93
2022-01-12,Wednesday,3,2,1,Winter,0,0,0,1,0,0,1,0.0,24.5,17.2,48.7,Respiratory,4,1,6,118,46,5,11,11,180,175,176,134,138.86,26.03,137,129.14
2022-01-13,Thursday,4,2,1,Winter,0,0,0,0,0,1,0,0.0,22.6,12.9,47.8,Respiratory,4,1,6,106,41,12,7,10,166,180,175,113,145.43,29.54,123,132.21
2022-01-14,Friday,5,2,1,Winter,0,0,0,0,0,0,0,0.0,21.1,12.6,54.4,Respiratory,4,1,7,100,45,6,5,9,156,166,180,111,153.0,26.94,112,135.29
2022-01-15,Saturday,6,2,1,Winter,1,0,0,0,0,0,0,0.0,19.6,9.9,52.2,Respiratory,4,1,5,95,43,7,8,8,153,156,166,116,159.43,20.82,106,138.43
2022-01-16,Sunday,7,2,1,Winter,1,0,0,0,0,0,0,0.0,20.7,12.3,51.7,Respiratory,4,1,6,91,43,7,11,9,152,153,156,147,164.71,11.92,106,141.79
2022-01-17,Monday,1,3,1,Winter,0,0,0,0,0,0,0,0.0,22.8,14.9,52.8,Respiratory,4,1,7,113,44,6,8,7,171,152,153,176,165.43,10.95,123,145.07
2022-01-18,Tuesday,2,3,1,Winter,0,0,0,0,0,1,0,0.0,24.1,18.4,61.4,Respiratory,4,1,6,113,48,10,7,10,178,171,152,175,164.71,10.39,129,148.5
2022-01-19,Wednesday,3,3,1,Winter,0,0,0,1,0,0,1,0.0,21.4,13.2,47.1,Respiratory,4,1,6,116,43,7,11,10,177,178,171,180,165.14,10.86,134,152.0
2022-01-20,Thursday,4,3,1,Winter,0,0,0,0,0,1,0,0.0,22.5,15.3,50.9,Respiratory,4,1,6,106,43,14,8,10,171,177,178,166,164.71,10.31,113,155.07
2022-01-21,Friday,5,3,1,Winter,0,0,0,0,1,0,0,0.0,23.2,16.4,48.5,Respiratory,4,1,5,106,44,9,11,10,170,171,177,156,165.43,10.54,111,159.21
2022-01-22,Saturday,6,3,1,Winter,1,0,0,0,0,0,0,0.0,19.4,13.4,53.7,Respiratory,4,1,6,98,45,7,11,11,161,170,171,153,167.43,9.87,116,163.43
2022-01-23,Sunday,7,3,1,Winter,1,0,0,0,0,0,0,0.0,23.7,16.5,54.1,Respiratory,4,1,6,94,46,7,12,11,159,161,170,152,168.57,8.5,147,166.64
2022-01-24,Monday,1,4,1,Winter,0,0,0,0,0,0,0,1.3,23.5,16.4,52.4,Respiratory,4,1,6,109,48,6,7,11,170,159,161,171,169.57,6.72,176,167.5
2022-01-25,Tuesday,2,4,1,Winter,0,0,0,0,0,1,0,0.0,21.5,14.4,51.4,Respiratory,4,1,6,110,47,11,4,9,172,170,159,178,169.43,6.69,175,167.07
2022-01-26,Wednesday,3,4,1,Winter,0,1,0,1,0,0,2,0.0,20.5,10.7,57.2,Respiratory,4,1,6,115,51,6,14,11,186,172,170,177,168.57,5.88,180,166.86
2022-01-27,Thursday,4,4,1,Winter,0,0,0,0,0,1,0,0.5,24.5,15.9,47.9,Respiratory,4,1,7,105,45,11,5,9,166,186,172,171,169.86,8.13,166,167.29
2022-01-28,Friday,5,4,1,Winter,0,0,0,0,0,0,0,0.0,21.7,14.2,50.7,Respiratory,4,1,6,103,43,7,8,9,161,166,186,170,169.14,8.22,156,167.29
2022-01-29,Saturday,6,4,1,Winter,1,0,0,0,0,0,0,0.0,23.2,16.9,58.7,Respiratory,4,1,6,97,45,7,10,9,159,161,166,161,167.86,8.68,153,167.64
2022-01-30,Sunday,7,4,1,Winter,1,0,0,0,0,0,0,0.0,24.2,16.6,57.8,Respiratory,4,1,6,91,48,7,13,11,159,159,161,159,167.57,8.93,152,168.07
2022-01-31,Monday,1,5,1,Winter,0,0,0,0,0,0,0,0.3,24.0,15.8,60.3,None,0,0,0,90,17,6,8,6,121,159,159,170,167.57,8.93,171,168.57
2022-02-01,Tuesday,2,5,2,Winter,0,0,0,0,0,1,0,0.0,23.9,14.5,47.7,None,0,0,0,99,18,12,6,7,135,121,159,172,160.57,18.43,178,165.0
2022-02-02,Wednesday,3,5,2,Winter,0,0,0,1,0,0,1,0.0,23.9,16.4,49.1,None,0,0,0,97,19,7,10,8,133,135,121,186,155.29,19.66,177,161.93
2022-02-03,Thursday,4,5,2,Winter,0,0,0,0,0,1,0,0.0,20.9,12.0,59.6,None,0,0,0,82,17,11,10,8,120,133,135,166,147.71,16.29,171,158.79
2022-02-04,Friday,5,5,2,Winter,0,0,0,0,0,0,0,0.0,25.4,17.7,56.1,None,0,0,0,83,22,7,6,4,118,120,133,161,141.14,16.86,170,155.14
2022-02-05,Saturday,6,5,2,Winter,1,0,0,0,0,0,0,0.0,25.0,16.8,49.7,None,0,0,0,78,19,7,12,7,116,118,120,159,135.0,16.33,161,151.43
2022-02-06,Sunday,7,5,2,Winter,1,0,0,0,0,0,0,0.0,23.1,14.9,45.4,None,0,0,0,78,16,8,15,8,117,116,118,159,128.86,14.08,159,148.21
2022-02-07,Monday,1,6,2,Winter,0,0,0,0,0,0,0,0.0,22.7,15.5,51.6,None,0,0,0,97,14,7,6,7,124,117,116,121,122.86,7.24,170,145.21
2022-02-08,Tuesday,2,6,2,Winter,0,0,0,0,0,1,0,0.0,26.1,14.8,53.5,None,0,0,0,92,17,10,7,7,126,124,117,135,123.29,7.21,172,141.93
2022-02-09,Wednesday,3,6,2,Winter,0,0,0,1,0,0,1,0.0,26.4,18.3,42.6,None,0,0,0,102,15,9,10,7,136,126,124,133,122.0,5.63,186,138.64
2022-02-10,Thursday,4,6,2,Winter,0,0,0,0,0,1,0,0.0,23.5,14.3,59.4,None,0,0,0,92,17,12,8,6,129,136,126,120,122.43,6.5,166,135.07
2022-02-11,Friday,5,6,2,Winter,0,0,0,0,0,0,0,0.0,25.3,17.2,52.0,None,0,0,0,85,16,8,7,6,116,129,136,118,123.71,6.78,161,132.43
2022-02-12,Saturday,6,6,2,Winter,1,0,0,0,0,0,0,0.7,24.3,14.4,46.0,None,0,0,0,80,19,8,12,8,119,116,129,116,123.43,7.05,159,129.21
2022-02-13,Sunday,7,6,2,Winter,1,0,0,0,0,0,0,0.0,26.4,17.2,54.0,None,0,0,0,77,23,8,11,7,119,119,116,117,123.86,6.66,159,126.36
2022-02-14,Monday,1,7,2,Winter,0,0,0,0,0,0,0,0.0,25.1,17.8,53.8,None,0,0,0,98,12,8,9,8,127,119,119,124,124.14,6.4,121,123.5
2022-02-15,Tuesday,2,7,2,Winter,0,0,0,0,0,1,0,0.0,25.9,15.9,53.4,None,0,0,0,91,17,12,8,8,128,127,119,126,124.57,6.48,135,123.93
2022-02-16,Wednesday,3,7,2,Winter,0,0,0,1,0,0,1,0.1,24.2,16.8,48.2,None,0,0,0,104,14,8,15,10,141,128,127,136,124.86,6.58,133,123.43
2022-02-17,Thursday,4,7,2,Winter,0,0,0,0,1,1,0,0.3,26.1,17.3,49.4,None,0,0,0,91,20,16,7,8,134,141,128,129,125.57,7.89,120,124.0
2022-02-18,Friday,5,7,2,Winter,0,0,0,0,0,0,0,0.0,24.1,16.7,56.6,None,0,0,0,90,16,6,7,9,119,134,141,116,126.29,8.38,118,125.0
2022-02-19,Saturday,6,7,2,Winter,1,0,0,0,0,0,0,0.0,27.2,19.9,44.8,None,0,0,0,78,16,8,13,7,115,119,134,119,126.71,7.91,116,125.07
2022-02-20,Sunday,7,7,2,Winter,1,0,0,0,0,0,0,0.0,22.2,13.8,59.0,None,0,0,0,77,21,10,10,8,118,115,119,119,126.14,8.56,117,125.0
2022-02-21,Monday,1,8,2,Winter,0,0,0,0,0,0,0,0.0,24.5,15.3,50.3,None,0,0,0,97,18,8,7,7,130,118,115,127,126.0,8.68,124,125.07
2022-02-22,Tuesday,2,8,2,Winter,0,0,0,0,0,1,0,0.6,25.0,17.8,55.6,None,0,0,0,93,20,14,4,7,131,130,118,128,126.43,8.8,126,125.5
2022-02-23,Wednesday,3,8,2,Winter,0,0,0,1,0,0,1,0.0,26.2,18.1,48.9,None,0,0,0,101,20,7,16,8,144,131,130,141,126.86,8.94,136,125.86
2022-02-24,Thursday,4,8,2,Winter,0,0,0,0,0,1,0,0.0,25.6,19.1,45.5,None,0,0,0,88,16,14,10,9,128,144,131,134,127.29,9.65,129,126.43
2022-02-25,Friday,5,8,2,Winter,0,0,0,0,0,0,0,0.0,23.6,15.3,46.6,None,0,0,0,88,18,8,9,8,123,128,144,119,126.43,9.27,116,126.36
2022-02-26,Saturday,6,8,2,Winter,1,0,0,0,0,0,0,0.1,26.8,20.3,57.6,None,0,0,0,80,22,5,11,8,118,123,128,115,127.0,8.91,119,126.86
2022-02-27,Sunday,7,8,2,Winter,1,0,0,0,0,0,0,0.0,27.4,20.8,51.8,None,0,0,0,78,21,8,12,8,119,118,123,118,127.43,8.38,119,126.79
2022-02-28,Monday,1,9,2,Winter,0,0,0,0,0,0,0,0.0,26.3,19.7,43.6,None,0,0,0,96,17,7,10,7,130,119,118,130,127.57,8.23,127,126.79
2022-03-01,Tuesday,2,9,3,Summer,0,0,0,0,0,1,0,0.0,26.4,18.1,43.6,None,0,0,0,94,18,13,8,7,133,130,119,131,127.57,8.23,128,127.0
2022-03-02,Wednesday,3,9,3,Summer,0,0,0,1,0,0,1,0.0,26.1,19.7,45.3,None,0,0,0,103,13,7,10,6,133,133,130,144,127.86,8.37,141,127.36
2022-03-03,Thursday,4,9,3,Summer,0,0,1,0,0,1,3,2.0,26.4,17.7,51.6,None,0,0,0,95,15,12,18,10,140,133,133,128,126.29,5.85,134,126.79
2022-03-04,Friday,5,9,3,Summer,0,0,1,0,0,0,2,0.4,31.5,25.1,45.4,None,0,0,0,94,16,7,15,8,132,140,133,123,128.0,7.6,119,127.21
2022-03-05,Saturday,6,9,3,Summer,1,0,0,0,0,0,0,0.0,26.5,17.8,43.9,None,0,0,0,82,20,8,9,7,119,132,140,118,129.29,7.4,115,128.14
2022-03-06,Sunday,7,9,3,Summer,1,0,0,0,0,0,0,0.1,27.1,19.4,52.4,None,0,0,0,77,16,8,11,6,112,119,132,119,129.43,7.19,118,128.43
2022-03-07,Monday,1,10,3,Summer,0,0,0,0,0,0,0,0.0,26.7,18.1,52.3,None,0,0,0,97,20,8,8,6,133,112,119,130,128.43,8.86,130,128.0
2022-03-08,Tuesday,2,10,3,Summer,0,0,1,0,0,1,3,0.0,24.9,19.4,60.3,None,0,0,0,100,21,12,17,11,150,133,112,133,128.86,9.0,131,128.21
2022-03-09,Wednesday,3,10,3,Summer,0,0,1,1,0,0,4,0.0,25.0,17.9,49.5,None,0,0,0,108,18,10,22,10,158,150,133,133,131.29,11.68,144,129.57
2022-03-10,Thursday,4,10,3,Summer,0,0,1,0,1,1,1,0.0,27.3,18.0,61.2,None,0,0,0,103,17,16,14,9,150,158,150,140,134.86,15.01,128,130.57
2022-03-11,Friday,5,10,3,Summer,0,0,0,0,1,0,0,0.0,27.4,18.9,43.5,None,0,0,0,97,21,13,6,8,137,150,158,132,136.29,15.88,123,132.14
2022-03-12,Saturday,6,10,3,Summer,1,0,0,0,0,0,0,0.0,28.6,19.6,49.2,None,0,0,0,82,17,9,11,8,119,137,150,119,137.0,15.78,118,133.14
2022-03-13,Sunday,7,10,3,Summer,1,0,0,0,0,0,0,0.5,27.1,18.2,52.8,None,0,0,0,73,19,8,8,6,108,119,137,112,137.0,15.78,119,133.21
2022-03-14,Monday,1,11,3,Summer,0,0,0,0,0,0,0,0.0,29.3,21.8,51.8,None,0,0,0,102,20,11,6,6,139,108,119,133,136.43,16.72,130,132.43
2022-03-15,Tuesday,2,11,3,Summer,0,0,0,0,0,1,0,0.0,27.4,19.7,49.7,None,0,0,0,94,17,14,9,9,134,139,108,150,137.29,16.68,133,133.07
2022-03-16,Wednesday,3,11,3,Summer,0,0,0,1,1,0,1,0.0,27.2,21.8,49.7,None,0,0,0,103,15,13,11,9,142,134,139,158,135.0,15.86,133,133.14
2022-03-17,Thursday,4,11,3,Summer,0,0,0,0,0,1,0,0.0,29.2,20.1,51.5,None,0,0,0,86,17,14,6,9,123,142,134,150,132.71,13.33,140,133.79
2022-03-18,Friday,5,11,3,Summer,0,0,0,0,0,0,0,0.0,27.6,19.5,50.6,None,0,0,0,92,15,8,8,7,123,123,142,137,128.86,11.56,132,132.57
2022-03-19,Saturday,6,11,3,Summer,1,0,0,0,1,0,0,0.0,30.3,24.2,51.2,None,0,0,0,86,16,11,11,9,124,123,123,119,126.86,11.18,119,131.93
2022-03-20,Sunday,7,11,3,Summer,1,0,0,0,0,0,0,0.5,25.9,18.2,51.4,None,0,0,0,75,18,7,10,7,110,124,123,108,127.57,10.81,112,132.29
2022-03-21,Monday,1,12,3,Summer,0,0,0,0,0,0,0,0.0,28.5,19.8,46.2,None,0,0,0,96,15,9,9,9,129,110,124,139,127.86,10.3,133,132.14
2022-03-22,Tuesday,2,12,3,Summer,0,0,0,0,0,1,0,0.0,29.0,18.4,53.0,None,0,0,0,97,18,13,5,7,133,129,110,134,126.43,9.3,150,131.86
2022-03-23,Wednesday,3,12,3,Summer,0,0,0,1,0,0,1,0.2,29.9,21.9,44.9,None,0,0,0,105,15,6,13,7,139,133,129,142,126.29,9.19,158,130.64
2022-03-24,Thursday,4,12,3,Summer,0,0,0,0,0,1,0,0.0,29.5,22.4,57.8,None,0,0,0,93,15,12,3,8,123,139,133,123,125.86,8.49,150,129.29
2022-03-25,Friday,5,12,3,Summer,0,0,0,0,0,0,0,0.0,31.0,22.5,46.3,None,0,0,0,88,13,10,7,5,118,123,139,123,125.86,8.49,137,127.36
2022-03-26,Saturday,6,12,3,Summer,1,0,0,0,1,0,0,0.5,26.9,20.5,48.6,None,0,0,0,87,17,15,10,8,129,118,123,124,125.14,8.9,119,126.0
2022-03-27,Sunday,7,12,3,Summer,1,0,0,0,0,0,0,1.6,26.9,19.1,45.7,None,0,0,0,83,15,8,10,6,116,129,118,110,125.86,8.98,108,126.71
2022-03-28,Monday,1,13,3,Summer,0,0,0,0,0,0,0,0.0,27.5,18.5,51.7,None,0,0,0,101,17,8,8,6,134,116,129,129,126.71,7.61,139,127.29
2022-03-29,Tuesday,2,13,3,Summer,0,0,0,0,1,1,0,0.0,26.5,19.3,56.3,None,0,0,0,101,17,15,8,8,141,134,116,133,127.43,8.02,134,126.93
2022-03-30,Wednesday,3,13,3,Summer,0,0,1,1,0,0,3,0.0,28.8,20.7,52.3,None,0,0,0,108,18,11,22,11,159,141,134,139,128.57,9.21,142,127.43
2022-03-31,Thursday,4,13,3,Summer,0,0,0,0,0,1,0,0.0,27.8,18.6,50.6,None,0,0,0,93,18,15,6,7,132,159,141,123,131.43,13.91,123,128.64
2022-04-01,Friday,5,13,4,Summer,0,0,0,0,0,0,0,0.0,29.0,23.1,46.8,None,0,0,0,89,17,9,6,7,121,132,159,118,132.71,13.48,123,129.29
2022-04-02,Saturday,6,13,4,Summer,1,0,0,0,1,0,0,2.2,29.1,21.7,41.1,None,0,0,0,83,18,10,10,8,121,121,132,129,133.14,13.04,124,129.14
2022-04-03,Sunday,7,13,4,Summer,1,0,0,0,0,0,0,0.0,31.1,22.8,50.6,None,0,0,0,77,18,8,15,8,118,121,121,116,132.0,13.69,110,128.93
2022-04-04,Monday,1,14,4,Summer,0,0,0,0,0,0,0,0.8,30.2,23.1,45.8,None,0,0,0,96,15,10,6,5,127,118,121,134,132.29,13.37,129,129.5
2022-04-05,Tuesday,2,14,4,Summer,0,0,0,0,0,1,0,0.0,32.5,25.5,45.4,None,0,0,0,93,13,14,8,8,128,127,118,141,131.29,13.47,133,129.36
2022-04-06,Wednesday,3,14,4,Summer,0,0,0,1,0,0,1,2.8,28.8,20.8,50.6,None,0,0,0,104,16,9,12,9,141,128,127,159,129.43,12.88,139,129.0
2022-04-07,Thursday,4,14,4,Summer,0,0,0,0,0,1,0,0.0,29.8,23.3,53.7,None,0,0,0,95,21,14,6,8,136,141,128,132,126.86,7.32,123,129.14
2022-04-08,Friday,5,14,4,Summer,0,0,0,0,0,0,0,0.0,31.9,23.2,45.7,None,0,0,0,90,20,6,7,7,123,136,141,121,127.43,7.84,118,130.07
2022-04-09,Saturday,6,14,4,Summer,1,0,0,0,0,0,0,0.0,27.6,18.8,57.3,None,0,0,0,83,20,9,14,9,126,123,136,121,127.71,7.63,129,130.43
2022-04-10,Sunday,7,14,4,Summer,1,0,0,0,0,0,0,0.0,28.7,22.4,43.3,None,0,0,0,77,18,9,10,8,114,126,123,118,128.43,7.19,116,130.21
2022-04-11,Monday,1,15,4,Summer,0,0,0,0,0,0,0,0.0,29.3,21.8,47.5,None,0,0,0,103,16,6,9,7,134,114,126,127,127.86,8.1,134,130.07
2022-04-12,Tuesday,2,15,4,Summer,0,0,0,0,0,1,0,0.0,28.7,21.5,51.0,None,0,0,0,95,20,15,8,8,138,134,114,128,128.86,8.36,141,130.07
2022-04-13,Wednesday,3,15,4,Summer,0,0,0,1,0,0,1,0.9,30.6,21.9,44.6,None,0,0,0,106,20,7,12,8,145,138,134,141,130.29,8.92,159,129.86
2022-04-14,Thursday,4,15,4,Summer,0,0,0,0,0,1,0,0.0,31.8,24.4,48.5,None,0,0,0,91,17,15,5,7,128,145,138,136,130.86,9.69,132,128.86
2022-04-15,Friday,5,15,4,Summer,0,0,0,0,0,0,0,0.0,32.6,24.5,49.2,None,0,0,0,94,15,10,6,6,125,128,145,123,129.71,9.48,121,128.57
2022-04-16,Saturday,6,15,4,Summer,1,0,0,0,0,0,0,0.0,30.3,21.3,51.1,None,0,0,0,80,16,9,11,6,116,125,128,126,130.0,9.3,121,128.86
2022-04-17,Sunday,7,15,4,Summer,1,0,0,0,0,0,0,0.0,32.1,24.7,45.6,None,0,0,0,75,16,11,11,7,113,116,125,114,128.57,10.5,118,128.5
2022-04-18,Monday,1,16,4,Summer,0,0,0,0,0,0,0,0.0,27.7,21.7,49.0,None,0,0,0,98,20,10,4,6,132,113,116,134,128.43,10.7,127,128.14
2022-04-19,Tuesday,2,16,4,Summer,0,0,0,0,0,1,0,0.0,29.4,21.2,48.6,None,0,0,0,101,18,14,6,7,139,132,113,138,128.14,10.58,128,128.5
2022-04-20,Wednesday,3,16,4,Summer,0,0,0,1,0,0,1,0.0,29.9,19.3,44.2,None,0,0,0,101,13,8,15,10,137,139,132,145,128.29,10.71,141,129.29
2022-04-21,Thursday,4,16,4,Summer,0,0,0,0,0,1,0,2.4,30.3,23.1,50.8,None,0,0,0,94,17,14,8,8,133,137,139,128,127.14,9.19,136,129.0
2022-04-22,Friday,5,16,4,Summer,0,0,0,0,0,0,0,0.1,32.5,26.4,40.3,None,0,0,0,90,19,9,9,8,127,133,137,125,127.86,9.42,123,128.79
2022-04-23,Saturday,6,16,4,Summer,1,0,0,0,0,0,0,0.0,30.3,22.2,47.2,None,0,0,0,77,17,6,14,8,114,127,133,116,128.14,9.36,126,129.07
2022-04-24,Sunday,7,16,4,Summer,1,0,0,0,0,0,0,0.0,30.2,23.6,43.7,None,0,0,0,78,18,10,13,8,119,114,127,113,127.86,9.75,114,128.21
2022-04-25,Monday,1,17,4,Summer,0,0,0,0,0,0,0,0.0,33.1,25.9,42.3,None,0,0,0,96,15,9,10,6,130,119,114,132,128.71,8.6,134,128.57
2022-04-26,Tuesday,2,17,4,Summer,0,0,0,0,0,1,0,0.0,29.3,22.2,45.7,None,0,0,0,99,17,13,7,8,136,130,119,139,128.43,8.52,138,128.29
2022-04-27,Wednesday,3,17,4,Summer,0,0,0,1,0,0,1,0.0,31.2,23.8,51.2,None,0,0,0,106,17,10,13,11,146,136,130,137,128.0,8.04,145,128.14
2022-04-28,Thursday,4,17,4,Summer,0,0,0,0,1,1,0,0.0,32.2,23.3,45.2,None,0,0,0,97,20,17,6,8,140,146,136,133,129.29,9.88,128,128.21
2022-04-29,Friday,5,17,4,Summer,0,0,0,0,0,0,0,0.0,29.5,19.5,49.5,None,0,0,0,91,16,8,10,7,125,140,146,127,130.29,10.54,125,129.07
2022-04-30,Saturday,6,17,4,Summer,1,0,0,0,0,0,0,0.0,33.7,24.1,45.2,None,0,0,0,81,18,8,11,7,118,125,140,114,130.0,10.65,116,129.07
2022-05-01,Sunday,7,17,5,Summer,1,1,0,0,0,0,1,0.0,35.5,29.7,41.1,None,0,0,0,80,18,9,14,9,121,118,125,119,130.57,9.85,113,129.21
2022-05-02,Monday,1,18,5,Summer,0,0,0,0,0,0,0,0.6,33.4,26.0,42.3,None,0,0,0,93,16,9,5,7,123,121,118,130,130.86,9.54,132,129.79
2022-05-03,Tuesday,2,18,5,Summer,0,0,0,0,0,1,0,0.0,32.3,22.7,48.0,None,0,0,0,95,14,14,5,8,128,123,121,136,129.86,9.93,139,129.14
2022-05-04,Wednesday,3,18,5,Summer,0,0,0,1,0,0,1,0.0,31.4,21.4,52.6,None,0,0,0,104,17,8,13,7,142,128,123,146,128.71,9.62,137,128.36
2022-05-05,Thursday,4,18,5,Summer,0,0,0,0,0,1,0,0.0,32.0,23.4,50.5,None,0,0,0,90,15,13,8,8,126,142,128,140,128.14,8.64,133,128.71
2022-05-06,Friday,5,18,5,Summer,0,0,0,0,0,0,0,0.0,33.6,26.0,42.9,None,0,0,0,86,15,10,6,7,117,126,142,125,126.14,7.16,127,128.21
2022-05-07,Saturday,6,18,5,Summer,1,0,0,0,0,0,0,0.0,28.4,21.0,44.6,None,0,0,0,85,15,8,11,6,119,117,126,118,125.0,7.86,114,127.5
2022-05-08,Sunday,7,18,5,Summer,1,0,0,0,0,0,0,0.0,31.6,22.1,47.1,None,0,0,0,80,16,10,13,9,119,119,117,121,125.14,7.74,119,127.86
2022-05-09,Monday,1,19,5,Summer,0,0,0,0,0,0,0,0.0,31.0,24.3,40.1,None,0,0,0,102,17,8,6,7,133,119,119,123,124.86,7.92,130,127.86
2022-05-10,Tuesday,2,19,5,Summer,0,0,0,0,0,1,0,0.0,32.3,23.8,41.6,None,0,0,0,96,16,15,8,9,135,133,119,128,126.29,8.34,136,128.07
2022-05-11,Wednesday,3,19,5,Summer,0,0,0,1,0,0,1,0.0,33.3,25.5,50.7,None,0,0,0,106,19,7,11,9,143,135,133,142,127.29,8.89,146,128.0
2022-05-12,Thursday,4,19,5,Summer,0,0,0,0,0,1,0,0.0,33.2,25.9,52.0,None,0,0,0,92,15,15,8,7,130,143,135,126,127.43,9.13,140,127.79
2022-05-13,Friday,5,19,5,Summer,0,0,0,0,0,0,0,0.0,32.3,20.6,42.1,None,0,0,0,93,19,9,9,7,130,130,143,117,128.0,9.15,125,127.07
2022-05-14,Saturday,6,19,5,Summer,1,0,0,0,0,0,0,0.0,33.1,24.7,43.0,None,0,0,0,77,11,9,10,6,107,130,130,119,129.86,7.97,118,127.43
2022-05-15,Sunday,7,19,5,Summer,1,0,0,0,0,0,0,0.0,34.3,24.6,46.6,None,0,0,0,78,14,10,7,6,109,107,130,119,128.14,10.88,121,126.64
2022-05-16,Monday,1,20,5,Summer,0,0,0,0,0,0,0,0.0,33.0,25.9,50.0,None,0,0,0,97,14,9,7,5,127,109,107,133,126.71,12.52,123,125.79
2022-05-17,Tuesday,2,20,5,Summer,0,0,0,0,0,1,0,0.0,33.2,24.6,44.0,None,0,0,0,96,21,14,8,8,139,127,109,135,125.86,12.26,128,126.07
2022-05-18,Wednesday,3,20,5,Summer,0,0,0,1,0,0,1,0.0,34.2,28.0,42.2,None,0,0,0,103,18,10,12,9,143,139,127,143,126.43,12.76,142,126.86
2022-05-19,Thursday,4,20,5,Summer,0,0,0,0,0,1,0,0.9,34.0,25.9,42.6,None,0,0,0,90,18,15,6,6,129,143,139,130,126.43,12.76,126,126.93
2022-05-20,Friday,5,20,5,Summer,0,0,0,0,0,0,0,0.0,32.0,23.3,44.3,None,0,0,0,92,18,9,8,8,127,129,143,130,126.29,12.72,117,127.14
2022-05-21,Saturday,6,20,5,Summer,1,0,0,0,0,0,0,0.0,31.6,23.2,48.4,None,0,0,0,79,16,9,11,6,115,127,129,107,125.86,12.64,119,127.86
2022-05-22,Sunday,7,20,5,Summer,1,0,0,0,0,0,0,0.6,31.3,25.9,54.3,None,0,0,0,78,15,7,9,6,109,115,127,109,127.0,11.16,119,127.57
2022-05-23,Monday,1,21,5,Summer,0,0,0,0,0,0,0,0.0,33.0,24.7,45.8,Diarrheal,4,1,5,111,33,9,6,7,159,109,115,127,127.0,11.16,133,126.86
2022-05-24,Tuesday,2,21,5,Summer,0,0,0,0,0,1,0,0.2,33.2,26.7,48.2,Diarrheal,4,1,6,110,37,14,7,10,168,159,109,139,131.57,15.81,135,128.71
2022-05-25,Wednesday,3,21,5,Summer,0,0,0,1,0,0,1,2.2,31.1,22.5,51.5,Diarrheal,4,1,6,121,39,9,15,11,184,168,159,143,135.71,20.36,143,131.07
2022-05-26,Thursday,4,21,5,Summer,0,0,0,0,0,1,0,0.0,33.7,24.6,47.0,Diarrheal,4,1,8,105,38,15,5,10,163,184,168,129,141.57,26.56,130,134.0
2022-05-27,Friday,5,21,5,Summer,0,0,0,0,0,0,0,0.0,29.2,21.7,49.0,Diarrheal,4,1,7,102,37,9,10,9,158,163,184,127,146.43,26.93,130,136.36
2022-05-28,Saturday,6,21,5,Summer,1,0,0,0,0,0,0,0.0,32.9,26.0,45.8,Diarrheal,4,1,6,96,35,8,9,9,148,158,163,115,150.86,25.9,107,138.36
2022-05-29,Sunday,7,21,5,Summer,1,0,0,0,0,0,0,0.6,33.0,25.9,43.6,Diarrheal,4,1,5,99,41,7,10,9,157,148,158,109,155.57,21.59,109,141.29
2022-05-30,Monday,1,22,5,Summer,0,0,0,0,0,0,0,0.0,35.4,27.9,43.6,Diarrheal,4,1,5,116,34,9,6,10,165,157,148,159,162.43,10.46,127,144.71
2022-05-31,Tuesday,2,22,5,Summer,0,0,0,0,0,1,0,0.3,32.6,25.2,44.3,Diarrheal,4,1,7,112,35,14,8,9,169,165,157,168,163.29,10.39,139,147.43
2022-06-01,Wednesday,3,22,6,Monsoon,0,0,0,1,0,0,1,36.0,32.9,25.2,80.4,Diarrheal,4,1,6,114,54,8,14,13,190,169,165,184,163.43,10.46,143,149.57
2022-06-02,Thursday,4,22,6,Monsoon,0,0,0,0,0,1,0,8.6,37.8,29.9,72.6,Diarrheal,4,1,6,109,44,13,7,10,173,190,169,163,164.29,12.21,129,152.93
2022-06-03,Friday,5,22,6,Monsoon,0,0,0,0,0,0,0,21.8,32.6,23.1,81.2,Diarrheal,4,1,5,103,48,7,8,8,166,173,190,158,165.71,12.56,127,156.07
2022-06-04,Saturday,6,22,6,Monsoon,1,0,0,0,0,0,0,38.9,33.2,25.8,79.4,Diarrheal,4,1,7,99,56,6,11,11,172,166,173,148,166.86,12.16,115,158.86
2022-06-05,Sunday,7,22,6,Monsoon,1,0,0,0,0,0,0,5.7,32.9,26.9,71.2,Diarrheal,4,1,6,93,51,8,13,10,165,172,166,157,170.29,9.44,109,162.93
2022-06-06,Monday,1,23,6,Monsoon,0,0,0,0,0,0,0,5.2,33.4,25.4,75.7,Diarrheal,4,1,5,114,49,7,9,10,179,165,172,165,171.43,8.16,159,166.93
2022-06-07,Tuesday,2,23,6,Monsoon,0,0,0,0,0,1,0,8.9,33.6,28.0,80.3,Diarrheal,4,1,6,114,46,13,9,10,182,179,165,169,173.43,8.05,168,168.36
2022-06-08,Wednesday,3,23,6,Monsoon,0,0,0,1,0,0,1,16.6,35.5,26.6,70.4,Diarrheal,4,1,6,121,49,7,13,11,190,182,179,190,175.29,8.31,184,169.36
2022-06-09,Thursday,4,23,6,Monsoon,0,0,0,0,0,1,0,6.1,34.6,25.7,71.8,Diarrheal,4,1,6,107,45,14,10,10,176,190,182,173,175.29,8.31,163,169.79
2022-06-10,Friday,5,23,6,Monsoon,0,0,0,0,0,0,0,18.2,37.8,30.1,77.1,Diarrheal,4,1,6,104,45,8,8,9,165,176,190,166,175.71,8.26,158,170.71
2022-06-11,Saturday,6,23,6,Monsoon,1,0,0,0,0,0,0,7.8,35.9,26.6,71.2,Diarrheal,4,1,6,96,46,5,11,9,158,165,176,172,175.57,8.43,148,171.21
2022-06-12,Sunday,7,23,6,Monsoon,1,0,0,0,0,0,0,26.6,36.7,26.8,72.9,Diarrheal,4,1,6,96,48,5,13,11,162,158,165,165,173.57,10.46,157,171.93
2022-06-13,Monday,1,24,6,Monsoon,0,0,0,0,0,0,0,33.4,36.8,27.5,71.0,Diarrheal,4,1,6,113,51,7,6,9,177,162,158,179,173.14,10.86,165,172.29
2022-06-14,Tuesday,2,24,6,Monsoon,0,0,0,0,0,1,0,15.0,37.1,26.8,68.6,Diarrheal,4,1,7,115,43,13,8,11,179,177,162,182,172.86,10.72,169,173.14
2022-06-15,Wednesday,3,24,6,Monsoon,0,0,0,1,0,0,1,12.8,36.8,26.3,72.4,None,0,0,0,103,29,8,11,9,151,179,177,190,172.43,10.4,190,173.86
2022-06-16,Thursday,4,24,6,Monsoon,0,0,0,0,0,1,0,19.6,33.2,26.2,81.2,None,0,0,0,88,34,12,7,9,141,151,179,176,166.86,9.93,173,171.07
2022-06-17,Friday,5,24,6,Monsoon,0,0,0,0,0,0,0,32.9,35.9,26.5,76.3,None,0,0,0,89,31,8,6,9,134,141,151,165,161.86,12.54,166,168.79
2022-06-18,Saturday,6,24,6,Monsoon,1,0,0,0,0,0,0,24.1,36.5,29.6,86.7,None,0,0,0,83,32,6,11,8,132,134,141,158,157.43,15.72,172,166.5
2022-06-19,Sunday,7,24,6,Monsoon,1,0,0,0,0,0,0,30.7,32.2,23.8,79.8,None,0,0,0,74,32,8,11,7,125,132,134,162,153.71,18.05,165,163.64
2022-06-20,Monday,1,25,6,Monsoon,0,0,0,0,1,0,0,34.1,33.0,24.8,89.6,None,0,0,0,100,31,10,5,8,146,125,132,177,148.43,20.14,179,160.79
2022-06-21,Tuesday,2,25,6,Monsoon,0,0,0,0,0,1,0,9.2,39.2,30.8,66.8,None,0,0,0,100,28,13,6,8,147,146,125,179,144.0,16.44,182,158.43
2022-06-22,Wednesday,3,25,6,Monsoon,0,0,0,1,0,0,1,19.7,36.6,28.3,78.9,None,0,0,0,104,29,6,13,10,152,147,146,151,139.43,8.7,190,155.93
2022-06-23,Thursday,4,25,6,Monsoon,0,0,0,0,1,1,0,36.9,32.9,25.8,81.9,None,0,0,0,91,30,14,7,9,142,152,147,141,139.57,8.89,176,153.21
2022-06-24,Friday,5,25,6,Monsoon,0,0,0,0,0,0,0,43.3,36.0,25.7,82.8,None,0,0,0,86,36,7,8,8,137,142,152,134,139.71,8.92,165,150.79
2022-06-25,Saturday,6,25,6,Monsoon,1,0,0,0,0,0,0,31.0,35.3,25.8,76.3,None,0,0,0,76,32,7,9,7,124,137,142,132,140.14,8.71,158,148.79
2022-06-26,Sunday,7,25,6,Monsoon,1,0,0,0,0,0,0,24.2,34.4,27.5,75.1,None,0,0,0,75,28,7,12,8,122,124,137,125,139.0,10.11,162,146.36
2022-06-27,Monday,1,26,6,Monsoon,0,0,0,0,0,0,0,14.4,31.1,25.0,75.7,None,0,0,0,92,27,9,8,8,136,122,124,146,138.57,10.74,177,143.5
2022-06-28,Tuesday,2,26,6,Monsoon,0,0,0,0,0,1,0,48.6,33.7,25.2,84.0,None,0,0,0,92,32,11,6,9,141,136,122,147,137.14,10.32,179,140.57
2022-06-29,Wednesday,3,26,6,Monsoon,0,0,0,1,0,0,1,7.3,33.1,24.6,68.3,None,0,0,0,108,27,7,17,9,159,141,136,152,136.29,9.69,151,137.86
2022-06-30,Thursday,4,26,6,Monsoon,0,0,0,0,0,1,0,16.8,35.9,29.7,75.2,None,0,0,0,89,31,12,7,9,139,159,141,142,137.29,11.46,141,138.43
2022-07-01,Friday,5,26,7,Monsoon,0,0,0,0,0,0,0,20.3,31.4,24.3,84.7,None,0,0,0,86,29,7,7,7,129,139,159,137,136.86,11.33,134,138.29
2022-07-02,Saturday,6,26,7,Monsoon,1,0,0,0,0,0,0,14.2,33.7,25.1,76.7,None,0,0,0,77,25,8,10,7,120,129,139,124,135.71,11.66,132,137.93
2022-07-03,Sunday,7,26,7,Monsoon,1,0,0,0,0,0,0,15.8,33.8,26.5,73.8,None,0,0,0,77,27,6,9,7,119,120,129,122,135.14,12.3,125,137.07
2022-07-04,Monday,1,27,7,Monsoon,0,0,0,0,1,0,0,30.9,34.4,28.1,84.2,None,0,0,0,99,38,9,5,7,151,119,120,136,134.71,12.79,146,136.64
2022-07-05,Tuesday,2,27,7,Monsoon,0,0,0,0,0,1,0,12.0,36.8,26.7,70.5,None,0,0,0,90,21,14,7,8,132,151,119,141,136.86,14.02,147,137.0
2022-07-06,Wednesday,3,27,7,Monsoon,0,0,0,1,0,0,1,8.9,33.4,24.9,73.8,None,0,0,0,101,25,7,12,8,145,132,151,159,135.57,14.0,152,135.93
2022-07-07,Thursday,4,27,7,Monsoon,0,0,0,0,0,1,0,17.4,30.7,22.5,78.8,None,0,0,0,90,28,10,8,7,136,145,132,139,133.57,11.24,142,135.43
2022-07-08,Friday,5,27,7,Monsoon,0,0,0,0,0,0,0,16.6,33.8,26.8,77.9,None,0,0,0,88,29,5,7,7,129,136,145,129,133.14,11.08,137,135.0
2022-07-09,Saturday,6,27,7,Monsoon,1,0,0,0,0,0,0,24.1,35.8,28.4,81.4,None,0,0,0,78,32,5,9,6,124,129,136,120,133.14,11.08,124,134.43
2022-07-10,Sunday,7,27,7,Monsoon,1,0,0,0,0,0,0,33.9,35.0,26.2,78.6,None,0,0,0,76,36,7,11,10,130,124,129,119,133.71,10.47,122,134.43
2022-07-11,Monday,1,28,7,Monsoon,0,0,0,0,0,0,0,19.5,33.2,25.7,76.6,None,0,0,0,97,30,8,5,9,140,130,124,151,135.29,8.84,136,135.0
2022-07-12,Tuesday,2,28,7,Monsoon,0,0,0,0,0,1,0,14.8,30.9,24.4,78.4,None,0,0,0,90,25,13,8,10,136,140,130,132,133.71,6.61,141,135.29
2022-07-13,Wednesday,3,28,7,Monsoon,0,0,0,1,0,0,1,10.7,34.2,29.4,71.9,None,0,0,0,98,28,7,13,8,146,136,140,145,134.29,6.61,159,134.93
2022-07-14,Thursday,4,28,7,Monsoon,0,0,0,0,0,1,0,19.5,33.8,27.4,70.5,None,0,0,0,95,23,10,7,9,135,146,136,136,134.43,6.84,139,134.0
2022-07-15,Friday,5,28,7,Monsoon,0,0,0,0,0,0,0,17.4,33.8,25.0,76.4,None,0,0,0,88,24,8,7,7,127,135,146,129,134.29,6.82,129,133.71
2022-07-16,Saturday,6,28,7,Monsoon,1,0,0,0,0,0,0,39.6,30.6,23.8,87.5,None,0,0,0,75,31,6,12,8,124,127,135,124,134.0,7.07,120,133.57
2022-07-17,Sunday,7,28,7,Monsoon,1,0,0,0,0,0,0,28.1,31.8,24.3,80.2,None,0,0,0,70,33,5,12,9,120,124,127,130,134.0,7.07,119,133.86
2022-07-18,Monday,1,29,7,Monsoon,0,0,0,0,0,0,0,7.6,32.5,25.9,75.8,None,0,0,0,95,22,7,5,7,129,120,124,140,132.57,8.58,151,133.93
2022-07-19,Tuesday,2,29,7,Monsoon,0,0,0,0,0,1,0,14.4,32.4,25.9,70.8,None,0,0,0,91,21,11,8,7,131,129,120,136,131.0,8.07,132,132.36
2022-07-20,Wednesday,3,29,7,Monsoon,0,0,0,1,0,0,1,27.3,35.8,28.8,79.7,None,0,0,0,96,33,5,14,9,148,131,129,146,130.29,7.81,145,132.29
2022-07-21,Thursday,4,29,7,Monsoon,0,0,0,0,0,1,0,14.6,33.4,27.1,76.3,None,0,0,0,89,26,11,7,7,133,148,131,135,130.57,8.4,136,132.5
2022-07-22,Friday,5,29,7,Monsoon,0,0,0,0,0,0,0,17.0,35.0,27.1,74.7,None,0,0,0,83,30,7,4,7,124,133,148,127,130.29,8.28,129,132.29
2022-07-23,Saturday,6,29,7,Monsoon,1,0,0,0,0,0,0,10.6,32.1,25.2,67.1,None,0,0,0,77,28,7,10,9,122,124,133,124,129.86,8.51,124,131.93
2022-07-24,Sunday,7,29,7,Monsoon,1,0,0,0,0,0,0,26.6,30.7,22.4,84.5,None,0,0,0,74,27,6,10,8,117,122,124,120,129.57,8.73,130,131.79
2022-07-25,Monday,1,30,7,Monsoon,0,0,0,0,0,0,0,26.7,32.9,23.4,83.2,None,0,0,0,94,25,5,9,6,133,117,122,129,129.14,9.25,140,130.86
2022-07-26,Tuesday,2,30,7,Monsoon,0,0,0,0,0,1,0,12.9,34.4,25.6,71.7,Malaria,4,1,6,89,56,10,9,11,164,133,117,131,129.71,9.35,136,130.36
2022-07-27,Wednesday,3,30,7,Monsoon,0,0,0,1,0,0,1,27.5,31.8,22.1,76.3,Malaria,4,1,6,99,58,4,11,10,172,164,133,148,134.43,15.26,146,132.36
2022-07-28,Thursday,4,30,7,Monsoon,0,0,0,0,0,1,0,11.1,29.3,22.6,84.2,Malaria,4,1,6,87,61,11,8,11,167,172,164,133,137.86,19.91,135,134.21
2022-07-29,Friday,5,30,7,Monsoon,0,0,0,0,0,0,0,32.5,32.9,21.6,83.5,Malaria,4,1,5,85,60,5,8,11,158,167,172,124,142.71,22.15,127,136.5
2022-07-30,Saturday,6,30,7,Monsoon,1,0,0,0,0,0,0,23.8,33.5,24.5,76.5,Malaria,4,1,6,78,60,6,13,11,157,158,167,122,147.57,21.23,124,138.71
2022-07-31,Sunday,7,30,7,Monsoon,1,0,0,0,1,0,0,17.7,32.7,24.1,78.5,Malaria,4,1,7,80,62,9,12,12,163,157,158,117,152.57,18.57,120,141.07
2022-08-01,Monday,1,31,8,Monsoon,0,0,0,0,0,0,0,20.8,34.7,27.4,76.7,Malaria,4,1,5,94,63,6,6,11,169,163,157,133,159.14,11.68,129,144.14
2022-08-02,Tuesday,2,31,8,Monsoon,0,0,0,0,0,1,0,34.7,31.1,21.8,85.8,Malaria,4,1,7,91,63,12,8,11,174,169,163,164,164.29,5.12,131,147.0
2022-08-03,Wednesday,3,31,8,Monsoon,0,0,0,1,0,0,1,8.5,35.6,27.5,77.5,Malaria,4,1,6,103,61,7,13,12,184,174,169,172,165.71,6.13,148,150.07
2022-08-04,Thursday,4,31,8,Monsoon,0,0,0,0,0,1,0,27.9,33.6,26.5,79.1,Malaria,4,1,6,84,59,12,6,11,161,184,174,167,167.43,8.76,133,152.64
2022-08-05,Friday,5,31,8,Monsoon,0,0,0,0,0,0,0,29.7,31.2,21.7,77.7,Malaria,4,1,5,84,62,6,8,10,160,161,184,158,166.57,9.05,124,154.64
2022-08-06,Saturday,6,31,8,Monsoon,1,0,0,0,0,0,0,70.7,32.9,26.1,96.2,Malaria,4,1,6,72,73,3,12,10,160,160,161,157,166.86,8.81,122,157.21
2022-08-07,Sunday,7,31,8,Monsoon,1,0,0,0,0,0,0,25.6,35.1,26.1,74.7,Malaria,4,1,7,73,63,7,13,12,156,160,160,163,167.29,8.38,117,159.93
2022-08-08,Monday,1,32,8,Monsoon,0,0,0,0,1,0,0,7.1,30.6,21.4,69.9,Malaria,4,1,6,96,56,8,6,9,166,156,160,169,166.29,9.21,133,162.71
2022-08-09,Tuesday,2,32,8,Monsoon,0,0,0,0,0,1,0,6.9,29.5,22.2,78.4,Malaria,4,1,7,96,55,12,7,12,170,166,156,174,165.86,9.14,164,165.07
2022-08-10,Wednesday,3,32,8,Monsoon,0,0,0,1,0,0,1,16.7,32.4,24.9,76.6,Malaria,4,1,7,101,57,6,12,10,176,170,166,184,165.29,8.73,172,165.5
2022-08-11,Thursday,4,32,8,Monsoon,0,0,0,0,0,1,0,11.9,28.6,21.4,79.0,Malaria,4,1,6,86,54,12,7,11,159,176,170,161,164.14,6.42,167,165.79
2022-08-12,Friday,5,32,8,Monsoon,0,0,0,0,0,0,0,21.7,35.0,28.0,71.7,Malaria,4,1,7,80,60,5,6,9,151,159,176,160,163.86,6.6,158,165.21
2022-08-13,Saturday,6,32,8,Monsoon,1,0,0,0,0,0,0,17.5,32.1,24.0,77.2,Malaria,4,1,6,72,57,5,14,10,148,151,159,160,162.57,7.96,157,164.71
2022-08-14,Sunday,7,32,8,Monsoon,1,0,0,0,0,0,0,11.4,30.8,22.7,75.1,Malaria,4,1,7,76,61,6,11,11,154,148,151,156,160.86,9.48,163,164.07
2022-08-15,Monday,1,33,8,Monsoon,0,1,0,0,0,0,1,28.1,31.7,24.7,81.3,Malaria,4,1,6,86,61,5,9,12,161,154,148,166,160.57,9.65,169,163.43
2022-08-16,Tuesday,2,33,8,Monsoon,0,0,0,0,0,1,0,22.9,32.3,22.6,86.6,Malaria,4,1,6,91,62,11,7,11,171,161,154,170,159.86,9.4,174,162.86
2022-08-17,Wednesday,3,33,8,Monsoon,0,0,0,1,0,0,1,23.2,34.0,27.4,71.6,Malaria,4,1,5,99,58,5,10,12,172,171,161,176,160.0,9.56,184,162.64
2022-08-18,Thursday,4,33,8,Monsoon,0,0,0,0,0,1,0,8.0,31.3,22.7,82.4,Malaria,4,1,7,83,57,10,6,10,156,172,171,159,159.43,8.67,161,161.79
2022-08-19,Friday,5,33,8,Monsoon,0,0,1,0,0,0,3,12.1,26.7,19.1,85.9,None,0,0,0,88,28,7,21,11,144,156,172,151,159.0,8.75,160,161.43
2022-08-20,Saturday,6,33,8,Monsoon,1,0,1,0,0,0,2,15.9,32.9,22.8,79.5,None,0,0,0,81,24,4,20,8,129,144,156,148,158.0,9.93,160,160.29
2022-08-21,Sunday,7,33,8,Monsoon,1,0,0,0,0,0,0,14.8,30.9,22.7,81.0,Dengue,3,1,5,73,60,7,12,10,152,129,144,154,155.29,14.04,156,158.07
2022-08-22,Monday,1,34,8,Monsoon,0,0,0,0,0,0,0,5.9,29.9,23.1,74.6,Dengue,3,1,4,98,57,7,6,9,168,152,129,161,155.0,14.08,166,157.79
2022-08-23,Tuesday,2,34,8,Monsoon,0,0,0,0,0,1,0,19.0,29.3,22.7,80.4,Dengue,3,1,5,90,62,11,6,11,169,168,152,171,156.0,14.71,170,157.93
2022-08-24,Wednesday,3,34,8,Monsoon,0,0,0,1,1,0,1,18.5,27.7,18.0,79.0,Dengue,3,1,5,104,57,9,14,12,184,169,168,172,155.71,14.43,176,157.86
2022-08-25,Thursday,4,34,8,Monsoon,0,0,0,0,0,1,0,11.2,30.0,21.5,74.3,Dengue,3,1,6,91,59,9,8,11,167,184,169,156,157.43,16.78,159,158.43
2022-08-26,Friday,5,34,8,Monsoon,0,0,0,0,0,0,0,15.3,34.8,27.3,75.3,Dengue,3,1,5,93,56,6,6,9,161,167,184,144,159.0,17.09,151,159.0
2022-08-27,Saturday,6,34,8,Monsoon,1,0,0,0,1,0,0,8.0,28.0,18.3,82.4,Dengue,3,1,3,86,60,7,12,11,165,161,167,129,161.43,15.95,148,159.71
2022-08-28,Sunday,7,34,8,Monsoon,1,0,0,0,0,0,0,0.0,29.7,21.8,67.8,Dengue,3,1,4,79,57,5,13,11,154,165,161,152,166.57,8.93,154,160.93
2022-08-29,Monday,1,35,8,Monsoon,0,0,0,0,0,0,0,0.0,29.5,22.8,70.5,Dengue,3,1,4,95,56,5,7,10,163,154,165,168,166.86,8.48,161,160.93
2022-08-30,Tuesday,2,35,8,Monsoon,0,0,0,0,0,1,0,12.8,30.3,22.1,78.8,Dengue,3,1,4,96,59,12,7,11,174,163,154,169,166.14,8.56,171,161.07
2022-08-31,Wednesday,3,35,8,Monsoon,0,0,0,1,0,0,1,6.2,29.5,20.9,83.7,Dengue,3,1,6,99,56,5,13,11,173,174,163,184,166.86,8.97,172,161.29
2022-09-01,Thursday,4,35,9,Monsoon,0,0,0,0,0,1,0,51.5,27.1,17.7,97.7,Dengue,3,1,5,86,70,11,6,11,173,173,174,167,165.29,6.43,156,161.36
2022-09-02,Friday,5,35,9,Monsoon,0,0,0,0,0,0,0,2.0,31.7,22.3,70.3,Dengue,3,1,4,92,54,7,7,12,160,173,173,161,166.14,6.98,144,162.57
2022-09-03,Saturday,6,35,9,Monsoon,1,0,0,0,0,0,0,17.4,30.2,22.4,71.7,Dengue,3,1,4,78,55,5,8,9,146,160,173,165,166.0,7.09,129,163.71
2022-09-04,Sunday,7,35,9,Monsoon,1,0,0,0,0,0,0,5.2,30.0,21.9,71.7,Dengue,3,1,5,76,54,6,11,10,147,146,160,154,163.29,10.0,152,164.93
2022-09-05,Monday,1,36,9,Monsoon,0,0,0,0,0,0,0,6.4,33.6,25.8,68.5,Dengue,3,1,4,95,55,5,6,8,161,147,146,163,162.29,11.16,168,164.57
2022-09-06,Tuesday,2,36,9,Monsoon,0,0,0,0,0,1,0,11.7,28.6,19.6,81.2,Dengue,3,1,4,100,59,10,7,12,176,161,147,174,162.0,11.16,169,164.07
2022-09-07,Wednesday,3,36,9,Monsoon,0,0,0,1,0,0,1,17.1,29.3,22.1,81.7,Dengue,3,1,5,101,62,4,13,11,180,176,161,173,162.29,11.49,184,164.57
2022-09-08,Thursday,4,36,9,Monsoon,0,0,0,0,0,1,0,3.2,34.1,25.9,76.1,Dengue,3,1,5,89,58,11,8,11,166,180,176,173,163.29,12.62,167,164.29
2022-09-09,Friday,5,36,9,Monsoon,0,0,0,0,1,0,0,13.3,29.4,21.1,82.6,Dengue,3,1,5,89,60,9,4,8,162,166,180,160,162.29,12.08,161,164.21
2022-09-10,Saturday,6,36,9,Monsoon,1,0,0,0,0,0,0,0.0,30.5,20.7,71.0,None,0,0,0,75,19,5,11,7,110,162,166,146,162.57,12.05,165,164.29
2022-09-11,Sunday,7,36,9,Monsoon,1,0,0,0,0,0,0,4.7,27.0,18.0,78.2,None,0,0,0,72,22,4,11,7,109,110,162,147,157.43,21.78,154,160.36
2022-09-12,Monday,1,37,9,Monsoon,0,0,0,0,0,0,0,11.2,26.7,20.3,73.8,None,0,0,0,88,28,5,7,7,128,109,110,161,152.0,27.65,163,157.14
2022-09-13,Tuesday,2,37,9,Monsoon,0,0,0,0,0,1,0,7.6,24.2,17.5,73.2,None,0,0,0,85,25,10,8,9,128,128,109,176,147.29,28.51,174,154.64
2022-09-14,Wednesday,3,37,9,Monsoon,0,0,0,1,0,0,1,5.3,29.4,20.3,77.5,None,0,0,0,95,27,6,13,9,141,128,128,180,140.43,26.48,173,151.36
2022-09-15,Thursday,4,37,9,Monsoon,0,0,0,0,0,1,0,6.8,24.9,15.0,71.3,None,0,0,0,83,25,11,8,7,127,141,128,166,134.86,21.13,173,149.07
2022-09-16,Friday,5,37,9,Monsoon,0,0,0,0,0,0,0,15.7,28.3,20.5,80.5,None,0,0,0,82,33,7,3,7,125,127,141,162,129.29,16.9,160,145.79
2022-09-17,Saturday,6,37,9,Monsoon,1,0,0,0,0,0,0,4.5,29.9,22.1,76.9,None,0,0,0,76,24,4,13,6,117,125,127,110,124.0,10.36,146,143.29
2022-09-18,Sunday,7,37,9,Monsoon,1,0,0,0,0,0,0,0.0,27.2,19.9,77.0,None,0,0,0,76,27,6,10,9,119,117,125,109,125.0,9.24,147,141.21
2022-09-19,Monday,1,38,9,Monsoon,0,0,0,0,1,0,0,5.1,27.4,20.2,75.0,None,0,0,0,95,23,7,5,7,130,119,117,128,126.43,7.21,161,139.21
2022-09-20,Tuesday,2,38,9,Monsoon,0,0,0,0,0,1,0,4.7,28.1,20.7,81.7,None,0,0,0,88,28,10,7,8,133,130,119,128,126.71,7.3,176,137.0
2022-09-21,Wednesday,3,38,9,Monsoon,0,0,0,1,0,0,1,10.0,25.6,17.4,75.3,None,0,0,0,99,30,6,11,9,146,133,130,141,127.43,7.63,180,133.93
2022-09-22,Thursday,4,38,9,Monsoon,0,0,0,0,0,1,0,2.5,26.9,18.6,75.0,None,0,0,0,85,24,11,8,8,128,146,133,127,128.14,8.98,166,131.5
2022-09-23,Friday,5,38,9,Monsoon,0,0,0,0,0,0,0,40.7,27.2,19.1,89.7,None,0,0,0,79,32,4,6,7,121,128,146,125,128.29,8.97,162,128.79
2022-09-24,Saturday,6,38,9,Monsoon,1,0,0,0,0,0,0,18.0,26.2,18.1,74.3,None,0,0,0,72,24,6,9,8,111,121,128,117,127.71,9.28,110,125.86
2022-09-25,Sunday,7,38,9,Monsoon,1,0,0,0,0,0,0,12.5,27.3,22.1,77.3,None,0,0,0,68,25,3,13,7,109,111,121,119,126.86,10.44,109,125.93
2022-09-26,Monday,1,39,9,Monsoon,0,0,0,0,0,0,0,21.4,26.1,19.5,84.1,None,0,0,0,87,26,4,7,7,124,109,111,130,125.43,11.99,128,125.93
2022-09-27,Tuesday,2,39,9,Monsoon,0,0,0,0,0,1,0,23.6,25.9,18.0,84.5,None,0,0,0,83,30,9,5,8,127,124,109,133,124.57,11.84,128,125.64
2022-09-28,Wednesday,3,39,9,Monsoon,0,0,0,1,0,0,1,0.0,28.7,23.0,72.9,None,0,0,0,98,23,4,13,7,138,127,124,146,123.71,11.41,141,125.57
2022-09-29,Thursday,4,39,9,Monsoon,0,0,0,0,0,1,0,3.5,29.3,20.7,83.8,None,0,0,0,85,24,10,5,7,124,138,127,128,122.57,9.33,127,125.36
2022-09-30,Friday,5,39,9,Monsoon,0,0,0,0,0,0,0,0.0,27.0,16.9,80.5,None,0,0,0,81,22,4,4,5,111,124,138,121,122.0,9.1,125,125.14
2022-10-01,Saturday,6,39,10,Post_Monsoon,1,0,0,0,0,0,0,0.3,25.2,17.0,50.2,None,0,0,0,70,14,6,11,6,101,111,124,111,120.57,9.9,117,124.14
2022-10-02,Sunday,7,39,10,Post_Monsoon,1,1,0,0,0,0,1,0.1,26.5,21.0,47.1,None,0,0,0,72,16,4,12,6,104,101,111,109,119.14,11.73,119,123.0
2022-10-03,Monday,1,40,10,Post_Monsoon,0,0,0,0,0,0,0,0.6,28.0,19.8,47.4,None,0,0,0,87,13,6,6,6,112,104,101,124,118.43,12.45,130,121.93
2022-10-04,Tuesday,2,40,10,Post_Monsoon,0,0,0,0,0,1,0,0.0,25.5,18.4,54.9,None,0,0,0,87,14,11,10,7,122,112,104,127,116.71,12.39,133,120.64
2022-10-05,Wednesday,3,40,10,Post_Monsoon,0,0,0,1,0,0,1,0.5,27.3,19.3,46.9,None,0,0,0,93,16,5,12,8,126,122,112,138,116.0,11.92,146,119.86
2022-10-06,Thursday,4,40,10,Post_Monsoon,0,0,0,0,0,1,0,0.0,23.2,13.7,51.1,None,0,0,0,89,14,11,7,8,121,126,122,124,114.29,9.18,128,118.43
2022-10-07,Friday,5,40,10,Post_Monsoon,0,0,0,0,0,0,0,0.0,22.6,14.2,52.4,None,0,0,0,84,17,5,7,5,113,121,126,111,113.86,8.77,121,117.93
2022-10-08,Saturday,6,40,10,Post_Monsoon,1,0,0,0,0,0,0,0.0,24.9,15.8,52.6,None,0,0,0,77,15,7,9,7,108,113,121,101,114.14,8.71,111,117.36
2022-10-09,Sunday,7,40,10,Post_Monsoon,1,0,1,0,0,0,2,1.2,25.4,17.2,57.0,None,0,0,0,74,16,5,19,9,114,108,113,104,115.14,7.45,109,117.14
2022-10-10,Monday,1,41,10,Post_Monsoon,0,0,0,0,0,0,0,0.0,25.3,15.6,54.0,None,0,0,0,95,15,6,8,7,124,114,108,112,116.57,6.0,124,117.5
2022-10-11,Tuesday,2,41,10,Post_Monsoon,0,0,0,0,0,1,0,4.6,26.2,17.5,53.7,None,0,0,0,91,14,9,8,6,122,124,114,122,118.29,6.16,127,117.5
2022-10-12,Wednesday,3,41,10,Post_Monsoon,0,0,0,1,0,0,1,0.0,22.5,13.4,52.3,None,0,0,0,95,11,6,12,7,124,122,124,126,118.29,6.16,138,117.14
2022-10-13,Thursday,4,41,10,Post_Monsoon,0,0,0,0,0,1,0,0.0,25.9,17.5,52.0,None,0,0,0,85,15,11,5,6,116,124,122,121,118.0,5.83,124,116.14
2022-10-14,Friday,5,41,10,Post_Monsoon,0,0,0,0,0,0,0,5.3,23.7,14.8,57.0,None,0,0,0,84,19,6,8,6,117,116,124,113,117.29,5.72,111,115.57
2022-10-15,Saturday,6,41,10,Post_Monsoon,1,0,0,0,0,0,0,0.0,25.1,17.9,50.2,None,0,0,0,73,18,5,8,7,104,117,116,108,117.86,5.46,101,116.0
2022-10-16,Sunday,7,41,10,Post_Monsoon,1,0,0,0,0,0,0,0.0,24.1,16.4,46.7,None,0,0,0,69,16,6,9,7,100,104,117,114,117.29,6.56,104,116.21
2022-10-17,Monday,1,42,10,Post_Monsoon,0,0,0,0,0,0,0,1.3,25.5,17.6,49.3,None,0,0,0,87,12,5,5,4,109,100,104,124,115.29,8.96,112,115.93
2022-10-18,Tuesday,2,42,10,Post_Monsoon,0,0,0,0,0,1,0,0.0,24.6,14.9,43.8,None,0,0,0,85,13,10,5,6,113,109,100,122,113.14,8.39,122,115.71
2022-10-19,Wednesday,3,42,10,Post_Monsoon,0,0,0,1,0,0,1,0.0,27.1,19.4,52.6,None,0,0,0,94,13,7,10,7,124,113,109,124,111.86,7.59,126,115.07
2022-10-20,Thursday,4,42,10,Post_Monsoon,0,0,0,0,0,1,0,1.0,27.9,19.1,50.9,None,0,0,0,81,14,12,6,6,113,124,113,116,111.86,7.59,121,114.93
2022-10-21,Friday,5,42,10,Post_Monsoon,0,0,0,0,0,0,0,0.0,23.0,14.2,52.2,None,0,0,0,89,16,5,6,5,116,113,124,117,111.43,7.42,113,114.36
2022-10-22,Saturday,6,42,10,Post_Monsoon,1,0,1,0,0,0,1,1.0,26.1,17.3,51.6,None,0,0,0,78,12,5,20,8,115,116,113,104,111.29,7.32,108,114.57
2022-10-23,Sunday,7,42,10,Post_Monsoon,1,0,0,0,0,0,0,0.0,25.5,18.8,55.3,None,0,0,0,68,20,5,12,7,105,115,116,100,112.86,6.75,114,115.07
2022-10-24,Monday,1,43,10,Post_Monsoon,0,0,1,0,0,0,2,0.6,23.7,15.5,46.7,None,0,0,0,95,16,6,16,8,133,105,115,109,113.57,5.5,124,114.43
2022-10-25,Tuesday,2,43,10,Post_Monsoon,0,0,0,0,0,1,0,0.0,23.7,17.5,59.9,None,0,0,0,83,16,11,7,7,117,133,105,113,117.0,8.33,122,115.07
2022-10-26,Wednesday,3,43,10,Post_Monsoon,0,0,0,1,0,0,1,0.0,24.2,15.3,48.2,None,0,0,0,95,13,5,13,8,126,117,133,124,117.57,8.17,124,114.71
2022-10-27,Thursday,4,43,10,Post_Monsoon,0,0,0,0,0,1,0,1.2,26.8,18.4,55.3,None,0,0,0,84,17,10,8,8,119,126,117,113,117.86,8.42,116,114.86
2022-10-28,Friday,5,43,10,Post_Monsoon,0,0,0,0,0,0,0,0.2,24.3,19.8,49.4,None,0,0,0,80,12,5,8,7,105,119,126,116,118.71,8.19,117,115.07
2022-10-29,Saturday,6,43,10,Post_Monsoon,1,0,0,0,1,0,0,0.0,25.6,16.3,51.0,None,0,0,0,73,13,9,13,7,108,105,119,115,117.14,9.51,104,114.21
2022-10-30,Sunday,7,43,10,Post_Monsoon,1,0,0,0,0,0,0,0.4,22.1,14.5,55.5,None,0,0,0,69,16,4,11,7,100,108,105,105,116.14,10.03,100,114.5
2022-10-31,Monday,1,44,10,Post_Monsoon,0,0,0,0,0,0,0,1.7,26.8,19.1,50.4,None,0,0,0,93,16,8,6,8,123,100,108,133,115.43,10.94,109,114.5
2022-11-01,Tuesday,2,44,11,Post_Monsoon,0,0,0,0,0,1,0,3.2,25.3,15.7,58.6,None,0,0,0,81,16,9,7,9,113,123,100,117,114.0,9.04,113,115.5
2022-11-02,Wednesday,3,44,11,Post_Monsoon,0,0,0,1,0,0,1,1.6,26.8,20.6,51.8,None,0,0,0,92,15,5,11,6,123,113,123,126,113.43,8.96,124,115.5
2022-11-03,Thursday,4,44,11,Post_Monsoon,0,0,0,0,0,1,0,0.0,23.7,14.6,50.3,None,0,0,0,85,12,12,4,8,113,123,113,119,113.0,8.4,113,115.43
2022-11-04,Friday,5,44,11,Post_Monsoon,0,0,0,0,0,0,0,0.0,23.9,15.3,49.9,None,0,0,0,79,19,6,6,5,110,113,123,105,112.14,8.04,116,115.43
2022-11-05,Saturday,6,44,11,Post_Monsoon,1,0,0,0,0,0,0,0.8,23.3,17.7,49.3,None,0,0,0,70,14,6,11,6,101,110,113,108,112.86,7.59,115,115.0
2022-11-06,Sunday,7,44,11,Post_Monsoon,1,0,0,0,0,0,0,0.0,23.8,15.9,55.2,None,0,0,0,70,13,4,11,7,98,101,110,100,111.86,8.56,105,114.0
2022-11-07,Monday,1,45,11,Post_Monsoon,0,0,0,0,0,0,0,0.0,23.8,16.2,58.3,None,0,0,0,86,16,5,6,8,113,98,101,123,111.57,8.97,133,113.5
2022-11-08,Tuesday,2,45,11,Post_Monsoon,0,0,0,0,0,1,0,0.7,24.0,15.5,52.2,Mass_Casualty,5,1,8,93,12,10,89,24,204,113,98,113,110.14,7.75,117,112.07
2022-11-09,Wednesday,3,45,11,Post_Monsoon,0,0,0,1,0,0,1,0.0,24.1,16.1,55.6,None,0,0,0,93,16,5,11,6,125,204,113,123,123.14,33.89,126,118.29
2022-11-10,Thursday,4,45,11,Post_Monsoon,0,0,0,0,0,1,0,0.9,22.4,14.2,46.9,None,0,0,0,85,14,11,6,8,116,125,204,113,123.43,33.89,119,118.21
2022-11-11,Friday,5,45,11,Post_Monsoon,0,0,0,0,0,0,0,0.0,26.8,18.6,45.5,None,0,0,0,88,13,4,6,6,111,116,125,110,123.86,33.78,105,118.0
2022-11-12,Saturday,6,45,11,Post_Monsoon,1,0,0,0,1,0,0,0.0,24.9,17.5,58.9,None,0,0,0,81,21,8,11,7,121,111,116,101,124.0,33.72,108,118.43
2022-11-13,Sunday,7,45,11,Post_Monsoon,1,0,0,0,0,0,0,0.0,22.7,16.5,58.2,None,0,0,0,66,20,5,9,7,100,121,111,98,126.86,32.48,100,119.36
2022-11-14,Monday,1,46,11,Post_Monsoon,0,0,0,0,0,0,0,0.0,25.5,18.6,51.1,None,0,0,0,84,13,6,7,6,110,100,121,113,127.14,32.23,123,119.36
2022-11-15,Tuesday,2,46,11,Post_Monsoon,0,0,1,0,0,1,3,0.3,21.5,14.2,57.8,None,0,0,0,92,16,10,18,10,136,110,100,204,126.71,32.43,113,118.43
2022-11-16,Wednesday,3,46,11,Post_Monsoon,0,0,0,1,0,0,1,2.6,26.7,18.4,50.8,None,0,0,0,94,17,5,13,8,129,136,110,125,117.0,10.8,123,120.07
2022-11-17,Thursday,4,46,11,Post_Monsoon,0,0,0,0,0,1,0,0.0,24.8,15.8,50.7,None,0,0,0,88,15,11,6,6,120,129,136,116,117.57,11.3,113,120.5
2022-11-18,Friday,5,46,11,Post_Monsoon,0,0,0,0,0,0,0,0.0,21.5,13.0,48.9,None,0,0,0,86,18,5,7,5,116,120,129,111,118.14,11.31,110,121.0
2022-11-19,Saturday,6,46,11,Post_Monsoon,1,0,0,0,0,0,0,0.0,20.6,13.3,51.6,None,0,0,0,71,15,6,12,7,104,116,120,121,118.86,10.99,101,121.43
2022-11-20,Sunday,7,46,11,Post_Monsoon,1,0,0,0,0,0,0,0.0,21.7,14.3,54.2,None,0,0,0,69,17,4,11,8,101,104,116,100,116.43,12.07,98,121.64
2022-11-21,Monday,1,47,11,Post_Monsoon,0,0,0,0,1,0,0,0.0,23.7,17.9,55.8,None,0,0,0,91,16,8,7,6,122,101,104,110,116.57,11.88,113,121.86
2022-11-22,Tuesday,2,47,11,Post_Monsoon,0,0,0,0,0,1,0,0.0,23.5,15.3,52.5,None,0,0,0,89,18,10,9,8,126,122,101,136,118.29,11.67,204,122.5
2022-11-23,Wednesday,3,47,11,Post_Monsoon,0,0,0,1,0,0,1,0.0,23.5,15.0,51.4,None,0,0,0,94,13,3,10,8,120,126,122,129,116.86,9.89,125,116.93
2022-11-24,Thursday,4,47,11,Post_Monsoon,0,0,0,0,0,1,0,0.0,21.5,11.2,48.8,None,0,0,0,88,15,9,6,6,118,120,126,120,115.57,8.75,116,116.57
2022-11-25,Friday,5,47,11,Post_Monsoon,0,0,1,0,0,0,3,0.0,24.7,14.8,58.4,None,0,0,0,89,14,5,16,9,124,118,120,116,115.29,8.63,111,116.71
2022-11-26,Saturday,6,47,11,Post_Monsoon,1,0,0,0,0,0,0,0.0,25.8,17.6,51.4,None,0,0,0,74,14,5,11,6,104,124,118,104,116.43,9.16,121,117.64
2022-11-27,Sunday,7,47,11,Post_Monsoon,1,0,0,0,0,0,0,0.0,21.7,12.8,55.2,None,0,0,0,67,14,5,11,7,97,104,124,101,116.43,9.16,100,116.43
2022-11-28,Monday,1,48,11,Post_Monsoon,0,0,0,0,0,0,0,0.0,21.4,12.7,59.5,None,0,0,0,88,10,5,9,5,112,97,104,122,115.86,10.18,110,116.21
2022-11-29,Tuesday,2,48,11,Post_Monsoon,0,0,1,0,0,1,3,0.7,21.6,16.4,52.5,None,0,0,0,93,17,11,19,9,140,112,97,126,114.43,9.91,136,116.36
2022-11-30,Wednesday,3,48,11,Post_Monsoon,0,0,0,1,0,0,1,1.4,22.4,14.8,51.9,None,0,0,0,97,12,6,12,7,127,140,112,120,116.43,12.98,129,116.64
2022-12-01,Thursday,4,48,12,Winter,0,0,0,0,0,1,0,0.0,21.0,12.4,59.7,None,0,0,0,84,19,10,6,7,119,127,140,118,117.43,13.48,120,116.5
2022-12-02,Friday,5,48,12,Winter,0,0,0,0,0,0,0,0.0,19.7,11.4,58.5,None,0,0,0,78,16,4,7,4,105,119,127,124,117.57,13.49,116,116.43
2022-12-03,Saturday,6,48,12,Winter,1,0,0,0,0,0,0,0.0,19.6,10.2,52.7,None,0,0,0,74,15,7,11,7,107,105,119,104,114.86,13.83,104,115.64
2022-12-04,Sunday,7,48,12,Winter,1,0,0,0,0,0,0,0.0,19.9,12.3,54.2,None,0,0,0,73,16,7,12,8,108,107,105,97,115.29,13.53,101,115.86
2022-12-05,Monday,1,49,12,Winter,0,0,0,0,1,0,0,0.0,21.2,13.4,58.2,None,0,0,0,96,15,10,9,8,130,108,107,112,116.86,11.85,122,116.36
2022-12-06,Tuesday,2,49,12,Winter,0,0,0,0,0,1,0,0.0,22.4,13.5,55.3,None,0,0,0,90,13,10,7,6,120,130,108,140,119.43,12.45,126,116.93
2022-12-07,Wednesday,3,49,12,Winter,0,0,0,1,0,0,1,0.0,22.3,14.2,51.1,None,0,0,0,96,13,5,14,7,128,120,130,127,116.57,9.3,120,116.5
2022-12-08,Thursday,4,49,12,Winter,0,0,0,0,0,1,0,0.0,19.8,10.8,59.9,None,0,0,0,91,13,10,7,9,121,128,120,119,116.71,9.47,118,117.07
2022-12-09,Friday,5,49,12,Winter,0,0,0,0,0,0,0,0.0,25.2,15.6,57.8,None,0,0,0,82,19,4,7,5,112,121,128,105,117.0,9.56,124,117.29
2022-12-10,Saturday,6,49,12,Winter,1,0,0,0,0,0,0,0.0,21.6,14.3,55.6,None,0,0,0,74,14,7,11,6,106,112,121,107,118.0,8.57,104,116.43
2022-12-11,Sunday,7,49,12,Winter,1,0,0,0,0,0,0,0.3,20.7,13.0,51.0,None,0,0,0,68,16,5,13,6,102,106,112,108,117.86,8.76,97,116.57
2022-12-12,Monday,1,50,12,Winter,0,0,0,0,0,0,0,0.0,24.4,17.7,53.1,None,0,0,0,90,17,8,5,5,120,102,106,130,117.0,9.9,112,116.93
2022-12-13,Tuesday,2,50,12,Winter,0,0,0,0,0,1,0,0.0,20.7,11.7,57.6,None,0,0,0,92,18,12,8,7,130,120,102,120,115.57,8.55,140,117.5
2022-12-14,Wednesday,3,50,12,Winter,0,0,0,1,0,0,1,0.4,20.1,12.8,47.5,None,0,0,0,97,16,8,13,7,134,130,120,128,117.0,9.9,127,116.79
2022-12-15,Thursday,4,50,12,Winter,0,0,0,0,0,1,0,0.0,18.9,10.1,62.4,None,0,0,0,86,21,12,4,6,123,134,130,121,117.86,11.01,119,117.29
2022-12-16,Friday,5,50,12,Winter,0,0,0,0,0,0,0,0.0,19.8,11.2,54.9,None,0,0,0,83,17,6,5,6,111,123,134,112,118.14,11.12,105,117.57
2022-12-17,Saturday,6,50,12,Winter,1,0,0,0,0,0,0,0.0,22.1,13.4,58.7,None,0,0,0,70,18,6,12,6,106,111,123,106,118.0,11.2,107,118.0
2022-12-18,Sunday,7,50,12,Winter,1,0,0,0,0,0,0,0.0,25.0,16.2,50.8,None,0,0,0,73,13,8,10,8,104,106,111,102,118.0,11.2,108,117.93
2022-12-19,Monday,1,51,12,Winter,0,0,0,0,0,0,0,0.0,21.7,11.8,57.9,None,0,0,0,94,16,6,9,6,125,104,106,120,118.29,10.81,130,117.64
2022-12-20,Tuesday,2,51,12,Winter,0,0,0,0,0,1,0,0.0,23.0,15.2,50.5,None,0,0,0,89,15,13,9,8,126,125,104,130,119.0,11.06,120,117.29
2022-12-21,Wednesday,3,51,12,Winter,0,0,0,1,0,0,1,0.0,20.7,13.7,55.9,None,0,0,0,96,14,5,12,7,127,126,125,134,118.43,10.57,128,117.71
2022-12-22,Thursday,4,51,12,Winter,0,0,0,0,0,1,0,0.0,24.3,16.3,56.2,None,0,0,0,88,17,11,6,6,122,127,126,123,117.43,9.3,121,117.64
2022-12-23,Friday,5,51,12,Winter,0,0,0,0,0,0,0,0.0,19.2,12.1,50.5,None,0,0,0,82,15,6,9,7,112,122,127,111,117.29,9.22,112,117.71
2022-12-24,Saturday,6,51,12,Winter,1,0,0,0,0,0,0,0.0,25.4,19.4,49.8,None,0,0,0,75,20,7,13,7,115,112,122,106,117.43,9.13,106,117.71
2022-12-25,Sunday,7,51,12,Winter,1,1,0,0,0,0,1,0.0,21.9,14.2,57.5,None,0,0,0,74,16,4,14,6,108,115,112,104,118.71,7.99,102,118.36
2022-12-26,Monday,1,52,12,Winter,0,0,0,0,0,0,0,2.4,21.7,13.5,52.3,None,0,0,0,87,20,5,6,5,118,108,115,125,119.29,7.0,120,118.79
2022-12-27,Tuesday,2,52,12,Winter,0,0,0,0,0,1,0,0.0,20.8,12.8,54.8,None,0,0,0,92,14,11,8,8,125,118,108,126,118.29,6.61,130,118.64
2022-12-28,Wednesday,3,52,12,Winter,0,0,0,1,0,0,1,0.0,20.3,11.4,53.7,None,0,0,0,98,16,5,10,7,129,125,118,127,118.14,6.45,134,118.29
2022-12-29,Thursday,4,52,12,Winter,0,0,0,0,0,1,0,0.0,22.6,14.4,54.7,None,0,0,0,85,23,13,7,8,128,129,125,122,118.43,6.86,123,117.93
2022-12-30,Friday,5,52,12,Winter,0,0,0,0,0,0,0,0.0,17.2,7.9,52.5,None,0,0,0,85,16,7,7,7,115,128,129,112,119.29,7.59,111,118.29
2022-12-31,Saturday,6,52,12,Winter,1,0,0,0,0,0,0,0.0,22.7,13.7,52.4,None,0,0,0,80,16,6,8,7,110,115,128,115,119.71,7.24,106,118.57
2023-01-01,Sunday,7,52,1,Winter,1,0,0,0,0,0,0,0.0,21.2,9.6,58.0,None,0,0,0,73,19,6,12,8,110,110,115,108,119.0,7.89,104,118.86
2023-01-02,Monday,1,1,1,Winter,0,0,0,0,0,0,0,0.0,23.2,15.2,54.1,None,0,0,0,89,16,6,10,7,121,110,110,118,119.29,7.52,125,119.29
2023-01-03,Tuesday,2,1,1,Winter,0,0,0,0,0,1,0,0.0,23.9,16.1,50.2,None,0,0,0,88,16,13,8,9,125,121,110,125,119.71,7.52,126,119.0
2023-01-04,Wednesday,3,1,1,Winter,0,0,0,1,0,0,1,0.0,25.1,19.6,54.4,None,0,0,0,98,17,7,10,6,132,125,121,129,119.71,7.52,127,118.93
2023-01-05,Thursday,4,1,1,Winter,0,0,0,0,0,1,0,0.4,22.2,12.8,45.8,None,0,0,0,85,13,10,5,5,113,132,125,128,120.14,8.1,122,119.29
2023-01-06,Friday,5,1,1,Winter,0,0,0,0,0,0,0,0.0,21.9,15.3,63.4,None,0,0,0,86,19,6,7,7,118,113,132,115,118.0,7.71,112,118.64
2023-01-07,Saturday,6,1,1,Winter,1,0,0,0,0,0,0,0.0,22.5,12.8,59.9,None,0,0,0,78,21,5,12,8,116,118,113,110,118.43,7.61,115,119.07
2023-01-08,Sunday,7,1,1,Winter,1,0,0,0,1,0,0,0.0,21.2,10.1,56.6,None,0,0,0,79,19,9,13,9,120,116,118,110,119.29,6.92,108,119.14
2023-01-09,Monday,1,2,1,Winter,0,0,0,0,0,0,0,0.0,21.0,13.1,51.0,None,0,0,0,94,12,6,4,4,116,120,116,121,120.71,5.8,118,120.0
2023-01-10,Tuesday,2,2,1,Winter,0,0,0,0,0,1,0,0.7,23.1,15.4,51.1,None,0,0,0,92,19,13,7,6,131,116,120,125,120.0,6.02,125,119.86
2023-01-11,Wednesday,3,2,1,Winter,0,0,0,1,0,0,1,0.0,21.2,13.3,55.4,None,0,0,0,98,17,5,14,9,134,131,116,132,120.86,7.02,129,120.29
2023-01-12,Thursday,4,2,1,Winter,0,0,0,0,0,1,0,0.0,23.8,14.2,59.8,None,0,0,0,82,19,11,8,8,120,134,131,113,121.14,7.49,128,120.64
2023-01-13,Friday,5,2,1,Winter,0,0,0,0,0,0,0,0.0,19.6,11.2,58.7,None,0,0,0,87,18,8,10,8,123,120,134,118,122.14,6.77,115,120.07
2023-01-14,Saturday,6,2,1,Winter,1,0,0,0,0,0,0,0.0,22.9,14.4,62.3,Respiratory,4,1,7,100,47,5,11,9,163,123,120,116,122.86,6.56,110,120.64
2023-01-15,Sunday,7,2,1,Winter,1,0,0,0,0,0,0,0.2,23.6,15.5,57.6,Respiratory,4,1,4,94,46,8,10,10,158,163,123,120,129.57,14.88,110,124.43
2023-01-16,Monday,1,3,1,Winter,0,0,0,0,0,0,0,0.0,22.4,16.1,59.2,Respiratory,4,1,6,113,45,6,6,9,170,158,163,116,135.0,17.15,121,127.86
2023-01-17,Tuesday,2,3,1,Winter,0,0,0,0,0,1,0,0.0,23.7,15.3,56.8,Respiratory,4,1,6,116,47,12,8,11,183,170,158,131,142.71,18.93,125,131.36
2023-01-18,Wednesday,3,3,1,Winter,0,0,0,1,0,0,1,0.0,23.7,15.4,56.2,Respiratory,4,1,5,119,48,7,13,11,187,183,170,134,150.14,22.7,132,135.5
2023-01-19,Thursday,4,3,1,Winter,0,0,0,0,0,1,0,0.0,25.7,18.5,54.4,Respiratory,4,1,7,107,44,12,5,8,168,187,183,120,157.71,24.79,113,139.43
2023-01-20,Friday,5,3,1,Winter,0,0,0,0,0,0,0,0.0,23.6,18.2,52.4,Respiratory,4,1,6,107,49,7,3,9,166,168,187,123,164.57,19.49,118,143.36
2023-01-21,Saturday,6,3,1,Winter,1,0,0,0,0,0,0,0.0,25.8,17.2,51.0,Respiratory,4,1,7,96,47,8,10,10,161,166,168,163,170.71,9.76,116,146.79
2023-01-22,Sunday,7,3,1,Winter,1,0,0,0,0,0,0,0.7,24.7,16.5,55.1,Respiratory,4,1,6,94,47,7,10,10,158,161,166,158,170.43,10.01,120,150.0
2023-01-23,Monday,1,4,1,Winter,0,0,0,0,0,0,0,0.0,22.2,11.6,54.3,Respiratory,4,1,7,109,45,7,7,10,168,158,161,170,170.43,10.01,116,152.71
2023-01-24,Tuesday,2,4,1,Winter,0,0,0,0,0,1,0,0.0,22.9,15.1,61.0,Respiratory,4,1,7,111,42,11,6,10,170,168,158,183,170.14,10.05,131,156.43
2023-01-25,Wednesday,3,4,1,Winter,0,0,0,1,0,0,1,0.0,22.2,13.8,56.7,Respiratory,4,1,6,118,47,5,10,10,180,170,168,187,168.29,8.6,134,159.21
2023-01-26,Thursday,4,4,1,Winter,0,1,0,0,0,1,1,1.6,25.1,18.1,52.6,Respiratory,4,1,6,115,45,12,8,11,180,180,170,168,167.29,6.52,120,162.5
2023-01-27,Friday,5,4,1,Winter,0,0,0,0,0,0,0,0.2,25.4,15.4,54.0,Respiratory,4,1,6,107,45,8,8,11,168,180,180,166,169.0,7.91,123,166.79
2023-01-28,Saturday,6,4,1,Winter,1,0,0,0,1,0,0,0.0,23.7,15.8,51.5,Respiratory,4,1,5,104,42,10,10,11,166,168,180,161,169.29,7.83,163,170.0
2023-01-29,Sunday,7,4,1,Winter,1,0,0,0,0,0,0,0.6,22.4,13.8,57.7,Respiratory,4,1,6,90,46,7,11,9,154,166,168,158,170.0,7.25,158,170.21
2023-01-30,Monday,1,5,1,Winter,0,0,0,0,0,0,0,0.0,25.4,17.4,59.4,Respiratory,4,1,6,118,44,7,6,9,175,154,166,168,169.43,8.26,170,169.93
2023-01-31,Tuesday,2,5,1,Winter,0,0,0,0,0,1,0,0.0,23.2,15.8,52.7,Respiratory,4,1,6,109,46,14,7,10,176,175,154,170,170.43,8.45,183,170.29
2023-02-01,Wednesday,3,5,2,Winter,0,0,0,1,0,0,1,0.0,25.2,18.3,44.4,Respiratory,4,1,7,121,41,7,14,12,183,176,175,180,171.29,8.66,187,169.79
2023-02-02,Thursday,4,5,2,Winter,0,0,0,0,0,1,0,0.0,23.8,14.6,45.2,Respiratory,4,1,5,107,47,13,6,11,173,183,176,180,171.71,9.15,168,169.5
2023-02-03,Friday,5,5,2,Winter,0,0,0,0,0,0,0,3.3,27.4,17.5,51.7,Respiratory,4,1,6,111,48,6,8,10,173,173,183,168,170.71,8.55,166,169.86
2023-02-04,Saturday,6,5,2,Winter,1,0,0,0,0,0,0,0.0,23.9,15.6,49.9,Respiratory,4,1,7,100,45,7,8,9,160,173,173,166,171.43,8.5,161,170.36
2023-02-05,Sunday,7,5,2,Winter,1,0,0,0,0,0,0,0.0,27.0,21.1,51.5,Respiratory,4,1,5,91,42,9,10,9,152,160,173,154,170.57,9.27,158,170.29
2023-02-06,Monday,1,6,2,Winter,0,0,0,0,0,0,0,0.0,27.5,20.4,54.0,Respiratory,4,1,5,114,47,9,6,9,176,152,160,175,170.29,9.79,168,169.86
2023-02-07,Tuesday,2,6,2,Winter,0,0,0,0,0,1,0,0.2,24.7,16.0,50.1,Respiratory,4,1,6,118,45,13,5,12,181,176,152,176,170.43,9.87,170,170.43
2023-02-08,Wednesday,3,6,2,Winter,0,0,0,1,0,0,1,0.0,24.4,15.1,46.5,Respiratory,4,1,7,126,45,8,11,10,190,181,176,183,171.14,10.41,180,171.21
2023-02-09,Thursday,4,6,2,Winter,0,0,0,0,0,1,0,0.0,26.0,15.9,58.6,Respiratory,4,1,6,114,48,13,9,11,184,190,181,173,172.14,11.75,180,171.93
2023-02-10,Friday,5,6,2,Winter,0,0,0,0,0,0,0,0.0,24.1,14.5,37.2,Respiratory,4,1,7,109,43,8,7,10,167,184,190,173,173.71,12.48,168,172.21
2023-02-11,Saturday,6,6,2,Winter,1,0,0,0,0,0,0,0.0,23.9,14.1,54.9,Respiratory,4,1,7,102,46,9,11,12,168,167,184,160,172.86,12.7,166,172.14
2023-02-12,Sunday,7,6,2,Winter,1,0,0,0,0,0,0,0.0,26.3,19.1,53.5,Respiratory,4,1,7,101,47,7,11,10,166,168,167,152,174.0,11.82,154,172.29
2023-02-13,Monday,1,7,2,Winter,0,0,0,0,0,0,0,0.0,24.0,16.4,54.4,Respiratory,4,1,6,112,47,8,8,10,175,166,168,176,176.0,8.7,175,173.14
2023-02-14,Tuesday,2,7,2,Winter,0,0,0,0,0,1,0,0.0,27.3,18.1,43.1,Respiratory,4,1,8,115,45,13,8,11,181,175,166,181,175.86,8.71,176,173.14
2023-02-15,Wednesday,3,7,2,Winter,0,0,0,1,0,0,1,0.2,23.5,16.2,51.3,Respiratory,4,1,6,124,45,9,11,10,189,181,175,190,175.86,8.71,183,173.5
2023-02-16,Thursday,4,7,2,Winter,0,0,0,0,0,1,0,0.0,25.3,16.8,59.5,None,0,0,0,95,14,14,6,8,129,189,181,184,175.71,8.48,173,173.93
2023-02-17,Friday,5,7,2,Winter,0,0,0,0,0,0,0,0.0,23.2,15.3,60.7,None,0,0,0,95,19,9,5,6,128,129,189,167,167.86,17.67,173,170.79
2023-02-18,Saturday,6,7,2,Winter,1,0,0,0,0,0,0,0.0,24.0,14.2,47.5,None,0,0,0,83,19,8,10,8,120,128,129,168,162.29,22.54,160,167.57
2023-02-19,Sunday,7,7,2,Winter,1,0,0,0,0,0,0,0.0,23.1,14.6,55.1,None,0,0,0,78,15,9,13,8,115,120,128,166,155.43,26.68,152,164.71
2023-02-20,Monday,1,8,2,Winter,0,0,0,0,0,0,0,0.0,26.2,18.3,46.5,None,0,0,0,93,18,8,6,7,125,115,120,175,148.14,29.6,176,162.07
2023-02-21,Tuesday,2,8,2,Winter,0,0,0,0,1,1,0,0.4,24.0,15.4,58.3,None,0,0,0,100,23,17,8,9,148,125,115,181,141.0,28.26,181,158.43
2023-02-22,Wednesday,3,8,2,Winter,0,0,0,1,0,0,1,0.0,22.9,14.6,39.9,None,0,0,0,106,15,9,13,8,143,148,125,189,136.29,23.55,190,156.07
2023-02-23,Thursday,4,8,2,Winter,0,0,0,0,0,1,0,0.0,27.6,21.1,55.2,None,0,0,0,94,15,12,7,7,128,143,148,129,129.71,11.0,184,152.71
2023-02-24,Friday,5,8,2,Winter,0,0,0,0,1,0,0,0.0,24.7,14.4,56.2,None,0,0,0,100,17,10,6,8,133,128,143,128,129.57,11.02,167,148.71
2023-02-25,Saturday,6,8,2,Winter,1,0,0,0,0,0,0,0.0,27.0,19.6,51.9,None,0,0,0,81,19,8,10,7,118,133,128,120,130.29,11.05,168,146.29
2023-02-26,Sunday,7,8,2,Winter,1,0,0,0,0,0,0,0.0,23.7,15.1,55.7,None,0,0,0,81,21,9,13,8,124,118,133,115,130.0,11.34,166,142.71
2023-02-27,Monday,1,9,2,Winter,0,0,0,0,0,0,0,0.0,26.4,17.5,45.6,None,0,0,0,97,13,8,7,7,125,124,118,125,131.29,10.0,175,139.71
2023-02-28,Tuesday,2,9,2,Winter,0,0,0,0,0,1,0,1.8,29.3,20.8,49.2,None,0,0,0,93,17,13,8,8,131,125,124,148,131.29,10.0,181,136.14
2023-03-01,Wednesday,3,9,3,Summer,0,0,0,1,0,0,1,0.0,29.1,20.3,44.6,None,0,0,0,97,14,10,13,8,134,131,125,143,128.86,7.36,189,132.57
2023-03-02,Thursday,4,9,3,Summer,0,0,0,0,0,1,0,0.0,26.8,21.1,50.1,None,0,0,0,96,18,12,11,8,137,134,131,128,127.57,5.26,129,128.64
2023-03-03,Friday,5,9,3,Summer,0,0,0,0,0,0,0,0.0,25.8,19.0,53.9,None,0,0,0,87,20,9,7,7,123,137,134,133,128.86,6.22,128,129.21
2023-03-04,Saturday,6,9,3,Summer,1,0,1,0,0,0,3,0.5,26.1,18.0,60.2,None,0,0,0,88,18,9,22,10,137,123,137,118,127.43,6.25,120,128.86
2023-03-05,Sunday,7,9,3,Summer,1,0,0,0,0,0,0,0.0,27.9,19.9,47.8,None,0,0,0,79,18,8,12,7,117,137,123,124,130.14,5.67,115,130.07
2023-03-06,Monday,1,10,3,Summer,0,0,0,0,0,0,0,0.0,30.7,21.8,50.5,None,0,0,0,95,19,7,5,7,126,117,137,125,129.14,7.1,125,130.21
2023-03-07,Tuesday,2,10,3,Summer,0,0,0,0,0,1,0,0.0,26.2,19.0,53.0,None,0,0,0,97,18,13,4,7,132,126,117,131,129.29,7.02,148,130.29
2023-03-08,Wednesday,3,10,3,Summer,0,0,0,1,0,0,1,0.0,26.8,19.4,57.1,None,0,0,0,107,19,8,14,8,148,132,126,134,129.43,7.07,143,129.14
2023-03-09,Thursday,4,10,3,Summer,0,0,0,0,0,1,0,0.0,26.8,17.4,58.9,None,0,0,0,94,17,13,6,6,130,148,132,137,131.43,9.6,128,129.5
2023-03-10,Friday,5,10,3,Summer,0,0,0,0,0,0,0,0.0,23.3,17.2,57.5,None,0,0,0,93,19,8,7,7,127,130,148,123,130.43,9.33,133,129.64
2023-03-11,Saturday,6,10,3,Summer,1,0,1,0,0,0,1,0.0,29.0,18.8,47.0,None,0,0,0,83,20,8,16,8,127,127,130,137,131.0,8.98,118,129.21
2023-03-12,Sunday,7,10,3,Summer,1,0,0,0,0,0,0,0.0,27.7,20.7,42.8,None,0,0,0,77,15,10,12,9,114,127,127,117,129.57,8.7,124,129.86
2023-03-13,Monday,1,11,3,Summer,0,0,0,0,0,0,0,0.0,26.2,18.1,50.7,None,0,0,0,95,19,9,7,8,130,114,127,126,129.14,9.36,125,129.14
2023-03-14,Tuesday,2,11,3,Summer,0,0,0,0,0,1,0,0.0,26.7,19.5,48.6,None,0,0,0,95,21,14,7,7,137,130,114,132,129.71,9.27,131,129.5
2023-03-15,Wednesday,3,11,3,Summer,0,0,0,1,0,0,1,0.0,28.6,21.4,50.6,None,0,0,0,105,17,9,10,6,141,137,130,148,130.43,9.6,134,129.93
2023-03-16,Thursday,4,11,3,Summer,0,0,0,0,0,1,0,0.0,25.8,17.5,43.6,None,0,0,0,92,16,14,7,8,129,141,137,130,129.43,7.94,137,130.43
2023-03-17,Friday,5,11,3,Summer,0,0,0,0,0,0,0,0.0,29.2,20.6,47.3,None,0,0,0,90,20,7,9,8,126,129,141,127,129.29,7.94,123,129.86
2023-03-18,Saturday,6,11,3,Summer,1,0,0,0,0,0,0,2.1,26.0,17.4,50.0,None,0,0,0,83,16,7,11,7,117,126,129,127,129.14,7.99,137,130.07
2023-03-19,Sunday,7,11,3,Summer,1,0,0,0,0,0,0,0.0,26.6,16.7,49.4,None,0,0,0,78,19,9,11,8,117,117,126,114,127.71,9.07,117,128.64
2023-03-20,Monday,1,12,3,Summer,0,0,0,0,0,0,0,0.0,28.9,20.3,47.7,None,0,0,0,101,18,7,7,7,133,117,117,130,128.14,8.46,126,128.64
2023-03-21,Tuesday,2,12,3,Summer,0,0,1,0,0,1,2,0.0,28.3,21.6,48.0,None,0,0,0,108,14,14,12,10,148,133,117,137,128.57,8.62,132,129.14
2023-03-22,Wednesday,3,12,3,Summer,0,0,0,1,0,0,1,0.0,24.6,13.7,50.9,None,0,0,0,104,16,9,11,8,140,148,133,141,130.14,10.75,148,130.29
2023-03-23,Thursday,4,12,3,Summer,0,0,0,0,0,1,0,1.0,28.4,21.2,48.8,None,0,0,0,95,15,14,7,6,131,140,148,129,130.0,10.61,130,129.71
2023-03-24,Friday,5,12,3,Summer,0,0,0,0,0,0,0,0.0,31.4,21.6,47.8,None,0,0,0,90,21,8,7,8,126,131,140,126,130.29,10.61,127,129.79
2023-03-25,Saturday,6,12,3,Summer,1,0,0,0,0,0,0,0.1,27.9,19.5,44.7,None,0,0,0,84,19,8,9,5,120,126,131,117,130.29,10.61,127,129.71
2023-03-26,Sunday,7,12,3,Summer,1,0,0,0,0,0,0,0.0,33.4,24.8,39.6,None,0,0,0,80,14,7,10,6,111,120,126,117,130.71,10.11,114,129.21
2023-03-27,Monday,1,13,3,Summer,0,0,0,0,0,0,0,0.0,32.1,24.3,47.4,None,0,0,0,103,18,8,6,6,135,111,120,133,129.86,11.41,130,129.0
2023-03-28,Tuesday,2,13,3,Summer,0,0,1,0,0,1,3,0.0,28.5,20.1,42.1,None,0,0,0,108,16,13,16,10,153,135,111,148,130.14,11.51,137,129.36
2023-03-29,Wednesday,3,13,3,Summer,0,0,1,1,0,0,2,0.0,28.5,20.8,54.5,None,0,0,0,111,21,10,19,11,161,153,135,140,130.86,12.69,141,130.5
2023-03-30,Thursday,4,13,3,Summer,0,0,0,0,0,1,0,0.0,30.4,23.3,47.2,None,0,0,0,98,19,14,8,7,139,161,153,131,133.86,16.43,129,131.93
2023-03-31,Friday,5,13,3,Summer,0,0,0,0,0,0,0,0.4,28.0,19.6,55.6,None,0,0,0,91,20,8,9,7,128,139,161,126,135.0,16.47,126,132.64
2023-04-01,Saturday,6,13,4,Summer,1,0,0,0,0,0,0,0.0,29.7,20.8,48.0,None,0,0,0,82,15,10,12,9,119,128,139,120,135.29,16.32,117,132.79
2023-04-02,Sunday,7,13,4,Summer,1,0,0,0,0,0,0,0.8,30.5,19.9,49.7,None,0,0,0,78,15,8,12,7,113,119,128,111,135.14,16.46,117,132.93
2023-04-03,Monday,1,14,4,Summer,0,0,0,0,0,0,0,0.0,27.5,21.3,58.8,None,0,0,0,92,26,7,7,6,132,113,119,135,135.43,16.05,133,132.64
2023-04-04,Tuesday,2,14,4,Summer,0,0,0,0,0,1,0,0.0,28.2,19.8,54.1,None,0,0,0,94,18,13,6,7,131,132,113,153,135.0,16.1,148,132.57
2023-04-05,Wednesday,3,14,4,Summer,0,0,0,1,0,0,1,0.0,30.4,21.7,48.2,None,0,0,0,107,21,9,11,9,148,131,132,161,131.86,14.33,140,131.36
2023-04-06,Thursday,4,14,4,Summer,0,0,0,0,0,1,0,0.0,29.3,21.5,48.7,None,0,0,0,95,23,15,8,9,141,148,131,139,130.0,10.85,131,131.93
2023-04-07,Friday,5,14,4,Summer,0,0,0,0,0,0,0,0.0,28.0,18.7,48.6,None,0,0,0,95,19,9,7,7,130,141,148,128,130.29,11.11,126,132.64
2023-04-08,Saturday,6,14,4,Summer,1,0,0,0,0,0,0,0.1,26.2,19.9,52.2,None,0,0,0,83,22,8,11,8,124,130,141,119,130.57,11.07,120,132.93
2023-04-09,Sunday,7,14,4,Summer,1,0,0,0,0,0,0,0.0,31.8,23.7,43.0,None,0,0,0,73,20,9,10,7,112,124,130,113,131.29,10.44,111,133.21
2023-04-10,Monday,1,15,4,Summer,0,0,0,0,1,0,0,1.0,33.2,23.6,53.0,None,0,0,0,100,15,12,6,7,133,112,124,132,131.14,10.7,135,133.29
2023-04-11,Tuesday,2,15,4,Summer,0,0,0,0,0,1,0,0.0,27.4,18.5,48.8,None,0,0,0,99,22,14,9,9,144,133,112,131,131.29,10.71,153,133.14
2023-04-12,Wednesday,3,15,4,Summer,0,0,0,1,0,0,1,0.4,30.8,21.3,52.0,None,0,0,0,105,17,8,14,8,144,144,133,148,133.14,11.59,161,132.5
2023-04-13,Thursday,4,15,4,Summer,0,0,0,0,0,1,0,0.0,31.7,23.0,40.8,None,0,0,0,95,11,15,8,7,129,144,144,141,132.57,10.93,139,131.29
2023-04-14,Friday,5,15,4,Summer,0,0,0,0,0,0,0,0.0,28.8,22.7,43.9,None,0,0,0,88,14,10,8,7,120,129,144,130,130.86,10.4,128,130.57
2023-04-15,Saturday,6,15,4,Summer,1,0,0,0,0,0,0,0.0,30.5,23.1,45.3,None,0,0,0,81,20,10,10,7,121,120,129,124,129.43,11.08,119,130.0
2023-04-16,Sunday,7,15,4,Summer,1,0,0,0,0,0,0,0.0,30.3,19.7,48.1,None,0,0,0,78,20,9,12,8,119,121,120,112,129.0,11.34,113,130.14
2023-04-17,Monday,1,16,4,Summer,0,0,0,0,0,0,0,0.0,32.2,22.3,49.6,None,0,0,0,106,16,9,6,7,137,119,121,133,130.0,10.03,132,130.57
2023-04-18,Tuesday,2,16,4,Summer,0,0,0,0,0,1,0,0.0,30.4,21.8,48.5,None,0,0,0,104,17,14,7,8,142,137,119,144,130.57,10.29,131,130.93
2023-04-19,Wednesday,3,16,4,Summer,0,0,0,1,0,0,1,0.0,34.6,26.6,43.1,None,0,0,0,104,14,7,12,8,137,142,137,144,130.29,9.94,148,131.71
2023-04-20,Thursday,4,16,4,Summer,0,0,0,0,0,1,0,0.0,33.0,24.2,49.2,None,0,0,0,96,19,13,9,10,137,137,142,129,129.29,8.79,141,130.93
2023-04-21,Friday,5,16,4,Summer,0,0,0,0,0,0,0,0.0,31.6,24.3,47.8,None,0,0,0,94,15,8,6,6,123,137,137,120,130.43,9.19,130,130.64
2023-04-22,Saturday,6,16,4,Summer,1,0,0,0,0,0,0,0.0,34.2,23.8,39.2,None,0,0,0,81,20,7,12,7,120,123,137,121,130.86,8.76,124,130.14
2023-04-23,Sunday,7,16,4,Summer,1,0,0,0,0,0,0,0.0,31.2,22.4,50.1,None,0,0,0,80,20,9,10,7,119,120,123,119,130.71,8.92,112,129.86
2023-04-24,Monday,1,17,4,Summer,0,0,0,0,0,0,0,0.0,33.0,26.3,43.8,None,0,0,0,104,14,9,6,6,133,119,120,137,130.71,8.92,133,130.36
2023-04-25,Tuesday,2,17,4,Summer,0,0,0,0,0,1,0,0.0,29.9,21.0,45.6,None,0,0,0,93,13,16,8,8,130,133,119,142,130.14,8.63,144,130.36
2023-04-26,Wednesday,3,17,4,Summer,0,0,0,1,0,0,1,0.0,32.2,23.5,48.6,None,0,0,0,109,19,10,15,10,153,130,133,137,128.43,7.17,144,129.36
2023-04-27,Thursday,4,17,4,Summer,0,0,0,0,0,1,0,0.0,29.5,19.4,47.4,None,0,0,0,97,18,14,6,8,135,153,130,137,130.71,11.04,129,130.0
2023-04-28,Friday,5,17,4,Summer,0,0,0,0,0,0,0,0.0,30.3,22.6,46.7,None,0,0,0,97,18,9,6,6,130,135,153,123,130.43,10.9,120,130.43
2023-04-29,Saturday,6,17,4,Summer,1,0,0,0,0,0,0,0.0,35.0,27.0,48.8,None,0,0,0,81,15,8,13,8,117,130,135,120,131.43,10.49,121,131.14
2023-04-30,Sunday,7,17,4,Summer,1,0,0,0,0,0,0,0.0,29.0,20.5,44.8,None,0,0,0,83,17,9,11,8,120,117,130,119,131.0,10.99,119,130.86
2023-05-01,Monday,1,18,5,Summer,0,1,0,0,0,0,1,3.5,31.1,23.3,43.4,None,0,0,0,103,22,10,7,9,142,120,117,133,131.14,10.84,137,130.93
2023-05-02,Tuesday,2,18,5,Summer,0,0,0,0,0,1,0,0.0,32.1,22.8,48.5,None,0,0,0,99,17,12,8,8,136,142,120,130,132.43,11.5,142,131.29
2023-05-03,Wednesday,3,18,5,Summer,0,0,0,1,0,0,1,0.5,30.5,22.9,47.8,None,0,0,0,110,17,8,9,8,144,136,142,153,133.29,11.51,137,130.86
2023-05-04,Thursday,4,18,5,Summer,0,0,0,0,0,1,0,0.0,33.1,24.8,46.3,None,0,0,0,93,18,15,7,9,133,144,136,135,132.0,9.58,137,131.36
2023-05-05,Friday,5,18,5,Summer,0,0,0,0,0,0,0,1.8,32.8,24.4,53.1,None,0,0,0,99,18,8,4,7,129,133,144,130,131.71,9.51,123,131.07
2023-05-06,Saturday,6,18,5,Summer,1,0,0,0,0,0,0,0.0,30.4,21.9,49.9,None,0,0,0,81,21,7,11,7,120,129,133,117,131.57,9.54,120,131.5
2023-05-07,Sunday,7,18,5,Summer,1,0,0,0,0,0,0,0.9,31.6,24.2,45.3,None,0,0,0,83,18,10,9,7,120,120,129,120,132.0,8.93,119,131.5
2023-05-08,Monday,1,19,5,Summer,0,0,0,0,0,0,0,0.0,33.6,25.2,43.0,Diarrheal,3,1,4,114,31,8,6,7,159,120,120,142,132.0,8.93,133,131.57
2023-05-09,Tuesday,2,19,5,Summer,0,0,0,0,0,1,0,0.0,31.8,22.5,40.0,Diarrheal,3,1,5,109,29,15,8,11,161,159,120,136,134.43,12.79,130,133.43
2023-05-10,Wednesday,3,19,5,Summer,0,0,0,1,0,0,1,0.0,31.2,21.3,48.9,Diarrheal,3,1,6,118,32,8,9,9,167,161,159,144,138.0,15.86,153,135.64
2023-05-11,Thursday,4,19,5,Summer,0,0,0,0,0,1,0,0.0,31.4,24.7,45.3,Diarrheal,3,1,3,103,33,14,7,10,157,167,161,133,141.29,18.86,135,136.64
2023-05-12,Friday,5,19,5,Summer,0,0,0,0,0,0,0,0.0,31.6,25.4,44.6,Diarrheal,3,1,3,108,34,8,5,7,155,157,167,129,144.71,19.22,130,138.21
2023-05-13,Saturday,6,19,5,Summer,1,0,0,0,0,0,0,0.0,32.2,22.5,43.8,Diarrheal,3,1,3,96,28,10,11,11,145,155,157,120,148.43,18.31,117,140.0
2023-05-14,Sunday,7,19,5,Summer,1,0,0,0,0,0,0,0.0,30.8,20.9,52.9,Diarrheal,3,1,4,90,31,8,11,9,140,145,155,120,152.0,14.45,120,142.0
2023-05-15,Monday,1,20,5,Summer,0,0,0,0,1,0,0,0.0,30.1,19.4,46.5,Diarrheal,3,1,5,115,34,12,8,10,169,140,145,159,154.86,8.66,142,143.43
2023-05-16,Tuesday,2,20,5,Summer,0,0,0,0,0,1,0,0.0,33.3,25.6,45.6,Diarrheal,3,1,5,110,31,14,7,9,162,169,140,161,156.29,9.95,136,145.36
2023-05-17,Wednesday,3,20,5,Summer,0,0,0,1,0,0,1,0.0,34.3,25.3,47.2,Diarrheal,3,1,5,121,28,8,13,9,170,162,169,167,156.43,10.03,144,147.21
2023-05-18,Thursday,4,20,5,Summer,0,0,0,0,0,1,0,0.3,31.8,24.3,50.0,Diarrheal,3,1,3,101,35,13,7,9,156,170,162,157,156.86,10.52,133,149.07
2023-05-19,Friday,5,20,5,Summer,0,0,0,0,0,0,0,0.0,33.7,22.7,44.1,Diarrheal,3,1,3,109,32,8,5,8,154,156,170,155,156.71,10.52,129,150.71
2023-05-20,Saturday,6,20,5,Summer,1,0,0,0,0,0,0,0.0,34.7,28.1,40.5,Diarrheal,3,1,5,100,27,8,12,9,147,154,156,145,156.57,10.55,120,152.5
2023-05-21,Sunday,7,20,5,Summer,1,0,0,0,0,0,0,0.0,31.9,22.7,44.1,None,0,0,0,80,13,10,14,8,117,147,154,140,156.86,10.26,120,154.43
2023-05-22,Monday,1,21,5,Summer,0,0,0,0,0,0,0,0.0,33.9,24.4,38.0,None,0,0,0,102,14,10,9,7,135,117,147,169,153.57,16.76,159,154.21
2023-05-23,Tuesday,2,21,5,Summer,0,0,0,0,0,1,0,0.0,33.0,25.9,35.1,None,0,0,0,95,13,14,5,6,127,135,117,162,148.71,16.51,161,152.5
2023-05-24,Wednesday,3,21,5,Summer,0,0,0,1,0,0,1,0.0,31.8,25.1,49.3,None,0,0,0,105,16,9,12,9,142,127,135,170,143.71,17.02,167,150.07
2023-05-25,Thursday,4,21,5,Summer,0,0,0,0,0,1,0,0.0,31.4,23.5,46.6,None,0,0,0,92,16,12,5,6,125,142,127,156,139.71,13.24,157,148.29
2023-05-26,Friday,5,21,5,Summer,0,0,0,0,0,0,0,0.0,32.7,25.2,43.4,None,0,0,0,88,15,9,6,7,118,125,142,154,135.29,12.2,155,146.0
2023-05-27,Saturday,6,21,5,Summer,1,0,0,0,0,0,0,0.0,30.9,21.8,44.8,None,0,0,0,88,14,8,13,8,123,118,125,147,130.14,10.72,145,143.36
2023-05-28,Sunday,7,21,5,Summer,1,0,0,0,0,0,0,0.0,34.5,25.6,44.3,None,0,0,0,76,14,9,12,8,111,123,118,117,126.71,8.36,140,141.79
2023-05-29,Monday,1,22,5,Summer,0,0,0,0,0,0,0,0.0,34.3,25.8,46.5,None,0,0,0,98,14,10,9,6,131,111,123,135,125.86,9.54,169,139.71
2023-05-30,Tuesday,2,22,5,Summer,0,0,0,0,0,1,0,0.2,36.3,28.2,48.8,None,0,0,0,94,17,14,7,8,132,131,111,127,125.29,9.08,162,137.0
2023-05-31,Wednesday,3,22,5,Summer,0,0,0,1,0,0,1,0.0,33.5,26.2,46.0,None,0,0,0,104,11,8,14,7,137,132,131,142,126.0,9.38,170,134.86
2023-06-01,Thursday,4,22,6,Monsoon,0,0,0,0,0,1,0,35.2,34.9,23.4,84.9,None,0,0,0,87,34,13,9,9,143,137,132,125,125.29,8.26,156,132.5
2023-06-02,Friday,5,22,6,Monsoon,0,0,0,0,1,0,0,10.0,34.0,25.8,69.9,None,0,0,0,95,26,12,9,9,142,143,137,118,127.86,10.32,154,131.57
2023-06-03,Saturday,6,22,6,Monsoon,1,0,0,0,0,0,0,3.4,32.0,23.8,69.0,None,0,0,0,85,28,9,11,8,133,142,143,123,131.29,10.46,147,130.71
2023-06-04,Sunday,7,22,6,Monsoon,1,0,0,0,0,0,0,1.1,36.7,28.9,68.6,None,0,0,0,79,25,10,9,7,123,133,142,111,132.71,9.9,117,129.71
2023-06-05,Monday,1,23,6,Monsoon,0,0,0,0,0,0,0,24.9,32.3,26.9,83.5,None,0,0,0,100,31,7,7,9,145,123,133,131,134.43,6.41,135,130.14
2023-06-06,Tuesday,2,23,6,Monsoon,0,0,0,0,0,1,0,2.5,33.7,26.6,68.7,None,0,0,0,97,24,13,8,10,142,145,123,132,136.43,7.17,127,130.86
2023-06-07,Wednesday,3,23,6,Monsoon,0,0,0,1,0,0,1,5.2,35.1,25.2,70.7,None,0,0,0,107,29,6,14,10,156,142,145,137,137.86,7.14,142,131.93
2023-06-08,Thursday,4,23,6,Monsoon,0,0,0,0,0,1,0,15.2,31.2,22.4,81.3,None,0,0,0,89,29,11,8,10,137,156,142,143,140.57,9.51,125,132.93
2023-06-09,Friday,5,23,6,Monsoon,0,0,0,0,0,0,0,5.4,31.8,24.6,75.1,None,0,0,0,93,29,9,5,9,136,137,156,142,139.71,9.53,118,133.79
2023-06-10,Saturday,6,23,6,Monsoon,1,0,0,0,0,0,0,12.0,36.4,26.5,68.1,None,0,0,0,82,29,9,10,8,130,136,137,133,138.86,9.55,123,135.07
2023-06-11,Sunday,7,23,6,Monsoon,1,0,0,0,0,0,0,24.3,33.7,26.5,79.1,None,0,0,0,79,32,7,12,9,130,130,136,123,138.43,9.87,111,135.57
2023-06-12,Monday,1,24,6,Monsoon,0,0,0,0,0,0,0,18.7,33.2,24.9,72.8,None,0,0,0,98,27,7,5,6,137,130,130,145,139.43,8.52,131,136.93
2023-06-13,Tuesday,2,24,6,Monsoon,0,0,0,0,0,1,0,2.6,35.1,24.7,72.8,None,0,0,0,100,25,12,7,6,144,137,130,142,138.29,8.22,132,137.36
2023-06-14,Wednesday,3,24,6,Monsoon,0,0,0,1,0,0,1,33.5,32.0,22.9,84.9,None,0,0,0,101,37,9,15,10,162,144,137,156,138.57,8.38,137,138.21
2023-06-15,Thursday,4,24,6,Monsoon,0,0,0,0,0,1,0,15.5,31.8,23.8,77.9,None,0,0,0,92,30,13,6,8,141,162,144,137,139.43,10.22,143,140.0
2023-06-16,Friday,5,24,6,Monsoon,0,0,0,0,0,0,0,43.8,36.3,30.3,81.0,None,0,0,0,88,31,7,7,7,133,141,162,136,140.0,10.18,142,139.86
2023-06-17,Saturday,6,24,6,Monsoon,1,0,0,0,1,0,0,10.1,32.9,25.0,73.2,None,0,0,0,83,31,9,12,9,135,133,141,130,139.57,10.4,133,139.21
2023-06-18,Sunday,7,24,6,Monsoon,1,0,0,0,0,0,0,20.2,31.6,24.6,79.9,None,0,0,0,77,27,7,11,8,122,135,133,130,140.29,9.88,123,139.36
2023-06-19,Monday,1,25,6,Monsoon,0,0,0,0,0,0,0,47.0,34.3,25.9,81.4,None,0,0,0,99,36,6,8,8,149,122,135,137,139.14,11.36,145,139.29
2023-06-20,Tuesday,2,25,6,Monsoon,0,0,0,0,0,1,0,29.8,30.5,21.8,80.1,None,0,0,0,96,32,12,7,9,147,149,122,144,140.86,11.8,142,139.57
2023-06-21,Wednesday,3,25,6,Monsoon,0,0,0,1,0,0,1,10.0,35.3,25.8,70.6,None,0,0,0,100,26,8,12,9,146,147,149,162,141.29,11.96,156,139.93
2023-06-22,Thursday,4,25,6,Monsoon,0,0,0,0,0,1,0,13.1,34.7,25.0,73.4,None,0,0,0,89,29,14,3,8,135,146,147,141,139.0,8.93,137,139.21
2023-06-23,Friday,5,25,6,Monsoon,0,0,0,0,0,0,0,11.4,35.0,27.3,71.7,None,0,0,0,89,26,9,5,6,129,135,146,133,138.14,8.98,136,139.07
2023-06-24,Saturday,6,25,6,Monsoon,1,0,0,0,0,0,0,13.9,36.0,28.3,73.9,None,0,0,0,82,25,7,8,8,122,129,135,135,137.57,9.41,130,138.57
2023-06-25,Sunday,7,25,6,Monsoon,1,0,0,0,0,0,0,24.5,33.7,24.9,78.6,None,0,0,0,73,28,7,10,9,118,122,129,122,135.71,10.9,130,138.0
2023-06-26,Monday,1,26,6,Monsoon,0,0,0,0,0,0,0,15.6,34.6,27.5,74.5,None,0,0,0,98,25,5,6,7,134,118,122,149,135.14,11.68,137,137.14
2023-06-27,Tuesday,2,26,6,Monsoon,0,0,0,0,0,1,0,18.2,33.3,23.9,81.3,None,0,0,0,92,30,13,7,9,142,134,118,147,133.0,10.23,144,136.93
2023-06-28,Wednesday,3,26,6,Monsoon,0,0,0,1,0,0,1,11.6,31.6,21.3,74.4,None,0,0,0,101,33,7,10,9,151,142,134,146,132.29,9.36,162,136.79
2023-06-29,Thursday,4,26,6,Monsoon,0,0,0,0,0,1,0,11.1,32.4,23.4,70.4,None,0,0,0,93,26,12,6,7,137,151,142,135,133.0,10.5,141,136.0
2023-06-30,Friday,5,26,6,Monsoon,0,0,0,0,0,0,0,13.9,32.6,22.6,71.1,None,0,0,0,89,26,8,6,8,129,137,151,129,133.29,10.58,133,135.71
2023-07-01,Saturday,6,26,7,Monsoon,1,0,0,0,0,0,0,15.6,32.8,24.1,72.7,None,0,0,0,82,27,7,13,9,129,129,137,122,133.29,10.58,135,135.43
2023-07-02,Sunday,7,26,7,Monsoon,1,0,0,0,0,0,0,35.2,33.2,26.0,82.1,None,0,0,0,76,33,8,13,9,130,129,129,118,134.29,9.76,122,135.0
2023-07-03,Monday,1,27,7,Monsoon,0,0,0,0,0,0,0,29.6,36.2,28.2,82.5,None,0,0,0,98,36,6,7,8,147,130,129,134,136.0,7.56,149,135.57
2023-07-04,Tuesday,2,27,7,Monsoon,0,0,0,0,0,1,0,42.5,33.2,27.6,86.0,None,0,0,0,96,36,10,5,9,147,147,130,142,137.86,8.39,147,135.43
2023-07-05,Wednesday,3,27,7,Monsoon,0,0,0,1,0,0,1,22.4,32.6,25.3,75.5,None,0,0,0,102,30,8,11,9,151,147,147,151,138.57,8.91,146,135.43
2023-07-06,Thursday,4,27,7,Monsoon,0,0,0,0,1,1,0,11.6,35.8,25.4,74.0,None,0,0,0,92,27,17,5,10,141,151,147,137,138.57,8.91,135,135.79
2023-07-07,Friday,5,27,7,Monsoon,0,0,0,0,0,0,0,47.7,32.8,24.4,86.3,None,0,0,0,86,37,6,8,7,137,141,151,129,139.14,8.92,129,136.21
2023-07-08,Saturday,6,27,7,Monsoon,1,0,0,0,0,0,0,20.1,32.0,25.7,75.7,None,0,0,0,83,26,6,11,9,126,137,141,129,140.29,8.01,122,136.79
2023-07-09,Sunday,7,27,7,Monsoon,1,0,0,0,0,0,0,41.3,33.5,25.5,86.4,None,0,0,0,75,31,6,13,9,125,126,137,130,139.86,8.66,118,137.07
2023-07-10,Monday,1,28,7,Monsoon,0,0,0,0,0,0,0,10.8,34.4,28.7,72.6,None,0,0,0,96,30,7,7,7,140,125,126,147,139.14,9.6,134,137.57
2023-07-11,Tuesday,2,28,7,Monsoon,0,0,0,0,0,1,0,8.7,30.8,24.3,76.9,None,0,0,0,95,30,14,8,9,147,140,125,147,138.14,9.08,142,138.0
2023-07-12,Wednesday,3,28,7,Monsoon,0,0,0,1,0,0,1,7.6,34.8,25.2,69.6,None,0,0,0,102,26,6,12,9,146,147,140,151,138.14,9.08,151,138.36
2023-07-13,Thursday,4,28,7,Monsoon,0,0,0,0,0,1,0,17.5,33.9,25.5,80.2,None,0,0,0,91,31,13,11,11,146,146,147,141,137.43,8.19,137,138.0
2023-07-14,Friday,5,28,7,Monsoon,0,0,0,0,0,0,0,18.2,33.4,26.5,78.7,None,0,0,0,91,25,5,7,6,128,146,146,137,138.14,8.68,129,138.64
2023-07-15,Saturday,6,28,7,Monsoon,1,0,0,0,0,0,0,13.8,31.3,24.1,74.3,None,0,0,0,79,29,8,11,8,127,128,146,126,136.86,9.39,129,138.57
2023-07-16,Sunday,7,28,7,Monsoon,1,0,0,0,0,0,0,26.0,33.1,24.5,72.0,None,0,0,0,75,29,5,9,8,118,127,128,125,137.0,9.23,130,138.43
2023-07-17,Monday,1,29,7,Monsoon,0,0,0,0,0,0,0,33.2,32.1,26.2,82.5,None,0,0,0,94,35,5,5,7,139,118,127,140,136.0,10.73,147,137.57
2023-07-18,Tuesday,2,29,7,Monsoon,0,0,0,0,0,1,0,29.6,33.3,25.9,81.9,Malaria,2,0,3,94,47,10,5,8,156,139,118,147,135.86,10.68,147,137.0
2023-07-19,Wednesday,3,29,7,Monsoon,0,0,0,1,0,0,1,9.5,33.0,24.8,70.4,Malaria,2,0,4,100,39,7,12,10,158,156,139,146,137.14,12.36,151,137.64
2023-07-20,Thursday,4,29,7,Monsoon,0,0,0,0,0,1,0,54.7,32.5,25.0,95.3,Malaria,2,0,3,89,53,12,7,10,161,158,156,146,138.86,14.17,141,138.14
2023-07-21,Friday,5,29,7,Monsoon,0,0,0,0,0,0,0,12.1,32.5,25.2,72.1,Malaria,2,0,4,84,42,6,5,8,137,161,158,128,141.0,16.09,137,139.57
2023-07-22,Saturday,6,29,7,Monsoon,1,0,0,0,0,0,0,27.2,34.9,26.4,77.2,Malaria,2,0,3,76,48,7,10,9,141,137,161,127,142.29,15.34,126,139.57
2023-07-23,Sunday,7,29,7,Monsoon,1,0,0,0,0,0,0,15.5,32.1,25.9,72.5,Malaria,2,0,3,73,48,6,11,9,138,141,137,118,144.29,14.08,125,140.64
2023-07-24,Monday,1,30,7,Monsoon,0,0,0,0,0,0,0,26.4,31.9,22.2,75.5,Malaria,2,0,2,92,42,6,7,9,147,138,141,139,147.14,9.85,140,141.57
2023-07-25,Tuesday,2,30,7,Monsoon,0,0,0,0,0,1,0,44.4,34.2,25.1,91.2,Malaria,2,0,3,90,47,9,6,11,152,147,138,156,148.29,9.28,147,142.07
2023-07-26,Wednesday,3,30,7,Monsoon,0,0,0,1,0,0,1,13.2,32.9,25.7,78.8,Malaria,2,0,3,107,45,7,12,10,171,152,147,158,147.71,8.91,146,142.43
2023-07-27,Thursday,4,30,7,Monsoon,0,0,0,0,0,1,0,32.9,31.4,25.0,87.2,Malaria,2,0,4,87,46,11,7,10,151,171,152,161,149.57,11.76,146,144.21
2023-07-28,Friday,5,30,7,Monsoon,0,0,0,0,0,0,0,47.7,31.6,22.8,91.6,Malaria,2,0,3,90,53,6,7,9,156,151,171,137,148.14,10.86,128,144.57
2023-07-29,Saturday,6,30,7,Monsoon,1,0,0,0,0,0,0,10.3,30.7,21.1,77.7,Malaria,2,0,3,77,41,7,11,8,136,156,151,141,150.86,10.08,127,146.57
2023-07-30,Sunday,7,30,7,Monsoon,1,0,0,0,0,0,0,10.2,36.0,28.9,76.8,Malaria,2,0,3,78,40,7,10,10,135,136,156,138,150.14,10.89,118,147.21
2023-07-31,Monday,1,31,7,Monsoon,0,0,0,0,0,0,0,15.5,32.8,25.7,76.9,Malaria,2,0,3,95,40,6,8,8,149,135,136,147,149.71,11.41,139,148.43
2023-08-01,Tuesday,2,31,8,Monsoon,0,0,0,0,0,1,0,16.1,33.7,25.6,68.8,Malaria,2,0,4,98,47,11,8,11,164,149,135,152,150.0,11.36,156,149.14
2023-08-02,Wednesday,3,31,8,Monsoon,0,0,0,1,1,0,1,31.8,34.6,26.2,82.5,Malaria,2,0,1,101,44,7,12,10,164,164,149,171,151.71,12.39,158,149.71
2023-08-03,Thursday,4,31,8,Monsoon,0,0,0,0,0,1,0,20.3,32.6,23.9,74.4,Malaria,2,0,2,87,43,10,6,9,146,164,164,151,150.71,11.0,161,150.14
2023-08-04,Friday,5,31,8,Monsoon,0,0,0,0,0,0,0,23.0,31.8,23.0,84.4,Malaria,2,0,2,87,45,7,6,7,145,146,164,156,150.0,11.12,137,149.07
2023-08-05,Saturday,6,31,8,Monsoon,1,0,0,0,0,0,0,23.1,34.8,28.3,81.7,Malaria,2,0,1,80,45,8,12,9,145,145,146,136,148.43,10.94,141,149.64
2023-08-06,Sunday,7,31,8,Monsoon,1,0,0,0,0,0,0,14.4,32.3,24.5,77.8,Malaria,2,0,2,72,41,5,6,7,124,145,145,135,149.71,9.88,138,149.93
2023-08-07,Monday,1,32,8,Monsoon,0,0,1,0,0,0,3,21.8,31.8,24.6,81.3,Malaria,2,0,4,101,47,5,16,11,169,124,145,149,148.14,12.6,147,148.93
2023-08-08,Tuesday,2,32,8,Monsoon,0,0,0,0,0,1,0,10.1,29.5,22.8,77.8,Malaria,2,0,3,90,43,10,6,8,149,169,124,164,151.0,14.58,152,150.5
2023-08-09,Wednesday,3,32,8,Monsoon,0,0,0,1,0,0,1,7.2,32.4,22.6,73.3,Malaria,2,0,3,98,40,7,15,9,160,149,169,164,148.86,13.58,171,150.29
2023-08-10,Thursday,4,32,8,Monsoon,0,0,0,0,0,1,0,5.5,31.0,24.1,74.1,Malaria,2,0,4,85,41,13,8,10,147,160,149,146,148.29,13.0,151,149.5
2023-08-11,Friday,5,32,8,Monsoon,0,0,0,0,0,0,0,23.2,30.9,22.8,80.0,Malaria,2,0,4,83,47,7,7,10,144,147,160,145,148.43,12.98,156,149.21
2023-08-12,Saturday,6,32,8,Monsoon,1,0,0,0,0,0,0,5.1,32.6,24.8,75.8,Dengue,4,1,5,82,66,3,12,11,163,144,147,145,148.29,13.02,136,148.36
2023-08-13,Sunday,7,32,8,Monsoon,1,0,0,0,0,0,0,14.0,31.8,25.3,79.6,Dengue,4,1,5,80,74,7,9,13,170,163,144,124,150.86,13.87,135,150.29
2023-08-14,Monday,1,33,8,Monsoon,0,0,0,0,0,0,0,18.2,33.6,25.1,69.9,Dengue,4,1,6,105,70,5,6,12,186,170,163,169,157.43,9.93,149,152.79
2023-08-15,Tuesday,2,33,8,Monsoon,0,1,0,0,0,1,1,8.2,31.1,23.8,82.0,Dengue,4,1,7,101,72,11,8,13,192,186,170,149,159.86,13.79,164,155.43
2023-08-16,Wednesday,3,33,8,Monsoon,0,0,0,1,0,0,1,32.5,29.6,22.5,86.5,Dengue,4,1,7,112,73,4,12,12,201,192,186,160,166.0,16.83,164,157.43
2023-08-17,Thursday,4,33,8,Monsoon,0,0,0,0,0,1,0,16.6,31.3,23.1,75.0,Dengue,4,1,5,94,74,11,9,14,188,201,192,147,171.86,20.46,146,160.07
2023-08-18,Friday,5,33,8,Monsoon,0,0,0,0,0,0,0,13.4,33.4,24.6,74.0,Dengue,4,1,6,94,72,6,8,10,180,188,201,144,177.71,18.26,145,163.07
2023-08-19,Saturday,6,33,8,Monsoon,1,0,0,0,0,0,0,11.6,29.1,24.1,74.2,Dengue,4,1,5,80,76,6,9,11,171,180,188,163,182.86,12.05,145,165.57
2023-08-20,Sunday,7,33,8,Monsoon,1,0,0,0,0,0,0,33.6,30.7,22.9,91.6,Dengue,4,1,6,82,80,6,11,12,179,171,180,170,184.0,10.38,124,167.43
2023-08-21,Monday,1,34,8,Monsoon,0,0,0,0,1,0,0,29.1,26.7,18.9,85.5,Dengue,4,1,6,101,74,7,8,12,190,179,171,186,185.29,9.04,169,171.36
2023-08-22,Tuesday,2,34,8,Monsoon,0,0,0,0,0,1,0,11.6,31.9,24.4,77.1,Dengue,4,1,5,99,69,12,5,12,185,190,179,192,185.86,9.19,149,172.86
2023-08-23,Wednesday,3,34,8,Monsoon,0,0,0,1,0,0,1,15.5,28.9,21.6,79.3,Dengue,4,1,7,109,70,5,13,13,197,185,190,201,184.86,8.84,160,175.43
2023-08-24,Thursday,4,34,8,Monsoon,0,0,0,0,0,1,0,17.9,31.7,23.4,73.6,Dengue,4,1,6,100,65,12,6,12,183,197,185,188,184.29,7.85,147,178.07
2023-08-25,Friday,5,34,8,Monsoon,0,0,0,0,0,0,0,35.5,26.8,19.1,86.6,Dengue,4,1,6,95,75,5,7,10,182,183,197,180,183.57,7.71,144,180.64
2023-08-26,Saturday,6,34,8,Monsoon,1,0,0,0,0,0,0,14.9,31.2,23.7,71.0,Dengue,4,1,5,85,69,6,11,12,171,182,183,171,183.86,7.61,163,183.36
2023-08-27,Sunday,7,34,8,Monsoon,1,0,0,0,0,0,0,14.6,29.6,20.4,72.5,Dengue,4,1,5,80,75,6,13,12,174,171,182,179,183.86,7.61,170,183.93
2023-08-28,Monday,1,35,8,Monsoon,0,0,1,0,0,0,3,15.4,32.1,24.1,76.7,Dengue,4,1,6,104,73,5,19,13,201,174,171,190,183.14,8.24,186,184.21
2023-08-29,Tuesday,2,35,8,Monsoon,0,0,0,0,0,1,0,20.7,31.1,23.9,77.2,Dengue,4,1,6,100,69,10,8,13,187,201,174,185,184.71,10.21,192,185.29
2023-08-30,Wednesday,3,35,8,Monsoon,0,0,0,1,0,0,1,13.7,30.1,22.4,73.0,Dengue,4,1,6,102,71,6,13,12,192,187,201,197,185.0,10.24,201,184.93
2023-08-31,Thursday,4,35,8,Monsoon,0,0,0,0,0,1,0,7.3,30.1,21.5,72.3,Dengue,4,1,6,98,71,11,7,12,187,192,187,183,184.29,9.53,188,184.29
2023-09-01,Friday,5,35,9,Monsoon,0,0,0,0,0,0,0,8.1,26.8,20.4,84.0,Dengue,4,1,7,91,72,5,8,12,176,187,192,182,184.86,9.55,180,184.21
2023-09-02,Saturday,6,35,9,Monsoon,1,0,0,0,0,0,0,24.9,31.9,24.5,85.4,Dengue,4,1,6,82,69,5,13,11,169,176,187,171,184.0,10.03,171,183.93
2023-09-03,Sunday,7,35,9,Monsoon,1,0,0,0,0,0,0,25.7,30.9,22.9,77.5,Dengue,4,1,5,83,74,5,14,13,176,169,176,174,183.71,10.42,179,183.79
2023-09-04,Monday,1,36,9,Monsoon,0,0,0,0,0,0,0,19.7,31.0,22.6,70.4,Dengue,4,1,7,99,69,5,5,9,178,176,169,201,184.0,10.17,190,183.57
2023-09-05,Tuesday,2,36,9,Monsoon,0,0,0,0,0,1,0,0.0,31.6,23.1,75.2,Dengue,4,1,6,103,70,9,7,11,189,178,176,187,180.71,7.52,185,182.71
2023-09-06,Wednesday,3,36,9,Monsoon,0,0,0,1,0,0,1,1.7,27.0,20.8,77.1,Dengue,4,1,7,108,70,5,13,12,196,189,178,192,181.0,7.78,197,183.0
2023-09-07,Thursday,4,36,9,Monsoon,0,0,0,0,0,1,0,0.0,28.5,18.3,69.2,Dengue,4,1,6,94,63,10,6,12,173,196,189,187,181.57,8.67,183,182.93
2023-09-08,Friday,5,36,9,Monsoon,0,0,0,0,0,0,0,0.0,31.3,21.3,66.3,Dengue,4,1,6,94,66,6,7,10,173,173,196,176,179.57,8.8,182,182.21
2023-09-09,Saturday,6,36,9,Monsoon,1,0,0,0,0,0,0,0.0,30.0,22.2,71.3,Dengue,4,1,6,83,69,6,10,11,168,173,173,169,179.14,9.03,171,181.57
2023-09-10,Sunday,7,36,9,Monsoon,1,0,0,0,0,0,0,24.6,29.6,21.0,84.6,Dengue,4,1,8,78,73,6,11,12,168,168,173,176,179.0,9.2,174,181.36
2023-09-11,Monday,1,37,9,Monsoon,0,0,0,0,0,0,0,2.5,25.9,18.3,77.7,Dengue,4,1,8,99,69,6,4,10,178,168,168,178,177.86,9.96,201,180.93
2023-09-12,Tuesday,2,37,9,Monsoon,0,0,0,0,0,1,0,28.1,30.5,21.8,87.5,Dengue,4,1,6,101,75,8,8,12,192,178,168,189,177.86,9.96,187,179.29
2023-09-13,Wednesday,3,37,9,Monsoon,0,0,0,1,0,0,1,36.9,28.0,21.8,93.8,Dengue,4,1,6,101,81,4,12,12,198,192,178,196,178.29,10.48,192,179.64
2023-09-14,Thursday,4,37,9,Monsoon,0,0,0,0,1,1,0,0.0,27.8,19.3,73.1,Dengue,4,1,7,102,66,13,11,13,192,198,192,173,178.57,10.98,187,180.07
2023-09-15,Friday,5,37,9,Monsoon,0,0,0,0,0,0,0,6.1,28.2,20.6,80.3,Dengue,4,1,5,95,72,6,8,12,181,192,198,173,181.29,11.6,176,180.43
2023-09-16,Saturday,6,37,9,Monsoon,1,0,0,0,0,0,0,3.9,26.5,15.5,72.3,Dengue,4,1,6,86,73,5,12,12,176,181,192,168,182.43,11.11,169,180.79
2023-09-17,Sunday,7,37,9,Monsoon,1,0,0,0,0,0,0,34.7,30.0,19.3,87.3,Dengue,4,1,6,77,73,4,13,13,167,176,181,168,183.57,9.91,176,181.29
2023-09-18,Monday,1,38,9,Monsoon,0,0,0,0,0,0,0,27.9,27.8,19.5,82.7,Dengue,4,1,6,99,71,5,9,9,184,167,176,178,183.43,10.14,178,180.64
2023-09-19,Tuesday,2,38,9,Monsoon,0,0,0,0,0,1,0,0.0,28.4,20.8,73.8,Dengue,4,1,5,97,64,9,6,11,176,184,167,192,184.29,9.9,189,181.07
2023-09-20,Wednesday,3,38,9,Monsoon,0,0,0,1,0,0,1,0.4,28.4,20.4,77.4,Dengue,4,1,5,105,61,5,12,11,183,176,184,198,182.0,9.7,196,180.14
2023-09-21,Thursday,4,38,9,Monsoon,0,0,0,0,0,1,0,9.2,27.2,18.2,72.5,Dengue,4,1,4,88,67,9,9,12,173,183,176,192,179.86,7.28,173,179.21
2023-09-22,Friday,5,38,9,Monsoon,0,0,0,0,0,0,0,0.8,29.5,22.0,74.8,None,0,0,0,85,22,5,7,8,119,173,183,181,177.14,5.59,173,179.21
2023-09-23,Saturday,6,38,9,Monsoon,1,0,0,0,0,0,0,11.3,29.7,21.4,79.1,None,0,0,0,72,28,5,12,9,117,119,173,176,168.29,20.82,168,175.36
2023-09-24,Sunday,7,38,9,Monsoon,1,0,0,0,0,0,0,86.5,28.4,20.0,98.0,None,0,0,0,69,40,2,13,8,124,117,119,167,159.86,27.02,168,171.71
2023-09-25,Monday,1,39,9,Monsoon,0,0,0,0,0,0,0,3.5,27.3,18.0,70.8,None,0,0,0,92,21,4,7,7,124,124,117,184,153.71,29.47,178,168.57
2023-09-26,Tuesday,2,39,9,Monsoon,0,0,0,0,0,1,0,0.5,25.9,18.7,77.8,None,0,0,0,90,24,11,8,8,133,124,124,176,145.14,28.11,192,164.71
2023-09-27,Wednesday,3,39,9,Monsoon,0,0,0,1,0,0,1,13.7,31.2,23.2,78.2,None,0,0,0,95,28,5,14,9,142,133,124,183,139.0,25.25,198,160.5
2023-09-28,Thursday,4,39,9,Monsoon,0,0,0,0,0,1,0,15.5,26.5,17.7,86.6,None,0,0,0,84,27,10,8,7,129,142,133,173,133.14,18.11,192,156.5
2023-09-29,Friday,5,39,9,Monsoon,0,0,0,0,0,0,0,0.0,27.7,18.9,77.6,None,0,0,0,86,23,4,4,7,117,129,142,119,126.86,7.99,181,152.0
2023-09-30,Saturday,6,39,9,Monsoon,1,0,0,0,0,0,0,4.5,28.1,18.7,70.1,None,0,0,0,75,24,7,11,7,117,117,129,117,126.57,8.3,176,147.43
2023-10-01,Sunday,7,39,10,Post_Monsoon,1,0,0,0,0,0,0,2.3,25.3,18.1,57.0,None,0,0,0,72,15,5,10,6,102,117,117,124,126.57,8.3,167,143.21
2023-10-02,Monday,1,40,10,Post_Monsoon,0,1,0,0,0,0,1,1.0,26.8,19.8,50.2,None,0,0,0,90,14,6,7,8,117,102,117,124,123.43,12.01,184,138.57
2023-10-03,Tuesday,2,40,10,Post_Monsoon,0,0,0,0,0,1,0,0.0,26.5,18.0,50.3,None,0,0,0,89,15,10,7,6,121,117,102,133,122.43,12.21,176,133.79
2023-10-04,Wednesday,3,40,10,Post_Monsoon,0,0,0,1,0,0,1,1.5,25.2,17.8,55.5,None,0,0,0,97,11,5,12,6,125,121,117,142,120.71,11.42,183,129.86
2023-10-05,Thursday,4,40,10,Post_Monsoon,0,0,0,0,0,1,0,0.0,25.5,17.3,57.8,None,0,0,0,82,14,10,6,7,112,125,121,129,118.29,7.91,173,125.71
2023-10-06,Friday,5,40,10,Post_Monsoon,0,0,1,0,0,0,1,0.8,28.6,19.6,48.4,None,0,0,0,92,16,8,15,8,131,112,125,117,115.86,6.77,119,121.36
2023-10-07,Saturday,6,40,10,Post_Monsoon,1,0,0,0,0,0,0,1.6,26.5,19.6,55.1,None,0,0,0,80,16,5,9,6,110,131,112,117,117.86,8.63,117,122.21
2023-10-08,Sunday,7,40,10,Post_Monsoon,1,0,0,0,0,0,0,0.0,27.9,19.7,43.9,None,0,0,0,73,12,7,9,5,101,110,131,102,116.86,9.06,124,121.71
2023-10-09,Monday,1,41,10,Post_Monsoon,0,0,0,0,0,0,0,1.4,29.2,20.5,45.9,None,0,0,0,91,11,5,6,5,113,101,110,117,116.71,9.3,124,120.07
2023-10-10,Tuesday,2,41,10,Post_Monsoon,0,0,1,0,0,1,2,12.0,28.1,17.5,52.7,None,0,0,0,93,20,8,16,10,137,113,101,121,116.14,9.39,133,119.29
2023-10-11,Wednesday,3,41,10,Post_Monsoon,0,0,0,1,0,0,1,0.3,24.4,16.7,47.4,None,0,0,0,93,10,4,14,7,121,137,113,125,118.43,11.9,142,119.57
2023-10-12,Thursday,4,41,10,Post_Monsoon,0,0,0,0,0,1,0,0.0,25.8,18.9,47.8,None,0,0,0,85,15,11,10,8,121,121,137,112,117.86,11.67,129,118.07
2023-10-13,Friday,5,41,10,Post_Monsoon,0,0,0,0,0,0,0,0.8,26.6,19.1,51.5,Mass_Casualty,3,1,4,90,15,5,55,17,165,121,121,131,119.14,11.44,117,117.5
2023-10-14,Saturday,6,41,10,Post_Monsoon,1,0,1,0,0,0,1,0.0,25.1,16.9,50.9,Mass_Casualty,3,1,4,84,16,6,67,18,173,165,121,110,124.0,19.69,117,120.93
2023-10-15,Sunday,7,41,10,Post_Monsoon,1,0,0,0,0,0,0,0.0,24.2,14.2,48.9,None,0,0,0,67,12,5,12,6,96,173,165,101,133.0,24.93,102,124.93
2023-10-16,Monday,1,42,10,Post_Monsoon,0,0,1,0,0,0,3,0.0,23.5,15.5,56.5,None,0,0,0,102,15,4,18,8,139,96,173,113,132.29,25.89,117,124.5
2023-10-17,Tuesday,2,42,10,Post_Monsoon,0,0,0,0,0,1,0,0.0,24.9,17.6,55.7,None,0,0,0,90,15,8,8,5,121,139,96,137,136.0,24.7,121,126.07
2023-10-18,Wednesday,3,42,10,Post_Monsoon,0,0,0,1,0,0,1,0.0,21.9,14.1,60.6,None,0,0,0,101,20,6,11,7,138,121,139,121,133.71,25.23,125,126.07
2023-10-19,Thursday,4,42,10,Post_Monsoon,0,0,0,0,0,1,0,0.0,22.6,14.7,48.8,None,0,0,0,84,13,9,5,5,111,138,121,121,136.14,24.71,112,127.0
2023-10-20,Friday,5,42,10,Post_Monsoon,0,0,0,0,0,0,0,0.1,24.6,17.0,55.0,None,0,0,0,87,16,4,7,7,114,111,138,165,134.71,25.81,131,126.93
2023-10-21,Saturday,6,42,10,Post_Monsoon,1,0,0,0,0,0,0,1.8,27.9,19.6,50.2,None,0,0,0,78,15,4,9,7,106,114,111,173,127.43,23.3,110,125.71
2023-10-22,Sunday,7,42,10,Post_Monsoon,1,0,0,0,0,0,0,0.0,25.7,17.2,47.5,None,0,0,0,69,12,2,10,5,93,106,114,96,117.86,14.85,101,125.43
2023-10-23,Monday,1,43,10,Post_Monsoon,0,0,0,0,0,0,0,0.0,24.4,16.4,53.8,None,0,0,0,92,16,6,3,7,117,93,106,139,117.43,15.5,113,124.86
2023-10-24,Tuesday,2,43,10,Post_Monsoon,0,0,0,0,0,1,0,2.5,27.4,19.1,53.1,None,0,0,0,85,15,8,7,6,115,117,93,121,114.29,12.8,137,125.14
2023-10-25,Wednesday,3,43,10,Post_Monsoon,0,0,0,1,0,0,1,1.1,26.5,19.0,50.1,None,0,0,0,98,16,5,13,7,132,115,117,138,113.43,12.52,121,123.57
2023-10-26,Thursday,4,43,10,Post_Monsoon,0,0,0,0,0,1,0,0.9,25.1,15.2,53.9,None,0,0,0,81,19,11,6,7,117,132,115,111,112.57,10.91,121,124.36
2023-10-27,Friday,5,43,10,Post_Monsoon,0,0,0,0,0,0,0,0.0,26.4,17.2,55.0,None,0,0,0,85,17,6,10,8,118,117,132,114,113.43,10.99,165,124.07
2023-10-28,Saturday,6,43,10,Post_Monsoon,1,0,0,0,0,0,0,0.0,27.3,17.6,45.0,None,0,0,0,77,12,6,7,5,102,118,117,106,114.0,11.11,173,120.71
2023-10-29,Sunday,7,43,10,Post_Monsoon,1,0,1,0,0,0,1,0.0,24.1,15.5,55.4,None,0,0,0,75,12,7,20,9,114,102,118,93,113.43,11.6,96,115.64
2023-10-30,Monday,1,44,10,Post_Monsoon,0,0,1,0,0,0,3,0.4,21.4,14.5,48.0,None,0,0,0,99,10,7,18,8,134,114,102,117,116.43,8.12,139,116.93
2023-10-31,Tuesday,2,44,10,Post_Monsoon,0,0,0,0,0,1,0,0.6,25.8,17.3,52.6,None,0,0,0,91,13,8,7,7,119,134,114,115,118.86,10.2,121,116.57
2023-11-01,Wednesday,3,44,11,Post_Monsoon,0,0,0,1,0,0,1,0.6,23.8,17.6,49.6,None,0,0,0,99,15,4,13,8,131,119,134,132,119.43,10.08,138,116.43
2023-11-02,Thursday,4,44,11,Post_Monsoon,0,0,0,0,0,1,0,0.0,21.9,13.9,59.1,None,0,0,0,84,19,10,3,6,116,131,119,117,119.29,9.91,111,115.93
2023-11-03,Friday,5,44,11,Post_Monsoon,0,0,0,0,0,0,0,4.7,24.7,15.8,57.8,None,0,0,0,86,16,6,5,6,113,116,131,118,119.14,9.95,114,116.29
2023-11-04,Saturday,6,44,11,Post_Monsoon,1,0,0,0,0,0,0,0.0,24.6,16.7,58.4,None,0,0,0,77,17,5,12,8,111,113,116,102,118.43,10.18,106,116.21
2023-11-05,Sunday,7,44,11,Post_Monsoon,1,0,0,0,0,0,0,0.9,23.8,13.6,61.4,None,0,0,0,72,15,4,13,5,104,111,113,114,119.71,8.45,93,116.57
2023-11-06,Monday,1,45,11,Post_Monsoon,0,0,0,0,1,0,0,0.0,26.3,17.5,52.8,None,0,0,0,98,18,8,6,8,130,104,111,134,118.29,10.0,117,117.36
2023-11-07,Tuesday,2,45,11,Post_Monsoon,0,0,1,0,0,1,2,0.0,20.1,11.6,59.8,None,0,0,0,92,18,8,16,9,134,130,104,119,117.71,9.16,115,118.29
2023-11-08,Wednesday,3,45,11,Post_Monsoon,0,0,0,1,0,0,1,0.0,22.6,14.1,56.2,None,0,0,0,96,15,6,12,8,129,134,130,131,119.86,10.82,132,119.64
2023-11-09,Thursday,4,45,11,Post_Monsoon,0,0,0,0,0,1,0,0.0,23.6,15.1,50.8,None,0,0,0,87,17,11,7,7,122,129,134,116,119.57,10.54,117,119.43
2023-11-10,Friday,5,45,11,Post_Monsoon,0,0,0,0,0,0,0,0.0,24.7,15.3,51.5,None,0,0,0,78,14,5,8,6,105,122,129,113,120.43,10.46,118,119.79
2023-11-11,Saturday,6,45,11,Post_Monsoon,1,0,0,0,1,0,0,0.0,24.7,16.7,57.9,None,0,0,0,77,18,8,11,7,114,105,122,111,119.29,11.58,102,118.86
2023-11-12,Sunday,7,45,11,Post_Monsoon,1,0,0,0,0,0,0,0.0,25.6,17.6,51.6,None,0,0,0,68,15,5,11,7,99,114,105,104,119.71,11.32,114,119.71
2023-11-13,Monday,1,46,11,Post_Monsoon,0,0,0,0,0,0,0,0.4,23.9,15.7,63.5,None,0,0,0,89,21,5,8,6,123,99,114,130,119.0,12.4,134,118.64
2023-11-14,Tuesday,2,46,11,Post_Monsoon,0,0,0,0,0,1,0,0.4,23.9,16.2,59.2,None,0,0,0,92,14,11,8,8,125,123,99,134,118.0,11.74,119,117.86
2023-11-15,Wednesday,3,46,11,Post_Monsoon,0,0,0,1,0,0,1,3.3,26.2,19.2,49.6,None,0,0,0,98,12,6,10,8,126,125,123,129,116.71,10.32,131,118.29
2023-11-16,Thursday,4,46,11,Post_Monsoon,0,0,0,0,1,1,0,0.2,23.9,13.6,49.8,None,0,0,0,92,12,15,9,8,128,126,125,122,116.29,9.85,116,117.93
2023-11-17,Friday,5,46,11,Post_Monsoon,0,0,0,0,0,0,0,0.0,26.0,18.9,58.6,None,0,0,0,81,20,6,7,7,114,128,126,105,117.14,10.55,113,118.79
2023-11-18,Saturday,6,46,11,Post_Monsoon,1,0,0,0,0,0,0,0.0,22.7,14.2,50.8,None,0,0,0,75,17,5,11,7,108,114,128,114,118.43,9.48,111,118.86
2023-11-19,Sunday,7,46,11,Post_Monsoon,1,0,0,0,0,0,0,0.0,23.3,13.4,56.4,None,0,0,0,63,19,6,11,7,99,108,114,99,117.57,10.1,104,118.64
2023-11-20,Monday,1,47,11,Post_Monsoon,0,0,0,0,0,0,0,0.9,26.1,16.4,48.4,None,0,0,0,94,17,6,7,6,124,99,108,123,117.57,10.1,130,118.29
2023-11-21,Tuesday,2,47,11,Post_Monsoon,0,0,0,0,0,1,0,3.9,21.3,13.5,51.1,None,0,0,0,90,16,10,6,7,122,124,99,125,117.71,10.18,134,117.86
2023-11-22,Wednesday,3,47,11,Post_Monsoon,0,0,0,1,0,0,1,0.0,21.8,13.9,56.7,None,0,0,0,97,22,5,13,7,137,122,124,126,117.29,9.92,129,117.0
2023-11-23,Thursday,4,47,11,Post_Monsoon,0,0,1,0,0,1,1,0.4,17.9,10.9,64.3,None,0,0,0,88,19,11,14,8,132,137,122,128,118.86,11.86,122,117.57
2023-11-24,Friday,5,47,11,Post_Monsoon,0,0,0,0,0,0,0,0.0,24.2,16.8,51.2,None,0,0,0,89,18,7,6,5,120,132,137,114,119.43,12.37,105,118.29
2023-11-25,Saturday,6,47,11,Post_Monsoon,1,0,0,0,0,0,0,0.6,24.4,15.3,46.8,None,0,0,0,73,12,7,10,8,102,120,132,108,120.29,12.17,114,119.36
2023-11-26,Sunday,7,47,11,Post_Monsoon,1,0,0,0,0,0,0,0.0,22.3,14.8,55.8,None,0,0,0,66,18,7,11,6,102,102,120,99,119.43,13.18,99,118.5
2023-11-27,Monday,1,48,11,Post_Monsoon,0,0,0,0,0,0,0,0.0,22.4,15.0,53.7,None,0,0,0,92,15,7,6,6,120,102,102,124,119.86,12.54,123,118.71
2023-11-28,Tuesday,2,48,11,Post_Monsoon,0,0,0,0,0,1,0,0.0,22.0,15.6,52.1,None,0,0,0,88,14,10,7,7,119,120,102,122,119.29,12.43,125,118.5
2023-11-29,Wednesday,3,48,11,Post_Monsoon,0,0,0,1,0,0,1,0.0,22.5,11.6,56.9,None,0,0,0,98,17,5,12,7,132,119,120,137,118.86,12.38,126,118.07
2023-11-30,Thursday,4,48,11,Post_Monsoon,0,0,0,0,0,1,0,0.0,19.0,9.2,61.1,None,0,0,0,85,23,10,8,7,126,132,119,132,118.14,11.42,128,118.5
2023-12-01,Friday,5,48,12,Winter,0,0,0,0,0,0,0,0.0,26.0,18.7,52.8,None,0,0,0,82,9,7,6,6,104,126,132,120,117.29,10.54,114,118.36
2023-12-02,Saturday,6,48,12,Winter,1,0,0,0,0,0,0,0.0,22.9,13.4,56.2,None,0,0,0,78,18,6,11,6,113,104,126,102,115.0,11.4,108,117.64
2023-12-03,Sunday,7,48,12,Winter,1,0,0,0,0,0,0,0.0,21.5,15.7,49.0,None,0,0,0,72,15,5,10,6,102,113,104,102,116.57,10.2,99,118.0
2023-12-04,Monday,1,49,12,Winter,0,0,0,0,0,0,0,1.2,20.8,12.9,47.5,None,0,0,0,95,16,8,10,8,129,102,113,120,116.57,10.2,124,118.21
2023-12-05,Tuesday,2,49,12,Winter,0,0,0,0,0,1,0,0.0,21.8,14.9,52.2,None,0,0,0,91,20,12,7,8,130,129,102,119,117.86,11.08,122,118.57
2023-12-06,Wednesday,3,49,12,Winter,0,0,0,1,0,0,1,0.5,22.8,14.8,56.6,None,0,0,0,96,15,6,13,7,130,130,129,132,119.43,11.88,137,119.14
2023-12-07,Thursday,4,49,12,Winter,0,0,0,0,0,1,0,0.0,20.2,10.7,61.2,None,0,0,0,87,20,12,9,8,128,130,130,126,119.14,11.59,132,118.64
2023-12-08,Friday,5,49,12,Winter,0,0,0,0,0,0,0,0.0,19.8,14.2,52.9,None,0,0,0,83,14,7,7,6,111,128,130,104,119.43,11.78,120,118.36
2023-12-09,Saturday,6,49,12,Winter,1,0,0,0,0,0,0,0.2,26.6,20.3,50.1,None,0,0,0,78,15,5,11,6,109,111,128,113,120.43,10.68,102,117.71
2023-12-10,Sunday,7,49,12,Winter,1,0,0,0,1,0,0,0.0,23.2,14.8,55.2,None,0,0,0,74,19,10,13,8,116,109,111,102,119.86,11.15,102,118.21
2023-12-11,Monday,1,50,12,Winter,0,0,0,0,1,0,0,0.0,24.4,16.9,55.9,None,0,0,0,92,16,8,10,8,126,116,109,129,121.86,8.77,120,119.21
2023-12-12,Tuesday,2,50,12,Winter,0,0,0,0,0,1,0,0.0,20.8,14.0,54.7,None,0,0,0,88,22,10,5,8,125,126,116,130,121.43,8.48,119,119.64
2023-12-13,Wednesday,3,50,12,Winter,0,0,0,1,0,0,1,0.0,24.3,16.5,42.6,None,0,0,0,103,18,6,11,8,138,125,126,130,120.71,7.92,132,120.07
2023-12-14,Thursday,4,50,12,Winter,0,0,0,0,0,1,0,0.0,22.8,14.1,53.0,None,0,0,0,89,17,11,8,7,125,138,125,128,121.86,9.58,126,120.5
2023-12-15,Friday,5,50,12,Winter,0,0,0,0,0,0,0,0.0,22.7,13.8,59.4,None,0,0,0,82,17,5,6,7,110,125,138,111,121.43,9.36,104,120.43
2023-12-16,Saturday,6,50,12,Winter,1,0,0,0,0,0,0,0.0,21.8,16.0,54.8,None,0,0,0,77,16,5,10,6,108,110,125,109,121.29,9.53,113,120.86
2023-12-17,Sunday,7,50,12,Winter,1,0,0,0,0,0,0,0.7,21.5,12.7,53.5,None,0,0,0,73,17,7,10,5,107,108,110,116,121.14,9.72,102,120.5
2023-12-18,Monday,1,51,12,Winter,0,0,0,0,0,0,0,0.5,21.0,12.1,52.0,None,0,0,0,97,16,6,6,7,125,107,108,126,119.86,10.84,129,120.86
2023-12-19,Tuesday,2,51,12,Winter,0,0,0,0,0,1,0,0.0,23.5,16.7,50.8,None,0,0,0,89,13,12,7,8,121,125,107,125,119.71,10.77,130,120.57
2023-12-20,Wednesday,3,51,12,Winter,0,0,0,1,0,0,1,0.0,22.5,13.8,56.3,None,0,0,0,100,14,6,15,9,135,121,125,138,119.14,10.58,130,119.93
2023-12-21,Thursday,4,51,12,Winter,0,0,0,0,0,1,0,0.0,18.9,9.8,58.8,None,0,0,0,88,21,11,9,7,129,135,121,125,118.71,9.84,128,120.29
2023-12-22,Friday,5,51,12,Winter,0,0,0,0,0,0,0,0.0,22.6,17.6,52.4,None,0,0,0,84,17,6,7,7,114,129,135,110,119.29,10.29,111,120.36
2023-12-23,Saturday,6,51,12,Winter,1,0,0,0,0,0,0,0.0,21.4,11.8,59.3,None,0,0,0,75,18,7,13,6,113,114,129,108,119.86,9.86,109,120.57
2023-12-24,Sunday,7,51,12,Winter,1,0,0,0,0,0,0,0.0,22.8,17.3,48.1,None,0,0,0,73,19,7,8,5,107,113,114,107,120.57,9.13,116,120.86
2023-12-25,Monday,1,52,12,Winter,0,1,0,0,0,0,1,0.0,22.2,15.6,52.3,None,0,0,0,95,19,7,8,7,129,107,113,125,120.57,9.13,126,120.21
2023-12-26,Tuesday,2,52,12,Winter,0,0,0,0,0,1,0,0.0,21.5,12.7,51.8,None,0,0,0,91,15,13,6,7,125,129,107,121,121.14,9.51,125,120.43
2023-12-27,Wednesday,3,52,12,Winter,0,0,0,1,0,0,1,0.0,20.9,12.9,53.6,None,0,0,0,102,17,6,12,7,137,125,129,135,121.71,9.6,138,120.43
2023-12-28,Thursday,4,52,12,Winter,0,0,0,0,0,1,0,1.4,20.5,14.4,54.4,None,0,0,0,86,20,10,7,7,123,137,125,129,122.0,10.01,125,120.36
2023-12-29,Friday,5,52,12,Winter,0,0,0,0,0,0,0,0.0,22.2,13.9,54.1,None,0,0,0,86,13,7,8,6,114,123,137,114,121.14,9.63,110,120.21
2023-12-30,Saturday,6,52,12,Winter,1,0,0,0,0,0,0,0.0,21.6,16.2,52.3,None,0,0,0,72,14,7,11,7,104,114,123,113,121.14,9.63,108,120.5
2023-12-31,Sunday,7,52,12,Winter,1,0,0,0,0,0,0,0.0,22.1,14.3,59.9,None,0,0,0,70,15,6,12,7,103,104,114,107,119.86,11.12,107,120.21
2024-01-01,Monday,1,1,1,Winter,0,0,0,0,0,0,0,0.0,23.0,15.0,51.5,None,0,0,0,99,18,4,7,6,128,103,104,129,119.29,11.84,125,119.93
2024-01-02,Tuesday,2,1,1,Winter,0,0,0,0,0,1,0,0.0,22.2,15.5,58.9,None,0,0,0,90,19,13,7,8,129,128,103,125,119.14,11.73,121,120.14
2024-01-03,Wednesday,3,1,1,Winter,0,0,0,1,0,0,1,0.0,21.8,14.4,56.2,None,0,0,0,102,19,6,11,8,138,129,128,137,119.71,12.09,135,120.71
2024-01-04,Thursday,4,1,1,Winter,0,0,0,0,0,1,0,0.5,22.2,14.8,59.2,None,0,0,0,93,15,10,7,7,125,138,129,123,119.86,12.3,129,120.93
2024-01-05,Friday,5,1,1,Winter,0,0,0,0,0,0,0,0.0,21.8,14.5,49.2,None,0,0,0,87,19,6,8,7,120,125,138,114,120.14,12.39,114,120.64
2024-01-06,Saturday,6,1,1,Winter,1,0,0,0,0,0,0,0.0,23.7,16.0,56.8,None,0,0,0,75,22,8,8,7,113,120,125,104,121.0,12.14,113,121.07
2024-01-07,Sunday,7,1,1,Winter,1,0,0,0,0,0,0,0.0,23.5,15.0,54.3,None,0,0,0,77,16,6,13,7,112,113,120,103,122.29,10.66,107,121.07
2024-01-08,Monday,1,2,1,Winter,0,0,0,0,0,0,0,0.0,21.6,13.9,49.4,None,0,0,0,94,21,7,9,8,131,112,113,128,123.57,8.6,129,121.43
2024-01-09,Tuesday,2,2,1,Winter,0,0,0,0,0,1,0,0.0,24.6,15.9,62.3,None,0,0,0,96,19,12,7,6,134,131,112,129,124.0,8.88,125,121.57
2024-01-10,Wednesday,3,2,1,Winter,0,0,0,1,0,0,1,1.0,22.1,12.9,55.4,None,0,0,0,104,19,7,14,9,144,134,131,138,124.71,9.44,137,122.21
2024-01-11,Thursday,4,2,1,Winter,0,0,0,0,0,1,0,0.0,19.6,12.1,59.9,None,0,0,0,91,21,10,7,6,129,144,134,125,125.57,10.78,123,122.71
2024-01-12,Friday,5,2,1,Winter,0,0,0,0,0,0,0,0.0,21.9,11.9,53.8,None,0,0,0,88,20,7,5,6,120,129,144,120,126.14,10.84,114,123.14
2024-01-13,Saturday,6,2,1,Winter,1,0,0,0,0,0,0,0.0,19.3,10.3,59.9,Respiratory,2,0,2,89,38,7,10,9,144,120,129,113,126.14,10.84,104,123.57
2024-01-14,Sunday,7,2,1,Winter,1,0,0,0,0,0,0,0.5,22.1,12.6,48.7,Respiratory,2,0,3,85,28,7,12,8,132,144,120,112,130.57,10.9,103,126.43
2024-01-15,Monday,1,3,1,Winter,0,0,0,0,0,0,0,0.0,20.2,12.5,56.2,Respiratory,2,0,3,105,32,8,7,9,152,132,144,131,133.43,7.85,128,128.5
2024-01-16,Tuesday,2,3,1,Winter,0,0,0,0,0,1,0,0.1,24.6,14.8,47.8,Respiratory,2,0,3,107,33,11,8,9,159,152,132,134,136.43,10.05,129,130.21
2024-01-17,Wednesday,3,3,1,Winter,0,0,0,1,0,0,1,0.0,25.8,19.5,51.9,Respiratory,2,0,3,112,31,7,12,10,162,159,152,144,140.0,12.66,138,132.36
2024-01-18,Thursday,4,3,1,Winter,0,0,0,0,0,1,0,0.0,23.4,16.4,57.0,Respiratory,2,0,3,101,33,13,6,8,153,162,159,129,142.57,14.85,125,134.07
2024-01-19,Friday,5,3,1,Winter,0,0,0,0,0,0,0,0.0,22.6,16.1,51.4,Respiratory,2,0,3,104,29,6,7,8,146,153,162,120,146.0,14.07,120,136.07
2024-01-20,Saturday,6,3,1,Winter,1,0,0,0,0,0,0,0.0,24.0,13.6,59.2,Respiratory,2,0,4,92,31,8,12,9,143,146,153,144,149.71,9.36,113,137.93
2024-01-21,Sunday,7,3,1,Winter,1,0,0,0,0,0,0,0.1,21.9,13.8,52.9,Respiratory,2,0,2,88,32,7,11,9,138,143,146,132,149.57,9.45,112,140.07
2024-01-22,Monday,1,4,1,Winter,0,0,0,0,0,0,0,0.2,20.1,10.8,57.4,Respiratory,2,0,3,108,33,7,9,9,157,138,143,152,150.43,7.98,131,141.93
2024-01-23,Tuesday,2,4,1,Winter,0,0,0,0,0,1,0,1.1,23.5,14.7,49.2,Respiratory,2,0,5,104,30,12,6,10,152,157,138,159,151.14,8.31,134,143.79
2024-01-24,Wednesday,3,4,1,Winter,0,0,0,1,1,0,1,0.0,21.0,11.8,57.3,Respiratory,2,0,3,113,30,11,13,10,167,152,157,162,150.14,7.7,144,145.07
2024-01-25,Thursday,4,4,1,Winter,0,0,0,0,0,1,0,0.0,22.5,14.7,54.3,Respiratory,2,0,4,103,33,12,10,9,158,167,152,153,150.86,8.9,129,146.71
2024-01-26,Friday,5,4,1,Winter,0,1,0,0,1,0,1,0.6,22.1,13.9,57.0,Respiratory,2,0,3,96,32,9,8,7,145,158,167,146,151.57,9.24,120,148.79
2024-01-27,Saturday,6,4,1,Winter,1,0,0,0,0,0,0,0.0,24.0,13.9,54.0,Respiratory,2,0,3,87,33,8,10,7,138,145,158,143,151.43,9.33,144,150.57
2024-01-28,Sunday,7,4,1,Winter,1,0,0,0,0,0,0,0.0,19.9,12.7,53.3,Respiratory,2,0,3,87,32,8,10,8,137,138,145,138,150.71,10.11,132,150.14
2024-01-29,Monday,1,5,1,Winter,0,0,0,0,0,0,0,0.0,22.5,15.2,58.4,Respiratory,2,0,3,109,33,9,5,7,156,137,138,157,150.57,10.29,152,150.5
2024-01-30,Tuesday,2,5,1,Winter,0,0,0,0,0,1,0,0.0,25.4,17.3,50.0,Respiratory,2,0,2,103,32,13,9,9,157,156,137,152,150.43,10.21,159,150.79
2024-01-31,Wednesday,3,5,1,Winter,0,0,0,1,0,0,1,0.0,23.0,13.3,47.4,Respiratory,2,0,3,110,31,7,15,9,163,157,156,167,151.14,10.47,162,150.64
2024-02-01,Thursday,4,5,2,Winter,0,0,0,0,0,1,0,0.3,21.6,13.3,47.9,Respiratory,2,0,2,105,35,12,7,9,159,163,157,158,150.57,9.66,153,150.71
2024-02-02,Friday,5,5,2,Winter,0,0,0,0,0,0,0,0.0,24.7,14.9,48.9,Respiratory,2,0,4,103,30,6,6,7,145,159,163,145,150.71,9.78,146,151.14
2024-02-03,Saturday,6,5,2,Winter,1,0,0,0,1,0,0,0.0,20.6,12.4,50.2,Respiratory,2,0,4,96,32,9,9,9,146,145,159,138,150.71,9.78,143,151.07
2024-02-04,Sunday,7,5,2,Winter,1,0,0,0,0,0,0,0.1,24.0,16.6,45.3,Respiratory,2,0,3,88,31,8,13,8,140,146,145,137,151.86,8.63,138,151.29
2024-02-05,Monday,1,6,2,Winter,0,0,0,0,0,0,0,0.0,23.2,13.3,56.1,Respiratory,2,0,3,105,36,6,5,8,152,140,146,156,152.29,7.92,157,151.43
2024-02-06,Tuesday,2,6,2,Winter,0,0,0,0,0,1,0,0.0,23.1,14.9,55.2,Respiratory,2,0,3,108,30,13,7,9,158,152,140,157,151.71,7.78,152,151.07
2024-02-07,Wednesday,3,6,2,Winter,0,0,0,1,1,0,1,0.0,21.0,15.7,50.6,Respiratory,2,0,3,115,31,11,15,11,172,158,152,163,151.86,7.88,167,151.5
2024-02-08,Thursday,4,6,2,Winter,0,0,0,0,0,1,0,2.2,24.8,15.2,52.3,None,0,0,0,89,16,12,8,7,125,172,158,159,153.14,10.03,158,151.86
2024-02-09,Friday,5,6,2,Winter,0,0,0,0,0,0,0,0.0,24.9,16.3,51.1,None,0,0,0,88,22,6,10,8,126,125,172,145,148.29,13.61,145,149.5
2024-02-10,Saturday,6,6,2,Winter,1,0,0,0,0,0,0,0.2,25.9,16.9,47.0,None,0,0,0,79,13,7,14,7,113,126,125,146,145.57,15.73,138,148.14
2024-02-11,Sunday,7,6,2,Winter,1,0,0,0,0,0,0,0.0,27.7,17.2,57.4,None,0,0,0,78,19,8,11,8,116,113,126,140,140.86,19.41,137,146.36
2024-02-12,Monday,1,7,2,Winter,0,0,0,0,0,0,0,0.0,25.7,18.3,48.7,None,0,0,0,98,16,9,7,8,130,116,113,152,137.43,21.29,156,144.86
2024-02-13,Tuesday,2,7,2,Winter,0,0,0,0,0,1,0,0.0,24.9,17.0,53.5,None,0,0,0,99,15,11,6,8,131,130,116,158,134.29,20.51,157,143.0
2024-02-14,Wednesday,3,7,2,Winter,0,0,0,1,0,0,1,0.0,25.0,17.9,49.0,None,0,0,0,107,15,9,13,7,144,131,130,172,130.43,18.09,163,141.14
2024-02-15,Thursday,4,7,2,Winter,0,0,0,0,0,1,0,0.0,24.5,16.1,52.9,None,0,0,0,97,16,12,7,8,132,144,131,125,126.43,9.51,159,139.79
2024-02-16,Friday,5,7,2,Winter,0,0,0,0,0,0,0,0.0,24.9,16.2,49.1,None,0,0,0,96,14,8,5,6,123,132,144,126,127.43,9.68,145,137.86
2024-02-17,Saturday,6,7,2,Winter,1,0,0,0,0,0,0,0.0,26.6,18.4,52.0,None,0,0,0,84,11,8,9,6,112,123,132,113,127.0,9.8,146,136.29
2024-02-18,Sunday,7,7,2,Winter,1,0,0,0,0,0,0,0.0,27.5,19.9,45.7,None,0,0,0,77,17,8,11,7,113,112,123,116,126.86,10.01,140,133.86
2024-02-19,Monday,1,8,2,Winter,0,0,0,0,0,0,0,0.0,25.3,16.6,50.1,None,0,0,0,103,19,6,4,5,132,113,112,130,126.43,10.51,152,131.93
2024-02-20,Tuesday,2,8,2,Winter,0,0,0,0,0,1,0,0.0,25.5,17.6,57.2,None,0,0,0,97,22,11,7,8,137,132,113,131,126.71,10.63,158,130.5
2024-02-21,Wednesday,3,8,2,Winter,0,0,0,1,0,0,1,0.0,26.2,20.3,52.9,None,0,0,0,107,18,9,12,9,146,137,132,144,127.57,11.17,172,129.0
2024-02-22,Thursday,4,8,2,Winter,0,0,0,0,0,1,0,0.0,26.7,18.7,60.0,None,0,0,0,92,21,13,8,9,134,146,137,132,127.86,11.61,125,127.14
2024-02-23,Friday,5,8,2,Winter,0,0,0,0,0,0,0,0.0,22.5,12.7,56.3,None,0,0,0,91,21,9,8,8,129,134,146,123,128.14,11.73,126,127.79
2024-02-24,Saturday,6,8,2,Winter,1,0,0,0,0,0,0,0.2,27.0,18.1,56.4,None,0,0,0,82,17,9,13,8,121,129,134,112,129.0,11.54,113,128.0
2024-02-25,Sunday,7,8,2,Winter,1,0,0,0,0,0,0,0.0,27.6,17.6,52.9,None,0,0,0,79,23,8,12,8,122,121,129,113,130.29,9.97,116,128.57
2024-02-26,Monday,1,9,2,Winter,0,0,0,0,0,0,0,0.0,25.4,17.1,54.5,None,0,0,0,99,16,10,7,8,132,122,121,132,131.57,8.05,130,129.0
2024-02-27,Tuesday,2,9,2,Winter,0,0,0,0,0,1,0,0.0,24.5,16.0,49.8,None,0,0,0,97,12,12,8,8,129,132,122,137,131.57,8.05,131,129.14
2024-02-28,Wednesday,3,9,2,Winter,0,0,0,1,0,0,1,0.0,24.1,15.4,52.3,None,0,0,0,105,24,7,13,9,149,129,132,146,130.43,7.76,144,129.0
2024-02-29,Thursday,4,9,2,Winter,0,0,0,0,0,1,0,0.0,24.3,18.3,51.2,None,0,0,0,96,16,13,5,7,130,149,129,134,130.86,8.64,132,129.36
2024-03-01,Friday,5,9,3,Summer,0,0,0,0,0,0,0,0.0,26.5,17.5,56.8,None,0,0,0,90,15,7,8,5,120,130,149,129,130.29,8.55,123,129.21
2024-03-02,Saturday,6,9,3,Summer,1,0,0,0,0,0,0,0.0,26.7,18.7,46.9,None,0,0,0,82,16,9,12,6,119,120,130,121,129.0,9.29,112,129.0
2024-03-03,Sunday,7,9,3,Summer,1,0,0,0,0,0,0,0.5,26.7,20.8,49.4,None,0,0,0,77,16,8,9,6,110,119,120,122,128.71,9.56,113,129.5
2024-03-04,Monday,1,10,3,Summer,0,0,0,0,0,0,0,0.0,28.7,22.5,57.1,None,0,0,0,97,19,9,6,8,131,110,119,132,127.0,11.49,132,129.29
2024-03-05,Tuesday,2,10,3,Summer,0,0,0,0,1,1,0,0.0,26.9,17.9,49.6,None,0,0,0,101,17,16,7,9,141,131,110,129,126.86,11.43,137,129.21
2024-03-06,Wednesday,3,10,3,Summer,0,0,1,1,0,0,4,0.0,25.4,17.3,44.8,None,0,0,0,110,16,7,22,9,155,141,131,149,128.57,12.48,146,129.5
2024-03-07,Thursday,4,10,3,Summer,0,0,0,0,0,1,0,0.0,28.0,19.4,41.5,None,0,0,0,95,18,14,9,8,136,155,141,130,129.43,13.97,134,130.14
2024-03-08,Friday,5,10,3,Summer,0,0,0,0,1,0,0,0.5,25.7,16.5,59.0,None,0,0,0,93,23,12,7,9,135,136,155,120,130.29,14.16,129,130.29
2024-03-09,Saturday,6,10,3,Summer,1,0,0,0,0,0,0,1.2,28.4,19.7,52.0,None,0,0,0,80,19,7,11,7,117,135,136,119,132.43,13.56,121,130.71
2024-03-10,Sunday,7,10,3,Summer,1,0,1,0,0,0,2,0.0,27.2,18.8,46.8,None,0,0,0,86,20,8,19,9,133,117,135,110,132.14,13.86,122,130.43
2024-03-11,Monday,1,11,3,Summer,0,0,0,0,0,0,0,0.0,26.5,16.9,45.4,None,0,0,0,100,13,8,8,7,129,133,117,131,135.43,10.55,132,131.21
2024-03-12,Tuesday,2,11,3,Summer,0,0,0,0,0,1,0,0.0,27.0,20.9,53.9,None,0,0,0,98,21,15,5,9,139,129,133,141,135.14,10.7,129,131.0
2024-03-13,Wednesday,3,11,3,Summer,0,0,0,1,1,0,1,0.0,29.5,22.7,47.9,None,0,0,0,112,13,10,14,9,149,139,129,155,134.86,10.56,149,131.71
2024-03-14,Thursday,4,11,3,Summer,0,0,0,0,0,1,0,0.0,25.6,16.9,51.7,None,0,0,0,90,19,12,5,6,126,149,139,136,134.0,9.02,130,131.71
2024-03-15,Friday,5,11,3,Summer,0,0,0,0,0,0,0,0.0,29.5,22.5,49.0,None,0,0,0,93,16,8,7,7,124,126,149,135,132.57,9.38,120,131.43
2024-03-16,Saturday,6,11,3,Summer,1,0,1,0,0,0,3,0.0,28.3,19.0,40.6,None,0,0,0,91,16,10,22,12,139,124,126,117,131.0,9.75,119,131.71
2024-03-17,Sunday,7,11,3,Summer,1,0,0,0,0,0,0,0.0,28.9,19.6,47.1,None,0,0,0,77,18,7,9,6,111,139,124,133,134.14,8.15,110,133.14
2024-03-18,Monday,1,12,3,Summer,0,0,0,0,0,0,0,0.0,27.4,20.6,52.4,None,0,0,0,99,20,9,8,9,136,111,139,129,131.0,11.53,131,133.21
2024-03-19,Tuesday,2,12,3,Summer,0,0,0,0,0,1,0,0.0,30.8,23.4,51.4,None,0,0,0,96,15,12,8,9,131,136,111,139,132.0,11.61,141,133.57
2024-03-20,Wednesday,3,12,3,Summer,0,0,1,1,0,0,4,0.3,27.6,18.5,49.9,None,0,0,0,116,19,9,23,10,167,131,136,149,130.86,11.26,155,132.86
2024-03-21,Thursday,4,12,3,Summer,0,0,0,0,0,1,0,0.0,29.6,23.2,56.8,None,0,0,0,97,17,12,8,7,134,167,131,126,133.43,16.11,136,133.71
2024-03-22,Friday,5,12,3,Summer,0,0,0,0,0,0,0,0.6,28.8,21.7,54.9,None,0,0,0,91,17,9,6,8,123,134,167,124,134.57,15.83,135,133.57
2024-03-23,Saturday,6,12,3,Summer,1,0,0,0,0,0,0,0.0,28.0,21.5,48.9,None,0,0,0,82,12,8,11,7,113,123,134,139,134.43,15.93,117,132.71
2024-03-24,Sunday,7,12,3,Summer,1,0,1,0,0,0,3,0.0,25.8,16.5,53.1,None,0,0,0,90,20,9,19,10,138,113,123,111,130.71,17.39,133,132.43
2024-03-25,Monday,1,13,3,Summer,0,0,0,0,0,0,0,0.0,26.9,17.4,50.3,None,0,0,0,97,13,9,3,6,122,138,113,136,134.57,15.48,129,132.79
2024-03-26,Tuesday,2,13,3,Summer,0,0,0,0,0,1,0,0.0,29.6,20.1,50.9,None,0,0,0,100,17,14,7,9,138,122,138,131,132.57,16.06,139,132.29
2024-03-27,Wednesday,3,13,3,Summer,0,0,0,1,0,0,1,0.0,28.1,19.8,50.2,None,0,0,0,109,16,9,11,7,145,138,122,167,133.57,16.15,149,132.21
2024-03-28,Thursday,4,13,3,Summer,0,0,0,0,0,1,0,0.0,27.8,19.9,53.4,None,0,0,0,100,14,13,5,7,132,145,138,134,130.43,10.49,126,131.93
2024-03-29,Friday,5,13,3,Summer,0,0,1,0,0,0,1,0.0,28.2,19.5,47.1,None,0,0,0,106,19,8,14,9,147,132,145,123,130.14,10.41,124,132.36
2024-03-30,Saturday,6,13,3,Summer,1,0,0,0,0,0,0,0.0,28.1,19.6,47.6,None,0,0,0,81,18,9,11,6,119,147,132,113,133.57,11.4,139,134.0
2024-03-31,Sunday,7,13,3,Summer,1,0,0,0,1,0,0,0.0,31.4,23.7,45.3,None,0,0,0,82,19,12,13,9,126,119,147,138,134.43,9.96,111,132.57
2024-04-01,Monday,1,14,4,Summer,0,0,0,0,0,0,0,0.0,27.9,21.6,46.9,None,0,0,0,106,14,8,7,6,135,126,119,122,132.71,10.22,136,133.64
2024-04-02,Tuesday,2,14,4,Summer,0,0,0,0,0,1,0,0.0,29.2,20.3,53.3,None,0,0,0,100,17,15,5,8,137,135,126,138,134.57,9.24,131,133.57
2024-04-03,Wednesday,3,14,4,Summer,0,0,0,1,0,0,1,0.0,29.5,20.1,46.1,None,0,0,0,104,18,8,11,7,141,137,135,145,134.43,9.19,167,134.0
2024-04-04,Thursday,4,14,4,Summer,0,0,0,0,0,1,0,0.0,30.4,23.8,47.0,None,0,0,0,95,17,14,9,9,135,141,137,132,133.86,8.63,134,132.14
2024-04-05,Friday,5,14,4,Summer,0,0,0,0,0,0,0,0.0,31.6,24.3,52.2,None,0,0,0,94,20,9,7,7,130,135,141,147,134.29,8.6,123,132.21
2024-04-06,Saturday,6,14,4,Summer,1,0,0,0,0,0,0,1.3,29.9,22.8,42.1,None,0,0,0,85,18,10,13,9,126,130,135,119,131.86,6.9,113,132.71
2024-04-07,Sunday,7,14,4,Summer,1,0,0,0,0,0,0,0.0,28.5,22.3,55.4,None,0,0,0,75,20,9,13,9,117,126,130,126,132.86,5.28,138,133.64
2024-04-08,Monday,1,15,4,Summer,0,0,0,0,0,0,0,0.0,31.5,24.2,43.7,None,0,0,0,97,18,9,7,6,131,117,126,135,131.57,7.44,122,132.14
2024-04-09,Tuesday,2,15,4,Summer,0,0,0,0,0,1,0,0.0,26.5,19.2,47.7,None,0,0,0,96,19,12,10,8,137,131,117,137,131.0,7.31,138,132.79
2024-04-10,Wednesday,3,15,4,Summer,0,0,0,1,0,0,1,0.0,25.4,18.2,50.2,None,0,0,0,106,15,10,14,9,145,137,131,141,131.0,7.31,145,132.71
2024-04-11,Thursday,4,15,4,Summer,0,0,0,0,0,1,0,0.0,30.2,23.5,47.0,None,0,0,0,97,15,15,7,9,134,145,137,135,131.57,8.17,132,132.71
2024-04-12,Friday,5,15,4,Summer,0,0,0,0,0,0,0,0.0,31.0,20.7,47.8,None,0,0,0,96,18,10,6,8,130,134,145,130,131.43,8.12,147,132.86
2024-04-13,Saturday,6,15,4,Summer,1,0,0,0,0,0,0,0.1,31.3,21.8,46.4,None,0,0,0,84,19,8,8,6,119,130,134,126,131.43,8.12,119,131.64
2024-04-14,Sunday,7,15,4,Summer,1,0,0,0,0,0,0,0.0,31.2,22.4,42.4,None,0,0,0,82,15,9,11,7,117,119,130,117,130.43,9.1,126,131.64
2024-04-15,Monday,1,16,4,Summer,0,0,0,0,0,0,0,0.0,31.4,23.3,52.5,None,0,0,0,103,19,7,10,8,139,117,119,131,130.43,9.1,135,131.0
2024-04-16,Tuesday,2,16,4,Summer,0,0,0,0,0,1,0,0.4,32.0,26.7,49.3,None,0,0,0,100,19,13,6,8,138,139,117,137,131.57,9.59,137,131.29
2024-04-17,Wednesday,3,16,4,Summer,0,0,0,1,0,0,1,0.0,33.1,24.1,51.5,None,0,0,0,114,23,9,14,9,160,138,139,145,131.71,9.68,141,131.36
2024-04-18,Thursday,4,16,4,Summer,0,0,0,0,0,1,0,0.0,30.5,23.2,49.3,None,0,0,0,97,14,15,5,7,131,160,138,134,133.86,13.35,135,132.71
2024-04-19,Friday,5,16,4,Summer,0,0,0,0,0,0,0,0.0,31.4,22.9,51.6,None,0,0,0,97,20,8,4,6,129,131,160,130,133.43,13.38,130,132.43
2024-04-20,Saturday,6,16,4,Summer,1,0,0,0,0,0,0,0.0,30.0,20.2,48.6,None,0,0,0,87,15,8,12,9,122,129,131,119,133.29,13.42,126,132.36
2024-04-21,Sunday,7,16,4,Summer,1,0,0,0,0,0,0,0.0,34.9,28.1,48.8,None,0,0,0,82,16,7,9,6,114,122,129,117,133.71,13.0,117,132.07
2024-04-22,Monday,1,17,4,Summer,0,0,0,0,0,0,0,0.0,31.3,22.1,47.0,None,0,0,0,102,19,10,7,7,138,114,122,139,133.29,13.58,131,131.86
2024-04-23,Tuesday,2,17,4,Summer,0,0,0,0,0,1,0,0.0,31.9,23.3,43.8,None,0,0,0,99,16,15,5,9,135,138,114,138,133.14,13.53,137,132.36
2024-04-24,Wednesday,3,17,4,Summer,0,0,0,1,0,0,1,0.0,30.4,21.3,46.7,None,0,0,0,107,16,11,13,8,147,135,138,160,132.71,13.41,145,132.21
2024-04-25,Thursday,4,17,4,Summer,0,0,0,0,0,1,0,0.0,28.9,18.7,49.5,None,0,0,0,90,18,14,7,8,129,147,135,131,130.86,9.96,134,132.36
2024-04-26,Friday,5,17,4,Summer,0,0,0,0,0,0,0,0.4,31.1,22.9,48.8,None,0,0,0,93,22,10,8,8,133,129,147,129,130.57,9.98,130,132.0
2024-04-27,Saturday,6,17,4,Summer,1,0,0,0,0,0,0,0.0,31.7,22.3,44.4,None,0,0,0,87,19,9,10,9,125,133,129,122,131.14,9.99,119,132.21
2024-04-28,Sunday,7,17,4,Summer,1,0,0,0,0,0,0,0.0,29.9,23.0,53.1,None,0,0,0,81,20,9,9,9,119,125,133,114,131.57,9.65,117,132.64
2024-04-29,Monday,1,18,4,Summer,0,0,0,0,0,0,0,0.0,34.1,25.7,41.9,None,0,0,0,103,15,7,10,8,135,119,125,138,132.29,8.43,139,132.79
2024-04-30,Tuesday,2,18,4,Summer,0,0,0,0,0,1,0,0.3,32.7,25.2,44.7,None,0,0,0,103,19,15,10,9,147,135,119,135,131.86,8.2,138,132.5
2024-05-01,Wednesday,3,18,5,Summer,0,1,0,1,0,0,2,0.0,33.8,25.2,41.8,None,0,0,0,111,19,10,11,8,151,147,135,147,133.57,9.78,160,133.14
2024-05-02,Thursday,4,18,5,Summer,0,0,0,0,0,1,0,0.5,37.0,27.8,42.3,None,0,0,0,94,16,13,6,9,129,151,147,129,134.14,10.63,131,132.5
2024-05-03,Friday,5,18,5,Summer,0,0,0,0,0,0,0,0.0,31.7,23.4,44.7,None,0,0,0,96,14,9,7,7,126,129,151,133,134.14,10.63,129,132.36
2024-05-04,Saturday,6,18,5,Summer,1,0,0,0,0,0,0,0.0,33.1,24.3,45.9,None,0,0,0,88,18,8,11,8,125,126,129,125,133.14,11.01,122,132.14
2024-05-05,Sunday,7,18,5,Summer,1,0,0,0,0,0,0,0.0,34.3,25.6,43.4,None,0,0,0,80,19,7,12,8,118,125,126,119,133.14,11.01,114,132.36
2024-05-06,Monday,1,19,5,Summer,0,0,0,0,0,0,0,0.0,34.0,26.9,45.2,None,0,0,0,104,14,9,4,6,131,118,125,135,133.0,11.2,138,132.64
2024-05-07,Tuesday,2,19,5,Summer,0,0,0,0,0,1,0,0.8,29.8,20.8,54.4,None,0,0,0,102,19,14,9,10,144,131,118,147,132.43,11.18,135,132.14
2024-05-08,Wednesday,3,19,5,Summer,0,0,0,1,0,0,1,0.0,31.7,22.7,47.6,None,0,0,0,98,21,8,12,8,139,144,131,151,132.0,10.66,147,132.79
2024-05-09,Thursday,4,19,5,Summer,0,0,0,0,0,1,0,0.0,31.2,22.9,47.6,None,0,0,0,99,14,13,8,7,134,139,144,129,130.29,8.14,129,132.21
2024-05-10,Friday,5,19,5,Summer,0,0,0,0,0,0,0,0.5,31.1,23.8,46.5,Diarrheal,2,0,2,105,30,7,5,8,147,134,139,126,131.0,8.21,133,132.57
2024-05-11,Saturday,6,19,5,Summer,1,0,0,0,0,0,0,0.0,35.3,29.9,40.3,Diarrheal,2,0,3,93,26,8,13,10,140,147,134,125,134.0,9.56,125,133.57
2024-05-12,Sunday,7,19,5,Summer,1,0,0,0,0,0,0,0.0,35.7,25.9,48.9,Diarrheal,2,0,1,87,24,7,10,9,128,140,147,118,136.14,8.97,119,134.64
2024-05-13,Monday,1,20,5,Summer,0,0,0,0,0,0,0,0.0,33.6,26.4,48.3,Diarrheal,2,0,2,111,28,8,9,8,156,128,140,131,137.57,6.39,135,135.29
2024-05-14,Tuesday,2,20,5,Summer,0,0,0,0,0,1,0,0.4,31.2,22.2,42.5,Diarrheal,2,0,4,114,23,14,6,11,157,156,128,144,141.14,8.39,147,136.79
2024-05-15,Wednesday,3,20,5,Summer,0,0,0,1,0,0,1,0.0,35.0,26.7,47.0,Diarrheal,2,0,4,113,27,9,13,9,162,157,156,139,143.0,10.09,151,137.5
2024-05-16,Thursday,4,20,5,Summer,0,0,0,0,0,1,0,0.0,34.5,27.6,42.5,Diarrheal,2,0,2,100,21,13,7,7,141,162,157,134,146.29,11.84,129,138.29
2024-05-17,Friday,5,20,5,Summer,0,0,0,0,0,0,0,1.2,31.6,21.7,45.4,Diarrheal,2,0,2,100,25,8,9,9,142,141,162,147,147.29,11.03,126,139.14
2024-05-18,Saturday,6,20,5,Summer,1,0,0,0,0,0,0,0.4,31.8,23.3,45.5,Diarrheal,2,0,1,96,30,8,10,9,144,142,141,140,146.57,11.18,125,140.29
2024-05-19,Sunday,7,20,5,Summer,1,0,0,0,1,0,0,0.0,35.2,28.6,40.7,Diarrheal,2,0,3,90,24,11,9,7,134,144,142,128,147.14,10.93,118,141.64
2024-05-20,Monday,1,21,5,Summer,0,0,0,0,0,0,0,0.3,34.8,27.7,48.0,Diarrheal,2,0,5,103,29,9,8,8,149,134,144,156,148.0,9.55,131,142.79
2024-05-21,Tuesday,2,21,5,Summer,0,0,0,0,0,1,0,0.0,31.3,23.8,45.5,Diarrheal,2,0,3,108,24,14,6,8,152,149,134,157,147.0,9.01,144,144.07
2024-05-22,Wednesday,3,21,5,Summer,0,0,0,1,0,0,1,0.0,37.0,29.3,35.3,Diarrheal,2,0,3,119,26,5,12,8,162,152,149,162,146.29,8.36,139,144.64
2024-05-23,Thursday,4,21,5,Summer,0,0,0,0,0,1,0,0.0,35.3,26.0,49.8,Diarrheal,2,0,3,109,28,14,6,10,157,162,152,141,146.29,8.36,134,146.29
2024-05-24,Friday,5,21,5,Summer,0,0,0,0,0,0,0,0.0,34.4,24.7,46.8,Diarrheal,2,0,2,105,27,7,8,7,147,157,162,142,148.57,8.78,147,147.93
2024-05-25,Saturday,6,21,5,Summer,1,0,0,0,0,0,0,0.0,33.5,25.6,48.3,Diarrheal,2,0,3,95,25,9,12,10,141,147,157,144,149.29,8.41,140,147.93
2024-05-26,Sunday,7,21,5,Summer,1,0,0,0,1,0,0,0.0,35.5,30.9,42.5,Diarrheal,2,0,3,90,26,11,10,9,137,141,147,134,148.86,8.74,128,148.0
2024-05-27,Monday,1,22,5,Summer,0,0,0,0,0,0,0,0.0,34.1,26.7,44.5,Diarrheal,2,0,3,107,26,10,6,8,149,137,141,149,149.29,8.05,156,148.64
2024-05-28,Tuesday,2,22,5,Summer,0,0,0,0,0,1,0,0.0,33.7,23.3,48.0,Diarrheal,2,0,4,107,24,14,7,8,152,149,137,152,149.29,8.05,157,148.14
2024-05-29,Wednesday,3,22,5,Summer,0,0,0,1,0,0,1,0.0,34.0,26.8,48.6,Diarrheal,2,0,3,118,27,7,11,8,163,152,149,162,149.29,8.05,162,147.79
2024-05-30,Thursday,4,22,5,Summer,0,0,0,0,0,1,0,0.0,36.0,26.7,41.6,Diarrheal,2,0,4,102,29,13,7,9,151,163,152,157,149.43,8.28,141,147.86
2024-05-31,Friday,5,22,5,Summer,0,0,0,0,0,0,0,0.0,31.9,23.8,41.9,Diarrheal,2,0,2,102,28,9,8,7,147,151,163,147,148.57,7.74,142,148.57
2024-06-01,Saturday,6,22,6,Monsoon,1,0,0,0,0,0,0,9.9,32.7,27.4,79.6,Diarrheal,2,0,4,92,35,8,14,10,149,147,151,141,148.57,7.74,144,148.93
2024-06-02,Sunday,7,22,6,Monsoon,1,0,0,0,0,0,0,3.7,35.8,28.3,62.0,None,0,0,0,81,26,8,9,9,124,149,147,137,149.71,7.11,134,149.29
2024-06-03,Monday,1,23,6,Monsoon,0,0,0,0,0,0,0,17.8,31.9,23.4,74.6,None,0,0,0,98,31,8,7,8,144,124,149,149,147.86,10.88,149,148.57
2024-06-04,Tuesday,2,23,6,Monsoon,0,0,0,0,0,1,0,0.5,37.4,30.9,66.3,None,0,0,0,101,24,14,8,11,147,144,124,152,147.14,10.95,152,148.21
2024-06-05,Wednesday,3,23,6,Monsoon,0,0,0,1,0,0,1,15.0,34.2,27.1,74.7,None,0,0,0,108,29,8,14,11,159,147,144,163,146.43,10.77,162,147.86
2024-06-06,Thursday,4,23,6,Monsoon,0,0,0,0,1,1,0,0.0,34.6,27.0,71.4,None,0,0,0,97,27,16,7,9,147,159,147,151,145.86,9.95,157,147.64
2024-06-07,Friday,5,23,6,Monsoon,0,0,0,0,0,0,0,20.7,34.6,28.0,73.8,None,0,0,0,89,31,8,5,8,133,147,159,147,145.29,9.75,147,146.93
2024-06-08,Saturday,6,23,6,Monsoon,1,0,0,0,0,0,0,28.5,34.4,25.9,80.2,None,0,0,0,84,31,6,11,9,132,133,147,149,143.29,10.59,141,145.93
2024-06-09,Sunday,7,23,6,Monsoon,1,0,0,0,0,0,0,30.5,34.9,28.2,71.4,None,0,0,0,76,35,8,11,9,130,132,133,124,140.86,10.95,137,145.29
2024-06-10,Monday,1,24,6,Monsoon,0,0,0,0,0,0,0,17.0,38.0,28.8,73.0,None,0,0,0,98,24,7,7,8,136,130,132,144,141.71,9.76,149,144.79
2024-06-11,Tuesday,2,24,6,Monsoon,0,0,0,0,0,1,0,6.6,31.5,22.7,77.8,None,0,0,0,96,31,14,7,10,148,136,130,147,140.57,9.9,152,143.86
2024-06-12,Wednesday,3,24,6,Monsoon,0,0,0,1,0,0,1,5.8,34.1,26.8,74.8,None,0,0,0,107,30,8,11,8,156,148,136,159,140.71,10.0,163,143.57
2024-06-13,Thursday,4,24,6,Monsoon,0,0,0,0,0,1,0,52.6,33.1,26.6,88.5,None,0,0,0,88,37,14,7,11,146,156,148,147,140.29,9.24,151,143.07
2024-06-14,Friday,5,24,6,Monsoon,0,0,0,0,0,0,0,36.8,35.3,25.7,79.7,None,0,0,0,88,33,7,10,9,138,146,156,133,140.14,9.14,147,142.71
2024-06-15,Saturday,6,24,6,Monsoon,1,0,0,0,0,0,0,5.5,38.0,32.6,74.5,None,0,0,0,80,26,7,9,9,122,138,146,132,140.86,8.74,149,142.07
2024-06-16,Sunday,7,24,6,Monsoon,1,0,0,0,0,0,0,14.9,33.4,25.2,72.1,None,0,0,0,80,31,9,9,9,129,122,138,130,139.43,10.68,124,140.14
2024-06-17,Monday,1,25,6,Monsoon,0,0,0,0,0,0,0,18.5,34.8,27.6,75.8,None,0,0,0,97,34,6,8,8,145,129,122,136,139.29,10.81,144,140.5
2024-06-18,Tuesday,2,25,6,Monsoon,0,0,0,0,0,1,0,34.7,35.1,27.9,76.3,None,0,0,0,97,28,14,9,11,148,145,129,148,140.57,10.87,147,140.57
2024-06-19,Wednesday,3,25,6,Monsoon,0,0,0,1,0,0,1,8.9,36.9,29.3,68.9,None,0,0,0,104,25,7,13,10,149,148,145,156,140.57,10.87,159,140.64
2024-06-20,Thursday,4,25,6,Monsoon,0,0,0,0,0,1,0,41.9,31.4,25.0,85.5,None,0,0,0,88,37,12,8,7,145,149,148,146,139.57,9.66,147,139.93
2024-06-21,Friday,5,25,6,Monsoon,0,0,0,0,0,0,0,16.7,33.6,24.7,80.9,None,0,0,0,94,27,7,8,7,136,145,149,138,139.43,9.57,133,139.79
2024-06-22,Saturday,6,25,6,Monsoon,1,0,0,0,0,0,0,11.9,35.3,27.9,69.6,None,0,0,0,86,27,6,12,8,131,136,145,122,139.14,9.64,132,140.0
2024-06-23,Sunday,7,25,6,Monsoon,1,0,0,0,1,0,0,31.1,31.6,26.6,77.6,None,0,0,0,83,30,11,14,11,138,131,136,129,140.43,7.67,130,139.93
2024-06-24,Monday,1,26,6,Monsoon,0,0,0,0,0,0,0,13.7,36.0,27.6,74.7,None,0,0,0,97,24,8,7,7,136,138,131,145,141.71,6.27,136,140.5
2024-06-25,Tuesday,2,26,6,Monsoon,0,0,0,0,0,1,0,11.9,35.4,28.6,76.6,None,0,0,0,98,26,12,7,9,143,136,138,148,140.43,6.39,148,140.5
2024-06-26,Wednesday,3,26,6,Monsoon,0,0,0,1,0,0,1,9.4,34.5,26.2,74.9,None,0,0,0,104,29,6,12,9,151,143,136,149,139.71,5.75,156,140.14
2024-06-27,Thursday,4,26,6,Monsoon,0,0,0,0,0,1,0,21.7,31.8,24.2,77.6,None,0,0,0,98,30,12,7,9,147,151,143,145,140.0,6.23,146,139.79
2024-06-28,Friday,5,26,6,Monsoon,0,0,0,0,1,0,0,40.2,35.6,29.5,82.3,None,0,0,0,84,31,10,9,9,134,147,151,136,140.29,6.5,138,139.86
2024-06-29,Saturday,6,26,6,Monsoon,1,0,0,0,0,0,0,34.4,33.8,23.5,90.7,None,0,0,0,77,33,6,10,9,126,134,147,131,140.0,6.72,122,139.57
2024-06-30,Sunday,7,26,6,Monsoon,1,0,0,0,0,0,0,20.4,33.8,25.9,71.0,None,0,0,0,75,27,8,11,7,121,126,134,138,139.29,7.81,129,139.86
2024-07-01,Monday,1,27,7,Monsoon,0,0,0,0,0,0,0,45.6,32.5,22.5,80.7,None,0,0,0,98,34,6,6,7,144,121,126,136,136.86,10.13,145,139.29
2024-07-02,Tuesday,2,27,7,Monsoon,0,0,0,0,0,1,0,32.8,31.9,22.3,84.4,None,0,0,0,102,35,12,7,9,156,144,121,143,138.0,10.42,148,139.21
2024-07-03,Wednesday,3,27,7,Monsoon,0,0,0,1,0,0,1,12.5,36.2,27.4,75.8,None,0,0,0,102,28,5,10,8,145,156,144,151,139.86,12.16,149,139.79
2024-07-04,Thursday,4,27,7,Monsoon,0,0,0,0,0,1,0,47.3,34.6,26.0,84.3,None,0,0,0,89,37,12,7,10,145,145,156,147,139.0,11.54,145,139.5
2024-07-05,Friday,5,27,7,Monsoon,0,0,0,0,0,0,0,42.6,36.0,27.9,82.9,None,0,0,0,91,32,6,4,7,133,145,145,134,138.71,11.36,136,139.5
2024-07-06,Saturday,6,27,7,Monsoon,1,0,0,0,0,0,0,32.2,35.9,26.8,82.4,None,0,0,0,82,31,6,11,8,130,133,145,126,138.57,11.42,131,139.29
2024-07-07,Sunday,7,27,7,Monsoon,1,0,0,0,0,0,0,23.5,31.1,24.5,80.4,None,0,0,0,75,28,7,13,9,123,130,133,121,139.14,10.87,138,139.21
2024-07-08,Monday,1,28,7,Monsoon,0,0,0,0,0,0,0,21.4,34.8,25.5,81.8,None,0,0,0,99,26,8,7,9,140,123,130,144,139.43,10.4,136,138.14
2024-07-09,Tuesday,2,28,7,Monsoon,0,0,0,0,0,1,0,77.1,33.5,27.7,93.2,None,0,0,0,98,42,10,7,8,157,140,123,156,138.86,10.25,143,138.43
2024-07-10,Wednesday,3,28,7,Monsoon,0,0,0,1,0,0,1,19.4,32.4,22.3,76.0,None,0,0,0,98,29,9,16,11,152,157,140,145,139.0,10.49,151,139.43
2024-07-11,Thursday,4,28,7,Monsoon,0,0,0,0,0,1,0,19.6,35.8,26.3,82.3,None,0,0,0,93,30,12,7,9,142,152,157,145,140.0,11.31,147,139.5
2024-07-12,Friday,5,28,7,Monsoon,0,0,0,0,0,0,0,27.2,34.1,24.7,75.9,None,0,0,0,90,28,7,8,9,133,142,152,133,139.57,11.17,134,139.14
2024-07-13,Saturday,6,28,7,Monsoon,1,0,0,0,0,0,0,38.5,32.4,25.4,83.7,None,0,0,0,81,30,7,10,9,128,133,142,130,139.57,11.17,126,139.07
2024-07-14,Sunday,7,28,7,Monsoon,1,0,0,0,0,0,0,18.9,31.2,22.8,81.3,None,0,0,0,76,32,6,10,9,124,128,133,123,139.29,11.44,121,139.21
2024-07-15,Monday,1,29,7,Monsoon,0,0,0,0,0,0,0,41.2,33.0,25.5,83.2,None,0,0,0,93,38,6,8,9,145,124,128,140,139.43,11.24,144,139.43
2024-07-16,Tuesday,2,29,7,Monsoon,0,0,0,0,0,1,0,20.4,33.1,25.7,73.7,None,0,0,0,100,26,12,7,8,145,145,124,157,140.14,11.41,156,139.5
2024-07-17,Wednesday,3,29,7,Monsoon,0,0,0,1,0,0,1,17.1,35.8,27.9,72.4,None,0,0,0,102,31,7,12,10,152,145,145,152,138.43,9.48,145,138.71
2024-07-18,Thursday,4,29,7,Monsoon,0,0,0,0,0,1,0,35.9,30.6,20.9,90.3,None,0,0,0,89,34,12,6,8,141,152,145,142,138.43,9.48,145,139.21
2024-07-19,Friday,5,29,7,Monsoon,0,0,0,0,0,0,0,13.9,33.6,24.8,80.4,None,0,0,0,91,28,8,7,8,134,141,152,133,138.29,9.44,133,138.93
2024-07-20,Saturday,6,29,7,Monsoon,1,0,0,0,0,0,0,11.7,36.5,27.5,70.7,None,0,0,0,82,31,7,11,7,131,134,141,128,138.43,9.36,130,139.0
2024-07-21,Sunday,7,29,7,Monsoon,1,0,0,0,0,0,0,8.9,35.1,27.1,68.0,None,0,0,0,77,22,6,10,7,115,131,134,124,138.86,8.94,123,139.07
2024-07-22,Monday,1,30,7,Monsoon,0,0,0,0,0,0,0,12.2,31.4,23.9,77.0,None,0,0,0,103,28,7,8,8,146,115,131,145,137.57,11.31,140,138.5
2024-07-23,Tuesday,2,30,7,Monsoon,0,0,0,0,0,1,0,11.2,33.1,25.1,74.3,None,0,0,0,98,25,13,3,9,139,146,115,145,137.71,11.41,157,138.93
2024-07-24,Wednesday,3,30,7,Monsoon,0,0,0,1,0,0,1,25.6,30.7,22.1,80.1,None,0,0,0,101,29,4,13,8,147,139,146,152,136.86,11.05,152,137.64
2024-07-25,Thursday,4,30,7,Monsoon,0,0,0,0,0,1,0,56.1,34.0,26.3,91.2,None,0,0,0,84,37,11,8,9,140,147,139,141,136.14,10.18,142,137.29
2024-07-26,Friday,5,30,7,Monsoon,0,0,0,0,0,0,0,25.1,30.4,21.6,80.4,None,0,0,0,90,30,7,7,8,134,140,147,134,136.0,10.11,133,137.14
2024-07-27,Saturday,6,30,7,Monsoon,1,0,0,0,0,0,0,13.1,33.5,26.2,71.1,None,0,0,0,85,28,7,13,8,133,134,140,131,136.0,10.11,128,137.21
2024-07-28,Sunday,7,30,7,Monsoon,1,0,0,0,1,0,0,56.6,37.0,29.5,80.3,Malaria,4,1,5,75,66,9,9,11,159,133,134,115,136.29,10.0,124,137.57
2024-07-29,Monday,1,31,7,Monsoon,0,0,0,0,0,0,0,40.5,31.1,22.8,84.9,Malaria,4,1,7,91,63,5,8,11,167,159,133,146,142.57,8.33,145,140.07
2024-07-30,Tuesday,2,31,7,Monsoon,0,0,0,0,0,1,0,11.4,33.5,25.5,71.4,Malaria,4,1,6,95,59,11,9,12,174,167,159,139,145.57,12.0,145,141.64
2024-07-31,Wednesday,3,31,7,Monsoon,0,0,0,1,0,0,1,14.0,34.2,26.0,70.6,Malaria,4,1,7,104,57,6,12,12,179,174,167,147,150.57,15.11,152,143.71
2024-08-01,Thursday,4,31,8,Monsoon,0,0,0,0,1,1,0,20.9,33.0,21.8,85.3,Malaria,4,1,6,88,63,15,6,13,172,179,174,140,155.14,17.92,141,145.64
2024-08-02,Friday,5,31,8,Monsoon,0,0,0,0,0,0,0,19.4,31.2,23.6,75.4,Malaria,4,1,7,91,61,7,8,10,167,172,179,134,159.71,17.55,134,147.86
2024-08-03,Saturday,6,31,8,Monsoon,1,0,0,0,0,0,0,15.1,35.2,27.3,71.6,Malaria,4,1,6,86,63,6,12,11,167,167,172,133,164.43,14.1,131,150.21
2024-08-04,Sunday,7,31,8,Monsoon,1,0,0,0,1,0,0,17.0,31.6,23.5,78.7,Malaria,4,1,6,78,59,10,12,13,159,167,167,159,169.29,5.92,115,152.79
2024-08-05,Monday,1,32,8,Monsoon,0,0,0,0,0,0,0,25.5,33.0,25.2,87.9,Malaria,4,1,7,93,60,6,8,11,167,159,167,167,169.29,5.92,146,155.93
2024-08-06,Tuesday,2,32,8,Monsoon,0,0,0,0,0,1,0,5.4,32.4,25.2,67.8,Malaria,4,1,6,96,60,12,9,12,177,167,159,174,169.29,5.92,139,157.43
2024-08-07,Wednesday,3,32,8,Monsoon,0,0,0,1,0,0,1,5.8,32.6,21.6,71.6,Malaria,4,1,5,105,58,7,14,13,184,177,167,179,169.71,6.34,147,160.14
2024-08-08,Thursday,4,32,8,Monsoon,0,0,0,0,0,1,0,9.2,31.9,23.2,81.8,Malaria,4,1,6,92,62,10,8,11,172,184,177,172,170.43,7.52,140,162.79
2024-08-09,Friday,5,32,8,Monsoon,0,0,0,0,0,0,0,31.5,30.8,23.1,82.8,Malaria,4,1,6,89,60,5,11,11,165,172,184,167,170.43,7.52,134,165.07
2024-08-10,Saturday,6,32,8,Monsoon,1,0,0,0,0,0,0,5.4,33.0,26.3,71.3,Malaria,4,1,5,89,55,7,10,11,161,165,172,167,170.14,7.68,133,167.29
2024-08-11,Sunday,7,32,8,Monsoon,1,0,0,0,0,0,0,12.9,32.6,25.7,80.8,Malaria,4,1,7,80,59,6,13,10,158,161,165,159,169.29,8.29,159,169.29
2024-08-12,Monday,1,33,8,Monsoon,0,0,0,0,0,0,0,35.8,30.2,22.5,88.7,Malaria,4,1,6,94,66,6,10,11,176,158,161,167,169.14,8.48,167,169.21
2024-08-13,Tuesday,2,33,8,Monsoon,0,0,0,0,0,1,0,39.1,31.1,21.4,81.8,Malaria,4,1,7,87,64,10,5,11,166,176,158,177,170.43,8.73,174,169.86
2024-08-14,Wednesday,3,33,8,Monsoon,0,0,0,1,0,0,1,52.6,31.9,24.5,94.4,Malaria,4,1,4,100,73,4,13,11,190,166,176,184,168.86,8.39,179,169.29
2024-08-15,Thursday,4,33,8,Monsoon,0,1,0,0,0,1,1,9.0,30.1,21.9,70.7,Malaria,4,1,5,91,58,10,10,12,169,190,166,172,169.71,10.04,172,170.07
2024-08-16,Friday,5,33,8,Monsoon,0,0,0,0,0,0,0,7.4,31.3,23.5,81.0,Malaria,4,1,5,89,55,7,6,10,157,169,190,165,169.29,10.0,167,169.86
2024-08-17,Saturday,6,33,8,Monsoon,1,0,0,0,0,0,0,79.5,36.2,28.9,92.8,Malaria,4,1,5,75,72,4,12,11,163,157,169,161,168.14,10.84,167,169.14
2024-08-18,Sunday,7,33,8,Monsoon,1,0,1,0,0,0,3,3.5,31.7,21.6,72.6,Malaria,4,1,6,74,56,6,19,11,155,163,157,158,168.43,10.68,159,168.86
2024-08-19,Monday,1,34,8,Monsoon,0,0,0,0,0,0,0,13.1,34.3,25.7,78.2,Malaria,4,1,6,92,60,6,9,9,167,155,163,176,168.0,11.14,167,168.57
2024-08-20,Tuesday,2,34,8,Monsoon,0,0,0,0,0,1,0,26.3,32.1,22.9,82.6,Malaria,4,1,6,89,60,10,6,10,165,167,155,166,166.71,10.65,177,168.57
2024-08-21,Wednesday,3,34,8,Monsoon,0,0,0,1,0,0,1,7.2,28.6,18.3,69.6,Malaria,4,1,6,100,55,7,8,10,170,165,167,190,166.57,10.66,184,167.71
2024-08-22,Thursday,4,34,8,Monsoon,0,0,0,0,0,1,0,64.0,30.5,22.7,98.0,Malaria,4,1,6,83,68,10,9,12,170,170,165,169,163.71,5.36,172,166.71
2024-08-23,Friday,5,34,8,Monsoon,0,0,0,0,1,0,0,23.7,32.7,21.6,79.3,Malaria,4,1,5,93,60,9,6,10,168,170,170,157,163.86,5.51,165,166.57
2024-08-24,Saturday,6,34,8,Monsoon,1,0,1,0,0,0,2,6.9,30.9,24.9,73.1,Malaria,4,1,7,87,58,5,20,11,170,168,170,163,165.43,4.87,161,166.79
2024-08-25,Sunday,7,34,8,Monsoon,1,0,0,0,0,0,0,26.0,30.2,21.4,86.9,Malaria,4,1,7,75,65,5,12,11,157,170,168,155,166.43,4.98,158,167.43
2024-08-26,Monday,1,35,8,Monsoon,0,0,0,0,0,0,0,0.4,27.0,18.4,69.4,Dengue,5,1,7,109,76,5,8,12,198,157,170,167,166.71,4.33,176,167.36
2024-08-27,Tuesday,2,35,8,Monsoon,0,0,0,0,0,1,0,13.3,31.6,24.8,75.4,Dengue,5,1,7,100,82,10,8,13,200,198,157,165,171.14,11.79,166,168.93
2024-08-28,Wednesday,3,35,8,Monsoon,0,0,0,1,0,0,1,0.2,27.9,18.7,75.6,Dengue,5,1,7,112,79,7,14,14,212,200,198,170,176.14,15.08,190,171.36
2024-08-29,Thursday,4,35,8,Monsoon,0,0,0,0,0,1,0,42.1,31.8,22.2,86.9,Dengue,5,1,7,96,89,10,8,12,203,212,200,170,182.14,19.23,169,172.93
2024-08-30,Friday,5,35,8,Monsoon,0,0,0,0,0,0,0,24.9,29.7,19.3,83.6,Dengue,5,1,7,97,79,5,7,11,188,203,212,168,186.86,19.72,157,175.36
2024-08-31,Saturday,6,35,8,Monsoon,1,0,0,0,0,0,0,25.5,33.6,23.4,86.7,Dengue,5,1,8,86,87,4,11,13,188,188,203,170,189.71,18.16,163,177.57
2024-09-01,Sunday,7,35,9,Monsoon,1,0,0,0,0,0,0,0.8,27.9,20.2,71.3,Dengue,5,1,8,80,75,5,11,12,171,188,188,157,192.29,16.38,155,179.36
2024-09-02,Monday,1,36,9,Monsoon,0,0,0,0,0,0,0,7.8,30.3,24.4,77.6,Dengue,5,1,7,104,78,7,5,11,194,171,188,198,194.29,12.29,167,180.5
2024-09-03,Tuesday,2,36,9,Monsoon,0,0,0,0,0,1,0,2.3,29.8,22.1,71.2,Dengue,5,1,8,107,83,11,5,13,206,194,171,200,193.71,12.2,165,182.43
2024-09-04,Wednesday,3,36,9,Monsoon,0,0,0,1,0,0,1,3.2,27.8,20.5,74.4,Dengue,5,1,8,109,81,6,13,12,209,206,194,212,194.57,12.8,170,185.36
2024-09-05,Thursday,4,36,9,Monsoon,0,0,0,0,0,1,0,26.5,31.0,23.8,79.2,Dengue,5,1,7,103,86,11,10,14,210,209,206,203,194.14,12.25,170,188.14
2024-09-06,Friday,5,36,9,Monsoon,0,0,0,0,0,0,0,19.5,31.6,24.2,76.5,Dengue,5,1,7,92,83,5,4,11,184,210,209,188,195.14,13.18,168,191.0
2024-09-07,Saturday,6,36,9,Monsoon,1,0,0,0,0,0,0,12.7,28.6,19.6,80.6,Dengue,5,1,8,87,81,6,11,12,185,184,210,188,194.57,13.56,170,192.14
2024-09-08,Sunday,7,36,9,Monsoon,1,0,0,0,0,0,0,0.2,29.1,20.6,67.5,Dengue,5,1,8,85,81,5,13,14,184,185,184,171,194.14,13.81,157,193.21
2024-09-09,Monday,1,37,9,Monsoon,0,0,0,0,0,0,0,0.0,28.7,21.1,71.1,Dengue,5,1,6,109,74,6,8,12,197,184,185,194,196.0,11.2,198,195.14
2024-09-10,Tuesday,2,37,9,Monsoon,0,0,0,0,0,1,0,4.4,29.6,20.5,73.7,Dengue,5,1,7,108,76,8,8,13,200,197,184,206,196.43,11.17,200,195.07
2024-09-11,Wednesday,3,37,9,Monsoon,0,0,0,1,0,0,1,31.8,32.1,23.2,88.3,Dengue,5,1,8,105,86,5,12,13,208,200,197,209,195.57,10.62,212,195.07
2024-09-12,Thursday,4,37,9,Monsoon,0,0,0,0,0,1,0,20.3,31.3,24.3,75.6,Dengue,5,1,7,92,83,10,6,11,191,208,200,210,195.43,10.45,203,194.79
2024-09-13,Friday,5,37,9,Monsoon,0,0,0,0,0,0,0,2.2,29.3,21.5,73.4,Dengue,5,1,8,95,75,5,9,12,184,191,208,184,192.71,8.61,188,193.93
2024-09-14,Saturday,6,37,9,Monsoon,1,0,0,0,0,0,0,0.9,28.6,21.0,67.8,Dengue,5,1,6,88,77,6,12,12,183,184,191,185,192.71,8.61,188,193.64
2024-09-15,Sunday,7,37,9,Monsoon,1,0,0,0,0,0,0,61.3,27.8,20.4,96.9,Dengue,5,1,9,82,90,3,11,13,186,183,184,184,192.43,8.89,171,193.29
2024-09-16,Monday,1,38,9,Monsoon,0,0,0,0,0,0,0,4.5,27.9,20.0,70.5,Dengue,5,1,8,99,75,6,8,11,188,186,183,197,192.71,8.65,194,194.36
2024-09-17,Tuesday,2,38,9,Monsoon,0,0,0,0,0,1,0,8.5,30.1,20.5,74.1,Dengue,5,1,7,98,84,11,5,12,198,188,186,200,191.43,8.58,206,193.93
2024-09-18,Wednesday,3,38,9,Monsoon,0,0,0,1,0,0,1,16.7,28.8,21.2,85.9,Dengue,5,1,8,116,85,4,16,15,221,198,188,208,191.14,8.32,209,193.36
2024-09-19,Thursday,4,38,9,Monsoon,0,0,0,0,0,1,0,0.0,28.6,19.8,73.9,Dengue,5,1,6,99,82,12,7,14,200,221,198,191,193.0,12.35,210,194.21
2024-09-20,Friday,5,38,9,Monsoon,0,0,0,0,0,0,0,7.3,30.4,22.5,65.6,Dengue,5,1,7,97,78,6,7,10,188,200,221,184,194.29,12.54,184,193.5
2024-09-21,Saturday,6,38,9,Monsoon,1,0,0,0,0,0,0,3.7,30.6,23.0,77.7,Dengue,5,1,7,89,76,5,13,12,183,188,200,183,194.86,12.15,185,193.79
2024-09-22,Sunday,7,38,9,Monsoon,1,0,0,0,0,0,0,11.2,26.0,17.9,74.6,Dengue,5,1,7,85,77,4,8,12,174,183,188,186,194.86,12.15,184,193.64
2024-09-23,Monday,1,39,9,Monsoon,0,0,0,0,0,0,0,14.0,28.1,19.8,75.4,Dengue,5,1,8,101,80,5,9,11,195,174,183,188,193.14,13.98,197,192.93
2024-09-24,Tuesday,2,39,9,Monsoon,0,0,0,0,0,1,0,2.0,27.4,18.6,77.6,Dengue,5,1,9,103,79,10,5,12,197,195,174,198,194.14,13.83,200,192.79
2024-09-25,Wednesday,3,39,9,Monsoon,0,0,0,1,0,0,1,18.4,27.5,20.7,78.8,None,0,0,0,96,23,7,12,8,138,197,195,221,194.0,13.79,208,192.57
2024-09-26,Thursday,4,39,9,Monsoon,0,0,0,0,0,1,0,4.0,25.3,17.8,73.2,None,0,0,0,89,23,10,8,8,130,138,197,200,182.14,19.84,191,187.57
2024-09-27,Friday,5,39,9,Monsoon,0,0,0,0,0,0,0,0.0,27.1,20.7,71.0,None,0,0,0,80,21,5,7,7,113,130,138,188,172.14,25.23,184,183.21
2024-09-28,Saturday,6,39,9,Monsoon,1,0,0,0,0,0,0,30.8,26.5,19.3,92.3,None,0,0,0,74,32,5,10,8,121,113,130,183,161.43,31.39,183,178.14
2024-09-29,Sunday,7,39,9,Monsoon,1,0,0,0,0,0,0,27.4,29.5,20.3,78.2,None,0,0,0,73,27,4,13,8,117,121,113,174,152.57,32.77,186,173.71
2024-09-30,Monday,1,40,9,Monsoon,0,0,0,0,0,0,0,6.5,28.6,21.2,75.3,None,0,0,0,90,23,6,5,7,124,117,121,195,144.43,33.51,188,168.79
2024-10-01,Tuesday,2,40,10,Post_Monsoon,0,0,0,0,0,1,0,0.0,25.5,17.8,50.4,None,0,0,0,95,14,10,6,6,125,124,117,197,134.29,26.72,198,164.21
2024-10-02,Wednesday,3,40,10,Post_Monsoon,0,1,0,1,0,0,2,0.0,25.5,16.6,51.8,None,0,0,0,102,8,7,16,8,133,125,124,138,124.0,7.67,221,159.0
2024-10-03,Thursday,4,40,10,Post_Monsoon,0,0,0,0,0,1,0,1.7,25.8,17.2,45.5,None,0,0,0,88,14,11,8,5,121,133,125,130,123.29,6.47,200,152.71
2024-10-04,Friday,5,40,10,Post_Monsoon,0,0,0,0,0,0,0,0.0,25.8,18.4,44.2,None,0,0,0,86,15,7,7,7,115,121,133,113,122.0,5.88,188,147.07
2024-10-05,Saturday,6,40,10,Post_Monsoon,1,0,0,0,0,0,0,1.3,27.5,18.9,46.2,None,0,0,0,76,12,6,11,6,105,115,121,121,122.29,5.47,183,141.86
2024-10-06,Sunday,7,40,10,Post_Monsoon,1,0,1,0,0,0,1,0.3,25.8,16.8,51.3,None,0,0,0,78,11,6,18,7,113,105,115,117,120.0,8.19,174,136.29
2024-10-07,Monday,1,41,10,Post_Monsoon,0,0,0,0,0,0,0,0.0,28.1,21.3,54.8,None,0,0,0,91,15,5,7,6,118,113,105,124,119.43,8.52,195,131.93
2024-10-08,Tuesday,2,41,10,Post_Monsoon,0,0,0,0,0,1,0,0.1,26.7,19.9,49.0,None,0,0,0,90,16,10,7,7,123,118,113,125,118.57,8.31,197,126.43
2024-10-09,Wednesday,3,41,10,Post_Monsoon,0,0,1,1,0,0,2,1.6,22.3,16.7,53.8,None,0,0,0,104,17,6,19,9,146,123,118,133,118.29,8.12,138,121.14
2024-10-10,Thursday,4,41,10,Post_Monsoon,0,0,0,0,0,1,0,0.0,26.3,17.8,55.6,None,0,0,0,81,16,11,3,6,111,146,123,121,120.14,11.89,130,121.71
2024-10-11,Friday,5,41,10,Post_Monsoon,0,0,0,0,0,0,0,0.3,26.8,18.1,50.7,None,0,0,0,86,17,5,7,7,115,111,146,115,118.71,12.29,113,120.36
2024-10-12,Saturday,6,41,10,Post_Monsoon,1,0,1,0,0,0,3,0.0,25.4,18.8,56.8,None,0,0,0,80,16,7,20,11,123,115,111,105,118.71,12.29,121,120.5
2024-10-13,Sunday,7,41,10,Post_Monsoon,1,0,0,0,0,0,0,0.0,24.9,17.8,54.7,None,0,0,0,69,13,5,10,7,97,123,115,113,121.29,10.96,117,120.64
2024-10-14,Monday,1,42,10,Post_Monsoon,0,0,0,0,0,0,0,2.1,24.5,16.7,50.5,None,0,0,0,92,15,5,8,6,120,97,123,118,119.0,13.76,124,119.21
2024-10-15,Tuesday,2,42,10,Post_Monsoon,0,0,0,0,0,1,0,0.0,24.7,16.6,56.1,None,0,0,0,88,14,12,7,7,121,120,97,123,119.29,13.76,125,118.93
2024-10-16,Wednesday,3,42,10,Post_Monsoon,0,0,0,1,0,0,1,0.0,23.6,17.5,51.4,None,0,0,0,101,14,5,12,9,132,121,120,146,119.0,13.7,133,118.64
2024-10-17,Thursday,4,42,10,Post_Monsoon,0,0,0,0,0,1,0,0.0,27.3,17.5,47.6,None,0,0,0,88,12,10,8,7,118,132,121,111,117.0,10.18,121,118.57
2024-10-18,Friday,5,42,10,Post_Monsoon,0,0,0,0,0,0,0,0.0,25.3,17.2,58.8,None,0,0,0,85,16,5,6,5,112,118,132,115,118.0,9.89,115,118.36
2024-10-19,Saturday,6,42,10,Post_Monsoon,1,0,0,0,0,0,0,0.0,25.9,18.8,54.5,None,0,0,0,75,16,6,9,8,106,112,118,123,117.57,10.07,105,118.14
2024-10-20,Sunday,7,42,10,Post_Monsoon,1,0,0,0,0,0,0,0.5,28.8,19.6,47.9,None,0,0,0,69,11,5,12,6,97,106,112,97,115.14,10.51,113,118.21
2024-10-21,Monday,1,43,10,Post_Monsoon,0,0,0,0,0,0,0,2.5,24.4,16.6,49.2,None,0,0,0,94,16,4,6,6,120,97,106,120,115.14,10.51,118,117.07
2024-10-22,Tuesday,2,43,10,Post_Monsoon,0,0,0,0,0,1,0,0.0,24.4,15.3,50.6,None,0,0,0,91,15,9,8,8,123,120,97,121,115.14,10.51,123,117.21
2024-10-23,Wednesday,3,43,10,Post_Monsoon,0,0,1,1,0,0,2,0.0,23.8,15.1,56.2,None,0,0,0,107,18,5,20,8,150,123,120,132,115.43,10.69,146,117.21
2024-10-24,Thursday,4,43,10,Post_Monsoon,0,0,1,0,0,1,3,0.1,25.6,16.1,50.7,None,0,0,0,92,12,11,18,9,133,150,123,118,118.0,15.46,111,117.5
2024-10-25,Friday,5,43,10,Post_Monsoon,0,0,0,0,0,0,0,0.3,24.5,16.8,55.0,None,0,0,0,88,18,7,7,8,120,133,150,112,120.14,16.33,115,119.07
2024-10-26,Saturday,6,43,10,Post_Monsoon,1,0,0,0,0,0,0,1.8,27.2,20.5,55.1,None,0,0,0,73,11,5,9,4,98,120,133,106,121.29,16.0,123,119.43
2024-10-27,Sunday,7,43,10,Post_Monsoon,1,0,0,0,0,0,0,0.5,24.2,16.2,51.5,None,0,0,0,71,11,5,11,6,98,98,120,97,120.14,17.28,97,117.64
2024-10-28,Monday,1,44,10,Post_Monsoon,0,0,0,0,0,0,0,0.0,25.3,14.6,57.9,None,0,0,0,95,19,7,7,5,128,98,98,120,120.29,17.09,120,117.71
2024-10-29,Tuesday,2,44,10,Post_Monsoon,0,0,0,0,0,1,0,0.0,23.0,12.3,43.6,None,0,0,0,91,12,9,4,6,116,128,98,123,121.43,17.3,121,118.29
2024-10-30,Wednesday,3,44,10,Post_Monsoon,0,0,0,1,0,0,1,0.0,23.6,17.4,52.3,None,0,0,0,97,15,6,14,8,132,116,128,150,120.43,17.39,132,117.93
2024-10-31,Thursday,4,44,10,Post_Monsoon,0,0,0,0,0,1,0,0.2,22.9,14.1,51.9,None,0,0,0,82,19,11,7,7,119,132,116,133,117.86,13.78,118,117.93
2024-11-01,Friday,5,44,11,Post_Monsoon,0,0,0,0,0,0,0,1.6,24.6,17.4,45.9,None,0,0,0,85,14,4,7,6,110,119,132,120,115.86,12.38,112,118.0
2024-11-02,Saturday,6,44,11,Post_Monsoon,1,0,0,0,0,0,0,0.1,23.5,16.4,54.8,None,0,0,0,75,19,4,8,6,106,110,119,98,114.43,12.4,106,117.86
2024-11-03,Sunday,7,44,11,Post_Monsoon,1,0,0,0,0,0,0,2.3,22.7,16.0,49.6,None,0,0,0,71,10,5,10,6,96,106,110,98,115.57,11.13,97,117.86
2024-11-04,Monday,1,45,11,Post_Monsoon,0,0,1,0,0,0,3,0.0,23.7,14.1,54.0,None,0,0,0,96,13,7,19,9,135,96,106,128,115.29,11.6,120,117.79
2024-11-05,Tuesday,2,45,11,Post_Monsoon,0,0,1,0,0,1,3,0.9,24.4,18.9,52.6,None,0,0,0,98,16,12,19,12,145,135,96,116,116.29,12.88,123,118.86
2024-11-06,Wednesday,3,45,11,Post_Monsoon,0,0,0,1,0,0,1,0.8,22.4,16.3,60.2,None,0,0,0,100,17,5,13,9,135,145,135,132,120.43,16.33,150,120.43
2024-11-07,Thursday,4,45,11,Post_Monsoon,0,0,0,0,0,1,0,0.0,26.1,18.1,46.8,None,0,0,0,91,15,8,5,6,119,135,145,119,120.86,16.66,133,119.36
2024-11-08,Friday,5,45,11,Post_Monsoon,0,0,0,0,0,0,0,0.0,22.3,14.7,49.3,None,0,0,0,84,16,5,9,6,114,119,135,110,120.86,16.66,120,118.36
2024-11-09,Saturday,6,45,11,Post_Monsoon,1,0,0,0,0,0,0,0.0,25.6,19.9,48.1,None,0,0,0,70,16,6,10,6,102,114,119,106,121.43,16.34,98,117.93
2024-11-10,Sunday,7,45,11,Post_Monsoon,1,0,0,0,0,0,0,0.0,20.6,13.0,56.6,None,0,0,0,71,14,4,12,7,101,102,114,96,120.86,16.93,98,118.21
2024-11-11,Monday,1,46,11,Post_Monsoon,0,0,1,0,0,0,3,0.1,24.2,17.1,48.8,None,0,0,0,94,12,5,19,8,130,101,102,135,121.57,15.95,128,118.43
2024-11-12,Tuesday,2,46,11,Post_Monsoon,0,0,0,0,0,1,0,1.5,23.4,15.1,48.4,None,0,0,0,95,16,11,4,6,126,130,101,145,120.86,15.43,116,118.57
2024-11-13,Wednesday,3,46,11,Post_Monsoon,0,0,0,1,0,0,1,0.0,22.6,11.7,55.4,None,0,0,0,100,16,4,8,7,128,126,130,135,118.14,12.3,132,119.29
2024-11-14,Thursday,4,46,11,Post_Monsoon,0,0,0,0,0,1,0,0.3,22.0,16.2,50.8,None,0,0,0,89,10,10,8,7,117,128,126,119,117.14,11.12,119,119.0
2024-11-15,Friday,5,46,11,Post_Monsoon,0,0,0,0,0,0,0,0.0,24.2,14.9,54.0,None,0,0,0,80,20,4,7,6,111,117,128,114,116.86,11.09,110,118.86
2024-11-16,Saturday,6,46,11,Post_Monsoon,1,0,0,0,0,0,0,0.0,24.3,15.0,55.4,None,0,0,0,80,10,6,10,7,106,111,117,102,116.43,11.25,106,118.93
2024-11-17,Sunday,7,46,11,Post_Monsoon,1,0,0,0,0,0,0,0.1,23.8,15.8,55.9,None,0,0,0,63,15,5,10,5,93,106,111,101,117.0,10.58,96,118.93
2024-11-18,Monday,1,47,11,Post_Monsoon,0,0,0,0,0,0,0,1.4,24.3,18.0,54.3,None,0,0,0,93,15,6,8,7,122,93,106,130,115.86,12.51,135,118.71
2024-11-19,Tuesday,2,47,11,Post_Monsoon,0,0,0,0,0,1,0,2.4,19.9,12.1,54.0,None,0,0,0,95,20,11,7,9,133,122,93,126,114.71,11.49,145,117.79
2024-11-20,Wednesday,3,47,11,Post_Monsoon,0,0,0,1,0,0,1,0.0,23.1,15.7,53.5,None,0,0,0,98,16,6,12,8,132,133,122,128,115.71,12.67,135,116.93
2024-11-21,Thursday,4,47,11,Post_Monsoon,0,0,0,0,0,1,0,0.7,20.6,13.7,54.8,None,0,0,0,87,13,10,7,7,117,132,133,117,116.29,13.28,119,116.71
2024-11-22,Friday,5,47,11,Post_Monsoon,0,0,0,0,0,0,0,0.0,23.6,15.1,61.3,None,0,0,0,81,16,6,6,7,109,117,132,111,116.29,13.28,114,116.57
2024-11-23,Saturday,6,47,11,Post_Monsoon,1,0,0,0,0,0,0,1.2,22.6,13.2,54.7,None,0,0,0,77,17,4,10,6,108,109,117,106,116.0,13.42,102,116.21
2024-11-24,Sunday,7,47,11,Post_Monsoon,1,0,0,0,0,0,0,0.2,21.7,13.3,53.7,None,0,0,0,75,10,5,12,5,102,108,109,93,116.29,13.22,101,116.64
2024-11-25,Monday,1,48,11,Post_Monsoon,0,0,0,0,0,0,0,1.5,23.8,14.6,44.2,None,0,0,0,98,14,4,8,6,124,102,108,122,117.57,11.17,130,116.71
2024-11-26,Tuesday,2,48,11,Post_Monsoon,0,0,0,0,0,1,0,0.0,23.3,14.9,57.7,None,0,0,0,84,16,9,8,7,117,124,102,133,117.86,11.31,126,116.29
2024-11-27,Wednesday,3,48,11,Post_Monsoon,0,0,0,1,0,0,1,1.0,22.0,13.1,53.1,None,0,0,0,100,13,6,14,9,133,117,124,132,115.57,9.48,128,115.64
2024-11-28,Thursday,4,48,11,Post_Monsoon,0,0,0,0,0,1,0,1.1,25.0,14.5,55.8,None,0,0,0,87,18,11,4,6,120,133,117,117,115.71,9.74,117,116.0
2024-11-29,Friday,5,48,11,Post_Monsoon,0,0,0,0,0,0,0,0.0,23.4,16.7,57.7,None,0,0,0,86,17,6,8,8,117,120,133,109,116.14,9.85,111,116.21
2024-11-30,Saturday,6,48,11,Post_Monsoon,1,0,0,0,0,0,0,0.8,18.4,9.9,48.6,None,0,0,0,81,16,5,8,7,110,117,120,108,117.29,9.41,106,116.64
2024-12-01,Sunday,7,48,12,Winter,1,0,0,0,0,0,0,0.0,23.5,15.7,46.7,None,0,0,0,78,17,4,9,6,108,110,117,102,117.57,9.15,93,116.93
2024-12-02,Monday,1,49,12,Winter,0,0,0,0,0,0,0,0.4,20.3,12.7,60.4,None,0,0,0,92,15,6,9,6,122,108,110,124,118.43,7.84,122,118.0
2024-12-03,Tuesday,2,49,12,Winter,0,0,0,0,0,1,0,0.0,23.7,16.7,53.1,None,0,0,0,93,20,10,4,7,127,122,108,117,118.14,7.66,133,118.0
2024-12-04,Wednesday,3,49,12,Winter,0,0,0,1,0,0,1,0.0,22.7,14.5,54.4,Mass_Casualty,4,1,6,106,12,6,77,21,201,127,122,133,119.57,8.23,132,117.57
2024-12-05,Thursday,4,49,12,Winter,0,0,0,0,1,1,0,0.1,22.1,14.3,56.0,None,0,0,0,89,14,14,8,8,125,201,127,120,129.29,29.91,117,122.5
2024-12-06,Friday,5,49,12,Winter,0,0,0,0,1,0,0,0.0,21.7,13.4,55.6,None,0,0,0,88,17,8,5,6,118,125,201,117,130.0,29.74,109,123.07
2024-12-07,Saturday,6,49,12,Winter,1,0,0,0,0,0,0,0.0,22.7,15.1,46.7,None,0,0,0,73,15,5,12,7,105,118,125,110,130.14,29.68,108,123.71
2024-12-08,Sunday,7,49,12,Winter,1,0,0,0,0,0,0,0.0,20.5,13.5,47.5,None,0,0,0,67,13,7,16,7,103,105,118,108,129.43,30.21,102,123.5
2024-12-09,Monday,1,50,12,Winter,0,0,0,0,0,0,0,0.0,20.0,12.6,52.3,None,0,0,0,95,15,5,6,6,121,103,105,122,128.71,30.77,124,123.57
2024-12-10,Tuesday,2,50,12,Winter,0,0,0,0,0,1,0,0.0,20.4,13.2,48.7,None,0,0,0,93,12,10,6,7,121,121,103,127,128.57,30.8,117,123.36
2024-12-11,Wednesday,3,50,12,Winter,0,0,0,1,0,0,1,0.0,21.4,13.5,60.5,None,0,0,0,98,18,7,13,9,136,121,121,201,127.71,30.91,133,123.64
2024-12-12,Thursday,4,50,12,Winter,0,0,0,0,0,1,0,0.0,27.0,19.2,41.5,None,0,0,0,87,16,12,5,6,120,136,121,125,118.43,10.58,120,123.86
2024-12-13,Friday,5,50,12,Winter,0,0,0,0,0,0,0,0.0,25.0,17.1,51.4,None,0,0,0,88,16,8,9,7,121,120,136,118,117.71,10.28,117,123.86
2024-12-14,Saturday,6,50,12,Winter,1,0,0,0,0,0,0,0.0,26.7,19.0,54.2,None,0,0,0,79,22,7,12,7,120,121,120,105,118.14,10.34,110,124.14
2024-12-15,Sunday,7,50,12,Winter,1,0,0,0,0,0,0,0.3,22.3,15.5,53.5,None,0,0,0,78,17,7,10,7,112,120,121,103,120.29,8.84,108,124.86
2024-12-16,Monday,1,51,12,Winter,0,0,0,0,0,0,0,0.0,20.2,12.7,58.2,None,0,0,0,94,11,6,5,5,116,112,120,121,121.57,6.61,122,125.14
2024-12-17,Tuesday,2,51,12,Winter,0,0,0,0,0,1,0,1.6,24.5,19.4,61.1,None,0,0,0,95,19,11,9,9,134,116,112,121,120.86,6.9,127,124.71
2024-12-18,Wednesday,3,51,12,Winter,0,0,0,1,0,0,1,0.4,19.1,11.2,60.8,None,0,0,0,106,20,7,11,7,144,134,116,136,122.71,8.29,201,125.21
2024-12-19,Thursday,4,51,12,Winter,0,0,0,0,0,1,0,0.0,20.8,11.2,54.8,None,0,0,0,85,19,9,6,6,119,144,134,120,123.86,10.34,125,121.14
2024-12-20,Friday,5,51,12,Winter,0,0,0,0,0,0,0,0.1,22.4,15.3,51.4,None,0,0,0,86,15,7,3,6,111,119,144,121,123.71,10.4,118,120.71
2024-12-21,Saturday,6,51,12,Winter,1,0,0,0,0,0,0,0.0,20.8,13.6,59.2,None,0,0,0,79,17,6,13,8,115,111,119,120,122.29,11.32,105,120.21
2024-12-22,Sunday,7,51,12,Winter,1,0,0,0,0,0,0,0.0,21.2,14.4,59.8,None,0,0,0,69,19,7,11,9,106,115,111,112,121.57,11.6,103,120.93
2024-12-23,Monday,1,52,12,Winter,0,0,0,0,0,0,0,0.0,19.8,10.9,58.6,None,0,0,0,96,17,6,7,6,126,106,115,116,120.71,12.46,121,121.14
2024-12-24,Tuesday,2,52,12,Winter,0,0,0,0,0,1,0,0.0,24.3,14.8,54.3,None,0,0,0,95,20,10,7,7,132,126,106,134,122.14,12.41,121,121.5
2024-12-25,Wednesday,3,52,12,Winter,0,1,0,1,0,0,2,0.0,22.4,14.0,56.8,None,0,0,0,97,18,8,14,7,137,132,126,144,121.86,12.16,136,122.29
2024-12-26,Thursday,4,52,12,Winter,0,0,0,0,0,1,0,0.0,25.6,17.0,51.6,None,0,0,0,91,15,11,6,8,123,137,132,119,120.86,10.47,120,122.36
2024-12-27,Friday,5,52,12,Winter,0,0,0,0,1,0,0,0.0,23.6,16.2,51.2,None,0,0,0,87,14,9,7,9,117,123,137,111,121.43,10.46,121,122.57
2024-12-28,Saturday,6,52,12,Winter,1,0,0,0,0,0,0,0.8,23.1,16.5,54.9,None,0,0,0,75,15,7,9,7,106,117,123,115,122.29,9.79,120,122.29
2024-12-29,Sunday,7,52,12,Winter,1,0,0,0,0,0,0,0.7,19.8,11.8,57.4,None,0,0,0,79,17,7,10,7,113,106,117,106,121.0,11.16,112,121.29
2024-12-30,Monday,1,1,12,Winter,0,0,0,0,0,0,0,0.0,20.7,12.4,53.2,None,0,0,0,93,13,7,7,6,120,113,106,126,122.0,10.03,116,121.36
2024-12-31,Tuesday,2,1,12,Winter,0,0,0,0,0,1,0,0.0,23.0,14.2,51.0,None,0,0,0,94,15,11,8,7,128,120,113,132,121.14,9.91,134,121.64
2025-01-01,Wednesday,3,1,1,Winter,0,0,0,1,0,0,1,0.0,23.4,14.4,53.8,None,0,0,0,96,14,6,12,7,128,128,120,137,120.57,9.36,144,121.21
2025-01-02,Thursday,4,1,1,Winter,0,0,0,0,0,1,0,0.0,22.4,14.1,61.3,None,0,0,0,89,17,12,6,6,124,128,128,123,119.29,7.44,119,120.07
2025-01-03,Friday,5,1,1,Winter,0,0,0,0,0,0,0,0.0,19.7,10.5,57.1,None,0,0,0,88,14,5,7,6,114,124,128,117,119.43,7.52,111,120.43
2025-01-04,Saturday,6,1,1,Winter,1,0,0,0,0,0,0,2.6,25.5,17.6,51.4,None,0,0,0,81,14,7,12,8,114,114,124,106,119.0,7.73,115,120.64
2025-01-05,Sunday,7,1,1,Winter,1,0,0,0,0,0,0,0.0,22.8,13.5,59.2,None,0,0,0,75,21,6,11,7,113,114,114,113,120.14,6.15,106,120.57
2025-01-06,Monday,1,2,1,Winter,0,0,0,0,1,0,0,0.0,22.5,13.2,58.4,None,0,0,0,102,15,11,7,5,135,113,114,120,120.14,6.15,126,121.07
2025-01-07,Tuesday,2,2,1,Winter,0,0,0,0,0,1,0,0.0,25.1,17.1,53.7,None,0,0,0,93,16,11,6,8,126,135,113,128,122.29,8.05,132,121.71
2025-01-08,Wednesday,3,2,1,Winter,0,0,0,1,0,0,1,1.1,22.8,14.3,50.1,None,0,0,0,106,20,8,12,7,146,126,135,128,122.0,7.87,137,121.29
2025-01-09,Thursday,4,2,1,Winter,0,0,0,0,0,1,0,0.0,20.3,11.5,45.8,None,0,0,0,88,14,13,5,6,120,146,126,124,124.57,11.51,123,121.93
2025-01-10,Friday,5,2,1,Winter,0,0,0,0,0,0,0,0.0,22.7,13.7,48.7,None,0,0,0,85,12,7,6,5,110,120,146,114,124.0,11.63,117,121.71
2025-01-11,Saturday,6,2,1,Winter,1,0,0,0,0,0,0,0.9,23.1,14.1,50.2,None,0,0,0,82,15,7,9,6,113,110,120,114,123.43,12.19,106,121.21
2025-01-12,Sunday,7,2,1,Winter,1,0,0,0,0,0,0,0.4,23.1,13.3,50.3,None,0,0,0,78,19,7,13,8,117,113,110,113,123.29,12.3,113,121.71
2025-01-13,Monday,1,3,1,Winter,0,0,0,0,0,0,0,0.0,20.8,12.9,53.9,None,0,0,0,100,15,8,5,7,128,117,113,135,123.86,11.9,120,122.0
2025-01-14,Tuesday,2,3,1,Winter,0,0,0,0,0,1,0,0.0,22.4,13.4,57.1,Respiratory,4,1,5,115,44,13,7,11,179,128,117,126,122.86,11.19,128,122.57
2025-01-15,Wednesday,3,3,1,Winter,0,0,0,1,0,0,1,0.0,20.6,12.0,50.0,Respiratory,4,1,6,127,45,6,13,11,191,179,128,146,130.43,22.73,128,126.21
2025-01-16,Thursday,4,3,1,Winter,0,0,0,0,0,1,0,0.0,22.8,14.5,46.8,Respiratory,4,1,7,109,47,9,10,9,175,191,179,120,136.86,31.06,124,130.71
2025-01-17,Friday,5,3,1,Winter,0,0,0,0,0,0,0,0.0,20.7,12.3,59.0,Respiratory,4,1,5,109,46,6,4,9,165,175,191,110,144.71,32.72,114,134.36
2025-01-18,Saturday,6,3,1,Winter,1,0,0,0,0,0,0,0.2,22.6,13.3,58.8,Respiratory,4,1,5,103,47,7,14,11,171,165,175,113,152.57,29.92,114,138.0
2025-01-19,Sunday,7,3,1,Winter,1,0,0,0,0,0,0,0.0,21.1,12.3,56.6,Respiratory,4,1,6,96,47,6,12,9,161,171,165,117,160.86,25.53,113,142.07
2025-01-20,Monday,1,4,1,Winter,0,0,0,0,0,0,0,0.0,21.2,10.9,60.5,Respiratory,4,1,6,118,46,5,7,9,176,161,171,128,167.14,18.36,135,145.5
2025-01-21,Tuesday,2,4,1,Winter,0,0,0,0,1,1,0,0.0,23.3,12.3,58.0,Respiratory,4,1,7,119,46,15,8,11,188,176,161,179,174.0,9.09,126,148.43
2025-01-22,Wednesday,3,4,1,Winter,0,0,0,1,0,0,1,0.0,24.0,17.2,51.9,Respiratory,4,1,6,125,45,7,12,9,189,188,176,191,175.29,10.26,146,152.86
2025-01-23,Thursday,4,4,1,Winter,0,0,0,0,0,1,0,0.0,24.5,13.9,52.2,Respiratory,4,1,5,108,44,12,8,11,172,189,188,175,175.0,9.84,120,155.93
2025-01-24,Friday,5,4,1,Winter,0,0,0,0,0,0,0,0.0,20.4,14.2,59.3,Respiratory,4,1,6,110,47,8,5,8,170,172,189,165,174.57,9.9,110,159.64
2025-01-25,Saturday,6,4,1,Winter,1,0,0,0,0,0,0,0.0,23.4,14.8,53.0,Respiratory,4,1,6,103,42,7,12,10,164,170,172,171,175.29,9.35,113,163.93
2025-01-26,Sunday,7,4,1,Winter,1,1,0,0,0,0,1,0.0,22.7,12.4,53.7,Respiratory,4,1,7,98,44,7,12,10,161,164,170,161,174.29,10.1,117,167.57
2025-01-27,Monday,1,5,1,Winter,0,0,0,0,0,0,0,0.0,22.7,17.4,46.4,Respiratory,4,1,5,118,47,7,8,11,180,161,164,176,174.29,10.1,128,170.71
2025-01-28,Tuesday,2,5,1,Winter,0,0,0,0,1,1,0,0.0,22.3,14.3,55.7,Respiratory,4,1,5,122,46,13,6,10,187,180,161,188,174.86,10.29,179,174.43
2025-01-29,Wednesday,3,5,1,Winter,0,0,0,1,1,0,1,0.0,23.6,16.7,48.1,Respiratory,4,1,6,130,47,9,11,13,197,187,180,189,174.71,10.11,191,175.0
2025-01-30,Thursday,4,5,1,Winter,0,0,0,0,0,1,0,0.0,23.4,15.3,60.1,Respiratory,4,1,7,116,47,11,6,9,180,197,187,172,175.86,11.95,175,175.43
2025-01-31,Friday,5,5,1,Winter,0,0,0,0,0,0,0,0.0,23.9,14.4,49.7,Respiratory,4,1,6,108,42,8,7,9,165,180,197,170,177.0,11.9,165,175.79
2025-02-01,Saturday,6,5,2,Winter,1,0,0,0,0,0,0,0.0,23.3,14.4,50.5,Respiratory,4,1,5,103,45,7,11,10,166,165,180,164,176.29,12.44,171,175.79
2025-02-02,Sunday,7,5,2,Winter,1,0,0,0,0,0,0,0.8,22.3,13.0,46.2,Respiratory,4,1,6,95,42,10,11,11,158,166,165,161,176.57,12.18,161,175.43
2025-02-03,Monday,1,6,2,Winter,0,0,0,0,1,0,0,0.0,25.2,16.0,55.2,Respiratory,4,1,5,123,46,10,7,11,186,158,166,180,176.14,12.76,176,175.21
2025-02-04,Tuesday,2,6,2,Winter,0,0,0,0,0,1,0,0.0,26.8,20.2,55.7,Respiratory,4,1,6,119,46,11,10,10,186,186,158,187,177.0,13.18,188,175.93
2025-02-05,Wednesday,3,6,2,Winter,0,0,0,1,0,0,1,0.2,24.0,17.3,50.5,Respiratory,4,1,5,125,42,8,12,9,187,186,186,197,176.86,13.08,189,175.79
2025-02-06,Thursday,4,6,2,Winter,0,0,0,0,0,1,0,0.0,23.1,14.5,55.3,Respiratory,4,1,6,114,48,12,7,12,181,187,186,180,175.43,11.21,172,175.64
2025-02-07,Friday,5,6,2,Winter,0,0,0,0,0,0,0,0.0,22.6,14.0,55.7,Respiratory,4,1,5,110,47,8,6,9,171,181,187,165,175.57,11.27,170,176.29
2025-02-08,Saturday,6,6,2,Winter,1,0,0,0,0,0,0,0.0,25.2,17.6,49.5,None,0,0,0,87,20,7,15,9,129,171,181,166,176.43,10.65,164,176.36
2025-02-09,Sunday,7,6,2,Winter,1,0,0,0,0,0,0,0.0,24.6,16.6,50.0,None,0,0,0,82,19,7,10,5,118,129,171,158,171.14,19.78,161,173.86
2025-02-10,Monday,1,7,2,Winter,0,0,0,0,0,0,0,0.7,24.1,15.1,51.8,None,0,0,0,100,22,7,7,7,136,118,129,186,165.43,27.15,180,170.79
2025-02-11,Tuesday,2,7,2,Winter,0,0,0,0,0,1,0,0.0,27.9,19.7,55.8,None,0,0,0,100,16,13,5,8,134,136,118,186,158.29,27.38,187,167.64
2025-02-12,Wednesday,3,7,2,Winter,0,0,0,1,0,0,1,0.0,21.9,14.0,49.6,None,0,0,0,108,21,7,16,9,152,134,136,187,150.86,25.86,197,163.86
2025-02-13,Thursday,4,7,2,Winter,0,0,0,0,0,1,0,0.0,21.2,15.1,61.0,None,0,0,0,95,20,13,6,7,134,152,134,181,145.86,21.39,180,160.64
2025-02-14,Friday,5,7,2,Winter,0,0,0,0,0,0,0,0.0,24.9,16.5,47.3,None,0,0,0,95,15,7,6,6,123,134,152,171,139.14,16.0,165,157.36
2025-02-15,Saturday,6,7,2,Winter,1,0,0,0,0,0,0,0.0,22.2,14.9,56.3,None,0,0,0,86,17,6,11,8,120,123,134,129,132.29,10.07,166,154.36
2025-02-16,Sunday,7,7,2,Winter,1,0,0,0,0,0,0,0.0,23.8,14.4,59.9,None,0,0,0,79,19,9,12,10,119,120,123,118,131.0,10.94,158,151.07
2025-02-17,Monday,1,8,2,Winter,0,0,0,0,0,0,0,0.0,25.3,18.1,59.5,None,0,0,0,95,17,8,7,8,127,119,120,136,131.14,10.78,186,148.29
2025-02-18,Tuesday,2,8,2,Winter,0,0,0,0,0,1,0,0.0,26.6,17.5,47.2,None,0,0,0,98,13,13,9,8,133,127,119,134,129.86,10.66,186,144.07
2025-02-19,Wednesday,3,8,2,Winter,0,0,0,1,0,0,1,1.1,27.7,21.7,48.7,None,0,0,0,107,16,7,13,8,143,133,127,152,129.71,10.61,187,140.29
2025-02-20,Thursday,4,8,2,Winter,0,0,0,0,0,1,0,0.0,24.9,17.7,58.9,None,0,0,0,96,18,13,9,6,136,143,133,134,128.43,8.07,181,137.14
2025-02-21,Friday,5,8,2,Winter,0,0,0,0,0,0,0,0.0,24.6,15.7,52.7,None,0,0,0,94,20,8,7,7,129,136,143,123,128.71,8.29,171,133.93
2025-02-22,Saturday,6,8,2,Winter,1,0,0,0,0,0,0,0.0,23.3,15.3,56.1,None,0,0,0,89,18,7,10,6,124,129,136,120,129.57,7.96,129,130.93
2025-02-23,Sunday,7,8,2,Winter,1,0,0,0,0,0,0,0.0,22.8,14.1,53.3,None,0,0,0,83,18,7,12,8,120,124,129,119,130.14,7.38,118,130.57
2025-02-24,Monday,1,9,2,Winter,0,0,0,0,0,0,0,0.0,23.1,14.8,61.0,None,0,0,0,101,20,9,6,7,136,120,124,127,130.29,7.17,136,130.71
2025-02-25,Tuesday,2,9,2,Winter,0,0,0,0,0,1,0,0.1,26.7,20.5,49.7,None,0,0,0,96,21,14,9,8,140,136,120,133,131.57,7.27,134,130.71
2025-02-26,Wednesday,3,9,2,Winter,0,0,0,1,0,0,1,0.0,23.9,15.5,50.6,None,0,0,0,112,17,8,13,9,150,140,136,143,132.57,7.85,152,131.14
2025-02-27,Thursday,4,9,2,Winter,0,0,0,0,0,1,0,0.0,24.2,14.8,45.8,None,0,0,0,100,19,14,5,7,138,150,140,136,133.57,9.41,134,131.0
2025-02-28,Friday,5,9,2,Winter,0,0,0,0,0,0,0,0.0,28.2,19.6,48.3,None,0,0,0,94,17,7,8,7,126,138,150,129,133.86,9.51,123,131.29
2025-03-01,Saturday,6,9,3,Summer,1,0,0,0,0,0,0,0.0,24.9,15.5,55.6,None,0,0,0,84,24,7,12,8,127,126,138,124,133.43,9.78,120,131.5
2025-03-02,Sunday,7,9,3,Summer,1,0,0,0,0,0,0,0.0,26.8,17.4,51.6,None,0,0,0,83,17,9,10,7,119,127,126,120,133.86,9.42,119,132.0
2025-03-03,Monday,1,10,3,Summer,0,0,0,0,0,0,0,0.0,25.4,16.5,54.0,None,0,0,0,100,15,9,4,7,128,119,127,136,133.71,9.63,127,132.0
2025-03-04,Tuesday,2,10,3,Summer,0,0,0,0,0,1,0,0.0,26.4,20.2,52.4,None,0,0,0,99,17,14,8,9,138,128,119,140,132.57,9.77,133,132.07
2025-03-05,Wednesday,3,10,3,Summer,0,0,0,1,0,0,1,0.0,25.3,17.3,50.1,None,0,0,0,109,18,8,13,8,148,138,128,150,132.29,9.57,143,132.43
2025-03-06,Thursday,4,10,3,Summer,0,0,0,0,0,1,0,0.0,27.4,19.8,56.5,None,0,0,0,94,21,13,5,7,133,148,138,138,132.0,9.06,136,132.79
2025-03-07,Friday,5,10,3,Summer,0,0,1,0,0,0,2,0.0,26.9,19.9,49.7,None,0,0,0,106,18,9,16,8,149,133,148,126,131.29,8.75,129,132.57
2025-03-08,Saturday,6,10,3,Summer,1,0,0,0,0,0,0,0.0,24.9,17.5,48.7,None,0,0,0,86,15,7,12,8,120,149,133,127,134.57,10.32,124,134.0
2025-03-09,Sunday,7,10,3,Summer,1,0,0,0,0,0,0,0.0,26.2,19.6,50.1,None,0,0,0,82,13,8,10,6,113,120,149,119,133.57,11.3,120,133.71
2025-03-10,Monday,1,11,3,Summer,0,0,0,0,0,0,0,2.3,27.2,18.9,51.1,None,0,0,0,100,22,8,9,7,139,113,120,128,132.71,12.53,136,133.21
2025-03-11,Tuesday,2,11,3,Summer,0,0,0,0,0,1,0,0.0,29.4,22.5,52.7,None,0,0,0,100,16,11,11,8,138,139,113,138,134.29,12.53,140,133.43
2025-03-12,Wednesday,3,11,3,Summer,0,0,1,1,0,0,3,0.0,22.1,13.7,51.5,None,0,0,0,115,22,10,21,10,168,138,139,148,134.29,12.53,150,133.29
2025-03-13,Thursday,4,11,3,Summer,0,0,0,0,0,1,0,0.0,26.8,18.2,54.0,None,0,0,0,98,24,12,8,10,142,168,138,133,137.14,16.86,138,134.57
2025-03-14,Friday,5,11,3,Summer,0,0,1,0,0,0,1,0.0,25.3,16.1,54.6,None,0,0,0,104,19,8,14,8,145,142,168,149,138.43,16.84,126,134.86
2025-03-15,Saturday,6,11,3,Summer,1,0,0,0,0,0,0,0.0,25.5,18.1,56.4,None,0,0,0,83,20,8,11,8,122,145,142,120,137.86,16.54,127,136.21
2025-03-16,Sunday,7,11,3,Summer,1,0,1,0,0,0,3,0.0,28.4,20.0,46.9,None,0,0,0,84,20,8,22,10,134,122,145,113,138.14,16.24,119,135.86
2025-03-17,Monday,1,12,3,Summer,0,0,1,0,0,0,1,0.0,27.6,22.6,53.1,None,0,0,0,106,20,9,15,9,150,134,122,139,141.14,12.92,128,136.93
2025-03-18,Tuesday,2,12,3,Summer,0,0,0,0,0,1,0,0.0,30.0,22.0,48.9,None,0,0,0,107,17,14,8,8,146,150,134,138,142.71,13.23,138,138.5
2025-03-19,Wednesday,3,12,3,Summer,0,0,0,1,0,0,1,0.0,29.2,24.7,48.1,None,0,0,0,107,18,8,13,10,146,146,150,168,143.86,13.12,148,139.07
2025-03-20,Thursday,4,12,3,Summer,0,0,0,0,0,1,0,0.0,28.2,19.2,48.9,None,0,0,0,97,16,13,5,7,131,146,146,142,140.71,8.92,133,138.93
2025-03-21,Friday,5,12,3,Summer,0,0,0,0,0,0,0,0.0,28.0,17.8,50.4,None,0,0,0,94,17,10,6,7,127,131,146,145,139.14,9.51,149,138.79
2025-03-22,Saturday,6,12,3,Summer,1,0,0,0,0,0,0,0.0,23.8,14.8,50.9,None,0,0,0,87,17,10,10,10,124,127,131,122,136.57,10.0,120,137.21
2025-03-23,Sunday,7,12,3,Summer,1,0,0,0,0,0,0,0.0,30.3,21.3,50.2,None,0,0,0,83,18,8,13,7,122,124,127,134,136.86,9.6,113,137.5
2025-03-24,Monday,1,13,3,Summer,0,0,0,0,0,0,0,1.4,27.5,20.3,48.5,None,0,0,0,105,20,8,8,7,141,122,124,150,135.14,10.93,139,138.14
2025-03-25,Tuesday,2,13,3,Summer,0,0,0,0,1,1,0,0.0,30.7,22.9,45.6,None,0,0,0,100,17,17,8,8,142,141,122,146,133.86,9.55,138,138.29
2025-03-26,Wednesday,3,13,3,Summer,0,0,1,1,0,0,4,1.6,30.2,23.4,49.6,None,0,0,0,116,18,9,24,12,167,142,141,146,133.29,8.91,168,138.57
2025-03-27,Thursday,4,13,3,Summer,0,0,0,0,0,1,0,0.0,25.5,16.2,49.9,None,0,0,0,95,19,15,7,7,136,167,142,131,136.29,14.48,142,138.5
2025-03-28,Friday,5,13,3,Summer,0,0,0,0,0,0,0,0.0,27.4,17.8,57.6,None,0,0,0,94,20,10,6,6,130,136,167,127,137.0,14.32,145,138.07
2025-03-29,Saturday,6,13,3,Summer,1,0,0,0,0,0,0,0.0,28.3,21.3,49.7,None,0,0,0,87,19,8,13,9,127,130,136,124,137.43,14.06,122,137.0
2025-03-30,Sunday,7,13,3,Summer,1,0,0,0,0,0,0,0.0,25.7,15.6,51.7,None,0,0,0,80,20,8,9,6,117,127,130,122,137.86,13.68,134,137.36
2025-03-31,Monday,1,14,3,Summer,0,0,0,0,0,0,0,0.0,26.8,19.5,54.4,None,0,0,0,104,22,7,9,8,142,117,127,141,137.14,14.59,150,136.14
2025-04-01,Tuesday,2,14,4,Summer,0,0,0,0,0,1,0,0.0,29.1,19.7,46.6,None,0,0,0,100,17,14,9,8,140,142,117,142,137.29,14.64,146,135.57
2025-04-02,Wednesday,3,14,4,Summer,0,0,0,1,0,0,1,0.0,30.5,23.7,50.9,None,0,0,0,108,18,9,13,7,148,140,142,167,137.0,14.56,146,135.14
2025-04-03,Thursday,4,14,4,Summer,0,0,0,0,0,1,0,0.0,29.2,21.0,48.7,None,0,0,0,96,17,14,9,7,136,148,140,136,134.29,9.66,131,135.29
2025-04-04,Friday,5,14,4,Summer,0,0,0,0,0,0,0,0.1,30.5,22.6,44.6,None,0,0,0,92,17,8,7,6,124,136,148,130,134.29,9.66,127,135.64
2025-04-05,Saturday,6,14,4,Summer,1,0,0,0,1,0,0,0.0,30.3,20.4,51.2,None,0,0,0,93,17,12,10,8,132,124,136,127,133.43,10.25,124,135.43
2025-04-06,Sunday,7,14,4,Summer,1,0,0,0,0,0,0,1.8,29.6,20.9,50.8,None,0,0,0,84,23,9,12,9,128,132,124,117,134.14,9.95,122,136.0
2025-04-07,Monday,1,15,4,Summer,0,0,0,0,0,0,0,0.0,32.3,22.8,47.3,None,0,0,0,99,14,8,5,6,126,128,132,142,135.71,7.74,141,136.43
2025-04-08,Tuesday,2,15,4,Summer,0,0,0,0,0,1,0,0.0,31.0,23.7,48.4,None,0,0,0,98,16,12,8,8,134,126,128,140,133.43,7.91,142,135.36
2025-04-09,Wednesday,3,15,4,Summer,0,0,0,1,0,0,1,0.0,29.8,22.0,46.1,None,0,0,0,110,17,11,12,9,150,134,126,148,132.57,7.46,167,134.79
2025-04-10,Thursday,4,15,4,Summer,0,0,0,0,0,1,0,0.0,30.8,21.1,46.8,None,0,0,0,99,14,14,9,8,136,150,134,136,132.86,8.06,136,133.57
2025-04-11,Friday,5,15,4,Summer,0,0,0,0,0,0,0,0.0,30.0,21.2,44.2,None,0,0,0,92,17,9,7,6,125,136,150,124,132.86,8.06,130,133.57
2025-04-12,Saturday,6,15,4,Summer,1,0,0,0,0,0,0,0.0,28.5,19.9,50.7,None,0,0,0,89,18,9,11,7,127,125,136,132,133.0,7.91,127,133.21
2025-04-13,Sunday,7,15,4,Summer,1,0,0,0,0,0,0,0.0,28.9,21.2,47.6,None,0,0,0,81,18,8,12,8,119,127,125,128,132.29,8.19,117,133.21
2025-04-14,Monday,1,16,4,Summer,0,0,0,0,0,0,0,0.0,34.5,25.1,43.3,None,0,0,0,101,15,8,6,6,130,119,127,126,131.0,9.38,142,133.36
2025-04-15,Tuesday,2,16,4,Summer,0,0,0,0,0,1,0,0.0,30.0,23.4,41.8,None,0,0,0,107,16,13,6,7,142,130,119,134,131.57,9.18,140,132.5
2025-04-16,Wednesday,3,16,4,Summer,0,0,0,1,0,0,1,0.0,30.4,20.8,48.4,None,0,0,0,108,18,8,13,9,147,142,130,150,132.71,9.88,148,132.64
2025-04-17,Thursday,4,16,4,Summer,0,0,0,0,0,1,0,0.0,31.6,23.0,40.4,None,0,0,0,100,17,13,5,8,135,147,142,136,132.29,9.16,136,132.57
2025-04-18,Friday,5,16,4,Summer,0,0,0,0,0,0,0,0.0,31.6,25.0,49.2,None,0,0,0,96,18,10,7,7,131,135,147,125,132.14,9.11,124,132.5
2025-04-19,Saturday,6,16,4,Summer,1,0,0,0,0,0,0,0.2,31.5,20.9,43.5,None,0,0,0,89,15,9,13,8,126,131,135,127,133.0,8.67,132,133.0
2025-04-20,Sunday,7,16,4,Summer,1,0,0,0,0,0,0,0.0,29.1,18.5,53.8,None,0,0,0,85,18,7,15,7,125,126,131,119,132.86,8.77,128,132.57
2025-04-21,Monday,1,17,4,Summer,0,0,0,0,0,0,0,0.0,31.6,23.2,46.4,None,0,0,0,105,17,9,5,8,136,125,126,130,133.71,7.59,126,132.36
2025-04-22,Tuesday,2,17,4,Summer,0,0,0,0,0,1,0,0.0,32.0,23.8,49.8,None,0,0,0,104,15,15,8,8,142,136,125,142,134.57,7.46,134,133.07
2025-04-23,Wednesday,3,17,4,Summer,0,0,0,1,0,0,1,0.0,32.0,23.1,48.3,None,0,0,0,107,20,9,13,9,149,142,136,147,134.57,7.46,150,133.64
2025-04-24,Thursday,4,17,4,Summer,0,0,0,0,0,1,0,0.0,29.6,21.0,57.8,None,0,0,0,101,26,14,7,8,148,149,142,135,134.86,7.95,136,133.57
2025-04-25,Friday,5,17,4,Summer,0,0,0,0,0,0,0,0.0,30.6,25.1,51.1,None,0,0,0,97,18,10,9,8,134,148,149,131,136.71,9.19,125,134.43
2025-04-26,Saturday,6,17,4,Summer,1,0,0,0,0,0,0,0.0,30.0,20.8,50.0,None,0,0,0,86,19,8,12,9,125,134,148,126,137.14,8.98,127,135.07
2025-04-27,Sunday,7,17,4,Summer,1,0,0,0,0,0,0,0.2,31.1,24.4,42.6,None,0,0,0,85,15,9,12,7,121,125,134,125,137.0,9.17,119,134.93
2025-04-28,Monday,1,18,4,Summer,0,0,0,0,0,0,0,1.0,30.1,22.4,47.9,None,0,0,0,107,14,9,7,8,137,121,125,136,136.43,9.98,130,135.07
2025-04-29,Tuesday,2,18,4,Summer,0,0,0,0,0,1,0,0.0,34.1,27.2,43.5,None,0,0,0,101,17,15,9,9,142,137,121,142,136.57,9.98,142,135.57
2025-04-30,Wednesday,3,18,4,Summer,0,0,0,1,0,0,1,0.0,32.0,25.3,47.8,None,0,0,0,113,21,9,15,10,158,142,137,149,136.57,9.98,147,135.57
2025-05-01,Thursday,4,18,5,Summer,0,1,0,0,0,1,1,0.0,31.8,25.8,43.5,None,0,0,0,99,19,13,7,8,138,158,142,148,137.86,11.9,135,136.36
2025-05-02,Friday,5,18,5,Summer,0,0,0,0,0,0,0,0.0,30.7,24.9,55.0,None,0,0,0,98,20,9,8,7,135,138,158,134,136.43,11.17,131,136.57
2025-05-03,Saturday,6,18,5,Summer,1,0,0,0,0,0,0,0.0,30.2,22.6,43.0,None,0,0,0,86,17,10,12,8,125,135,138,125,136.57,11.15,126,136.86
2025-05-04,Sunday,7,18,5,Summer,1,0,0,0,0,0,0,0.0,34.3,25.4,44.5,None,0,0,0,82,13,10,12,6,117,125,135,121,136.57,11.15,125,136.79
2025-05-05,Monday,1,19,5,Summer,0,0,0,0,0,0,0,0.0,33.1,23.0,44.8,None,0,0,0,107,15,9,10,7,141,117,125,137,136.0,12.0,136,136.21
2025-05-06,Tuesday,2,19,5,Summer,0,0,0,0,0,1,0,0.0,32.2,23.6,44.3,None,0,0,0,101,18,13,7,8,139,141,117,142,136.57,12.13,142,136.57
2025-05-07,Wednesday,3,19,5,Summer,0,0,0,1,0,0,1,0.0,30.3,23.0,45.6,None,0,0,0,109,19,9,12,9,149,139,141,158,136.14,11.98,149,136.36
2025-05-08,Thursday,4,19,5,Summer,0,0,0,0,0,1,0,0.0,31.7,23.2,45.3,None,0,0,0,96,14,13,8,8,131,149,139,138,134.86,9.86,148,136.36
2025-05-09,Friday,5,19,5,Summer,0,0,0,0,0,0,0,1.4,33.0,25.3,43.9,None,0,0,0,100,21,7,7,7,135,131,149,135,133.86,9.85,134,135.14
2025-05-10,Saturday,6,19,5,Summer,1,0,0,0,0,0,0,0.0,32.9,25.6,49.8,None,0,0,0,83,19,8,13,6,123,135,131,125,133.86,9.85,125,135.21
2025-05-11,Sunday,7,19,5,Summer,1,0,0,0,0,0,0,0.0,31.8,24.6,48.1,None,0,0,0,85,17,11,13,8,126,123,135,117,133.57,10.13,121,135.07
2025-05-12,Monday,1,20,5,Summer,0,0,0,0,0,0,0,0.9,32.4,24.8,43.2,None,0,0,0,103,19,9,7,8,138,126,123,141,134.86,8.36,137,135.43
2025-05-13,Tuesday,2,20,5,Summer,0,0,0,0,0,1,0,0.0,31.0,23.0,45.8,None,0,0,0,103,17,13,7,8,140,138,126,139,134.43,8.1,142,135.5
2025-05-14,Wednesday,3,20,5,Summer,0,0,0,1,0,0,1,0.0,32.8,25.5,48.4,None,0,0,0,111,14,9,14,8,148,140,138,149,134.57,8.19,158,135.36
2025-05-15,Thursday,4,20,5,Summer,0,0,0,0,0,1,0,0.0,34.5,25.9,47.9,None,0,0,0,98,19,14,9,8,140,148,140,131,134.43,7.94,138,134.64
2025-05-16,Friday,5,20,5,Summer,0,0,0,0,0,0,0,0.0,32.0,26.0,49.4,None,0,0,0,99,15,9,6,7,129,140,148,135,135.71,8.01,135,134.79
2025-05-17,Saturday,6,20,5,Summer,1,0,0,0,0,0,0,0.0,33.1,24.3,43.2,None,0,0,0,93,18,10,9,8,130,129,140,123,134.86,8.36,125,134.36
2025-05-18,Sunday,7,20,5,Summer,1,0,0,0,0,0,0,0.0,32.6,25.4,43.4,None,0,0,0,83,18,9,12,9,122,130,129,126,135.86,7.22,117,134.71
2025-05-19,Monday,1,21,5,Summer,0,0,0,0,1,0,0,0.0,34.0,26.0,41.1,None,0,0,0,108,19,13,6,7,146,122,130,138,135.29,8.08,141,135.07
2025-05-20,Tuesday,2,21,5,Summer,0,0,0,0,0,1,0,0.3,33.7,25.4,47.5,None,0,0,0,99,15,13,8,8,135,146,122,140,136.43,8.91,139,135.43
2025-05-21,Wednesday,3,21,5,Summer,0,0,0,1,0,0,1,0.0,33.3,22.6,48.1,None,0,0,0,111,21,9,10,8,151,135,146,148,135.71,8.79,149,135.14
2025-05-22,Thursday,4,21,5,Summer,0,0,0,0,0,1,0,0.0,32.3,22.6,51.6,None,0,0,0,97,17,15,4,8,133,151,135,140,136.14,9.43,131,135.29
2025-05-23,Friday,5,21,5,Summer,0,0,0,0,0,0,0,3.0,35.2,27.3,41.8,Diarrheal,3,1,5,110,30,7,7,8,154,133,151,129,135.14,9.34,135,135.43
2025-05-24,Saturday,6,21,5,Summer,1,0,0,0,0,0,0,0.2,31.3,23.2,42.7,Diarrheal,3,1,4,102,36,10,9,10,157,154,133,130,138.71,10.95,123,136.79
2025-05-25,Sunday,7,21,5,Summer,1,0,0,0,0,0,0,0.0,33.8,27.2,49.7,Diarrheal,3,1,6,95,33,7,8,8,143,157,154,122,142.57,11.91,126,139.21
2025-05-26,Monday,1,22,5,Summer,0,0,0,0,0,0,0,0.0,33.7,27.9,44.1,Diarrheal,3,1,4,117,32,7,6,8,162,143,157,146,145.57,8.52,138,140.43
2025-05-27,Tuesday,2,22,5,Summer,0,0,0,0,0,1,0,0.0,32.0,22.3,45.5,Diarrheal,3,1,5,112,33,15,9,10,169,162,143,135,147.86,10.29,140,142.14
2025-05-28,Wednesday,3,22,5,Summer,0,0,0,1,0,0,1,0.0,35.7,28.3,48.1,Diarrheal,3,1,5,123,33,8,11,10,175,169,162,151,152.71,11.07,148,144.21
2025-05-29,Thursday,4,22,5,Summer,0,0,0,0,0,1,0,0.0,35.4,29.6,38.7,Diarrheal,3,1,4,107,28,13,10,9,158,175,169,133,156.14,13.46,140,146.14
2025-05-30,Friday,5,22,5,Summer,0,0,0,0,0,0,0,0.0,30.7,24.3,52.2,Diarrheal,3,1,5,108,33,8,7,8,156,158,175,154,159.71,9.62,129,147.43
2025-05-31,Saturday,6,22,5,Summer,1,0,0,0,0,0,0,0.0,35.9,29.2,41.1,Diarrheal,3,1,4,107,30,8,10,8,155,156,158,157,160.0,9.47,130,149.36
2025-06-01,Sunday,7,22,6,Monsoon,1,0,0,0,0,0,0,15.5,33.4,23.2,72.1,Diarrheal,3,1,4,94,41,8,12,10,155,155,156,143,159.71,9.59,122,151.14
2025-06-02,Monday,1,23,6,Monsoon,0,0,0,0,0,0,0,8.7,33.4,24.1,79.0,Diarrheal,3,1,6,110,41,8,9,9,168,155,155,162,161.43,7.23,146,153.5
2025-06-03,Tuesday,2,23,6,Monsoon,0,0,0,0,0,1,0,10.4,36.8,28.8,79.0,Diarrheal,3,1,4,109,50,13,8,12,180,168,155,169,162.29,7.59,135,155.07
2025-06-04,Wednesday,3,23,6,Monsoon,0,0,0,1,0,0,1,12.6,34.8,25.6,73.4,Diarrheal,3,1,3,121,42,8,13,12,184,180,168,175,163.86,9.67,151,158.29
2025-06-05,Thursday,4,23,6,Monsoon,0,0,0,0,0,1,0,28.1,34.9,24.5,80.8,Diarrheal,3,1,6,105,52,12,8,11,177,184,180,158,165.14,11.49,133,160.64
2025-06-06,Friday,5,23,6,Monsoon,0,0,0,0,0,0,0,25.8,33.7,27.3,73.3,Diarrheal,3,1,7,111,44,9,8,10,172,177,184,156,167.86,11.73,154,163.79
2025-06-07,Saturday,6,23,6,Monsoon,1,0,0,0,0,0,0,19.7,36.1,28.3,70.2,Diarrheal,3,1,4,99,43,10,14,11,166,172,177,155,170.14,10.71,157,165.07
2025-06-08,Sunday,7,23,6,Monsoon,1,0,0,0,0,0,0,5.4,31.4,23.5,70.0,Diarrheal,3,1,3,88,41,6,11,10,146,166,172,155,171.71,9.05,143,165.71
2025-06-09,Monday,1,24,6,Monsoon,0,0,0,0,0,0,0,12.7,32.7,26.0,76.1,Diarrheal,3,1,4,114,42,8,9,10,173,146,166,168,170.43,11.61,162,165.93
2025-06-10,Tuesday,2,24,6,Monsoon,0,0,0,0,0,1,0,16.5,34.8,27.5,75.1,Diarrheal,3,1,4,111,43,12,6,10,172,173,146,180,171.14,11.59,169,166.71
2025-06-11,Wednesday,3,24,6,Monsoon,0,0,0,1,0,0,1,71.7,33.3,23.5,96.6,Diarrheal,3,1,4,115,56,8,14,12,193,172,173,184,170.0,11.05,175,166.93
2025-06-12,Thursday,4,24,6,Monsoon,0,0,0,0,0,1,0,13.8,36.4,27.5,70.7,Diarrheal,3,1,4,110,42,14,7,11,173,193,172,177,171.29,12.96,158,168.21
2025-06-13,Friday,5,24,6,Monsoon,0,0,0,0,0,0,0,25.2,34.3,24.0,77.7,Diarrheal,3,1,5,103,42,8,6,8,159,173,193,172,170.71,12.78,156,169.29
2025-06-14,Saturday,6,24,6,Monsoon,1,0,0,0,0,0,0,15.1,33.8,25.8,77.9,Diarrheal,3,1,5,96,46,7,10,11,159,159,173,166,168.86,13.39,155,169.5
2025-06-15,Sunday,7,24,6,Monsoon,1,0,0,0,0,0,0,8.5,32.7,27.3,70.0,None,0,0,0,81,21,9,8,7,119,159,159,146,167.86,13.82,155,169.79
2025-06-16,Monday,1,25,6,Monsoon,0,0,0,0,0,0,0,20.1,33.4,24.4,75.8,None,0,0,0,103,32,8,7,8,150,119,159,173,164.0,21.19,168,167.21
2025-06-17,Tuesday,2,25,6,Monsoon,0,0,0,0,0,1,0,54.2,33.9,25.4,87.4,None,0,0,0,98,33,11,8,9,150,150,119,172,160.71,21.32,180,165.93
2025-06-18,Wednesday,3,25,6,Monsoon,0,0,0,1,0,0,1,20.4,34.3,23.8,71.1,None,0,0,0,105,29,7,14,9,155,150,150,193,157.57,21.04,184,163.79
2025-06-19,Thursday,4,25,6,Monsoon,0,0,0,0,1,1,0,20.9,33.6,25.4,67.7,None,0,0,0,98,30,16,7,10,151,155,150,173,152.14,15.33,177,161.71
2025-06-20,Friday,5,25,6,Monsoon,0,0,0,0,0,0,0,20.3,36.3,26.9,72.5,None,0,0,0,93,28,5,6,7,132,151,155,159,149.0,12.77,172,159.86
2025-06-21,Saturday,6,25,6,Monsoon,1,0,0,0,0,0,0,17.6,33.9,26.8,78.9,None,0,0,0,87,27,7,14,8,135,132,151,159,145.14,13.24,166,157.0
2025-06-22,Sunday,7,25,6,Monsoon,1,0,0,0,0,0,0,9.7,32.9,26.4,76.9,None,0,0,0,80,24,7,9,8,120,135,132,119,141.71,12.28,146,154.79
2025-06-23,Monday,1,26,6,Monsoon,0,0,0,0,0,0,0,23.5,35.4,27.4,77.3,None,0,0,0,98,29,7,8,7,142,120,135,150,141.86,12.02,173,152.93
2025-06-24,Tuesday,2,26,6,Monsoon,0,0,0,0,0,1,0,48.9,36.4,27.8,82.8,None,0,0,0,100,34,9,4,8,147,142,120,150,140.71,11.56,172,150.71
2025-06-25,Wednesday,3,26,6,Monsoon,0,0,0,1,0,0,1,15.3,36.6,30.2,80.8,None,0,0,0,108,31,8,11,10,158,147,142,155,140.29,11.26,193,148.93
2025-06-26,Thursday,4,26,6,Monsoon,0,0,0,0,0,1,0,36.0,32.2,24.4,88.2,None,0,0,0,89,29,13,9,9,140,158,147,151,140.71,11.85,173,146.43
2025-06-27,Friday,5,26,6,Monsoon,0,0,0,0,0,0,0,31.4,34.6,25.6,84.1,None,0,0,0,93,33,6,6,9,138,140,158,132,139.14,11.09,159,144.07
2025-06-28,Saturday,6,26,6,Monsoon,1,0,0,0,0,0,0,26.8,32.4,24.0,83.1,None,0,0,0,81,33,6,14,9,134,138,140,135,140.0,10.73,159,142.57
2025-06-29,Sunday,7,26,6,Monsoon,1,0,0,0,0,0,0,10.9,32.7,24.3,73.7,None,0,0,0,78,33,7,10,8,128,134,138,120,139.86,10.8,119,140.79
2025-06-30,Monday,1,27,6,Monsoon,0,0,0,0,0,0,0,10.0,34.7,27.5,72.6,None,0,0,0,99,25,7,6,7,137,128,134,142,141.0,8.9,150,141.43
2025-07-01,Tuesday,2,27,7,Monsoon,0,0,0,0,0,1,0,55.4,37.7,28.1,93.0,None,0,0,0,99,40,11,8,10,158,137,128,147,140.29,8.99,150,140.5
2025-07-02,Wednesday,3,27,7,Monsoon,0,0,0,1,0,0,1,32.4,30.9,23.0,85.5,None,0,0,0,106,33,6,11,10,156,158,137,158,141.86,10.8,155,141.07
2025-07-03,Thursday,4,27,7,Monsoon,0,0,0,0,0,1,0,58.7,34.4,26.2,94.8,None,0,0,0,91,37,11,3,8,142,156,158,140,141.57,10.39,151,141.14
2025-07-04,Friday,5,27,7,Monsoon,0,0,0,0,0,0,0,19.1,34.4,26.6,81.7,None,0,0,0,90,31,7,6,7,134,142,156,138,141.86,10.37,132,140.5
2025-07-05,Saturday,6,27,7,Monsoon,1,0,0,0,0,0,0,26.5,33.8,24.2,82.6,None,0,0,0,84,32,7,10,7,133,134,142,134,141.29,10.67,135,140.64
2025-07-06,Sunday,7,27,7,Monsoon,1,0,0,0,0,0,0,11.0,35.3,25.5,70.8,None,0,0,0,80,34,7,13,10,134,133,134,128,141.14,10.78,120,140.5
2025-07-07,Monday,1,28,7,Monsoon,0,0,0,0,0,0,0,21.7,34.7,26.6,81.4,None,0,0,0,99,29,5,8,8,141,134,133,137,142.0,9.9,142,141.5
2025-07-08,Tuesday,2,28,7,Monsoon,0,0,0,0,0,1,0,8.8,32.6,23.4,73.5,None,0,0,0,99,26,12,7,9,144,141,134,158,142.57,9.71,147,141.43
2025-07-09,Wednesday,3,28,7,Monsoon,0,0,0,1,0,0,1,14.6,32.7,22.0,78.2,None,0,0,0,110,29,7,15,9,161,144,141,156,140.57,7.52,158,141.21
2025-07-10,Thursday,4,28,7,Monsoon,0,0,0,0,0,1,0,32.2,32.7,24.0,81.6,None,0,0,0,96,32,11,6,10,145,161,144,142,141.29,9.04,140,141.43
2025-07-11,Friday,5,28,7,Monsoon,0,0,0,0,0,0,0,42.7,32.4,24.1,83.0,None,0,0,0,95,31,5,8,7,139,145,161,134,141.71,9.13,138,141.79
2025-07-12,Saturday,6,28,7,Monsoon,1,0,0,0,0,0,0,18.7,34.6,28.3,78.6,None,0,0,0,80,29,5,13,8,127,139,145,133,142.43,8.68,134,141.86
2025-07-13,Sunday,7,28,7,Monsoon,1,0,0,0,1,0,0,14.8,32.4,25.6,78.3,None,0,0,0,83,29,11,11,10,134,127,139,134,141.57,9.8,128,141.36
2025-07-14,Monday,1,29,7,Monsoon,0,0,0,0,0,0,0,25.0,35.9,27.6,73.1,None,0,0,0,101,30,6,9,8,146,134,127,141,141.57,9.8,137,141.79
2025-07-15,Tuesday,2,29,7,Monsoon,0,0,0,0,0,1,0,47.7,32.1,24.8,85.0,None,0,0,0,98,33,10,4,8,145,146,134,144,142.29,9.91,158,142.43
2025-07-16,Wednesday,3,29,7,Monsoon,0,0,0,1,0,0,1,8.0,34.7,24.8,71.6,None,0,0,0,109,26,6,9,8,150,145,146,161,142.43,9.94,156,141.5
2025-07-17,Thursday,4,29,7,Monsoon,0,0,0,0,0,1,0,16.9,33.2,25.5,72.4,None,0,0,0,91,26,12,8,8,137,150,145,145,140.86,7.43,142,141.07
2025-07-18,Friday,5,29,7,Monsoon,0,0,0,0,0,0,0,19.1,35.0,27.7,71.8,None,0,0,0,94,28,6,10,8,138,137,150,139,139.71,7.32,134,140.71
2025-07-19,Saturday,6,29,7,Monsoon,1,0,0,0,0,0,0,22.6,33.6,26.0,76.9,None,0,0,0,83,26,7,11,9,127,138,137,127,139.57,7.35,133,141.0
2025-07-20,Sunday,7,29,7,Monsoon,1,0,0,0,0,0,0,17.1,31.6,24.3,82.1,None,0,0,0,81,30,6,12,9,129,127,138,134,139.57,7.35,134,140.57
2025-07-21,Monday,1,30,7,Monsoon,0,0,0,0,0,0,0,30.8,32.5,24.1,83.2,None,0,0,0,93,33,6,6,7,138,129,127,146,138.86,8.06,141,140.21
2025-07-22,Tuesday,2,30,7,Monsoon,0,0,0,0,1,1,0,8.4,32.5,25.6,76.9,None,0,0,0,103,25,15,7,9,150,138,129,145,137.71,7.52,144,140.0
2025-07-23,Wednesday,3,30,7,Monsoon,0,0,0,1,0,0,1,10.1,33.2,25.8,80.3,None,0,0,0,104,25,6,12,8,147,150,138,150,138.43,8.36,161,140.43
2025-07-24,Thursday,4,30,7,Monsoon,0,0,0,0,1,1,0,20.8,31.3,25.1,77.8,None,0,0,0,95,26,15,9,10,145,147,150,137,138.0,7.82,145,139.43
2025-07-25,Friday,5,30,7,Monsoon,0,0,0,0,0,0,0,12.4,32.4,25.7,68.9,Malaria,4,1,7,90,58,5,6,8,159,145,147,138,139.14,8.17,139,139.43
2025-07-26,Saturday,6,30,7,Monsoon,1,0,0,0,0,0,0,27.5,34.6,26.8,80.8,Malaria,4,1,8,80,62,6,12,13,160,159,145,127,142.14,10.67,127,140.86
2025-07-27,Sunday,7,30,7,Monsoon,1,0,0,0,0,0,0,18.1,35.7,29.8,79.9,Malaria,4,1,6,79,55,5,14,11,153,160,159,129,146.86,10.22,134,143.21
2025-07-28,Monday,1,31,7,Monsoon,0,0,0,0,0,0,0,10.2,31.1,22.8,69.9,Malaria,4,1,6,98,60,7,8,11,173,153,160,138,150.29,7.24,146,144.57
2025-07-29,Tuesday,2,31,7,Monsoon,0,0,0,0,0,1,0,12.2,34.1,27.2,72.9,Malaria,4,1,6,96,61,13,6,10,176,173,153,150,155.29,8.92,145,146.5
2025-07-30,Wednesday,3,31,7,Monsoon,0,0,0,1,0,0,1,30.9,31.4,24.5,78.5,Malaria,4,1,6,99,63,6,14,12,182,176,173,147,159.0,11.1,150,148.71
2025-07-31,Thursday,4,31,7,Monsoon,0,0,0,0,0,1,0,12.6,33.6,27.5,72.4,Malaria,4,1,5,95,56,12,7,11,170,182,176,145,164.0,12.38,137,151.0
2025-08-01,Friday,5,31,8,Monsoon,0,0,0,0,0,0,0,42.1,34.8,28.4,84.5,Malaria,4,1,6,86,65,4,10,10,165,170,182,159,167.57,9.69,138,153.36
2025-08-02,Saturday,6,31,8,Monsoon,1,0,0,0,0,0,0,22.9,34.4,25.2,78.2,Malaria,4,1,6,76,56,7,7,10,146,165,170,160,168.43,9.15,127,155.29
2025-08-03,Sunday,7,31,8,Monsoon,1,0,0,0,0,0,0,8.3,32.0,23.8,75.1,Malaria,4,1,7,81,54,7,11,11,153,146,165,153,166.43,11.89,129,156.64
2025-08-04,Monday,1,32,8,Monsoon,0,0,0,0,0,0,0,20.9,32.8,22.7,75.6,Malaria,4,1,6,93,61,5,8,10,167,153,146,173,166.43,11.89,138,158.36
2025-08-05,Tuesday,2,32,8,Monsoon,0,0,0,0,0,1,0,42.9,31.8,24.4,91.7,Malaria,4,1,7,98,65,12,6,11,181,167,153,176,165.57,11.6,150,160.43
2025-08-06,Wednesday,3,32,8,Monsoon,0,0,0,1,0,0,1,6.7,33.1,24.2,75.3,Malaria,4,1,5,104,57,7,13,12,181,181,167,182,166.29,12.35,147,162.64
2025-08-07,Thursday,4,32,8,Monsoon,0,0,0,0,0,1,0,30.4,30.8,23.3,81.4,Malaria,4,1,6,92,58,10,5,11,165,181,181,170,166.14,12.17,145,165.07
2025-08-08,Friday,5,32,8,Monsoon,0,0,1,0,0,0,3,26.5,28.8,20.9,81.5,Malaria,4,1,6,89,65,6,17,11,177,165,181,165,165.43,12.07,159,166.5
2025-08-09,Saturday,6,32,8,Monsoon,1,0,1,0,0,0,1,6.1,31.4,24.5,71.8,Malaria,4,1,5,88,55,6,18,12,167,177,165,146,167.14,12.72,160,167.79
2025-08-10,Sunday,7,32,8,Monsoon,1,0,0,0,0,0,0,40.1,32.9,26.1,73.8,Malaria,4,1,6,76,62,5,11,11,154,167,177,153,170.14,9.43,153,168.29
2025-08-11,Monday,1,33,8,Monsoon,0,0,0,0,0,0,0,43.9,29.4,22.1,95.0,Malaria,4,1,7,92,67,6,9,13,174,154,167,167,170.29,9.18,173,168.36
2025-08-12,Tuesday,2,33,8,Monsoon,0,0,0,0,0,1,0,8.5,31.6,23.1,74.5,Malaria,4,1,6,91,55,11,8,11,165,174,154,181,171.29,9.15,176,168.43
2025-08-13,Wednesday,3,33,8,Monsoon,0,0,0,1,0,0,1,8.4,34.8,24.9,79.1,Malaria,4,1,5,104,56,6,14,12,180,165,174,181,169.0,8.4,182,167.64
2025-08-14,Thursday,4,33,8,Monsoon,0,0,0,0,0,1,0,7.5,30.6,23.7,78.8,Malaria,4,1,6,92,58,12,8,10,170,180,165,165,168.86,8.2,170,167.5
2025-08-15,Friday,5,33,8,Monsoon,0,1,0,0,0,0,1,18.9,29.6,21.9,80.2,Malaria,4,1,5,87,59,5,10,8,161,170,180,177,169.57,8.05,165,167.5
2025-08-16,Saturday,6,33,8,Monsoon,1,0,0,0,0,0,0,10.7,30.5,21.1,85.1,Malaria,4,1,6,87,61,6,12,12,166,161,170,167,167.29,7.89,146,167.21
2025-08-17,Sunday,7,33,8,Monsoon,1,0,0,0,0,0,0,43.9,31.2,23.8,92.2,None,0,0,0,72,33,6,9,8,120,166,161,154,167.14,7.9,153,168.64
2025-08-18,Monday,1,34,8,Monsoon,0,0,0,0,0,0,0,18.6,33.8,28.0,76.4,None,0,0,0,94,27,5,6,7,132,120,166,174,162.29,18.21,167,166.29
2025-08-19,Tuesday,2,34,8,Monsoon,0,0,0,0,0,1,0,34.8,33.8,25.4,79.8,None,0,0,0,89,32,9,8,7,138,132,120,165,156.29,20.18,181,163.79
2025-08-20,Wednesday,3,34,8,Monsoon,0,0,0,1,0,0,1,22.1,31.3,25.2,77.7,Dengue,4,1,5,111,72,6,14,14,203,138,132,180,152.43,20.71,181,160.71
2025-08-21,Thursday,4,34,8,Monsoon,0,0,0,0,0,1,0,4.2,30.1,20.7,73.9,Dengue,4,1,6,102,68,11,9,12,190,203,138,170,155.71,25.98,165,162.29
2025-08-22,Friday,5,34,8,Monsoon,0,0,0,0,0,0,0,14.1,34.7,26.9,74.9,Dengue,4,1,6,95,71,7,8,12,181,190,203,161,158.57,28.38,177,164.07
2025-08-23,Saturday,6,34,8,Monsoon,1,0,0,0,0,0,0,0.0,32.5,24.0,67.6,Dengue,4,1,4,89,63,4,9,11,165,181,190,166,161.43,29.47,167,164.36
2025-08-24,Sunday,7,34,8,Monsoon,1,0,0,0,0,0,0,17.1,28.2,21.3,78.3,Dengue,4,1,7,80,71,6,9,11,166,165,181,120,161.29,29.45,154,164.21
2025-08-25,Monday,1,35,8,Monsoon,0,0,0,0,1,0,0,21.5,29.3,21.2,84.7,Dengue,4,1,6,108,76,9,4,11,197,166,165,132,167.86,24.16,174,165.07
2025-08-26,Tuesday,2,35,8,Monsoon,0,0,0,0,0,1,0,15.8,30.1,22.2,86.5,Dengue,4,1,5,100,70,10,7,12,187,197,166,138,177.14,20.86,165,166.71
2025-08-27,Wednesday,3,35,8,Monsoon,0,0,1,1,0,0,3,10.0,33.2,25.3,73.3,Dengue,4,1,5,117,68,5,22,15,212,187,197,203,184.14,13.46,180,168.29
2025-08-28,Thursday,4,35,8,Monsoon,0,0,0,0,0,1,0,13.4,29.1,21.7,76.0,Dengue,4,1,7,97,68,10,7,13,182,212,187,190,185.43,15.48,170,170.57
2025-08-29,Friday,5,35,8,Monsoon,0,0,0,0,0,0,0,20.4,31.1,24.7,79.2,Dengue,4,1,6,93,73,5,8,11,179,182,212,181,184.29,15.4,161,171.43
2025-08-30,Saturday,6,35,8,Monsoon,1,0,0,0,0,0,0,3.6,32.2,23.4,74.7,Dengue,4,1,8,90,69,6,12,13,177,179,182,165,184.0,15.47,166,172.71
2025-08-31,Sunday,7,35,8,Monsoon,1,0,0,0,0,0,0,46.6,28.5,18.0,90.6,Dengue,4,1,6,80,74,6,13,11,173,177,179,166,185.71,13.85,120,173.5
2025-09-01,Monday,1,36,9,Monsoon,0,0,0,0,0,0,0,7.8,31.4,23.4,67.6,Dengue,4,1,6,105,67,4,8,12,184,173,177,197,186.71,12.59,132,177.29
2025-09-02,Tuesday,2,36,9,Monsoon,0,0,0,0,0,1,0,20.7,30.5,22.8,87.9,Dengue,4,1,6,103,75,9,6,12,193,184,173,187,184.86,11.87,138,181.0
2025-09-03,Wednesday,3,36,9,Monsoon,0,0,0,1,0,0,1,7.4,31.3,23.0,66.6,Dengue,4,1,7,103,70,5,14,12,192,193,184,212,185.71,12.21,203,184.93
2025-09-04,Thursday,4,36,9,Monsoon,0,0,0,0,0,1,0,14.8,31.3,23.5,78.5,Dengue,4,1,7,93,70,11,7,11,181,192,193,182,182.86,6.92,190,184.14
2025-09-05,Friday,5,36,9,Monsoon,0,0,0,0,0,0,0,8.6,28.6,18.7,79.3,Dengue,4,1,7,98,70,7,5,9,180,181,192,179,182.71,6.94,181,183.5
2025-09-06,Saturday,6,36,9,Monsoon,1,0,0,0,0,0,0,12.9,30.0,21.0,79.6,Dengue,4,1,6,87,74,5,9,11,175,180,181,177,182.86,6.87,165,183.43
2025-09-07,Sunday,7,36,9,Monsoon,1,0,0,0,0,0,0,0.0,30.2,20.1,69.1,Dengue,4,1,6,85,65,6,13,11,169,175,180,173,182.57,7.15,166,184.14
2025-09-08,Monday,1,37,9,Monsoon,0,0,0,0,0,0,0,21.0,26.9,17.2,80.0,Dengue,4,1,6,109,72,5,5,10,191,169,175,184,182.0,8.0,197,184.36
2025-09-09,Tuesday,2,37,9,Monsoon,0,0,0,0,0,1,0,5.5,27.3,19.1,73.5,Dengue,4,1,7,99,68,9,7,11,183,191,169,193,183.0,8.6,187,183.93
2025-09-10,Wednesday,3,37,9,Monsoon,0,0,0,1,0,0,1,18.0,29.3,23.3,80.7,Dengue,4,1,7,106,71,6,13,13,196,183,191,192,181.57,7.59,212,183.64
2025-09-11,Thursday,4,37,9,Monsoon,0,0,0,0,0,1,0,12.5,27.3,20.6,80.3,Dengue,4,1,6,95,71,9,7,13,182,196,183,181,182.14,8.46,182,182.5
2025-09-12,Friday,5,37,9,Monsoon,0,0,0,0,0,0,0,32.7,27.0,18.0,88.7,Dengue,4,1,6,95,78,3,8,12,184,182,196,180,182.29,8.45,179,182.5
2025-09-13,Saturday,6,37,9,Monsoon,1,0,0,0,0,0,0,17.2,26.4,19.6,86.3,Dengue,4,1,6,86,72,5,12,12,175,184,182,175,182.86,8.41,177,182.86
2025-09-14,Sunday,7,37,9,Monsoon,1,0,0,0,0,0,0,18.0,27.9,18.4,81.4,Dengue,4,1,6,77,72,7,11,12,167,175,184,169,182.86,8.41,173,182.71
2025-09-15,Monday,1,38,9,Monsoon,0,0,0,0,0,0,0,6.9,27.5,18.9,74.0,Dengue,4,1,7,102,73,5,6,9,186,167,175,191,182.57,8.89,184,182.29
2025-09-16,Tuesday,2,38,9,Monsoon,0,0,0,0,0,1,0,16.1,26.8,18.2,78.8,Dengue,4,1,4,108,73,12,10,15,203,186,167,183,181.86,8.37,193,182.43
2025-09-17,Wednesday,3,38,9,Monsoon,0,0,0,1,0,0,1,42.2,27.8,20.8,85.4,Dengue,4,1,5,107,72,3,12,11,194,203,186,196,184.71,11.21,192,183.14
2025-09-18,Thursday,4,38,9,Monsoon,0,0,0,0,0,1,0,17.0,30.0,22.0,78.2,Dengue,4,1,5,98,70,8,8,11,184,194,203,182,184.43,10.94,181,183.29
2025-09-19,Friday,5,38,9,Monsoon,0,0,0,0,1,0,0,0.0,28.7,20.6,74.8,Dengue,4,1,4,99,65,9,6,10,179,184,194,184,184.71,10.9,180,183.5
2025-09-20,Saturday,6,38,9,Monsoon,1,0,0,0,0,0,0,17.7,29.1,20.0,72.2,Dengue,4,1,5,80,71,7,11,12,169,179,184,175,184.0,11.08,175,183.43
2025-09-21,Sunday,7,38,9,Monsoon,1,0,0,0,0,0,0,56.9,28.5,20.3,90.2,Dengue,4,1,5,84,79,4,13,13,180,169,179,167,183.14,11.95,169,183.0
2025-09-22,Monday,1,39,9,Monsoon,0,0,0,0,0,0,0,13.7,29.5,19.8,78.8,Dengue,4,1,6,110,69,5,5,11,189,180,169,186,185.0,10.17,191,183.79
2025-09-23,Tuesday,2,39,9,Monsoon,0,0,0,0,0,1,0,19.7,27.2,18.4,87.5,Dengue,4,1,7,98,71,10,7,12,186,189,180,203,185.43,10.27,183,183.64
2025-09-24,Wednesday,3,39,9,Monsoon,0,0,0,1,1,0,1,0.8,26.6,16.9,81.0,Dengue,4,1,6,113,70,8,13,13,204,186,189,194,183.0,7.45,196,183.86
2025-09-25,Thursday,4,39,9,Monsoon,0,0,0,0,0,1,0,14.8,25.5,18.1,86.9,Dengue,4,1,5,98,71,10,7,11,186,204,186,184,184.43,9.96,182,184.43
2025-09-26,Friday,5,39,9,Monsoon,0,0,0,0,0,0,0,0.6,28.0,19.5,67.5,Dengue,4,1,6,99,67,5,10,11,181,186,204,179,184.71,9.97,184,184.71
2025-09-27,Saturday,6,39,9,Monsoon,1,0,0,0,0,0,0,0.0,23.8,15.3,80.4,Dengue,4,1,7,88,65,6,8,12,167,181,186,169,185.0,9.83,175,184.5
2025-09-28,Sunday,7,39,9,Monsoon,1,0,0,0,0,0,0,3.2,26.3,16.5,73.2,Dengue,4,1,5,82,70,6,13,13,171,167,181,180,184.71,10.31,167,183.93
2025-09-29,Monday,1,40,9,Monsoon,0,0,0,0,0,0,0,12.3,25.6,16.7,81.5,Dengue,4,1,5,106,69,4,6,12,185,171,167,189,183.43,11.32,186,184.21
2025-09-30,Tuesday,2,40,9,Monsoon,0,0,0,0,0,1,0,2.4,25.8,16.3,78.2,Dengue,4,1,6,104,68,10,9,12,191,185,171,186,182.86,11.13,203,184.14
2025-10-01,Wednesday,3,40,10,Post_Monsoon,0,0,0,1,0,0,1,2.4,23.0,17.2,63.3,None,0,0,0,101,21,4,13,8,139,191,185,204,183.57,11.46,194,183.29
2025-10-02,Thursday,4,40,10,Post_Monsoon,0,1,0,0,0,1,1,0.2,31.2,23.0,45.5,None,0,0,0,84,13,11,8,7,116,139,191,186,174.29,16.41,184,179.36
2025-10-03,Friday,5,40,10,Post_Monsoon,0,0,0,0,0,0,0,3.7,24.6,15.3,54.3,None,0,0,0,87,17,6,6,7,116,116,139,181,164.29,25.2,179,174.5
2025-10-04,Saturday,6,40,10,Post_Monsoon,1,0,0,0,0,0,0,0.0,28.9,21.1,48.3,None,0,0,0,81,16,5,10,7,112,116,116,167,155.0,29.02,169,170.0
2025-10-05,Sunday,7,40,10,Post_Monsoon,1,0,0,0,0,0,0,0.0,28.5,18.5,37.6,None,0,0,0,78,11,5,12,7,106,112,116,171,147.14,32.0,180,165.93
2025-10-06,Monday,1,41,10,Post_Monsoon,0,0,0,0,0,0,0,0.8,25.1,16.0,53.4,None,0,0,0,94,17,6,7,6,124,106,112,185,137.86,33.14,189,160.64
2025-10-07,Tuesday,2,41,10,Post_Monsoon,0,0,0,0,0,1,0,0.7,26.8,20.0,49.4,None,0,0,0,93,14,11,7,8,125,124,106,191,129.14,27.06,186,156.0
2025-10-08,Wednesday,3,41,10,Post_Monsoon,0,0,1,1,1,0,4,0.1,25.5,20.2,52.3,None,0,0,0,109,12,6,23,9,150,125,124,139,119.71,9.95,204,151.64
2025-10-09,Thursday,4,41,10,Post_Monsoon,0,0,1,0,1,1,1,0.8,27.9,22.5,49.2,None,0,0,0,97,12,14,12,9,135,150,125,116,121.29,13.21,186,147.79
2025-10-10,Friday,5,41,10,Post_Monsoon,0,0,0,0,0,0,0,0.2,25.3,17.3,50.4,None,0,0,0,83,17,6,9,7,115,135,150,116,124.0,13.78,181,144.14
2025-10-11,Saturday,6,41,10,Post_Monsoon,1,0,0,0,0,0,0,0.0,25.8,16.6,49.6,None,0,0,0,75,13,4,12,6,104,115,135,112,123.86,13.87,167,139.43
2025-10-12,Sunday,7,41,10,Post_Monsoon,1,0,0,0,0,0,0,0.0,23.6,16.9,54.2,None,0,0,0,75,17,3,9,6,104,104,115,106,122.71,15.08,171,134.93
2025-10-13,Monday,1,42,10,Post_Monsoon,0,0,0,0,0,0,0,0.0,26.0,16.8,50.0,None,0,0,0,96,14,7,10,6,127,104,104,124,122.43,15.41,185,130.14
2025-10-14,Tuesday,2,42,10,Post_Monsoon,0,0,1,0,0,1,1,1.1,25.6,16.7,52.9,None,0,0,0,95,16,9,15,9,135,127,104,125,122.86,15.49,191,126.0
2025-10-15,Wednesday,3,42,10,Post_Monsoon,0,0,0,1,0,0,1,0.0,25.6,18.4,49.8,None,0,0,0,104,14,4,13,7,135,135,127,150,124.29,16.07,139,122.0
2025-10-16,Thursday,4,42,10,Post_Monsoon,0,0,1,0,0,1,2,0.9,27.7,19.8,57.3,None,0,0,0,95,16,11,15,8,137,135,135,135,122.14,13.25,116,121.71
2025-10-17,Friday,5,42,10,Post_Monsoon,0,0,0,0,0,0,0,0.0,26.9,20.2,46.0,None,0,0,0,89,11,4,6,5,110,137,135,115,122.43,13.54,116,123.21
2025-10-18,Saturday,6,42,10,Post_Monsoon,1,0,0,0,0,0,0,0.0,25.5,19.6,49.0,None,0,0,0,79,15,4,10,7,108,110,137,104,121.71,14.04,112,122.79
2025-10-19,Sunday,7,42,10,Post_Monsoon,1,0,1,0,0,0,3,7.8,28.4,19.2,45.6,Mass_Casualty,4,1,7,82,12,4,86,23,184,108,110,104,122.29,13.37,106,122.5
2025-10-20,Monday,1,43,10,Post_Monsoon,0,0,0,0,0,0,0,0.5,23.7,15.5,48.2,None,0,0,0,97,14,5,10,7,126,184,108,127,133.71,23.33,124,128.07
2025-10-21,Tuesday,2,43,10,Post_Monsoon,0,0,0,0,0,1,0,0.4,24.3,17.0,53.9,None,0,0,0,91,12,10,7,7,120,126,184,135,133.57,23.38,125,128.21
2025-10-22,Wednesday,3,43,10,Post_Monsoon,0,0,1,1,0,0,4,0.0,25.8,18.5,52.5,None,0,0,0,107,15,6,22,10,150,120,126,135,131.43,23.83,150,127.86
2025-10-23,Thursday,4,43,10,Post_Monsoon,0,0,0,0,0,1,0,0.9,25.6,18.5,45.9,None,0,0,0,93,11,11,7,5,122,150,120,137,133.57,24.71,135,127.86
2025-10-24,Friday,5,43,10,Post_Monsoon,0,0,1,0,0,0,1,0.3,24.1,16.6,55.1,None,0,0,0,91,19,5,16,9,131,122,150,110,131.43,24.97,115,126.93
2025-10-25,Saturday,6,43,10,Post_Monsoon,1,0,0,0,0,0,0,0.0,23.8,17.3,53.6,None,0,0,0,80,11,4,11,8,106,131,122,108,134.43,23.43,104,128.07
2025-10-26,Sunday,7,43,10,Post_Monsoon,1,0,0,0,1,0,0,1.3,25.9,18.5,51.2,None,0,0,0,76,13,9,13,6,111,106,131,184,134.14,23.76,104,128.21
2025-10-27,Monday,1,44,10,Post_Monsoon,0,0,0,0,1,0,0,0.6,23.7,17.2,47.9,None,0,0,0,97,15,9,6,6,127,111,106,126,123.71,13.32,127,128.71
2025-10-28,Tuesday,2,44,10,Post_Monsoon,0,0,0,0,0,1,0,0.0,23.7,14.4,54.6,None,0,0,0,92,20,12,9,8,133,127,111,120,123.86,13.35,135,128.71
2025-10-29,Wednesday,3,44,10,Post_Monsoon,0,0,1,1,0,0,4,1.2,23.2,17.4,46.6,None,0,0,0,106,13,4,24,10,147,133,127,150,125.71,13.58,135,128.57
2025-10-30,Thursday,4,44,10,Post_Monsoon,0,0,0,0,0,1,0,0.0,24.1,16.6,49.9,None,0,0,0,86,17,11,8,7,122,147,133,122,125.29,12.84,137,129.43
2025-10-31,Friday,5,44,10,Post_Monsoon,0,0,0,0,0,0,0,0.0,22.9,15.2,55.4,None,0,0,0,82,15,4,6,7,107,122,147,131,125.29,12.84,110,128.36
2025-11-01,Saturday,6,44,11,Post_Monsoon,1,0,0,0,0,0,0,0.8,21.5,14.5,55.7,None,0,0,0,76,15,6,12,7,109,107,122,106,121.86,14.0,108,128.14
2025-11-02,Sunday,7,44,11,Post_Monsoon,1,0,0,0,0,0,0,1.3,24.5,16.1,55.8,None,0,0,0,71,15,5,13,9,104,109,107,111,122.29,13.55,184,128.21
2025-11-03,Monday,1,45,11,Post_Monsoon,0,0,0,0,0,0,0,2.9,19.7,11.3,59.4,None,0,0,0,95,18,6,7,6,126,104,109,127,121.29,14.57,126,122.5
2025-11-04,Tuesday,2,45,11,Post_Monsoon,0,0,0,0,0,1,0,0.0,28.6,20.1,49.9,None,0,0,0,91,13,10,5,6,119,126,104,133,121.14,14.52,120,122.5
2025-11-05,Wednesday,3,45,11,Post_Monsoon,0,0,0,1,0,0,1,0.0,26.1,17.9,49.6,None,0,0,0,104,13,5,12,7,134,119,126,147,119.14,13.68,150,122.43
2025-11-06,Thursday,4,45,11,Post_Monsoon,0,0,0,0,0,1,0,0.0,24.0,16.8,53.1,None,0,0,0,93,13,11,5,7,122,134,119,122,117.29,10.22,122,121.29
2025-11-07,Friday,5,45,11,Post_Monsoon,0,0,0,0,0,0,0,0.0,26.4,17.8,50.4,None,0,0,0,87,15,5,6,6,113,122,134,107,117.29,10.22,131,121.29
2025-11-08,Saturday,6,45,11,Post_Monsoon,1,0,0,0,0,0,0,0.5,23.2,16.6,48.1,None,0,0,0,77,13,7,9,7,106,113,122,109,118.14,9.55,106,120.0
2025-11-09,Sunday,7,45,11,Post_Monsoon,1,0,1,0,0,0,2,0.0,23.2,15.9,50.3,None,0,0,0,79,15,7,19,11,120,106,113,104,117.71,10.01,111,120.0
2025-11-10,Monday,1,46,11,Post_Monsoon,0,0,0,0,0,0,0,0.0,24.7,19.5,47.7,None,0,0,0,91,12,6,4,6,113,120,106,126,120.0,8.3,127,120.64
2025-11-11,Tuesday,2,46,11,Post_Monsoon,0,0,1,0,0,1,2,0.0,25.1,17.5,50.0,None,0,0,0,95,15,10,18,9,138,113,120,119,118.14,8.2,133,119.64
2025-11-12,Wednesday,3,46,11,Post_Monsoon,0,0,0,1,0,0,1,0.1,22.6,14.2,55.0,None,0,0,0,103,15,6,15,8,139,138,113,134,120.86,10.78,147,120.0
2025-11-13,Thursday,4,46,11,Post_Monsoon,0,0,0,0,0,1,0,0.7,27.3,20.1,53.7,None,0,0,0,89,13,10,8,7,120,139,138,122,121.57,11.75,122,119.43
2025-11-14,Friday,5,46,11,Post_Monsoon,0,0,0,0,0,0,0,2.0,23.5,16.5,54.1,None,0,0,0,93,17,5,8,6,123,120,139,113,121.29,11.76,107,119.29
2025-11-15,Saturday,6,46,11,Post_Monsoon,1,0,0,0,0,0,0,0.0,23.7,14.1,53.8,None,0,0,0,80,16,5,10,7,111,123,120,106,122.71,11.26,109,120.43
2025-11-16,Sunday,7,46,11,Post_Monsoon,1,0,0,0,0,0,0,3.6,24.4,15.6,49.0,None,0,0,0,77,15,7,11,7,110,111,123,120,123.43,10.29,104,120.57
2025-11-17,Monday,1,47,11,Post_Monsoon,0,0,0,0,0,0,0,0.0,21.3,13.7,50.3,None,0,0,0,93,16,4,7,7,120,110,111,113,122.0,11.31,126,121.0
2025-11-18,Tuesday,2,47,11,Post_Monsoon,0,0,0,0,0,1,0,0.0,24.5,15.9,52.1,None,0,0,0,93,16,10,7,7,126,120,110,138,123.0,10.77,119,120.57
2025-11-19,Wednesday,3,47,11,Post_Monsoon,0,0,0,1,0,0,1,0.0,22.1,12.9,52.4,None,0,0,0,101,15,6,14,7,136,126,120,139,121.29,9.07,134,121.07
2025-11-20,Thursday,4,47,11,Post_Monsoon,0,0,0,0,0,1,0,1.4,23.4,14.5,46.0,None,0,0,0,88,19,9,9,7,125,136,126,120,120.86,8.25,122,121.21
2025-11-21,Friday,5,47,11,Post_Monsoon,0,0,0,0,0,0,0,0.0,24.2,16.5,50.2,None,0,0,0,87,8,5,9,6,109,125,136,123,121.57,8.36,113,121.43
2025-11-22,Saturday,6,47,11,Post_Monsoon,1,0,0,0,0,0,0,0.0,24.2,16.1,56.3,None,0,0,0,79,19,6,9,6,113,109,125,111,119.57,9.39,106,121.14
2025-11-23,Sunday,7,47,11,Post_Monsoon,1,0,0,0,0,0,0,0.4,21.5,14.4,51.4,None,0,0,0,76,15,5,11,7,107,113,109,110,119.86,9.16,120,121.64
2025-11-24,Monday,1,48,11,Post_Monsoon,0,0,0,0,0,0,0,0.0,21.8,16.2,55.7,None,0,0,0,91,17,5,11,8,124,107,113,120,119.43,9.66,113,120.71
2025-11-25,Tuesday,2,48,11,Post_Monsoon,0,0,0,0,0,1,0,0.0,25.4,16.5,49.3,None,0,0,0,97,14,10,5,7,126,124,107,126,120.0,9.8,138,121.5
2025-11-26,Wednesday,3,48,11,Post_Monsoon,0,0,0,1,0,0,1,0.0,24.6,15.1,47.9,None,0,0,0,98,14,6,13,8,131,126,124,136,120.0,9.8,139,120.64
2025-11-27,Thursday,4,48,11,Post_Monsoon,0,0,0,0,0,1,0,0.4,25.1,16.5,51.5,None,0,0,0,95,12,11,7,7,125,131,126,125,119.29,8.73,120,120.07
2025-11-28,Friday,5,48,11,Post_Monsoon,0,0,0,0,0,0,0,0.0,24.6,14.4,54.9,None,0,0,0,90,17,6,6,8,119,125,131,109,119.29,8.73,123,120.43
2025-11-29,Saturday,6,48,11,Post_Monsoon,1,0,0,0,1,0,0,1.1,22.6,16.0,56.1,None,0,0,0,79,19,9,12,7,119,119,125,113,120.71,7.69,111,120.14
2025-11-30,Sunday,7,48,11,Post_Monsoon,1,0,0,0,0,0,0,0.0,20.1,12.0,58.3,None,0,0,0,74,17,7,10,6,108,119,119,107,121.57,7.09,110,120.71
2025-12-01,Monday,1,49,12,Winter,0,0,0,0,0,0,0,0.0,25.8,15.9,49.6,None,0,0,0,95,16,6,8,6,125,108,119,124,121.71,6.8,120,120.57
2025-12-02,Tuesday,2,49,12,Winter,0,0,0,0,0,1,0,0.0,22.9,14.8,52.0,None,0,0,0,93,20,13,3,7,129,125,108,126,121.86,6.85,126,120.93
2025-12-03,Wednesday,3,49,12,Winter,0,0,0,1,0,0,1,0.1,23.9,16.1,60.8,None,0,0,0,101,16,7,14,8,138,129,125,131,122.29,7.19,136,121.14
2025-12-04,Thursday,4,49,12,Winter,0,0,0,0,0,1,0,0.0,22.3,16.3,53.6,None,0,0,0,90,18,11,7,8,126,138,129,125,123.29,8.66,125,121.29
2025-12-05,Friday,5,49,12,Winter,0,0,0,0,0,0,0,0.1,20.3,12.5,52.9,None,0,0,0,88,19,6,4,6,117,126,138,119,123.43,8.7,109,121.36
2025-12-06,Saturday,6,49,12,Winter,1,0,0,0,0,0,0,0.0,21.4,12.8,54.6,None,0,0,0,79,14,5,12,8,110,117,126,119,123.14,8.87,113,121.93
2025-12-07,Sunday,7,49,12,Winter,1,0,0,0,0,0,0,0.0,23.1,15.9,57.0,None,0,0,0,78,19,6,9,7,112,110,117,108,121.86,9.96,107,121.71
2025-12-08,Monday,1,50,12,Winter,0,0,0,0,0,0,0,0.0,22.3,14.8,52.5,None,0,0,0,93,14,5,8,5,120,112,110,125,122.43,9.24,124,122.07
2025-12-09,Tuesday,2,50,12,Winter,0,0,0,0,0,1,0,0.0,18.9,10.6,62.0,None,0,0,0,98,17,12,6,7,133,120,112,129,121.71,9.21,126,121.79
2025-12-10,Wednesday,3,50,12,Winter,0,0,0,1,0,0,1,0.0,20.5,13.5,56.5,None,0,0,0,104,21,7,15,9,147,133,120,138,122.29,9.75,131,122.29
2025-12-11,Thursday,4,50,12,Winter,0,0,0,0,0,1,0,0.0,21.5,12.9,58.1,None,0,0,0,86,16,11,7,7,120,147,133,126,123.57,12.06,125,123.43
2025-12-12,Friday,5,50,12,Winter,0,0,0,0,0,0,0,0.0,24.4,17.9,57.5,None,0,0,0,87,19,7,9,6,122,120,147,117,122.71,12.07,119,123.07
2025-12-13,Saturday,6,50,12,Winter,1,0,0,0,0,0,0,0.0,22.9,14.5,58.9,None,0,0,0,82,18,8,10,6,118,122,120,110,123.43,11.85,119,123.29
2025-12-14,Sunday,7,50,12,Winter,1,0,0,0,0,0,0,0.0,21.6,13.5,56.7,None,0,0,0,78,17,6,14,8,115,118,122,112,124.57,10.85,108,123.21
2025-12-15,Monday,1,51,12,Winter,0,0,0,0,0,0,0,0.0,20.3,12.4,59.5,None,0,0,0,100,16,7,6,7,129,115,118,120,125.0,10.39,125,123.71
2025-12-16,Tuesday,2,51,12,Winter,0,0,0,0,0,1,0,0.0,20.9,13.4,64.7,None,0,0,0,91,20,12,7,7,130,129,115,133,126.29,10.25,129,124.0
2025-12-17,Wednesday,3,51,12,Winter,0,0,0,1,0,0,1,0.0,20.4,13.7,57.4,None,0,0,0,105,16,5,13,8,139,130,129,147,125.86,10.02,138,124.07
2025-12-18,Thursday,4,51,12,Winter,0,0,0,0,0,1,0,0.0,22.4,15.3,52.3,None,0,0,0,87,19,10,5,5,121,139,130,120,124.71,7.74,126,124.14
2025-12-19,Friday,5,51,12,Winter,0,0,0,0,0,0,0,0.0,22.2,13.3,57.7,None,0,0,0,86,19,7,5,7,117,121,139,122,124.86,7.66,117,123.79
2025-12-20,Saturday,6,51,12,Winter,1,0,0,0,0,0,0,0.0,18.7,10.3,57.1,None,0,0,0,81,17,7,13,8,118,117,121,118,124.14,8.11,110,123.79
2025-12-21,Sunday,7,51,12,Winter,1,0,0,0,0,0,0,0.0,20.6,14.0,58.7,None,0,0,0,76,19,7,10,7,112,118,117,115,124.14,8.11,112,124.36
2025-12-22,Monday,1,52,12,Winter,0,0,0,0,0,0,0,0.2,20.1,12.3,56.5,None,0,0,0,95,17,6,7,7,125,112,118,129,123.71,8.65,120,124.36
2025-12-23,Tuesday,2,52,12,Winter,0,0,0,0,0,1,0,0.0,21.1,13.1,62.5,None,0,0,0,88,22,10,8,7,128,125,112,130,123.14,8.41,133,124.71
2025-12-24,Wednesday,3,52,12,Winter,0,0,0,1,0,0,1,1.2,23.0,15.0,51.4,None,0,0,0,102,12,6,17,7,137,128,125,139,122.86,8.2,147,124.36
2025-12-25,Thursday,4,52,12,Winter,0,1,0,0,0,1,1,0.0,22.4,14.7,54.5,None,0,0,0,90,15,11,8,7,124,137,128,121,122.57,7.65,120,123.64
2025-12-26,Friday,5,52,12,Winter,0,0,0,0,0,0,0,0.0,23.6,15.1,56.9,None,0,0,0,88,19,5,4,7,116,124,137,117,123.0,7.63,122,123.93
2025-12-27,Saturday,6,52,12,Winter,1,0,0,0,0,0,0,0.0,21.5,13.2,52.0,None,0,0,0,78,15,6,13,8,112,116,124,118,122.86,7.75,118,123.5
2025-12-28,Sunday,7,52,12,Winter,1,0,0,0,0,0,0,0.0,21.2,12.4,54.8,None,0,0,0,74,18,9,11,7,112,112,116,112,122.0,8.54,115,123.07
2025-12-29,Monday,1,1,12,Winter,0,0,0,0,0,0,0,0.0,21.9,13.4,58.4,None,0,0,0,97,16,7,7,7,127,112,112,125,122.0,8.54,129,122.86
2025-12-30,Tuesday,2,1,12,Winter,0,0,0,0,1,1,0,0.4,20.3,12.9,45.3,None,0,0,0,105,17,14,7,9,143,127,112,128,122.29,8.66,130,122.71
2025-12-31,Wednesday,3,1,12,Winter,0,0,0,1,0,0,1,0.0,19.1,12.1,54.9,None,0,0,0,101,9,7,13,8,130,143,127,137,124.43,11.27,139,123.64
