date,day_of_week,day_of_week_num,week_of_year,month,season,is_weekend,public_holiday,festival_flag,weekly_market_day,vaccination_camp_flag,maternal_clinic_day,local_event_intensity,rainfall_mm,temperature_max_c,temperature_min_c,humidity_pct,outbreak_type,outbreak_severity_0_5,surveillance_alert,affected_villages,general_opd_arrivals,fever_infectious_arrivals,maternal_child_arrivals,trauma_emergency_arrivals,expected_admissions,total_patient_arrivals,patients_lag_1,patients_lag_2,patients_lag_7,rolling_mean_7,rolling_std_7,patients_lag_14,rolling_mean_14,required_general_doctors,required_physicians,required_emergency_doctors,required_pediatricians,required_obgyn_doctors,required_senior_nursing_officers,required_nursing_officers,required_anm_staff,required_lab_technicians,required_pharmacists,required_ambulance_crew,required_general_beds,required_emergency_beds,required_isolation_beds,required_iv_fluid_units,required_ors_units,required_diagnostic_test_kits,required_antipyretic_units,required_ppe_kits,required_oxygen_cylinders,required_ambulances,available_general_beds,available_emergency_beds,available_isolation_beds,stock_iv_fluid_units,stock_ors_units,stock_diagnostic_test_kits,stock_antipyretic_units,stock_ppe_kits,available_oxygen_cylinders,available_ambulances,resource_shortage_count,overflow_patients,emergency_risk_level
2020-01-01,Wednesday,3,1,1,Winter,0,0,0,1,0,0,1,0.0,22.1,13.3,48.1,,0,0,0,93,13,6,14,6,126,,,,,,,,2,1,1,1,1,2,5,1,1,2,1,4,4,2,11,3,6,29,14,1,1,45,11,8,14,11,5,35,18,9,1,1,0,Watch
2020-01-02,Thursday,4,1,1,Winter,0,0,0,0,1,1,0,0.0,19.6,12.7,59.4,,0,0,0,82,19,15,8,8,124,126.0,,,,,,,2,1,1,1,1,2,5,1,1,2,1,5,3,3,13,4,9,37,17,1,1,32,11,8,12,13,7,51,18,7,2,2,0,Watch
2020-01-03,Friday,5,1,1,Winter,0,0,0,0,0,0,0,0.0,22.7,14.5,47.4,,0,0,0,83,18,5,4,5,110,124.0,126.0,,,,,,2,1,1,1,1,2,4,1,1,1,1,3,2,2,9,4,9,36,15,1,1,44,11,7,8,11,10,44,14,9,2,2,0,Watch
2020-01-04,Saturday,6,1,1,Winter,1,0,0,0,0,0,0,0.0,23.8,13.6,49.4,,0,0,0,70,14,9,14,9,107,110.0,124.0,,,,,,2,1,1,1,1,2,4,1,1,1,1,5,4,3,12,3,7,28,13,1,1,32,11,6,10,12,8,33,12,9,3,2,0,Watch
2020-01-05,Sunday,7,1,1,Winter,1,0,0,0,0,0,0,0.0,20.7,11.6,60.5,,0,0,0,69,20,7,8,7,104,107.0,110.0,,,,,,2,1,1,1,1,2,4,1,1,1,1,4,3,3,12,4,9,37,16,1,1,42,11,8,12,12,10,39,21,9,2,0,0,Normal
2020-01-06,Monday,1,2,1,Winter,0,0,0,0,0,0,0,0.0,21.3,14.9,60.4,Respiratory,3,1,5,107,39,7,5,9,158,104.0,107.0,,,,,,2,2,1,1,1,2,6,1,1,2,1,5,3,6,17,8,34,70,40,9,1,50,14,9,19,17,41,93,50,11,2,0,0,Watch
2020-01-07,Tuesday,2,2,1,Winter,0,0,0,0,0,1,0,0.0,22.4,16.0,61.3,Respiratory,3,1,5,101,40,12,7,9,160,158.0,104.0,,,,,,2,2,1,1,1,2,6,1,1,2,1,5,4,6,20,8,34,71,40,9,1,33,11,9,19,14,45,75,37,6,2,3,0,High
2020-01-08,Wednesday,3,2,1,Winter,0,0,0,1,0,0,1,0.0,22.1,15.0,53.9,Respiratory,3,1,3,112,41,7,11,9,171,160.0,158.0,126.0,127.0,21.64,,,3,2,1,1,1,2,7,1,1,2,1,5,4,6,20,8,35,73,42,10,1,43,12,10,25,16,41,92,55,9,3,1,0,Watch
2020-01-09,Thursday,4,2,1,Winter,0,0,0,0,0,1,0,0.0,22.9,14.5,53.1,Respiratory,3,1,3,96,38,11,6,9,151,171.0,160.0,124.0,133.43,26.52,,,2,2,1,1,1,2,6,1,1,2,1,5,3,6,18,7,33,67,39,9,1,51,11,8,22,16,27,64,53,9,2,2,0,Watch
2020-01-10,Friday,5,2,1,Winter,0,0,0,0,0,0,0,0.5,21.5,14.3,55.9,Respiratory,3,1,5,92,37,8,5,6,142,151.0,171.0,110.0,137.29,26.83,,,2,2,1,1,1,2,6,1,1,2,1,4,3,5,17,7,32,65,38,8,1,42,11,6,18,16,30,90,49,9,2,1,0,Watch
2020-01-11,Saturday,6,2,1,Winter,1,0,0,0,0,0,0,0.0,19.3,11.2,61.4,Respiratory,3,1,4,88,43,6,10,9,147,142.0,151.0,107.0,141.86,24.41,,,2,2,1,1,1,2,6,1,1,2,1,5,4,6,20,8,37,74,43,10,1,39,11,9,24,15,42,85,43,7,2,1,0,Watch
2020-01-12,Sunday,7,2,1,Winter,1,0,0,0,0,0,0,0.0,21.0,13.3,53.9,Respiratory,3,1,4,83,42,7,11,10,143,147.0,142.0,104.0,147.57,19.83,,,2,2,1,1,1,2,6,1,1,2,1,6,4,6,20,8,36,72,42,10,1,43,11,7,18,17,48,91,50,9,1,2,0,Watch
2020-01-13,Monday,1,3,1,Winter,0,0,0,0,0,0,0,0.0,27.9,18.9,48.2,Respiratory,3,1,4,106,37,7,7,9,157,143.0,147.0,158.0,153.14,9.7,,,2,2,1,1,1,2,6,1,1,2,1,5,4,6,17,7,32,67,38,9,1,42,12,11,15,14,28,63,52,10,2,3,0,High
2020-01-14,Tuesday,2,3,1,Winter,0,0,0,0,0,1,0,1.7,23.3,17.6,48.2,Respiratory,3,1,5,102,36,13,5,9,156,157.0,143.0,160.0,153.0,9.64,,,2,2,1,1,1,2,6,1,1,2,1,5,3,6,18,7,31,65,37,8,1,42,9,10,17,17,41,79,40,8,2,1,0,Watch
2020-01-15,Wednesday,3,3,1,Winter,0,0,0,1,0,0,1,0.0,21.6,13.7,57.6,Respiratory,3,1,5,104,34,7,12,9,157,156.0,157.0,171.0,152.43,9.32,126.0,139.71,2,1,1,1,1,2,6,1,1,2,1,5,4,6,18,7,29,62,36,8,1,39,14,5,21,14,34,76,34,8,2,2,0,Watch
2020-01-16,Thursday,4,3,1,Winter,0,0,0,0,0,1,0,0.0,22.6,14.3,52.2,Respiratory,3,1,5,93,36,11,6,9,146,157.0,156.0,151.0,150.43,6.04,124.0,141.93,2,2,1,1,1,2,6,1,1,2,1,5,3,6,18,7,31,64,37,8,1,47,10,9,20,17,41,88,50,9,2,0,0,Watch
2020-01-17,Friday,5,3,1,Winter,0,0,0,0,0,0,0,0.0,22.2,12.9,56.2,Respiratory,3,1,5,97,39,7,9,8,152,146.0,157.0,142.0,149.71,6.23,110.0,143.5,2,2,1,1,1,2,6,1,1,2,1,5,4,6,19,8,34,69,40,9,1,43,11,6,20,14,41,65,40,7,2,2,0,Watch
2020-01-18,Saturday,6,3,1,Winter,1,0,0,0,0,0,0,0.0,26.2,18.5,52.6,Respiratory,3,1,5,85,40,8,13,10,146,152.0,146.0,147.0,151.14,5.38,107.0,146.5,2,2,1,1,1,2,6,1,1,2,1,6,5,6,20,8,34,69,40,9,1,43,12,7,20,15,40,67,53,12,2,1,0,Watch
2020-01-19,Sunday,7,3,1,Winter,1,0,0,0,0,0,0,0.0,25.1,19.4,52.4,Respiratory,3,1,4,83,43,7,12,9,145,146.0,152.0,143.0,151.0,5.5,104.0,149.29,2,2,1,1,1,2,6,1,1,2,1,5,4,6,21,8,37,73,43,10,1,42,10,10,22,18,49,76,54,11,2,0,0,Watch
2020-01-20,Monday,1,4,1,Winter,0,0,0,0,0,0,0,1.6,23.0,15.0,60.8,Respiratory,3,1,5,106,37,7,8,10,158,145.0,146.0,157.0,151.29,5.12,158.0,152.21,2,2,1,1,1,2,6,1,1,2,1,6,4,6,18,7,32,67,38,9,1,42,11,12,23,14,34,70,50,7,2,1,0,Watch
2020-01-21,Tuesday,2,4,1,Winter,0,0,0,0,0,1,0,0.0,23.3,14.2,54.5,Respiratory,3,1,4,103,32,12,2,7,149,158.0,145.0,156.0,151.43,5.29,160.0,152.21,2,1,1,1,1,2,6,1,1,2,1,4,2,5,15,6,28,59,34,7,1,42,13,9,20,14,29,81,43,6,2,1,0,Watch
2020-01-22,Wednesday,3,4,1,Winter,0,0,0,1,0,0,1,0.0,23.7,15.2,58.5,Respiratory,3,1,5,117,39,7,15,11,178,149.0,158.0,157.0,150.43,4.98,171.0,151.43,3,2,1,1,1,2,7,1,1,2,1,7,5,7,20,8,34,71,41,9,1,43,12,7,19,18,25,95,54,8,2,3,0,High
2020-01-23,Thursday,4,4,1,Winter,0,0,0,0,0,1,0,0.0,21.3,13.4,52.0,Respiratory,3,1,4,99,37,12,7,10,155,178.0,149.0,146.0,153.43,10.87,151.0,151.93,2,2,1,1,1,2,6,1,1,2,1,6,4,6,19,7,32,66,38,9,1,43,11,6,19,16,32,91,37,10,2,1,0,Watch
2020-01-24,Friday,5,4,1,Winter,0,0,0,0,0,0,0,0.0,21.4,14.6,49.2,Respiratory,3,1,4,98,34,7,8,9,147,155.0,178.0,152.0,154.71,10.44,142.0,152.21,2,1,1,1,1,2,6,1,1,2,1,5,4,6,17,7,29,61,36,8,1,42,7,10,20,16,35,85,30,7,2,2,0,Watch
2020-01-25,Saturday,6,4,1,Winter,1,0,0,0,0,0,0,0.5,24.2,17.9,55.2,Respiratory,3,1,4,86,41,9,14,11,150,147.0,155.0,146.0,154.0,10.77,147.0,152.57,2,2,1,1,1,2,6,1,1,2,1,7,5,7,21,8,35,71,41,10,1,42,12,8,19,16,42,66,36,8,2,4,0,High
2020-01-26,Sunday,7,4,1,Winter,1,1,0,0,0,0,1,0.0,23.0,14.6,54.1,Respiratory,3,1,5,84,37,7,13,9,141,150.0,147.0,145.0,154.57,10.43,143.0,152.79,2,2,1,1,1,2,6,1,1,2,1,5,4,6,19,7,32,64,38,9,1,43,11,9,23,14,41,82,32,9,2,1,0,Watch
2020-01-27,Monday,1,5,1,Winter,0,0,0,0,0,0,0,0.0,23.8,15.0,54.4,Respiratory,3,1,4,109,38,6,5,7,158,141.0,150.0,158.0,154.0,11.03,157.0,152.64,2,2,1,1,1,2,6,1,1,2,1,4,3,5,17,7,33,68,39,9,1,42,5,9,20,16,36,70,54,9,2,0,0,Watch
2020-01-28,Tuesday,2,5,1,Winter,0,0,0,0,0,1,0,0.0,23.4,15.7,54.6,Respiratory,3,1,4,104,40,10,6,7,160,158.0,141.0,149.0,154.0,11.03,156.0,152.71,2,2,1,1,1,2,6,1,1,2,1,4,3,5,19,8,34,71,40,9,1,42,10,7,18,17,29,73,35,8,2,4,0,High
2020-01-29,Wednesday,3,5,1,Winter,0,0,0,1,0,0,1,0.0,23.4,15.5,54.1,Respiratory,3,1,4,112,38,7,14,10,171,160.0,158.0,178.0,155.57,10.99,157.0,153.0,3,2,1,1,1,2,7,1,1,2,1,6,5,6,20,7,33,69,40,9,1,44,13,13,23,13,33,65,44,4,2,2,0,Watch
2020-01-30,Thursday,4,5,1,Winter,0,0,0,0,0,1,0,0.0,24.8,16.0,54.9,Respiratory,3,1,5,97,37,12,8,9,154,171.0,160.0,155.0,154.57,9.05,146.0,154.0,2,2,1,1,1,2,6,1,1,2,1,5,4,6,19,7,32,66,38,9,1,45,11,8,25,14,24,63,55,9,2,2,0,Watch
2020-01-31,Friday,5,5,1,Winter,0,0,0,0,0,0,0,0.0,24.3,17.8,62.4,Respiratory,3,1,5,101,41,8,7,9,157,154.0,171.0,147.0,154.43,9.05,152.0,154.57,2,2,1,1,1,2,6,1,1,2,1,5,4,6,19,8,35,72,41,9,1,42,11,9,16,16,35,77,50,10,2,1,0,Watch
2020-02-01,Saturday,6,5,2,Winter,1,0,0,0,1,0,0,0.1,23.3,13.6,50.8,Respiratory,3,1,5,88,39,12,11,10,150,157.0,154.0,150.0,155.86,8.54,146.0,154.93,2,2,1,1,1,2,6,1,1,2,1,6,4,6,20,8,34,68,40,9,1,42,11,8,18,16,27,68,44,7,2,3,0,High
2020-02-02,Sunday,7,5,2,Winter,1,0,0,0,0,0,0,0.0,21.8,14.0,65.8,Respiratory,3,1,5,88,42,7,12,10,149,150.0,157.0,141.0,155.86,8.54,145.0,155.21,2,2,1,1,1,2,6,1,1,2,1,6,4,6,21,8,36,72,42,10,1,37,11,9,20,18,47,69,51,9,2,3,0,High
2020-02-03,Monday,1,6,2,Winter,0,0,0,0,0,0,0,0.0,23.9,16.4,55.5,Respiratory,3,1,6,104,39,8,7,8,158,149.0,150.0,158.0,157.0,6.85,158.0,155.5,2,2,1,1,1,2,6,1,1,2,1,5,3,6,18,8,34,69,40,9,1,40,11,7,16,16,43,74,42,9,2,1,0,Watch
2020-02-04,Tuesday,2,6,2,Winter,0,0,0,0,0,1,0,0.0,25.9,16.0,56.3,Respiratory,3,1,4,105,41,13,5,10,164,158.0,149.0,160.0,157.0,6.85,149.0,155.5,2,2,1,1,1,2,6,1,1,2,1,6,4,6,20,8,35,72,41,9,1,40,12,8,20,15,46,75,41,8,2,1,0,Watch
2020-02-05,Wednesday,3,6,2,Winter,0,0,0,1,0,0,1,0.0,21.6,14.5,60.7,Respiratory,3,1,4,108,40,8,13,11,169,164.0,158.0,171.0,157.57,7.23,178.0,156.57,2,2,1,1,1,2,7,1,1,2,1,7,5,7,20,8,34,71,41,9,1,48,10,5,19,15,30,97,51,10,2,3,0,High
2020-02-06,Thursday,4,6,2,Winter,0,0,0,0,0,1,0,0.0,23.3,14.9,53.3,,0,0,0,84,17,12,10,8,123,169.0,164.0,154.0,157.29,6.71,155.0,155.93,2,1,1,1,1,2,5,1,1,2,1,5,4,3,12,4,8,34,16,1,1,42,12,9,13,12,9,33,18,9,2,1,0,Watch
2020-02-07,Friday,5,6,2,Winter,0,0,0,0,0,0,0,0.1,23.6,18.1,50.4,,0,0,0,82,20,8,7,7,117,123.0,169.0,157.0,152.86,13.85,147.0,153.64,2,1,1,1,1,2,5,1,1,1,1,4,3,3,12,4,9,39,17,1,1,42,11,8,12,12,6,37,16,9,2,3,0,High
2020-02-08,Saturday,6,6,2,Winter,1,0,0,0,0,0,0,0.0,24.1,14.1,50.5,,0,0,0,76,18,7,13,8,114,117.0,123.0,150.0,147.14,18.45,150.0,151.5,2,1,1,1,1,2,5,1,1,1,1,5,4,3,12,4,9,35,16,1,1,42,11,8,14,12,7,35,20,9,2,1,0,Watch
2020-02-09,Sunday,7,6,2,Winter,1,0,0,0,0,0,0,0.0,24.5,15.3,55.2,,0,0,0,70,22,5,9,6,106,114.0,117.0,149.0,142.0,21.67,141.0,148.93,2,1,1,1,1,2,4,1,1,1,1,4,3,3,12,4,10,40,17,1,1,43,11,8,15,12,10,37,15,11,3,2,0,Watch
2020-02-10,Monday,1,7,2,Winter,0,0,0,0,0,0,0,0.0,23.7,16.0,49.6,,0,0,0,96,16,7,5,5,124,106.0,114.0,158.0,135.86,24.7,158.0,146.43,2,1,1,1,1,2,5,1,1,2,1,3,2,2,9,3,8,34,15,1,1,40,10,9,11,11,10,45,14,10,2,1,0,Watch
2020-02-11,Tuesday,2,7,2,Winter,0,0,0,0,0,1,0,0.0,24.2,17.3,49.6,,0,0,0,90,18,11,8,7,127,124.0,106.0,164.0,131.0,23.16,160.0,144.0,2,1,1,1,1,2,5,1,1,2,1,4,3,3,12,4,9,36,16,1,1,40,12,9,16,12,9,37,21,10,2,0,0,Normal
2020-02-12,Wednesday,3,7,2,Winter,0,0,0,1,0,0,1,0.0,25.5,17.5,53.1,,0,0,0,97,22,9,12,9,140,127.0,124.0,169.0,125.71,18.85,171.0,141.64,2,1,1,1,1,2,5,1,1,2,1,5,4,3,14,4,10,43,18,2,1,49,11,8,18,12,11,56,15,10,2,1,0,Watch
2020-02-13,Thursday,4,7,2,Winter,0,0,0,0,0,1,0,0.0,27.8,17.5,55.7,,0,0,0,82,17,13,7,7,119,140.0,127.0,123.0,121.57,9.98,154.0,139.43,2,1,1,1,1,2,5,1,1,1,1,4,3,3,12,4,8,34,16,1,1,39,13,8,14,11,7,34,17,9,2,1,0,Watch
2020-02-14,Friday,5,7,2,Winter,0,0,0,0,0,0,0,0.0,23.5,16.3,54.4,,0,0,0,82,18,7,3,4,110,119.0,140.0,117.0,121.0,10.0,157.0,136.93,2,1,1,1,1,2,4,1,1,1,1,3,2,2,9,4,9,36,15,1,1,42,12,9,9,13,8,46,12,9,2,2,0,Watch
2020-02-15,Saturday,6,7,2,Winter,1,0,0,0,0,0,0,0.0,21.6,16.3,54.5,,0,0,0,76,20,7,12,8,115,110.0,119.0,114.0,120.0,10.68,150.0,133.57,2,1,1,1,1,2,5,1,1,1,1,5,4,3,13,4,9,38,17,1,1,41,14,5,16,12,8,41,20,9,2,1,0,Watch
2020-02-16,Sunday,7,7,2,Winter,1,0,0,0,0,0,0,0.0,23.8,15.1,48.5,,0,0,0,71,18,7,11,7,107,115.0,110.0,106.0,120.14,10.6,149.0,131.07,2,1,1,1,1,2,4,1,1,1,1,4,4,3,12,4,9,35,15,1,1,44,12,8,12,13,10,48,18,5,2,0,0,Normal
2020-02-17,Monday,1,8,2,Winter,0,0,0,0,0,0,0,0.3,25.9,16.1,58.1,,0,0,0,95,19,7,4,6,125,107.0,115.0,124.0,120.29,10.42,158.0,128.07,2,1,1,1,1,2,5,1,1,2,1,4,2,3,10,4,9,38,17,1,1,47,11,11,11,11,8,37,18,9,2,2,0,Watch
2020-02-18,Tuesday,2,8,2,Winter,0,0,0,0,0,1,0,0.0,22.3,13.1,55.4,,0,0,0,88,20,13,10,8,131,125.0,107.0,127.0,120.43,10.47,164.0,125.71,2,1,1,1,1,2,5,1,1,2,1,5,4,3,14,4,9,39,17,1,1,45,11,10,15,12,9,47,22,8,2,0,0,Normal
2020-02-19,Wednesday,3,8,2,Winter,0,0,0,1,0,0,1,0.0,26.7,18.6,50.4,,0,0,0,95,19,9,13,10,136,131.0,125.0,140.0,121.0,10.92,169.0,123.36,2,1,1,1,1,2,5,1,1,2,1,6,5,3,13,4,9,38,17,1,1,40,7,9,17,12,8,41,16,8,2,2,0,Watch
2020-02-20,Thursday,4,8,2,Winter,0,0,0,0,1,1,0,0.9,27.6,20.0,50.3,,0,0,0,93,19,16,9,7,137,136.0,131.0,119.0,120.43,9.97,123.0,121.0,2,1,1,1,1,2,5,2,1,2,1,4,3,3,14,4,9,38,17,1,1,42,8,9,17,12,7,42,20,11,2,1,0,Watch
2020-02-21,Friday,5,8,2,Winter,0,0,0,0,0,0,0,0.0,21.8,12.8,49.3,,0,0,0,90,19,8,6,6,123,137.0,136.0,110.0,123.0,11.48,117.0,122.0,2,1,1,1,1,2,5,1,1,2,1,4,3,3,11,4,9,38,17,1,1,34,11,10,13,12,11,51,22,9,2,0,0,Normal
2020-02-22,Saturday,6,8,2,Winter,1,0,0,0,0,0,0,2.2,21.7,13.4,52.8,,0,0,0,72,19,6,12,8,109,123.0,137.0,115.0,124.86,10.2,114.0,122.43,2,1,1,1,1,2,4,1,1,1,1,5,4,3,12,4,9,36,16,1,1,50,13,8,13,13,9,41,23,8,2,0,0,Normal
2020-02-23,Sunday,7,8,2,Winter,1,0,0,0,0,0,0,0.0,25.0,20.0,40.9,,0,0,0,68,18,7,12,8,105,109.0,123.0,107.0,124.0,11.2,106.0,122.07,2,1,1,1,1,2,4,1,1,1,1,5,4,3,12,4,9,34,15,1,1,36,9,7,12,12,9,42,15,10,2,0,0,Normal
2020-02-24,Monday,1,9,2,Winter,0,0,0,0,0,0,0,0.0,28.6,20.9,53.9,,0,0,0,91,18,6,7,7,122,105.0,109.0,125.0,123.71,11.65,124.0,122.0,2,1,1,1,1,2,5,1,1,2,1,4,3,3,10,4,9,37,16,1,1,47,9,7,12,11,11,39,13,9,2,1,0,Watch
2020-02-25,Tuesday,2,9,2,Winter,0,0,0,0,0,1,0,0.0,26.1,20.0,43.6,,0,0,0,93,17,13,10,9,133,122.0,105.0,131.0,123.29,11.65,127.0,121.86,2,1,1,1,1,2,5,1,1,2,1,5,4,3,13,4,8,35,16,1,1,40,10,8,15,12,10,46,16,8,2,0,0,Normal
2020-02-26,Wednesday,3,9,2,Winter,0,0,0,1,1,0,1,0.0,26.8,15.6,52.3,,0,0,0,100,16,13,13,8,142,133.0,122.0,136.0,123.57,11.85,140.0,122.29,2,1,1,1,1,2,6,1,1,2,1,5,4,3,13,3,8,34,16,1,1,41,11,9,15,12,10,34,22,9,3,0,0,Normal
2020-02-27,Thursday,4,9,2,Winter,0,0,0,0,0,1,0,0.0,27.3,19.5,45.0,,0,0,0,88,21,14,6,7,129,142.0,133.0,137.0,124.43,12.89,119.0,122.43,2,1,1,1,1,2,5,1,1,2,1,4,3,3,13,4,10,41,18,1,1,46,12,9,13,11,9,50,24,9,2,1,0,Watch
2020-02-28,Friday,5,9,2,Winter,0,0,0,0,0,0,0,0.0,25.2,17.5,44.9,,0,0,0,83,18,7,9,8,117,129.0,142.0,123.0,123.29,12.06,110.0,123.14,2,1,1,1,1,2,5,1,1,1,1,5,4,3,11,4,9,36,16,1,1,34,12,5,14,11,9,48,19,6,2,0,0,Normal
2020-02-29,Saturday,6,9,2,Winter,1,0,0,0,0,0,0,1.3,27.6,21.4,51.8,,0,0,0,76,19,10,13,6,118,117.0,129.0,109.0,122.43,12.26,115.0,123.64,2,1,1,1,1,2,5,1,1,1,1,4,4,3,14,4,9,37,17,1,1,34,10,8,17,13,8,41,20,9,2,1,0,Watch
2020-03-01,Sunday,7,9,3,Summer,1,0,1,0,0,0,3,0.0,25.5,17.7,56.6,,0,0,0,76,23,8,22,9,129,118.0,117.0,105.0,123.71,11.21,107.0,123.86,2,1,2,1,1,2,5,1,1,2,1,5,5,3,17,5,11,43,19,2,1,42,9,8,16,14,13,45,18,11,2,2,0,Watch
2020-03-02,Monday,1,10,3,Summer,0,0,0,0,0,0,0,0.0,29.3,20.6,42.9,,0,0,0,92,15,8,8,7,123,129.0,118.0,122.0,127.14,8.24,125.0,125.43,2,1,1,1,1,2,5,1,1,2,1,4,3,3,10,3,7,32,15,1,1,50,9,4,12,11,6,35,19,12,2,1,0,Watch
2020-03-03,Tuesday,2,10,3,Summer,0,0,0,0,0,1,0,0.0,27.4,19.4,59.0,,0,0,0,95,18,15,8,9,136,123.0,129.0,133.0,127.29,8.15,131.0,125.29,2,1,1,1,1,2,5,1,1,2,1,5,4,3,13,4,9,37,16,1,1,42,12,8,14,13,12,34,14,9,2,2,0,Watch
2020-03-04,Wednesday,3,10,3,Summer,0,0,0,1,0,0,1,0.0,26.4,18.7,56.5,,0,0,0,101,21,9,14,9,145,136.0,123.0,142.0,127.71,8.51,136.0,125.64,2,1,1,1,1,2,6,1,1,2,1,5,4,3,14,4,10,42,19,2,1,41,11,8,14,13,9,58,22,13,2,1,0,Watch
2020-03-05,Thursday,4,10,3,Summer,0,0,0,0,0,1,0,0.0,24.9,17.9,51.8,,0,0,0,83,21,13,8,7,125,145.0,136.0,129.0,128.14,9.26,137.0,126.29,2,1,1,1,1,2,5,1,1,2,1,4,3,3,13,4,10,40,18,1,1,34,10,7,13,12,12,50,16,13,2,1,0,Watch
2020-03-06,Friday,5,10,3,Summer,0,0,0,0,0,0,0,0.0,29.0,21.2,54.9,,0,0,0,84,20,8,6,8,118,125.0,145.0,117.0,127.57,9.32,123.0,125.43,2,1,1,1,1,2,5,1,1,1,1,5,3,3,11,4,9,39,17,1,1,43,11,9,13,11,7,42,23,9,2,1,0,Watch
2020-03-07,Saturday,6,10,3,Summer,1,0,0,0,0,0,0,0.0,26.5,15.7,52.2,,0,0,0,74,19,9,11,6,113,118.0,125.0,118.0,127.71,9.16,109.0,125.07,2,1,1,1,1,2,5,1,1,1,1,4,3,3,13,4,9,36,17,1,1,48,9,8,12,11,8,33,15,10,2,4,0,High
2020-03-08,Sunday,7,10,3,Summer,1,0,0,0,0,0,0,0.0,24.5,18.2,43.4,,0,0,0,78,13,8,14,8,113,113.0,118.0,129.0,127.0,10.04,105.0,125.36,2,1,1,1,1,2,5,1,1,1,1,5,4,3,11,3,6,28,14,1,1,42,11,8,14,10,7,35,16,9,2,0,0,Normal
2020-03-09,Monday,1,11,3,Summer,0,0,0,0,0,0,0,0.0,27.8,19.7,46.5,,0,0,0,94,18,8,7,6,127,113.0,113.0,123.0,124.71,11.09,122.0,125.93,2,1,1,1,1,2,5,1,1,2,1,4,3,3,11,4,9,37,16,1,1,39,9,9,10,11,11,42,18,8,2,1,0,Watch
2020-03-10,Tuesday,2,11,3,Summer,0,0,0,0,0,1,0,0.0,25.2,17.6,47.3,,0,0,0,90,16,15,7,8,128,127.0,113.0,136.0,125.29,11.09,133.0,126.29,2,1,1,1,1,2,5,1,1,2,1,5,3,3,12,3,8,33,15,1,1,42,11,5,12,12,6,32,16,11,2,2,0,Watch
2020-03-11,Wednesday,3,11,3,Summer,0,0,1,1,0,0,3,0.0,27.9,22.5,50.2,,0,0,0,108,13,7,22,9,150,128.0,127.0,145.0,124.14,10.32,142.0,125.93,2,1,2,1,1,2,6,1,1,2,1,5,5,3,13,3,6,31,15,2,1,43,12,7,15,12,5,38,18,9,2,1,0,Watch
2020-03-12,Thursday,4,11,3,Summer,0,0,0,0,0,1,0,0.3,29.4,21.8,47.8,,0,0,0,91,17,11,8,8,127,150.0,128.0,125.0,124.86,11.8,129.0,126.5,2,1,1,1,1,2,5,1,1,2,1,5,3,3,12,4,8,35,16,1,1,42,10,5,13,11,6,34,15,8,2,3,0,High
2020-03-13,Friday,5,11,3,Summer,0,0,0,0,0,0,0,0.2,27.8,18.6,46.0,,0,0,0,83,21,8,8,7,120,127.0,150.0,118.0,125.14,11.83,117.0,126.36,2,1,1,1,1,2,5,1,1,1,1,4,3,3,12,4,10,40,18,1,1,41,14,8,12,13,10,36,20,10,3,1,0,Watch
2020-03-14,Saturday,6,11,3,Summer,1,0,0,0,0,0,0,1.2,27.2,17.6,47.5,,0,0,0,72,16,8,10,6,106,120.0,127.0,113.0,125.43,11.67,118.0,126.57,2,1,1,1,1,2,4,1,1,1,1,4,3,2,11,3,8,32,14,1,1,46,8,9,10,11,7,35,11,7,2,3,0,High
2020-03-15,Sunday,7,11,3,Summer,1,0,0,0,0,0,0,0.0,26.4,19.3,50.3,,0,0,0,70,15,8,10,6,103,106.0,120.0,113.0,124.43,12.93,129.0,125.71,2,1,1,1,1,2,4,1,1,1,1,4,3,2,11,3,7,30,14,1,1,38,11,10,10,11,7,32,17,8,2,1,0,Watch
2020-03-16,Monday,1,12,3,Summer,0,0,0,0,0,0,0,0.0,27.9,19.0,49.7,,0,0,0,94,20,6,8,8,128,103.0,106.0,127.0,123.0,14.56,123.0,123.86,2,1,1,1,1,2,5,1,1,2,1,5,3,3,11,4,9,40,17,1,1,45,11,5,12,12,7,36,23,10,2,2,0,Watch
2020-03-17,Tuesday,2,12,3,Summer,0,0,0,0,0,1,0,0.0,27.4,18.8,43.6,,0,0,0,89,16,12,5,7,122,128.0,103.0,128.0,123.14,14.6,136.0,124.21,2,1,1,1,1,2,5,1,1,2,1,4,3,3,11,3,8,33,15,1,1,41,8,8,13,10,6,33,14,9,2,2,0,Watch
2020-03-18,Wednesday,3,12,3,Summer,0,0,0,1,0,0,1,0.0,26.6,18.1,51.7,,0,0,0,100,21,10,10,8,141,122.0,128.0,150.0,122.29,14.47,145.0,123.21,2,1,1,1,1,2,6,1,1,2,1,5,4,3,13,4,10,42,19,1,1,45,10,9,12,12,9,48,25,10,2,2,0,Watch
2020-03-19,Thursday,4,12,3,Summer,0,0,0,0,0,1,0,0.0,30.2,21.6,46.3,,0,0,0,88,17,13,8,10,126,141.0,122.0,127.0,121.0,12.17,125.0,122.93,2,1,1,1,1,2,5,1,1,2,1,6,4,3,12,4,8,35,16,1,1,44,11,9,13,12,9,32,17,9,2,1,0,Watch
2020-03-20,Friday,5,12,3,Summer,0,0,0,0,0,0,0,0.0,25.0,16.6,52.2,,0,0,0,86,21,6,9,7,122,126.0,141.0,120.0,120.86,12.1,118.0,123.0,2,1,1,1,1,2,5,1,1,2,1,4,3,3,12,4,10,41,18,1,1,40,10,10,10,12,10,37,16,10,2,3,0,High
2020-03-21,Saturday,6,12,3,Summer,1,0,0,0,0,0,0,0.0,29.9,23.4,48.0,,0,0,0,72,20,9,11,6,112,122.0,126.0,106.0,121.14,12.1,113.0,123.29,2,1,1,1,1,2,4,1,1,1,1,4,3,3,13,4,9,38,16,1,1,42,10,9,17,11,9,51,19,8,2,0,0,Normal
2020-03-22,Sunday,7,12,3,Summer,1,0,0,0,0,0,0,0.0,29.1,24.0,49.0,,0,0,0,73,16,8,13,8,110,112.0,122.0,103.0,122.0,11.17,113.0,123.21,2,1,1,1,1,2,4,1,1,1,1,5,4,3,12,3,8,32,14,1,1,33,14,7,16,11,6,38,17,9,2,1,0,Watch
2020-03-23,Monday,1,13,3,Summer,0,0,0,0,0,0,0,0.0,27.7,19.9,42.8,,0,0,0,101,14,8,10,8,133,110.0,112.0,128.0,123.0,9.64,127.0,123.0,2,1,1,1,1,2,5,1,1,2,1,5,4,3,10,3,7,32,14,1,1,37,11,7,12,11,7,37,15,11,2,0,0,Normal
2020-03-24,Tuesday,2,13,3,Summer,0,0,0,0,0,1,0,0.4,27.2,19.0,47.6,,0,0,0,93,19,13,5,8,130,133.0,110.0,122.0,123.71,10.15,128.0,123.43,2,1,1,1,1,2,5,1,1,2,1,5,3,3,12,4,9,38,17,1,1,51,10,8,16,13,11,43,23,8,3,0,0,Normal
2020-03-25,Wednesday,3,13,3,Summer,0,0,0,1,0,0,1,0.0,29.1,22.0,44.6,,0,0,0,98,18,8,13,8,137,130.0,133.0,141.0,124.86,10.34,150.0,123.57,2,1,1,1,1,2,5,1,1,2,1,5,4,3,13,4,9,37,16,1,1,41,11,6,15,12,11,47,14,9,2,1,0,Watch
2020-03-26,Thursday,4,13,3,Summer,0,0,0,0,0,1,0,0.0,30.1,22.7,42.4,,0,0,0,85,17,13,11,7,126,137.0,130.0,126.0,124.29,9.51,127.0,122.64,2,1,1,1,1,2,5,1,1,2,1,4,4,3,13,4,8,34,16,1,1,38,12,2,14,13,10,40,22,9,2,1,0,Watch
2020-03-27,Friday,5,13,3,Summer,0,0,0,0,0,0,0,0.0,29.1,22.4,39.4,,0,0,0,85,17,10,7,6,119,126.0,137.0,122.0,124.29,9.51,120.0,122.57,2,1,1,1,1,2,5,1,1,1,1,4,3,3,11,4,8,34,16,1,1,48,11,4,9,12,8,45,20,13,2,1,0,Watch
2020-03-28,Saturday,6,13,3,Summer,1,0,0,0,0,0,0,0.0,25.0,16.2,52.5,,0,0,0,79,15,10,9,6,113,119.0,126.0,112.0,123.86,9.67,106.0,122.5,2,1,1,1,1,2,5,1,1,1,1,4,3,2,11,3,7,31,15,1,1,36,11,9,10,12,7,43,13,9,2,2,0,Watch
2020-03-29,Sunday,7,13,3,Summer,1,0,0,0,0,0,0,0.0,32.2,22.8,44.1,,0,0,0,73,17,8,9,6,107,113.0,119.0,110.0,124.0,9.5,103.0,123.0,2,1,1,1,1,2,4,1,1,1,1,4,3,3,11,4,8,33,15,1,1,45,15,7,9,13,8,39,21,13,2,1,0,Watch
2020-03-30,Monday,1,14,3,Summer,0,0,1,0,0,0,3,0.0,30.6,24.2,48.0,,0,0,0,97,19,8,17,9,141,107.0,113.0,133.0,123.57,10.17,128.0,123.29,2,1,1,1,1,2,6,1,1,2,1,5,5,3,14,4,9,39,18,2,1,47,13,6,15,12,7,41,25,10,2,1,0,Watch
2020-03-31,Tuesday,2,14,3,Summer,0,0,0,0,0,1,0,0.0,28.3,19.2,46.7,,0,0,0,94,21,16,5,8,136,141.0,107.0,130.0,124.71,11.52,122.0,124.21,2,1,1,1,1,2,5,2,1,2,1,5,3,3,13,4,10,41,18,1,1,46,11,8,16,12,9,39,16,6,2,3,0,High
2020-04-01,Wednesday,3,14,4,Summer,0,0,0,1,0,0,1,0.0,27.2,20.2,46.0,,0,0,0,97,19,8,17,9,141,136.0,141.0,137.0,125.57,12.09,141.0,125.21,2,1,1,1,1,2,6,1,1,2,1,5,5,3,14,4,9,39,18,2,1,27,11,8,12,11,10,48,19,11,2,1,0,Watch
2020-04-02,Thursday,4,14,4,Summer,0,0,0,0,0,1,0,0.0,29.5,23.0,49.6,,0,0,0,89,15,15,8,8,127,141.0,136.0,126.0,126.14,12.7,126.0,125.21,2,1,1,1,1,2,5,1,1,2,1,5,3,3,12,3,7,32,15,1,1,42,11,7,11,11,7,30,17,6,2,2,0,Watch
2020-04-03,Friday,5,14,4,Summer,0,0,0,0,0,0,0,0.0,25.3,18.5,56.2,,0,0,0,87,22,7,7,7,123,127.0,141.0,119.0,126.29,12.7,122.0,125.29,2,1,1,1,1,2,5,1,1,2,1,4,3,3,12,4,10,42,18,1,1,54,10,8,13,11,8,52,23,8,2,1,0,Watch
2020-04-04,Saturday,6,14,4,Summer,1,0,0,0,0,0,0,0.0,29.0,23.2,48.2,,0,0,0,76,18,9,11,7,114,123.0,127.0,113.0,126.86,12.45,112.0,125.36,2,1,1,1,1,2,5,1,1,1,1,4,4,3,12,4,9,35,16,1,1,40,11,10,12,13,10,40,19,13,2,0,0,Normal
2020-04-05,Sunday,7,14,4,Summer,1,0,0,0,0,0,0,0.7,29.8,24.1,48.6,,0,0,0,68,13,9,11,7,101,114.0,123.0,107.0,127.0,12.29,110.0,125.5,2,1,1,1,1,2,4,1,1,1,1,4,4,3,11,3,6,27,13,1,1,31,12,8,9,10,6,33,11,10,3,2,0,Watch
2020-04-06,Monday,1,15,4,Summer,0,0,0,0,0,0,0,0.0,28.9,20.1,51.9,,0,0,0,97,16,9,8,8,130,101.0,114.0,141.0,126.14,13.78,133.0,124.86,2,1,1,1,1,2,5,1,1,2,1,5,3,3,11,3,8,34,15,1,1,41,11,13,10,11,6,36,20,9,2,2,0,Watch
2020-04-07,Tuesday,2,15,4,Summer,0,0,0,0,0,1,0,0.0,28.3,20.6,44.9,,0,0,0,94,17,14,7,9,132,130.0,101.0,136.0,124.57,12.57,130.0,124.64,2,1,1,1,1,2,5,1,1,2,1,5,4,3,12,4,8,35,16,1,1,42,11,8,14,12,6,47,21,14,2,1,0,Watch
2020-04-08,Wednesday,3,15,4,Summer,0,0,0,1,0,0,1,0.0,28.4,21.1,43.3,,0,0,0,95,17,8,12,8,132,132.0,130.0,141.0,124.0,12.12,137.0,124.79,2,1,1,1,1,2,5,1,1,2,1,5,4,3,12,4,8,35,16,1,1,47,12,12,14,13,8,40,13,12,2,1,0,Watch
2020-04-09,Thursday,4,15,4,Summer,0,0,0,0,0,1,0,0.0,28.9,20.7,50.8,,0,0,0,88,21,14,5,8,128,132.0,132.0,127.0,122.71,10.63,126.0,124.43,2,1,1,1,1,2,5,1,1,2,1,5,3,3,13,4,10,41,18,1,1,49,11,9,16,12,8,55,22,9,2,1,0,Watch
2020-04-10,Friday,5,15,4,Summer,0,0,0,0,0,0,0,0.0,28.3,18.6,50.0,,0,0,0,89,17,9,8,7,123,128.0,132.0,123.0,122.86,10.7,119.0,124.57,2,1,1,1,1,2,5,1,1,2,1,4,3,3,11,4,8,35,16,1,1,44,11,8,12,13,9,40,17,9,2,0,0,Normal
2020-04-11,Saturday,6,15,4,Summer,1,0,0,0,0,0,0,1.6,29.2,22.6,52.2,,0,0,0,82,15,9,13,7,119,123.0,128.0,114.0,122.86,10.7,113.0,124.86,2,1,1,1,1,2,5,1,1,1,1,4,4,3,12,3,7,31,15,1,1,32,15,8,15,10,9,38,12,7,3,1,0,Watch
2020-04-12,Sunday,7,15,4,Summer,1,0,0,0,0,0,0,0.0,30.5,24.9,48.4,,0,0,0,75,20,8,9,5,112,119.0,123.0,101.0,123.57,10.24,107.0,125.29,2,1,1,1,1,2,4,1,1,1,1,3,3,2,12,4,9,38,16,1,1,41,12,8,13,12,7,49,15,10,3,2,0,Watch
2020-04-13,Monday,1,16,4,Summer,0,0,0,0,0,0,0,0.0,30.0,22.7,46.2,,0,0,0,93,20,9,7,8,129,112.0,119.0,130.0,125.14,6.98,141.0,125.64,2,1,1,1,1,2,5,1,1,2,1,5,3,3,12,4,9,40,17,1,1,40,8,6,11,12,10,36,16,9,2,3,0,High
2020-04-14,Tuesday,2,16,4,Summer,0,0,0,0,0,1,0,0.0,28.5,20.5,50.9,,0,0,0,94,19,11,9,5,133,129.0,112.0,132.0,125.0,6.89,136.0,124.79,2,1,1,1,1,2,5,1,1,2,1,3,3,2,13,4,9,38,17,1,1,46,12,11,12,13,8,39,16,10,2,3,0,High
2020-04-15,Wednesday,3,16,4,Summer,0,0,0,1,0,0,1,0.0,29.5,20.3,44.0,,0,0,0,96,19,9,11,8,135,133.0,129.0,132.0,125.14,7.04,141.0,124.57,2,1,1,1,1,2,5,1,1,2,1,5,4,3,13,4,9,39,17,1,1,42,11,7,12,13,8,41,19,9,2,2,0,Watch
2020-04-16,Thursday,4,16,4,Summer,0,0,0,0,0,1,0,0.0,29.0,19.9,47.2,,0,0,0,93,14,15,7,7,129,135.0,133.0,128.0,125.57,7.52,127.0,124.14,2,1,1,1,1,2,5,1,1,2,1,4,3,3,11,3,7,31,14,1,1,42,10,4,13,12,7,35,12,7,2,1,0,Watch
2020-04-17,Friday,5,16,4,Summer,0,0,0,0,0,0,0,1.0,29.6,22.6,43.7,,0,0,0,86,13,8,6,5,113,129.0,135.0,123.0,125.71,7.57,123.0,124.29,2,1,1,1,1,2,5,1,1,1,1,3,2,2,9,3,6,29,14,1,1,45,12,9,8,11,6,29,20,8,2,1,0,Watch
2020-04-18,Saturday,6,16,4,Summer,1,0,0,0,0,0,0,0.0,34.3,26.2,42.0,,0,0,0,75,18,8,11,7,112,113.0,129.0,119.0,124.29,8.79,114.0,123.57,2,1,1,1,1,2,4,1,1,1,1,4,4,3,12,4,9,35,15,1,1,44,11,8,15,11,10,41,15,11,2,0,0,Normal
2020-04-19,Sunday,7,16,4,Summer,1,0,0,0,0,0,0,0.0,31.2,24.0,44.1,,0,0,0,75,16,8,12,7,111,112.0,113.0,112.0,123.29,9.69,101.0,123.43,2,1,1,1,1,2,4,1,1,1,1,4,4,3,12,3,8,32,14,1,1,36,11,5,10,11,7,30,12,8,2,4,0,High
2020-04-20,Monday,1,17,4,Summer,0,0,0,0,0,0,0,0.0,30.5,22.4,50.7,,0,0,0,96,22,9,7,7,134,111.0,112.0,129.0,123.14,9.86,130.0,124.14,2,1,1,1,1,2,5,1,1,2,1,4,3,3,13,4,10,43,18,1,1,45,10,9,13,12,10,53,18,8,2,0,0,Normal
2020-04-21,Tuesday,2,17,4,Summer,0,0,0,0,0,1,0,0.0,31.2,23.5,43.8,,0,0,0,94,18,14,8,8,134,134.0,111.0,133.0,123.86,10.43,132.0,124.43,2,1,1,1,1,2,5,1,1,2,1,5,3,3,13,4,9,37,16,1,1,44,12,12,12,12,8,44,22,7,2,2,0,Watch
2020-04-22,Wednesday,3,17,4,Summer,0,0,0,1,1,0,1,0.0,31.9,23.5,55.3,,0,0,0,102,20,12,10,10,144,134.0,134.0,135.0,124.0,10.56,132.0,124.57,2,1,1,1,1,2,6,1,1,2,1,6,4,3,13,4,9,41,18,1,1,46,7,8,17,12,11,46,24,7,2,0,0,Normal
2020-04-23,Thursday,4,17,4,Summer,0,0,0,0,0,1,0,0.2,31.2,24.5,42.1,,0,0,0,91,16,15,7,8,129,144.0,134.0,129.0,125.29,12.23,128.0,125.43,2,1,1,1,1,2,5,1,1,2,1,5,3,3,12,3,8,34,15,1,1,29,11,8,13,11,10,41,17,10,2,0,0,Normal
2020-04-24,Friday,5,17,4,Summer,0,0,0,0,0,0,0,1.0,30.3,21.6,45.0,,0,0,0,87,14,7,8,4,116,129.0,144.0,113.0,125.29,12.23,123.0,125.5,2,1,1,1,1,2,5,1,1,1,1,3,2,2,10,3,7,30,14,1,1,40,12,9,11,12,6,41,14,8,2,1,0,Watch
2020-04-25,Saturday,6,17,4,Summer,1,0,0,0,0,0,0,0.0,31.8,24.4,47.0,,0,0,0,77,20,8,11,8,116,116.0,129.0,112.0,125.71,11.84,119.0,125.0,2,1,1,1,1,2,5,1,1,1,1,5,4,3,13,4,9,38,17,1,1,41,10,11,12,12,11,43,21,9,2,1,0,Watch
2020-04-26,Sunday,7,17,4,Summer,1,0,0,0,0,0,0,0.0,32.7,22.4,41.9,,0,0,0,76,16,8,12,6,112,116.0,116.0,111.0,126.29,11.25,112.0,124.79,2,1,1,1,1,2,4,1,1,1,1,4,3,2,12,3,8,32,14,1,1,38,11,9,11,10,6,42,15,10,2,2,0,Watch
2020-04-27,Monday,1,18,4,Summer,0,0,0,0,0,0,0,0.0,33.6,22.2,37.9,,0,0,0,92,12,11,7,7,122,112.0,116.0,134.0,126.43,11.06,129.0,124.79,2,1,1,1,1,2,5,1,1,2,1,4,3,2,10,3,6,28,13,1,1,44,8,8,10,10,7,27,18,7,2,1,0,Watch
2020-04-28,Tuesday,2,18,4,Summer,0,0,0,0,0,1,0,1.0,31.2,23.4,46.0,,0,0,0,88,17,14,5,7,124,122.0,112.0,134.0,124.71,10.67,133.0,124.29,2,1,1,1,1,2,5,1,1,2,1,4,3,3,11,4,8,35,16,1,1,44,11,6,13,13,7,42,16,9,2,1,0,Watch
2020-04-29,Wednesday,3,18,4,Summer,0,0,0,1,0,0,1,0.0,31.9,26.5,48.0,,0,0,0,102,20,10,12,8,144,124.0,122.0,144.0,123.29,9.98,135.0,123.64,2,1,1,1,1,2,6,1,1,2,1,5,4,3,14,4,9,41,18,1,1,48,11,12,17,13,8,54,24,9,2,1,0,Watch
2020-04-30,Thursday,4,18,4,Summer,0,0,0,0,0,1,0,0.0,30.8,22.3,47.9,,0,0,0,90,19,15,6,6,130,144.0,124.0,129.0,123.29,9.98,129.0,124.29,2,1,1,1,1,2,5,1,1,2,1,4,3,3,13,4,9,38,17,1,1,37,7,8,14,13,10,34,14,8,2,2,0,Watch
2020-05-01,Friday,5,18,5,Summer,0,1,0,0,0,0,1,0.0,34.6,26.3,47.4,,0,0,0,86,21,8,7,7,122,130.0,144.0,116.0,123.43,10.07,113.0,124.36,2,1,1,1,1,2,5,1,1,2,1,4,3,3,12,4,10,41,18,1,1,36,12,10,10,13,12,44,18,8,2,1,0,Watch
2020-05-02,Saturday,6,18,5,Summer,1,0,0,0,0,0,0,0.0,32.7,24.1,47.8,,0,0,0,78,18,9,12,8,117,122.0,130.0,116.0,124.29,9.65,112.0,125.0,2,1,1,1,1,2,5,1,1,1,1,5,4,3,13,4,9,35,16,1,1,47,11,8,15,12,9,33,21,6,1,1,0,Watch
2020-05-03,Sunday,7,18,5,Summer,1,0,0,0,0,0,0,0.0,32.2,25.2,47.0,,0,0,0,73,18,10,11,9,112,117.0,122.0,112.0,124.43,9.53,111.0,125.36,2,1,1,1,1,2,4,1,1,1,1,5,4,3,13,4,9,35,15,1,1,46,11,9,17,13,9,33,13,7,2,2,0,Watch
2020-05-04,Monday,1,19,5,Summer,0,0,0,0,0,0,0,0.2,31.6,23.2,47.8,,0,0,0,96,20,9,7,9,132,112.0,117.0,122.0,124.43,9.53,134.0,125.43,2,1,1,1,1,2,5,1,1,2,1,5,4,3,12,4,9,40,17,1,1,49,9,6,15,11,8,53,22,11,2,1,0,Watch
2020-05-05,Tuesday,2,19,5,Summer,0,0,0,0,0,1,0,0.0,32.9,25.8,49.4,,0,0,0,94,17,14,6,7,131,132.0,112.0,124.0,125.86,9.8,134.0,125.29,2,1,1,1,1,2,5,1,1,2,1,4,3,3,12,4,8,35,16,1,1,43,7,9,11,12,6,35,14,7,2,3,0,High
2020-05-06,Wednesday,3,19,5,Summer,0,0,0,1,0,0,1,0.0,32.7,24.0,48.5,,0,0,0,100,15,10,13,9,138,131.0,132.0,144.0,126.86,9.92,144.0,125.07,2,1,1,1,1,2,5,1,1,2,1,5,4,3,12,3,7,33,15,1,1,45,12,10,15,10,8,31,18,9,2,1,0,Watch
2020-05-07,Thursday,4,19,5,Summer,0,0,0,0,0,1,0,1.0,34.5,23.2,42.3,,0,0,0,86,16,12,8,7,122,138.0,131.0,130.0,126.0,8.57,129.0,124.64,2,1,1,1,1,2,5,1,1,2,1,4,3,3,11,3,8,33,15,1,1,44,11,8,14,11,6,38,14,9,2,2,0,Watch
2020-05-08,Friday,5,19,5,Summer,0,0,0,0,0,0,0,0.0,33.3,24.7,53.8,,0,0,0,82,16,7,7,6,112,122.0,138.0,122.0,124.86,8.49,116.0,124.14,2,1,1,1,1,2,4,1,1,1,1,4,3,2,10,3,8,33,14,1,1,42,12,8,9,11,8,37,16,8,2,1,0,Watch
2020-05-09,Saturday,6,19,5,Summer,1,0,0,0,0,0,0,0.0,31.8,21.3,42.9,,0,0,0,78,17,7,11,7,113,112.0,122.0,117.0,123.43,9.62,116.0,123.86,2,1,1,1,1,2,5,1,1,1,1,4,4,3,11,4,8,34,16,1,1,46,12,8,12,11,8,38,15,8,2,1,0,Watch
2020-05-10,Sunday,7,19,5,Summer,1,0,0,0,0,0,0,0.0,32.2,25.2,46.6,,0,0,0,77,16,8,12,8,113,113.0,112.0,112.0,122.86,10.09,112.0,123.64,2,1,1,1,1,2,5,1,1,1,1,5,4,3,12,3,8,32,15,1,1,42,11,6,14,12,10,44,21,10,2,0,0,Normal
2020-05-11,Monday,1,20,5,Summer,0,0,0,0,0,0,0,0.0,31.9,23.0,46.5,,0,0,0,95,15,7,7,6,124,113.0,113.0,132.0,123.0,9.94,122.0,123.71,2,1,1,1,1,2,5,1,1,2,1,4,3,2,10,3,7,32,15,1,1,39,12,6,12,11,8,40,16,9,2,0,0,Normal
2020-05-12,Tuesday,2,20,5,Summer,0,0,0,0,0,1,0,0.0,32.9,25.8,54.4,,0,0,0,95,16,12,9,7,132,124.0,113.0,131.0,121.86,9.28,124.0,123.86,2,1,1,1,1,2,5,1,1,2,1,4,3,3,12,3,8,34,15,1,1,47,10,8,14,12,8,47,15,11,2,0,0,Normal
2020-05-13,Wednesday,3,20,5,Summer,0,0,0,1,0,0,1,0.0,31.0,23.1,46.0,,0,0,0,99,13,10,13,8,135,132.0,124.0,138.0,122.0,9.43,144.0,124.43,2,1,1,1,1,2,5,1,1,2,1,5,4,3,11,3,6,30,14,1,1,28,11,11,10,12,6,27,17,9,2,2,0,Watch
2020-05-14,Thursday,4,20,5,Summer,0,0,0,0,0,1,0,0.0,30.2,23.1,43.7,,0,0,0,91,10,15,5,7,121,135.0,132.0,122.0,121.57,8.73,130.0,123.79,2,1,1,1,1,2,5,1,1,2,1,4,3,2,9,2,5,25,12,1,1,44,11,6,10,10,4,26,12,9,2,1,0,Watch
2020-05-15,Friday,5,20,5,Summer,0,0,0,0,0,0,0,0.6,33.3,24.0,46.1,Diarrheal,3,1,5,100,34,9,7,7,150,121.0,135.0,112.0,121.43,8.73,122.0,123.14,2,1,1,1,1,2,6,1,1,2,1,4,3,5,17,24,29,61,36,2,1,42,12,10,17,35,29,74,35,9,2,1,0,Watch
2020-05-16,Saturday,6,20,5,Summer,1,0,0,0,0,0,0,0.0,32.2,23.7,49.9,Diarrheal,3,1,5,82,29,11,10,7,132,150.0,121.0,113.0,126.86,12.28,117.0,125.14,2,1,1,1,1,2,5,1,1,2,1,4,3,5,16,21,25,52,31,2,1,39,12,6,14,27,29,61,35,11,2,1,0,Watch
2020-05-17,Sunday,7,20,5,Summer,1,0,0,0,0,0,0,0.1,35.1,27.1,45.8,Diarrheal,3,1,4,88,37,10,9,9,144,132.0,150.0,113.0,129.57,10.94,112.0,126.21,2,2,1,1,1,2,6,1,1,2,1,5,4,6,19,26,32,65,38,2,1,40,10,8,20,42,36,78,44,8,2,0,0,Watch
2020-05-18,Monday,1,21,5,Summer,0,0,0,0,0,0,0,0.0,35.0,25.6,47.7,Diarrheal,3,1,4,105,31,8,6,7,150,144.0,132.0,124.0,134.0,9.52,132.0,128.5,2,1,1,1,1,2,6,1,1,2,1,4,3,5,15,22,27,57,33,2,1,44,9,9,17,38,26,54,45,8,2,2,0,Watch
2020-05-19,Tuesday,2,21,5,Summer,0,0,0,0,0,1,0,0.0,28.5,21.0,57.0,Diarrheal,3,1,4,109,34,14,7,11,164,150.0,144.0,132.0,137.71,9.95,131.0,129.79,2,1,1,1,1,2,6,1,1,2,1,7,4,6,18,24,29,62,36,2,1,44,10,8,22,39,30,79,48,8,2,0,0,Watch
2020-05-20,Wednesday,3,21,5,Summer,0,0,0,1,0,0,1,0.0,33.3,24.7,47.0,Diarrheal,3,1,5,112,33,10,14,10,169,164.0,150.0,135.0,142.29,13.12,138.0,132.14,3,1,1,1,1,2,7,1,1,2,1,6,5,6,19,24,29,61,36,2,1,43,12,8,23,42,30,57,31,13,3,2,0,Watch
2020-05-21,Thursday,4,21,5,Summer,0,0,0,0,0,1,0,0.4,29.2,20.6,49.4,Diarrheal,3,1,5,98,29,14,7,9,148,169.0,164.0,121.0,147.14,15.59,122.0,134.36,2,1,1,1,1,2,6,1,1,2,1,5,4,5,16,21,25,54,32,2,1,40,11,9,15,27,30,56,29,8,1,2,0,Watch
2020-05-22,Friday,5,21,5,Summer,0,0,0,0,0,0,0,0.0,33.4,22.1,48.6,Diarrheal,3,1,5,98,27,8,8,7,141,148.0,169.0,150.0,151.0,11.43,112.0,136.21,2,1,1,1,1,2,6,1,1,2,1,4,3,4,14,19,23,51,30,1,1,49,12,9,13,26,17,68,37,6,2,2,0,Watch
2020-05-23,Saturday,6,21,5,Summer,1,0,0,0,0,0,0,0.0,33.1,25.9,48.2,Diarrheal,3,1,4,90,32,7,8,8,137,141.0,148.0,132.0,149.71,11.96,113.0,138.29,2,1,1,1,1,2,5,1,1,2,1,5,3,5,16,23,28,57,33,2,1,42,11,9,19,30,33,53,30,5,2,2,0,Watch
2020-05-24,Sunday,7,21,5,Summer,1,0,0,0,0,0,0,1.1,33.9,24.5,41.2,Diarrheal,3,1,5,87,37,10,13,10,147,137.0,141.0,144.0,150.43,10.99,113.0,140.0,2,2,1,1,1,2,6,1,1,2,1,6,5,6,20,26,32,65,38,2,1,46,11,6,20,30,25,65,33,12,2,2,0,Watch
2020-05-25,Monday,1,22,5,Summer,0,0,0,0,0,0,0,0.0,31.9,23.0,46.0,Diarrheal,3,1,5,106,26,9,6,8,147,147.0,137.0,150.0,150.86,10.79,124.0,142.43,2,1,1,1,1,2,6,1,1,2,1,5,3,5,14,19,23,50,29,1,1,44,11,9,11,32,26,59,36,9,2,1,0,Watch
2020-05-26,Tuesday,2,22,5,Summer,0,0,0,0,0,1,0,0.0,33.3,25.7,43.3,Diarrheal,3,1,5,103,27,14,9,9,153,147.0,147.0,164.0,150.43,10.87,132.0,144.07,2,1,1,1,1,2,6,1,1,2,1,5,4,5,16,19,23,51,30,2,1,45,12,8,20,29,30,62,37,8,2,0,0,Watch
2020-05-27,Wednesday,3,22,5,Summer,0,0,0,1,0,0,1,0.0,30.2,21.3,44.3,Diarrheal,3,1,5,112,31,8,13,9,164,153.0,147.0,169.0,148.86,9.51,135.0,145.57,3,1,1,1,1,2,6,1,1,2,1,5,4,5,17,22,27,58,33,2,1,41,11,8,22,38,30,54,32,9,2,2,0,Watch
2020-05-28,Thursday,4,22,5,Summer,0,0,0,0,0,1,0,0.0,35.2,26.9,46.1,Diarrheal,3,1,5,96,32,13,3,8,144,164.0,153.0,148.0,148.14,8.04,121.0,147.64,2,1,1,1,1,2,6,1,1,2,1,5,3,5,16,23,28,58,34,1,1,47,11,9,16,42,35,72,35,10,2,0,0,Watch
2020-05-29,Friday,5,22,5,Summer,0,0,0,0,0,0,0,0.0,32.1,22.2,50.8,Diarrheal,3,1,5,97,31,9,4,6,141,144.0,164.0,141.0,147.57,8.17,150.0,149.29,2,1,1,1,1,2,6,1,1,2,1,4,2,4,15,22,27,57,33,1,1,44,15,7,15,39,34,67,27,9,2,1,0,Watch
2020-05-30,Saturday,6,22,5,Summer,1,0,0,0,0,0,0,0.0,33.2,23.3,50.0,Diarrheal,3,1,5,88,32,10,9,10,139,141.0,144.0,137.0,147.57,8.17,132.0,148.64,2,1,1,1,1,2,5,1,1,2,1,6,4,6,17,23,28,57,33,2,1,39,11,8,15,29,31,65,28,9,3,2,0,Watch
2020-05-31,Sunday,7,22,5,Summer,1,0,0,0,0,0,0,0.0,31.9,23.8,42.5,Diarrheal,3,1,5,88,30,8,12,8,138,139.0,141.0,147.0,147.86,7.83,144.0,149.14,2,1,1,1,1,2,5,1,1,2,1,5,4,5,17,21,26,54,31,2,1,40,11,6,22,26,21,63,31,9,2,1,0,Watch
2020-06-01,Monday,1,23,6,Monsoon,0,0,0,0,0,0,0,66.6,35.0,26.0,90.5,Diarrheal,3,1,5,104,55,6,8,9,173,138.0,139.0,147.0,146.57,8.57,150.0,148.71,2,2,1,1,1,2,7,1,2,2,1,5,4,7,24,39,47,93,53,2,1,41,9,8,26,46,53,125,43,9,2,1,0,Watch
2020-06-02,Tuesday,2,23,6,Monsoon,0,0,0,0,0,1,0,26.5,33.0,24.9,72.5,Diarrheal,3,1,3,99,42,12,5,9,158,173.0,138.0,153.0,150.29,12.62,164.0,150.36,2,2,1,1,1,2,6,1,1,2,1,5,3,6,20,30,36,73,42,2,1,42,11,9,23,46,29,73,48,8,2,1,0,Watch
2020-06-03,Wednesday,3,23,6,Monsoon,0,0,0,1,0,0,1,33.2,32.4,25.0,82.7,Diarrheal,3,1,4,109,49,8,11,11,177,158.0,173.0,164.0,151.0,12.9,169.0,149.93,2,2,1,1,1,2,7,1,1,2,1,7,5,7,23,35,42,85,49,2,1,46,12,8,22,58,53,90,66,9,2,1,0,Watch
2020-06-04,Thursday,4,23,6,Monsoon,0,0,0,0,0,1,0,23.0,30.3,22.1,88.0,Diarrheal,3,1,4,99,48,13,7,11,167,177.0,158.0,144.0,152.86,15.34,148.0,150.5,2,2,1,1,1,2,6,1,1,2,1,7,4,7,23,34,41,82,47,2,1,37,9,7,21,47,40,100,40,7,2,3,0,High
2020-06-05,Friday,5,23,6,Monsoon,0,0,0,0,0,0,0,12.5,35.3,25.6,70.4,Diarrheal,3,1,4,95,45,10,7,8,157,167.0,177.0,141.0,156.14,15.55,141.0,151.86,2,2,1,1,1,2,6,1,1,2,1,5,3,6,21,32,39,77,44,2,1,38,11,9,23,54,41,79,48,4,2,0,0,Watch
2020-06-06,Saturday,6,23,6,Monsoon,1,0,0,0,1,0,0,20.2,32.9,23.4,81.8,Diarrheal,3,1,4,94,48,12,12,12,166,157.0,167.0,139.0,158.43,14.28,137.0,153.0,2,2,1,1,1,2,6,1,1,2,1,7,5,7,24,34,41,82,47,2,1,44,14,5,25,44,41,95,47,11,2,1,0,Watch
2020-06-07,Sunday,7,23,6,Monsoon,1,0,0,0,1,0,0,43.0,33.3,26.1,88.6,Diarrheal,3,1,6,84,51,11,12,10,158,166.0,157.0,138.0,162.29,11.97,147.0,155.07,2,2,1,1,1,2,6,1,2,2,1,6,4,7,25,36,44,85,49,2,1,45,11,9,23,41,34,95,49,11,2,2,0,Watch
2020-06-08,Monday,1,24,6,Monsoon,0,0,0,0,0,0,0,11.1,33.5,23.4,81.6,Diarrheal,3,1,4,105,43,9,6,10,163,158.0,166.0,173.0,165.14,7.32,147.0,155.86,2,2,1,1,1,2,6,1,1,2,1,6,4,7,20,31,37,75,43,2,1,37,11,8,22,38,30,69,54,6,2,2,0,Watch
2020-06-09,Tuesday,2,24,6,Monsoon,0,0,0,0,0,1,0,15.5,34.8,26.5,78.7,Diarrheal,3,1,5,99,46,13,8,11,166,163.0,158.0,158.0,163.71,6.58,153.0,157.0,2,2,1,1,1,2,6,1,1,2,1,7,4,7,22,33,40,79,45,2,1,44,17,10,27,51,39,81,56,6,2,1,0,Watch
2020-06-10,Wednesday,3,24,6,Monsoon,0,0,0,1,0,0,1,13.5,33.4,24.4,73.8,,0,0,0,94,29,6,12,8,141,166.0,163.0,177.0,164.86,6.17,164.0,157.93,2,1,1,1,1,2,6,1,1,2,1,5,4,4,16,6,14,53,23,2,1,42,14,8,20,13,12,58,30,9,2,1,0,Watch
2020-06-11,Thursday,4,24,6,Monsoon,0,0,0,0,0,1,0,10.4,30.4,21.9,79.7,,0,0,0,92,29,13,9,10,143,141.0,166.0,167.0,159.71,8.48,144.0,156.29,2,1,1,1,1,2,6,1,1,2,1,6,4,4,17,6,14,53,23,2,1,41,12,7,20,14,15,54,26,7,2,0,0,Normal
2020-06-12,Friday,5,24,6,Monsoon,0,0,0,0,0,0,0,17.1,35.9,29.0,67.1,,0,0,0,91,29,9,7,8,136,143.0,141.0,157.0,156.29,9.62,141.0,156.21,2,1,1,1,1,2,5,1,1,2,1,5,3,4,15,6,14,53,22,2,1,38,10,9,19,13,18,58,19,6,2,1,0,Watch
2020-06-13,Saturday,6,24,6,Monsoon,1,0,0,0,0,0,0,6.4,34.6,27.6,77.0,,0,0,0,79,27,8,12,9,126,136.0,143.0,166.0,153.29,11.92,139.0,155.86,2,1,1,1,1,2,5,1,1,2,1,5,4,4,16,5,13,49,21,2,1,38,11,6,14,13,13,49,17,9,3,2,0,Watch
2020-06-14,Sunday,7,24,6,Monsoon,1,0,0,0,0,0,0,19.2,34.1,24.4,73.1,,0,0,0,73,30,6,10,9,119,126.0,136.0,158.0,147.57,13.89,138.0,154.93,2,1,1,1,1,2,5,1,1,1,1,5,4,4,15,6,14,53,22,2,1,54,11,8,12,15,16,51,29,9,2,2,0,Watch
2020-06-15,Monday,1,25,6,Monsoon,0,0,0,0,0,0,0,31.2,34.5,28.8,86.0,,0,0,0,92,36,6,6,8,140,119.0,126.0,163.0,142.0,16.21,173.0,153.57,2,2,1,1,1,2,5,1,1,2,1,5,3,4,16,7,17,64,25,2,1,39,10,8,15,16,14,82,32,10,2,2,0,Watch
2020-06-16,Tuesday,2,25,6,Monsoon,0,0,0,0,0,1,0,3.7,35.4,29.0,67.6,,0,0,0,86,23,13,8,8,130,140.0,119.0,166.0,138.71,13.77,158.0,151.21,2,1,1,1,1,2,5,1,1,2,1,5,3,3,14,5,11,44,19,1,1,43,11,8,12,12,14,60,21,11,2,1,0,Watch
2020-06-17,Wednesday,3,25,6,Monsoon,0,0,0,1,0,0,1,9.6,36.8,29.6,71.8,,0,0,0,99,30,9,11,9,149,130.0,140.0,141.0,133.57,8.23,177.0,149.21,2,1,1,1,1,2,6,1,1,2,1,5,4,4,17,6,14,55,23,2,1,41,11,8,18,16,18,76,30,10,2,0,0,Normal
2020-06-18,Thursday,4,25,6,Monsoon,0,0,0,0,0,1,0,15.9,34.2,27.3,79.8,,0,0,0,88,32,12,7,9,139,149.0,130.0,143.0,134.71,9.62,167.0,147.21,2,1,1,1,1,2,5,1,1,2,1,5,4,4,17,6,15,57,23,2,1,41,9,8,17,16,14,62,29,7,2,1,0,Watch
2020-06-19,Friday,5,25,6,Monsoon,0,0,0,0,0,0,0,15.9,33.0,24.3,72.3,,0,0,0,84,32,7,7,10,130,139.0,149.0,136.0,134.14,9.22,157.0,145.21,2,1,1,1,1,2,5,1,1,2,1,6,4,4,16,6,15,57,23,2,1,45,10,2,17,16,13,63,22,9,2,3,0,High
2020-06-20,Saturday,6,25,6,Monsoon,1,0,0,0,0,0,0,37.6,32.2,26.5,84.3,,0,0,0,75,32,7,12,8,126,130.0,139.0,126.0,133.29,9.28,166.0,143.29,2,1,1,1,1,2,5,1,1,2,1,5,4,4,17,6,15,56,23,2,1,46,11,7,16,16,20,77,27,9,1,1,0,Watch
2020-06-21,Sunday,7,25,6,Monsoon,1,0,0,0,0,0,0,6.2,32.8,25.2,73.4,,0,0,0,71,26,7,12,9,116,126.0,130.0,119.0,133.29,9.28,158.0,140.43,2,1,1,1,1,2,5,1,1,1,1,5,4,4,15,5,12,47,20,2,1,42,10,8,17,14,10,63,16,9,2,2,0,Watch
2020-06-22,Monday,1,26,6,Monsoon,0,0,0,0,0,0,0,15.1,33.2,24.6,82.0,,0,0,0,87,31,9,7,9,134,116.0,126.0,140.0,132.86,9.98,163.0,137.43,2,1,1,1,1,2,5,1,1,2,1,5,4,4,16,6,14,56,23,2,1,40,10,5,20,16,11,57,21,11,2,2,0,Watch
2020-06-23,Tuesday,2,26,6,Monsoon,0,0,0,0,0,1,0,19.7,32.8,26.6,76.7,,0,0,0,85,26,11,7,8,129,134.0,116.0,130.0,132.0,9.58,166.0,135.36,2,1,1,1,1,2,5,1,1,2,1,5,3,3,14,5,12,48,20,1,1,41,13,8,15,12,9,48,28,9,2,1,0,Watch
2020-06-24,Wednesday,3,26,6,Monsoon,0,0,0,1,0,0,1,24.8,36.4,27.2,78.2,,0,0,0,100,28,8,14,10,150,129.0,134.0,149.0,131.86,9.61,141.0,132.71,2,1,1,1,1,2,6,1,1,2,1,6,5,4,16,6,13,52,22,2,1,42,13,7,17,15,16,71,31,10,2,0,0,Normal
2020-06-25,Thursday,4,26,6,Monsoon,0,0,0,0,0,1,0,3.8,33.7,25.2,70.9,,0,0,0,89,25,12,7,8,133,150.0,129.0,139.0,132.0,9.87,143.0,133.36,2,1,1,1,1,2,5,1,1,2,1,5,3,3,14,5,12,47,20,1,1,27,12,9,14,14,12,57,28,8,2,0,0,Normal
2020-06-26,Friday,5,26,6,Monsoon,0,0,0,0,0,0,0,34.4,34.2,26.0,82.4,,0,0,0,78,33,6,6,6,123,133.0,150.0,130.0,131.14,9.48,136.0,132.64,2,1,1,1,1,2,5,1,1,2,1,4,3,3,15,6,15,58,24,2,1,43,12,6,19,13,16,79,26,11,2,0,0,Normal
2020-06-27,Saturday,6,26,6,Monsoon,1,0,0,0,0,0,0,8.6,33.7,23.4,67.9,,0,0,0,74,25,7,10,7,116,123.0,133.0,126.0,130.14,9.91,126.0,131.71,2,1,1,1,1,2,5,1,1,1,1,4,3,3,14,5,12,45,20,2,1,49,12,6,16,15,13,40,26,10,2,1,0,Watch
2020-06-28,Sunday,7,26,6,Monsoon,1,0,0,0,0,0,0,11.4,38.1,28.4,67.2,,0,0,0,74,28,8,10,8,120,116.0,123.0,116.0,128.71,11.05,119.0,131.0,2,1,1,1,1,2,5,1,1,1,1,5,4,3,15,6,13,50,21,2,1,41,11,9,13,15,13,52,21,10,2,1,0,Watch
2020-06-29,Monday,1,27,6,Monsoon,0,0,0,0,0,0,0,15.3,35.2,26.7,74.7,,0,0,0,89,29,8,8,9,134,120.0,116.0,134.0,129.29,10.47,140.0,131.07,2,1,1,1,1,2,5,1,1,2,1,5,4,4,15,6,14,53,22,2,1,42,11,8,14,16,18,73,24,11,2,1,0,Watch
2020-06-30,Tuesday,2,27,6,Monsoon,0,0,0,0,0,1,0,14.3,32.7,26.7,73.7,,0,0,0,85,32,13,8,10,138,134.0,120.0,129.0,129.29,10.47,130.0,130.64,2,1,1,1,1,2,5,1,1,2,1,6,4,4,17,6,15,57,23,2,1,40,11,11,18,14,17,51,26,8,2,1,0,Watch
2020-07-01,Wednesday,3,27,7,Monsoon,0,0,0,1,1,0,1,18.0,34.9,27.2,86.0,,0,0,0,99,32,9,15,10,155,138.0,134.0,150.0,130.57,10.9,149.0,131.21,2,1,1,1,1,2,6,1,1,2,1,6,5,4,18,6,15,58,24,2,1,45,13,6,17,13,14,62,25,7,2,2,0,Watch
2020-07-02,Thursday,4,27,7,Monsoon,0,0,0,0,0,1,0,25.0,34.7,25.4,78.0,,0,0,0,83,29,13,7,8,132,155.0,138.0,133.0,131.29,12.23,139.0,131.64,2,1,1,1,1,2,5,1,1,2,1,5,3,4,16,6,14,52,22,2,1,44,11,8,16,12,10,62,30,8,2,1,0,Watch
2020-07-03,Friday,5,27,7,Monsoon,0,0,0,0,0,0,0,29.5,33.0,23.6,79.9,,0,0,0,81,31,8,8,7,128,132.0,155.0,123.0,131.14,12.22,130.0,131.14,2,1,1,1,1,2,5,1,1,2,1,4,3,3,16,6,14,55,23,2,1,45,11,8,18,15,17,65,21,8,2,1,0,Watch
2020-07-04,Saturday,6,27,7,Monsoon,1,0,0,0,0,0,0,50.7,32.4,24.2,90.0,,0,0,0,70,35,6,10,8,121,128.0,132.0,116.0,131.86,11.86,126.0,131.0,2,1,1,1,1,2,5,1,1,2,1,5,4,4,17,7,16,60,25,2,1,44,16,10,17,16,14,63,26,7,2,1,0,Watch
2020-07-05,Sunday,7,27,7,Monsoon,1,0,0,0,0,0,0,9.1,33.8,26.4,76.2,,0,0,0,67,27,8,9,7,111,121.0,128.0,120.0,132.57,11.0,116.0,130.64,2,1,1,1,1,2,4,1,1,1,1,4,3,3,15,5,13,48,20,2,1,47,11,8,17,12,13,59,18,9,2,1,0,Watch
2020-07-06,Monday,1,28,7,Monsoon,0,0,0,0,0,0,0,55.9,33.6,23.3,98.0,,0,0,0,91,42,5,8,8,146,111.0,121.0,134.0,131.29,12.78,134.0,130.29,2,2,1,1,1,2,6,1,1,2,1,5,3,4,19,8,19,73,29,2,1,44,14,6,21,15,24,89,32,10,2,0,0,Normal
2020-07-07,Tuesday,2,28,7,Monsoon,0,0,0,0,0,1,0,39.3,34.7,26.4,82.4,,0,0,0,89,35,11,5,8,140,146.0,111.0,138.0,133.0,13.79,129.0,131.14,2,1,1,1,1,2,5,1,1,2,1,5,3,4,17,7,16,62,25,2,1,43,11,8,16,17,20,86,32,8,2,1,0,Watch
2020-07-08,Wednesday,3,28,7,Monsoon,0,0,0,1,0,0,1,35.2,32.6,23.7,88.9,,0,0,0,96,32,8,12,9,148,140.0,146.0,155.0,133.29,13.92,150.0,131.93,2,1,1,1,1,2,6,1,1,2,1,5,4,4,17,6,15,58,24,2,1,35,11,8,15,15,12,69,26,9,1,2,0,Watch
2020-07-09,Thursday,4,28,7,Monsoon,0,0,0,0,0,1,0,9.5,33.1,26.1,70.7,,0,0,0,82,23,13,9,8,127,148.0,140.0,132.0,132.29,12.5,133.0,131.79,2,1,1,1,1,2,5,1,1,2,1,5,4,3,14,5,11,43,19,1,1,38,11,9,13,14,14,54,17,7,2,2,0,Watch
2020-07-10,Friday,5,28,7,Monsoon,0,0,0,0,1,0,0,14.4,34.6,28.8,66.8,,0,0,0,80,22,9,6,7,117,127.0,148.0,128.0,131.57,12.64,123.0,131.36,2,1,1,1,1,2,5,1,1,1,1,4,3,3,12,4,10,41,18,1,1,38,9,9,13,13,8,56,19,14,2,1,0,Watch
2020-07-11,Saturday,6,28,7,Monsoon,1,0,0,0,0,0,0,31.5,34.1,25.0,80.7,,0,0,0,74,32,6,11,7,123,117.0,127.0,121.0,130.0,13.63,116.0,130.93,2,1,1,1,1,2,5,1,1,2,1,4,4,3,16,6,15,56,23,2,1,44,12,8,19,12,13,65,27,8,2,1,0,Watch
2020-07-12,Sunday,7,28,7,Monsoon,1,0,0,0,0,0,0,14.5,34.3,26.4,69.8,,0,0,0,70,24,8,10,6,112,123.0,117.0,111.0,130.29,13.46,120.0,131.43,2,1,1,1,1,2,4,1,1,1,1,4,3,3,14,5,11,43,18,1,1,46,9,8,13,14,10,58,17,11,2,3,0,High
2020-07-13,Monday,1,29,7,Monsoon,0,0,0,0,0,0,0,16.7,35.2,27.9,79.2,,0,0,0,87,30,6,10,8,133,112.0,123.0,146.0,130.43,13.25,134.0,130.86,2,1,1,1,1,2,5,1,1,2,1,5,4,4,15,6,14,54,22,2,1,43,11,6,15,14,17,59,18,9,2,1,0,Watch
2020-07-14,Tuesday,2,29,7,Monsoon,0,0,0,0,0,1,0,56.8,29.7,21.2,98.0,,0,0,0,88,38,11,5,8,142,133.0,112.0,140.0,128.57,11.77,138.0,130.79,2,2,1,1,1,2,6,1,1,2,1,5,3,4,18,7,18,66,27,2,1,34,11,5,19,18,14,85,34,10,2,1,0,Watch
2020-07-15,Wednesday,3,29,7,Monsoon,0,0,0,1,0,0,1,32.3,32.3,23.2,77.1,,0,0,0,93,33,7,14,9,147,142.0,133.0,148.0,128.86,12.06,155.0,131.07,2,1,1,1,1,2,6,1,1,2,1,5,4,4,18,6,15,59,25,2,1,46,10,8,18,14,17,72,33,9,3,0,0,Normal
2020-07-16,Thursday,4,29,7,Monsoon,0,0,0,0,0,1,0,44.2,28.7,22.8,86.5,,0,0,0,86,35,11,7,9,139,147.0,142.0,127.0,128.71,11.84,132.0,130.5,2,1,1,1,1,2,5,1,1,2,1,5,4,4,18,7,16,62,25,2,1,44,11,6,18,16,19,57,29,9,2,1,0,Watch
2020-07-17,Friday,5,29,7,Monsoon,0,0,0,0,0,0,0,31.0,36.1,27.5,74.3,,0,0,0,81,24,4,5,6,114,139.0,147.0,117.0,130.43,12.33,128.0,131.0,2,1,1,1,1,2,5,1,1,1,1,4,3,3,11,5,11,45,19,1,1,37,10,4,12,15,8,53,17,9,2,2,0,Watch
2020-07-18,Saturday,6,29,7,Monsoon,1,0,0,0,0,0,0,56.8,33.5,25.3,90.0,,0,0,0,68,38,4,13,8,123,114.0,139.0,123.0,130.0,12.83,121.0,130.0,2,2,1,1,1,2,5,1,1,2,1,5,4,4,19,7,18,64,26,2,1,46,11,5,23,18,15,89,25,9,2,2,0,Watch
2020-07-19,Sunday,7,29,7,Monsoon,1,0,0,0,0,0,0,36.1,36.7,28.7,80.2,,0,0,0,68,33,5,11,7,117,123.0,114.0,112.0,130.0,12.83,111.0,130.14,2,1,1,1,1,2,5,1,1,1,1,4,4,4,17,6,15,57,24,2,1,31,11,9,19,14,13,76,27,11,2,1,0,Watch
2020-07-20,Monday,1,30,7,Monsoon,0,0,0,0,0,0,0,46.7,37.1,29.2,84.7,,0,0,0,87,35,7,7,9,136,117.0,123.0,133.0,130.71,11.91,146.0,130.57,2,1,1,1,1,2,5,1,1,2,1,5,4,4,17,7,16,62,25,2,1,45,9,7,22,15,13,59,22,8,2,3,0,High
2020-07-21,Tuesday,2,30,7,Monsoon,0,0,0,0,0,1,0,19.8,34.2,24.3,74.6,,0,0,0,84,33,12,6,9,135,136.0,117.0,142.0,131.14,12.04,140.0,129.86,2,1,1,1,1,2,5,1,1,2,1,5,3,4,17,6,15,58,24,2,1,42,13,6,19,15,19,57,21,9,2,2,0,Watch
2020-07-22,Wednesday,3,30,7,Monsoon,0,0,0,1,0,0,1,8.6,34.2,23.9,70.8,,0,0,0,100,24,7,16,9,147,135.0,136.0,147.0,130.14,11.37,148.0,129.5,2,1,1,1,1,2,6,1,1,2,1,5,5,3,15,5,11,46,20,2,1,43,12,7,16,15,13,52,24,9,2,0,0,Normal
2020-07-23,Thursday,4,30,7,Monsoon,0,0,0,0,0,1,0,34.8,32.3,24.2,80.8,,0,0,0,84,27,10,9,8,130,147.0,135.0,139.0,130.14,11.37,127.0,129.43,2,1,1,1,1,2,5,1,1,2,1,5,4,3,15,5,13,49,21,2,1,45,11,8,19,12,16,59,17,9,2,1,0,Watch
2020-07-24,Friday,5,30,7,Monsoon,0,0,0,0,0,0,0,20.2,31.7,23.9,73.3,,0,0,0,82,27,7,5,7,121,130.0,147.0,114.0,128.86,10.79,117.0,129.64,2,1,1,1,1,2,5,1,1,2,1,4,3,3,13,5,13,49,21,1,1,46,8,9,14,13,13,66,22,12,2,0,0,Normal
2020-07-25,Saturday,6,30,7,Monsoon,1,0,0,0,0,0,0,21.5,34.8,26.2,73.4,,0,0,0,76,27,5,10,7,118,121.0,130.0,123.0,129.86,9.63,123.0,129.93,2,1,1,1,1,2,5,1,1,1,1,4,3,3,14,5,13,49,21,2,1,44,9,9,13,14,16,57,25,8,3,1,0,Watch
2020-07-26,Sunday,7,30,7,Monsoon,1,0,0,0,0,0,0,26.6,32.2,23.6,86.2,Malaria,2,0,3,65,45,6,10,8,126,118.0,121.0,117.0,129.14,10.27,112.0,129.57,2,2,1,1,1,2,5,1,1,2,1,5,4,6,21,9,39,74,39,2,1,40,11,7,21,18,38,67,50,11,2,2,0,Watch
2020-07-27,Monday,1,31,7,Monsoon,0,0,0,0,0,0,0,12.9,32.0,24.6,80.6,Malaria,2,0,3,97,44,6,7,9,154,126.0,118.0,136.0,130.43,9.18,133.0,130.57,2,2,1,1,1,2,6,1,1,2,1,5,4,6,19,8,38,76,39,2,1,42,7,8,23,17,47,71,46,11,2,1,0,Watch
2020-07-28,Tuesday,2,31,7,Monsoon,0,0,0,0,0,1,0,11.4,33.5,23.0,75.1,Malaria,2,0,4,90,45,11,7,8,153,154.0,126.0,135.0,133.0,12.35,142.0,132.07,2,2,1,1,1,2,6,1,1,2,1,5,3,6,21,9,39,77,40,2,1,48,14,7,18,20,33,105,39,8,2,3,0,High
2020-07-29,Wednesday,3,31,7,Monsoon,0,0,0,1,1,0,1,14.2,30.5,21.3,78.5,Malaria,2,0,4,97,45,8,11,10,161,153.0,154.0,147.0,135.57,14.23,147.0,132.86,2,2,1,1,1,2,6,1,1,2,1,6,4,6,22,9,39,78,40,2,1,40,9,7,28,16,44,78,47,9,2,0,0,Watch
2020-07-30,Thursday,4,31,7,Monsoon,0,0,0,0,0,1,0,12.3,34.2,24.8,70.8,Malaria,2,0,3,80,45,11,10,10,146,161.0,153.0,130.0,137.57,16.5,139.0,133.86,2,2,1,1,1,2,6,1,1,2,1,6,4,6,22,9,39,76,40,2,1,43,11,8,21,16,30,95,36,10,2,3,0,High
2020-07-31,Friday,5,31,7,Monsoon,0,0,0,0,0,0,0,29.6,30.8,23.4,82.4,Malaria,2,0,3,82,47,5,6,8,140,146.0,161.0,121.0,139.86,16.4,114.0,134.36,2,2,1,1,1,2,5,1,1,2,1,5,3,6,20,9,40,79,40,2,1,44,11,8,21,17,35,106,49,9,2,1,0,Watch
2020-08-01,Saturday,6,31,8,Monsoon,1,0,0,0,1,0,0,29.3,34.5,24.6,82.6,Malaria,2,0,4,72,44,9,11,10,136,140.0,146.0,118.0,142.57,14.52,123.0,136.21,2,2,1,1,1,2,5,1,1,2,1,6,4,6,21,8,38,74,38,2,1,42,11,8,23,19,46,99,48,10,2,0,0,Watch
2020-08-02,Sunday,7,31,8,Monsoon,1,0,0,0,0,0,0,25.4,33.3,25.0,80.9,Malaria,2,0,3,69,44,6,10,8,129,136.0,140.0,126.0,145.14,11.14,117.0,137.14,2,2,1,1,1,2,5,1,1,2,1,5,4,5,20,8,38,73,38,2,1,38,9,6,22,15,37,70,40,7,2,2,0,Watch
2020-08-03,Monday,1,32,8,Monsoon,0,0,0,0,0,0,0,33.8,30.4,20.9,92.4,Malaria,2,0,2,86,49,6,6,9,147,129.0,136.0,154.0,145.57,10.43,136.0,138.0,2,2,1,1,1,2,6,1,1,2,1,5,3,6,21,9,42,83,43,2,1,40,11,10,18,18,39,110,48,8,2,2,0,Watch
2020-08-04,Tuesday,2,32,8,Monsoon,0,0,0,0,0,1,0,49.0,33.7,25.8,88.3,Malaria,2,0,2,84,50,9,11,10,154,147.0,129.0,153.0,144.57,9.9,135.0,138.79,2,2,1,1,1,2,6,1,1,2,1,6,4,6,24,9,43,84,43,2,1,40,9,8,30,15,50,103,43,7,2,0,0,Watch
2020-08-05,Wednesday,3,32,8,Monsoon,0,0,0,1,0,0,1,16.6,29.7,22.5,81.3,Malaria,2,0,2,96,42,5,11,8,154,154.0,147.0,161.0,144.71,10.02,147.0,140.14,2,2,1,1,1,2,6,1,1,2,1,5,4,5,20,8,36,73,38,2,1,31,11,8,25,14,29,72,49,9,2,2,0,Watch
2020-08-06,Thursday,4,32,8,Monsoon,0,0,0,0,0,1,0,31.3,33.9,25.1,83.9,Malaria,2,0,3,82,49,11,6,8,148,154.0,154.0,146.0,143.71,8.6,130.0,140.64,2,2,1,1,1,2,6,1,1,2,1,5,3,6,22,9,42,82,43,2,1,40,11,5,25,16,35,99,48,9,2,2,0,Watch
2020-08-07,Friday,5,32,8,Monsoon,0,0,0,0,0,0,0,26.1,30.8,22.1,77.6,Malaria,2,0,3,76,42,5,7,7,130,148.0,154.0,140.0,144.0,8.7,121.0,141.93,2,2,1,1,1,2,5,1,1,2,1,4,3,5,19,8,36,71,37,2,1,52,11,4,20,16,29,80,52,8,2,2,0,Watch
2020-08-08,Saturday,6,32,8,Monsoon,1,0,0,0,0,0,0,5.6,31.7,22.5,77.7,Malaria,2,0,4,76,41,7,12,9,136,130.0,148.0,136.0,142.57,9.97,118.0,142.57,2,2,1,1,1,2,5,1,1,2,1,5,4,6,20,8,35,70,36,2,1,42,10,8,22,14,35,65,37,9,2,1,0,Watch
2020-08-09,Sunday,7,32,8,Monsoon,1,0,0,0,0,0,0,31.2,32.7,24.3,81.9,Malaria,2,0,3,64,49,6,9,10,128,136.0,130.0,129.0,142.57,9.97,126.0,143.86,2,2,1,1,1,2,5,1,1,2,1,6,4,6,22,9,42,80,42,2,1,45,11,11,20,18,32,75,39,13,2,4,0,High
2020-08-10,Monday,1,33,8,Monsoon,0,0,0,0,1,0,0,39.1,35.6,26.4,75.6,Malaria,2,0,3,88,45,8,8,8,149,128.0,136.0,147.0,142.43,10.17,154.0,144.0,2,2,1,1,1,2,6,1,1,2,1,5,3,6,21,9,39,77,40,2,1,44,11,8,20,17,46,83,45,8,2,1,0,Watch
2020-08-11,Tuesday,2,33,8,Monsoon,0,0,0,0,0,1,0,6.0,30.9,21.1,72.4,Malaria,2,0,4,89,42,10,9,9,150,149.0,128.0,154.0,142.71,10.32,153.0,143.64,2,2,1,1,1,2,6,1,1,2,1,5,4,6,20,8,36,72,38,2,1,35,10,6,23,17,39,90,51,9,2,0,0,Watch
2020-08-12,Wednesday,3,33,8,Monsoon,0,0,0,1,0,0,1,21.4,32.1,23.7,75.5,Malaria,2,0,3,94,46,6,10,10,156,150.0,149.0,154.0,142.14,9.78,161.0,143.43,2,2,1,1,1,2,6,1,1,2,1,6,4,6,21,9,40,79,41,2,1,41,11,8,22,17,51,106,47,8,2,0,0,Watch
2020-08-13,Thursday,4,33,8,Monsoon,0,0,0,0,0,1,0,8.4,30.9,22.5,71.7,Malaria,2,0,3,80,41,13,6,9,140,156.0,150.0,148.0,142.43,10.14,146.0,143.07,2,2,1,1,1,2,5,1,1,2,1,5,3,6,20,8,35,70,36,2,1,40,11,8,24,16,30,86,39,9,2,1,0,Watch
2020-08-14,Friday,5,33,8,Monsoon,0,0,0,0,0,0,0,11.0,26.8,18.8,83.8,Malaria,2,0,2,79,39,5,8,6,131,140.0,156.0,130.0,141.29,9.9,140.0,142.64,2,2,1,1,1,2,5,1,1,2,1,4,3,5,18,8,34,67,35,2,1,45,11,8,15,18,41,76,47,6,2,1,0,Watch
2020-08-15,Saturday,6,33,8,Monsoon,1,1,0,0,0,0,1,44.8,30.1,22.5,86.4,Malaria,2,0,3,72,47,6,12,9,137,131.0,140.0,136.0,141.43,9.74,136.0,142.0,2,2,1,1,1,2,5,1,1,2,1,5,4,6,22,9,40,78,40,2,1,43,10,5,29,17,35,75,54,9,2,3,0,High
2020-08-16,Sunday,7,33,8,Monsoon,1,0,0,0,0,0,0,8.7,30.9,22.6,73.0,Malaria,2,0,3,67,40,6,12,10,125,137.0,131.0,128.0,141.57,9.66,129.0,142.07,2,2,1,1,1,2,5,1,1,2,1,6,4,6,20,8,34,67,35,2,1,45,11,7,19,15,28,62,31,8,2,4,0,High
2020-08-17,Monday,1,34,8,Monsoon,0,0,0,0,0,0,0,19.8,32.8,23.6,73.7,Malaria,2,0,2,89,42,6,9,10,146,125.0,137.0,149.0,141.14,10.3,147.0,141.79,2,2,1,1,1,2,6,1,1,2,1,6,4,6,19,8,36,72,38,2,1,44,11,8,25,16,35,99,53,10,2,1,0,Watch
2020-08-18,Tuesday,2,34,8,Monsoon,0,0,0,0,0,1,0,30.6,30.8,23.6,76.6,Malaria,2,0,3,87,48,11,8,10,154,146.0,125.0,150.0,140.71,10.02,154.0,141.71,2,2,1,1,1,2,6,1,1,2,1,6,4,6,22,9,41,81,42,2,1,52,10,7,21,21,51,75,36,9,2,3,0,High
2020-08-19,Wednesday,3,34,8,Monsoon,0,0,0,1,0,0,1,13.1,29.9,22.2,70.1,Malaria,2,0,3,93,40,6,11,8,150,154.0,146.0,156.0,141.29,10.63,154.0,141.71,2,2,1,1,1,2,6,1,1,2,1,5,4,5,19,8,34,70,36,2,1,49,16,8,23,19,35,64,34,6,2,2,0,Watch
2020-08-20,Thursday,4,34,8,Monsoon,0,0,0,0,0,1,0,42.0,30.3,21.4,81.5,Malaria,2,0,3,80,50,9,7,10,146,150.0,154.0,140.0,140.43,9.6,148.0,141.43,2,2,1,1,1,2,6,1,1,2,1,6,4,6,22,9,43,83,43,2,1,44,9,11,23,15,57,75,58,10,2,1,0,Watch
2020-08-21,Friday,5,34,8,Monsoon,0,0,0,0,0,0,0,8.6,32.2,25.2,71.7,,0,0,0,81,24,4,7,6,116,146.0,150.0,131.0,141.29,9.79,130.0,141.29,2,1,1,1,1,2,5,1,1,1,1,4,3,3,12,5,11,45,19,1,1,44,9,10,13,12,11,49,26,9,2,0,0,Normal
2020-08-22,Saturday,6,34,8,Monsoon,1,0,0,0,0,0,0,12.4,31.6,25.1,77.3,,0,0,0,66,23,5,11,6,105,116.0,146.0,137.0,139.14,12.94,136.0,140.29,2,1,1,1,1,2,4,1,1,1,1,4,3,3,13,5,11,42,18,2,1,36,11,6,11,14,10,55,19,9,2,2,0,Watch
2020-08-23,Sunday,7,34,8,Monsoon,1,0,0,0,0,0,0,3.1,31.7,24.1,73.6,,0,0,0,65,24,6,11,7,106,105.0,116.0,125.0,134.57,17.68,128.0,138.07,2,1,1,1,1,2,4,1,1,1,1,4,4,3,14,5,11,43,18,2,1,46,9,7,16,13,12,45,24,9,2,0,0,Normal
2020-08-24,Monday,1,35,8,Monsoon,0,0,0,0,0,0,0,2.1,27.9,20.5,72.2,,0,0,0,90,21,6,4,6,121,106.0,105.0,146.0,131.86,20.22,149.0,136.5,2,1,1,1,1,2,5,1,1,2,1,4,2,3,11,4,10,41,18,1,1,45,14,8,11,12,10,37,16,10,2,2,0,Watch
2020-08-25,Tuesday,2,35,8,Monsoon,0,0,0,0,0,1,0,4.4,31.1,22.2,67.6,,0,0,0,91,24,11,4,6,130,121.0,106.0,154.0,128.29,19.6,150.0,134.5,2,1,1,1,1,2,5,1,1,2,1,4,2,3,13,5,11,46,19,1,1,49,11,7,15,15,12,53,21,9,2,0,0,Normal
2020-08-26,Wednesday,3,35,8,Monsoon,0,0,0,1,0,0,1,1.5,30.6,23.0,73.5,,0,0,0,98,23,6,14,8,141,130.0,121.0,150.0,124.86,16.69,156.0,133.07,2,1,1,1,1,2,6,1,1,2,1,5,4,3,14,5,11,45,20,2,1,34,10,11,12,12,8,46,17,8,2,3,0,High
2020-08-27,Thursday,4,35,8,Monsoon,0,0,0,0,0,1,0,15.6,35.1,26.6,81.9,,0,0,0,85,27,11,5,8,128,141.0,130.0,146.0,123.57,14.96,140.0,132.0,2,1,1,1,1,2,5,1,1,2,1,5,3,3,14,5,13,49,21,1,1,40,9,6,15,12,12,54,19,6,2,2,0,Watch
2020-08-28,Friday,5,35,8,Monsoon,0,0,0,0,0,0,0,7.5,29.1,21.0,84.3,,0,0,0,79,29,5,6,7,119,128.0,141.0,116.0,121.0,12.17,131.0,131.14,2,1,1,1,1,2,5,1,1,1,1,4,3,3,14,6,14,52,22,1,1,52,13,10,12,13,17,64,26,10,2,1,0,Watch
2020-08-29,Saturday,6,35,8,Monsoon,1,0,0,0,0,0,0,0.0,29.2,21.2,81.4,,0,0,0,69,25,5,11,8,110,119.0,128.0,105.0,121.43,12.03,137.0,130.29,2,1,1,1,1,2,4,1,1,1,1,5,4,3,14,5,12,45,19,2,1,44,10,7,16,13,9,41,20,6,2,2,0,Watch
2020-08-30,Sunday,7,35,8,Monsoon,1,0,0,0,0,0,0,0.0,30.2,23.9,74.8,,0,0,0,62,27,7,9,7,105,110.0,119.0,106.0,122.14,11.15,125.0,128.36,2,1,1,1,1,2,4,1,1,1,1,4,3,3,14,5,13,47,20,2,1,36,11,10,17,14,13,52,18,9,2,1,0,Watch
2020-08-31,Monday,1,36,8,Monsoon,0,0,0,0,0,0,0,0.0,31.8,23.1,63.0,,0,0,0,88,20,7,8,8,123,105.0,110.0,121.0,122.0,11.36,146.0,126.93,2,1,1,1,1,2,5,1,1,2,1,5,3,3,12,4,9,39,17,1,1,32,9,8,13,11,9,48,22,7,2,0,0,Normal
2020-09-01,Tuesday,2,36,9,Monsoon,0,0,0,0,0,1,0,20.0,31.3,22.0,79.3,Dengue,3,1,5,87,58,10,7,12,162,123.0,105.0,130.0,122.29,11.36,154.0,125.29,2,2,1,1,1,2,6,1,2,2,1,7,4,8,25,11,50,96,55,2,1,39,11,8,25,22,65,117,49,9,2,1,0,Watch
2020-09-02,Wednesday,3,36,9,Monsoon,0,0,0,1,0,0,1,26.0,29.6,20.4,84.8,Dengue,3,1,5,102,64,4,13,13,183,162.0,123.0,141.0,126.86,18.03,150.0,125.86,2,2,1,1,1,3,7,1,2,2,1,8,5,9,28,12,55,107,62,3,1,32,10,9,27,21,66,123,70,12,2,1,0,Watch
2020-09-03,Thursday,4,36,9,Monsoon,0,0,0,0,0,1,0,16.8,29.3,20.7,81.5,Dengue,3,1,4,85,63,11,7,11,166,183.0,162.0,128.0,132.86,26.66,146.0,128.21,2,2,1,1,1,2,6,1,2,2,1,7,4,8,27,12,54,103,59,2,1,38,9,8,34,21,50,116,72,11,1,1,0,Watch
2020-09-04,Friday,5,36,9,Monsoon,0,0,0,0,0,0,0,18.4,29.4,21.4,80.1,Dengue,3,1,4,80,58,7,8,9,153,166.0,183.0,119.0,138.29,28.89,116.0,129.64,2,2,1,1,1,2,6,1,2,2,1,5,4,7,25,11,50,95,55,2,1,36,13,11,31,19,41,127,75,9,1,1,0,Watch
2020-09-05,Saturday,6,36,9,Monsoon,1,0,0,0,0,0,0,35.7,26.8,18.9,93.3,Dengue,3,1,4,75,63,6,10,11,154,153.0,166.0,110.0,143.14,28.09,105.0,132.29,2,2,1,1,1,2,6,1,2,2,1,7,4,8,27,12,54,102,59,2,1,41,11,7,24,24,66,121,62,9,2,2,0,Watch
2020-09-06,Sunday,7,36,9,Monsoon,1,0,0,0,0,0,0,13.7,27.9,19.7,81.1,Dengue,3,1,3,70,64,6,10,11,150,154.0,153.0,105.0,149.43,24.69,106.0,135.79,2,2,1,1,1,2,6,1,2,2,1,7,4,8,27,12,55,103,60,2,1,44,12,10,34,23,60,97,64,9,1,1,0,Watch
2020-09-07,Monday,1,37,9,Monsoon,0,0,0,0,0,0,0,24.6,27.9,21.4,87.0,Dengue,3,1,3,91,64,6,6,11,167,150.0,154.0,123.0,155.86,16.92,121.0,138.93,2,2,1,1,1,2,6,1,2,2,1,7,4,8,26,12,55,106,60,2,1,42,14,13,27,24,56,127,65,14,2,0,0,Watch
2020-09-08,Tuesday,2,37,9,Monsoon,0,0,0,0,0,1,0,7.2,29.3,22.8,82.8,Dengue,3,1,3,88,60,11,8,12,167,167.0,150.0,162.0,162.14,10.49,130.0,142.21,2,2,1,1,1,2,6,1,2,2,1,7,4,8,27,11,51,99,56,2,1,37,11,7,32,21,50,103,79,10,2,2,0,Watch
2020-09-09,Wednesday,3,37,9,Monsoon,0,0,0,1,0,0,1,3.0,29.6,21.7,75.7,Dengue,3,1,4,101,54,6,16,12,177,167.0,167.0,183.0,162.86,10.63,141.0,144.86,2,2,1,1,1,2,7,1,2,2,1,7,5,8,26,10,46,92,53,2,1,39,11,4,25,16,61,121,56,9,2,2,0,Watch
2020-09-10,Thursday,4,37,9,Monsoon,0,0,0,0,0,1,0,47.2,28.8,20.4,91.3,Dengue,3,1,5,82,68,11,10,12,171,177.0,167.0,166.0,162.0,9.1,128.0,147.43,2,2,1,1,1,2,7,1,2,2,1,7,5,9,30,13,58,111,64,3,1,45,11,8,27,19,49,122,71,8,2,3,0,High
2020-09-11,Friday,5,37,9,Monsoon,0,0,0,0,0,0,0,4.6,28.1,17.2,69.0,Dengue,3,1,4,88,62,4,9,10,163,171.0,177.0,153.0,162.71,9.57,119.0,150.5,2,2,1,1,1,2,6,1,2,2,1,6,4,8,26,12,53,102,58,2,1,38,12,9,32,25,41,134,68,9,2,1,0,Watch
2020-09-12,Saturday,6,37,9,Monsoon,1,0,0,0,0,0,0,33.3,30.1,24.0,84.5,Dengue,3,1,4,72,63,4,8,10,147,163.0,171.0,154.0,164.14,8.72,110.0,153.64,2,2,1,1,1,2,6,1,2,2,1,6,4,8,26,12,54,102,59,2,1,34,12,8,28,17,69,99,79,12,2,1,0,Watch
2020-09-13,Sunday,7,37,9,Monsoon,1,0,0,0,0,0,0,13.5,30.6,23.4,78.5,Dengue,3,1,6,69,62,5,14,11,150,147.0,163.0,150.0,163.14,10.12,105.0,156.29,2,2,1,1,1,2,6,1,2,2,1,7,5,8,28,12,53,100,58,3,1,41,13,8,25,19,44,127,52,7,2,3,0,High
2020-09-14,Monday,1,38,9,Monsoon,0,0,0,0,0,0,0,17.7,26.9,17.4,86.4,Dengue,3,1,4,91,61,4,7,11,163,150.0,147.0,167.0,163.14,10.12,123.0,159.5,2,2,1,1,1,2,6,1,2,2,1,7,4,8,25,11,52,101,57,2,1,46,12,4,23,21,57,136,72,7,2,2,0,Watch
2020-09-15,Tuesday,2,38,9,Monsoon,0,0,0,0,0,1,0,0.0,28.8,22.4,73.6,Dengue,3,1,5,90,52,12,6,11,160,163.0,150.0,167.0,162.57,10.0,162.0,162.36,2,2,1,1,1,2,6,1,1,2,1,7,4,7,23,10,45,87,50,2,1,42,16,10,24,22,34,116,68,9,1,1,0,Watch
2020-09-16,Wednesday,3,38,9,Monsoon,0,0,0,1,0,0,1,12.4,28.4,18.6,81.5,Dengue,3,1,4,99,59,7,11,11,176,160.0,163.0,177.0,161.57,9.85,183.0,162.21,2,2,1,1,1,2,7,1,2,2,1,7,5,8,26,11,51,99,57,2,1,42,11,8,24,19,48,113,78,5,2,2,0,Watch
2020-09-17,Thursday,4,38,9,Monsoon,0,0,0,0,0,1,0,4.8,28.2,19.7,75.5,Dengue,3,1,4,87,54,9,7,10,157,176.0,160.0,171.0,161.43,9.63,166.0,161.71,2,2,1,1,1,2,6,1,2,2,1,6,4,7,24,10,46,90,52,2,1,46,11,7,28,20,42,96,71,7,2,1,0,Watch
2020-09-18,Friday,5,38,9,Monsoon,0,0,0,0,0,0,0,0.0,29.0,20.3,81.7,Dengue,3,1,4,86,56,6,6,10,154,157.0,176.0,163.0,159.43,8.86,153.0,161.07,2,2,1,1,1,2,6,1,2,2,1,6,4,7,23,11,48,93,53,2,1,47,9,7,23,21,54,102,43,12,2,1,0,Watch
2020-09-19,Saturday,6,38,9,Monsoon,1,0,0,0,0,0,0,0.3,28.2,20.7,69.7,Dengue,3,1,4,83,58,6,11,9,158,154.0,157.0,147.0,158.14,8.9,154.0,161.14,2,2,1,1,1,2,6,1,2,2,1,5,4,7,26,11,50,96,55,2,1,36,8,11,26,20,51,86,77,9,2,1,0,Watch
2020-09-20,Sunday,7,38,9,Monsoon,1,0,0,0,0,0,0,2.2,25.6,16.1,76.6,Dengue,3,1,5,68,57,4,10,9,139,158.0,154.0,150.0,159.71,7.69,150.0,161.43,2,2,1,1,1,2,5,1,2,2,1,5,4,7,24,11,49,93,53,2,1,40,10,5,26,17,41,94,73,8,2,2,0,Watch
2020-09-21,Monday,1,39,9,Monsoon,0,0,0,0,0,0,0,7.8,28.6,20.9,76.3,Dengue,3,1,3,93,59,5,7,9,164,139.0,158.0,163.0,158.14,10.22,167.0,160.64,2,2,1,1,1,2,6,1,2,2,1,5,4,7,24,11,51,98,56,2,1,47,9,8,23,18,53,127,63,8,1,1,0,Watch
2020-09-22,Tuesday,2,39,9,Monsoon,0,0,0,0,0,1,0,15.8,26.2,17.3,82.7,Dengue,3,1,5,91,63,11,7,12,172,164.0,139.0,160.0,158.29,10.29,167.0,160.43,2,2,1,1,1,2,7,1,2,2,1,7,4,9,27,12,54,104,60,2,1,39,12,6,25,21,40,108,72,9,2,3,0,High
2020-09-23,Wednesday,3,39,9,Monsoon,0,0,0,1,0,0,1,13.7,27.9,19.2,76.5,Dengue,3,1,5,106,58,5,12,11,181,172.0,164.0,176.0,160.0,11.38,177.0,160.79,2,2,1,1,1,3,7,1,2,2,1,7,5,8,26,11,50,98,57,2,1,38,7,10,33,20,49,116,74,7,2,1,0,Watch
2020-09-24,Thursday,4,39,9,Monsoon,0,0,0,0,0,1,0,5.5,30.1,22.9,71.8,Dengue,3,1,4,88,63,10,4,11,165,181.0,172.0,157.0,160.71,12.46,171.0,161.07,2,2,1,1,1,2,6,1,2,2,1,7,4,8,26,12,54,104,59,2,1,42,11,9,24,25,51,129,71,11,2,2,0,Watch
2020-09-25,Friday,5,39,9,Monsoon,0,0,0,0,0,0,0,7.5,26.1,16.5,78.0,Dengue,3,1,3,83,57,5,5,9,150,165.0,181.0,154.0,161.86,12.44,163.0,160.64,2,2,1,1,1,2,6,1,2,2,1,5,3,7,23,11,49,94,54,2,1,45,11,9,28,23,40,122,74,12,1,1,0,Watch
2020-09-26,Saturday,6,39,9,Monsoon,1,0,0,0,0,0,0,21.4,24.2,16.7,87.5,Dengue,3,1,5,77,65,5,12,12,159,150.0,165.0,158.0,161.29,12.87,147.0,159.71,2,2,1,1,1,2,6,1,2,2,1,7,5,9,28,12,56,106,60,3,1,42,11,7,37,20,54,139,75,7,2,2,0,Watch
2020-09-27,Sunday,7,39,9,Monsoon,1,0,0,0,0,0,0,16.4,26.4,20.0,86.0,Dengue,3,1,4,68,62,5,8,10,143,159.0,150.0,139.0,161.43,12.84,150.0,160.57,2,2,1,1,1,2,6,1,2,2,1,6,4,8,26,12,53,100,58,2,1,47,12,10,24,19,66,109,64,6,3,1,0,Watch
2020-09-28,Monday,1,40,9,Monsoon,0,0,0,0,0,0,0,33.0,23.9,17.0,84.6,Dengue,3,1,5,90,68,4,6,11,168,143.0,159.0,164.0,162.0,11.88,163.0,160.07,2,2,1,1,1,2,6,1,2,2,1,7,4,9,27,13,58,111,63,2,1,42,8,7,24,25,55,142,52,10,2,4,0,High
2020-09-29,Tuesday,2,40,9,Monsoon,0,0,0,0,0,1,0,19.9,26.3,17.4,78.7,Dengue,3,1,5,89,60,9,7,11,165,168.0,143.0,172.0,162.57,12.06,160.0,160.43,2,2,1,1,1,2,6,1,2,2,1,7,4,8,26,11,51,99,56,2,1,53,12,8,32,23,39,93,73,9,2,2,0,Watch
2020-09-30,Wednesday,3,40,9,Monsoon,0,0,0,1,0,0,1,4.0,28.5,23.7,75.2,Dengue,3,1,6,99,56,5,12,12,172,165.0,168.0,181.0,161.57,11.51,176.0,160.79,2,2,1,1,1,2,7,1,2,2,1,7,5,8,25,11,48,94,54,2,1,49,11,6,33,23,61,124,75,7,2,1,0,Watch
2020-10-01,Thursday,4,40,10,Post_Monsoon,0,0,0,0,0,1,0,0.2,25.5,17.6,50.5,Dengue,3,1,4,86,47,10,7,10,150,172.0,165.0,165.0,160.29,9.62,157.0,160.5,2,2,1,1,1,2,6,1,1,2,1,6,4,7,22,9,40,80,46,2,1,46,8,10,21,17,42,77,47,6,2,2,0,Watch
2020-10-02,Friday,5,40,10,Post_Monsoon,0,1,0,0,0,0,1,0.0,27.0,18.7,59.0,Dengue,3,1,4,88,49,6,8,9,151,150.0,172.0,150.0,158.14,9.99,154.0,160.0,2,2,1,1,1,2,6,1,1,2,1,5,4,7,22,9,42,83,48,2,1,39,12,7,26,16,44,94,40,9,2,1,0,Watch
2020-10-03,Saturday,6,40,10,Post_Monsoon,1,0,0,0,0,0,0,0.0,26.2,19.9,41.7,Dengue,3,1,5,78,43,6,10,8,137,151.0,150.0,159.0,158.29,9.88,158.0,159.79,2,2,1,1,1,2,5,1,1,2,1,5,4,6,20,8,37,73,42,2,1,44,12,9,19,19,46,66,34,8,2,3,0,High
2020-10-04,Sunday,7,40,10,Post_Monsoon,1,0,0,0,0,0,0,0.0,25.8,17.7,51.4,Dengue,3,1,5,68,49,4,13,8,134,137.0,151.0,143.0,155.14,12.35,139.0,158.29,2,2,1,1,1,2,5,1,1,2,1,5,4,6,23,9,42,81,47,2,1,41,10,8,19,18,35,105,38,8,2,3,0,High
2020-10-05,Monday,1,41,10,Post_Monsoon,0,0,1,0,0,0,3,0.0,24.5,16.0,54.7,Dengue,3,1,6,97,45,4,18,10,164,134.0,137.0,168.0,153.86,13.91,164.0,157.93,2,2,1,1,1,2,6,1,1,2,1,6,5,7,23,9,39,78,44,2,1,46,9,9,22,20,51,78,42,8,2,2,0,Watch
2020-10-06,Tuesday,2,41,10,Post_Monsoon,0,0,1,0,0,1,3,0.0,26.8,20.3,56.2,Dengue,3,1,5,96,46,10,17,11,169,164.0,134.0,165.0,153.29,13.39,172.0,157.93,2,2,1,1,1,2,7,1,1,2,1,7,5,7,24,9,40,79,46,2,1,45,10,8,22,17,44,90,58,10,2,1,0,Watch
2020-10-07,Wednesday,3,41,10,Post_Monsoon,0,0,0,1,0,0,1,0.0,24.1,17.8,47.3,Dengue,3,1,5,99,48,6,10,10,163,169.0,164.0,172.0,153.86,13.95,181.0,157.71,2,2,1,1,1,2,6,1,1,2,1,6,4,7,22,9,41,82,47,2,1,48,9,8,20,17,52,89,45,10,2,2,0,Watch
2020-10-08,Thursday,4,41,10,Post_Monsoon,0,0,0,0,0,1,0,0.0,23.3,12.4,49.2,Dengue,3,1,6,93,46,9,4,9,152,163.0,169.0,150.0,152.57,12.57,165.0,156.43,2,2,1,1,1,2,6,1,1,2,1,5,3,6,20,9,40,79,45,2,1,40,11,7,18,17,34,96,62,9,2,2,0,Watch
2020-10-09,Friday,5,41,10,Post_Monsoon,0,0,1,0,0,0,1,0.0,25.4,18.2,53.0,Dengue,3,1,4,92,48,6,16,10,162,152.0,163.0,151.0,152.86,12.53,150.0,155.5,2,2,1,1,1,2,6,1,1,2,1,6,5,7,24,9,41,82,47,2,1,40,13,9,31,19,49,89,66,11,2,0,0,Watch
2020-10-10,Saturday,6,41,10,Post_Monsoon,1,0,0,0,0,0,0,0.0,23.4,16.3,54.7,Dengue,3,1,4,75,51,6,11,11,143,162.0,152.0,137.0,154.43,12.88,159.0,156.36,2,2,1,1,1,2,6,1,2,2,1,7,5,7,23,10,44,84,49,2,1,46,6,8,20,20,45,98,59,9,2,1,0,Watch
2020-10-11,Sunday,7,41,10,Post_Monsoon,1,0,0,0,0,0,0,0.0,25.9,18.3,54.1,Dengue,3,1,4,74,43,5,11,8,133,143.0,162.0,134.0,155.29,11.85,143.0,155.21,2,2,1,1,1,2,5,1,1,2,1,5,4,6,20,8,37,72,42,2,1,52,13,9,20,17,48,90,42,8,2,0,0,Watch
2020-10-12,Monday,1,42,10,Post_Monsoon,0,0,0,0,0,0,0,0.0,29.7,21.8,52.2,Dengue,3,1,4,95,46,4,9,10,154,133.0,143.0,164.0,155.14,12.11,168.0,154.5,2,2,1,1,1,2,6,1,1,2,1,6,4,7,20,9,40,79,45,2,1,36,11,8,18,18,53,109,53,9,2,1,0,Watch
2020-10-13,Tuesday,2,42,10,Post_Monsoon,0,0,0,0,0,1,0,0.0,26.4,19.0,46.9,Dengue,3,1,3,87,43,10,7,11,147,154.0,133.0,169.0,153.71,11.56,165.0,153.5,2,2,1,1,1,2,6,1,1,2,1,7,4,7,20,8,37,74,43,2,1,39,14,8,19,15,28,90,60,8,2,2,0,Watch
2020-10-14,Wednesday,3,42,10,Post_Monsoon,0,0,0,1,1,0,1,0.0,24.3,16.0,55.5,,0,0,0,94,14,7,11,7,126,147.0,154.0,163.0,150.57,9.84,172.0,152.21,2,1,1,1,1,2,5,1,1,2,1,4,4,3,10,3,7,31,14,1,1,45,11,6,11,10,8,38,12,9,2,1,0,Watch
2020-10-15,Thursday,4,42,10,Post_Monsoon,0,0,0,0,0,1,0,1.1,23.5,14.9,54.8,,0,0,0,78,17,9,9,7,113,126.0,147.0,152.0,145.29,11.54,150.0,148.93,2,1,1,1,1,2,5,1,1,1,1,4,3,3,11,4,8,34,16,1,1,37,12,8,13,11,7,38,21,9,2,1,0,Watch
2020-10-16,Friday,5,42,10,Post_Monsoon,0,0,0,0,0,0,0,0.0,24.2,17.7,53.8,,0,0,0,77,14,6,6,6,103,113.0,126.0,162.0,139.71,15.64,151.0,146.29,2,1,1,1,1,2,4,1,1,1,1,4,3,2,9,3,7,29,13,1,1,38,11,10,8,10,7,39,13,9,2,1,0,Watch
2020-10-17,Saturday,6,42,10,Post_Monsoon,1,0,0,0,0,0,0,1.0,25.8,17.5,52.4,,0,0,0,71,14,5,11,7,101,103.0,113.0,143.0,131.29,17.18,137.0,142.86,2,1,1,1,1,2,4,1,1,1,1,4,4,3,10,3,7,29,13,1,1,36,11,5,10,10,6,35,11,9,2,2,0,Watch
2020-10-18,Sunday,7,42,10,Post_Monsoon,1,0,0,0,0,0,0,0.0,22.8,16.6,51.2,,0,0,0,65,11,5,12,7,93,101.0,103.0,133.0,125.29,19.25,134.0,140.29,2,1,1,1,1,2,4,1,1,1,1,4,4,2,9,2,5,23,12,1,1,43,10,8,11,10,5,28,9,11,2,1,0,Watch
2020-10-19,Monday,1,43,10,Post_Monsoon,0,0,0,0,0,0,0,1.1,23.8,15.6,50.6,,0,0,0,85,14,4,6,5,109,93.0,101.0,154.0,119.57,21.87,164.0,137.36,2,1,1,1,1,2,4,1,1,1,1,3,2,2,8,3,7,30,13,1,1,42,11,10,7,12,9,38,11,9,2,2,0,Watch
2020-10-20,Tuesday,2,43,10,Post_Monsoon,0,0,0,0,1,1,0,0.0,24.6,17.3,55.8,,0,0,0,85,17,14,8,8,124,109.0,93.0,147.0,113.14,16.84,169.0,133.43,2,1,1,1,1,2,5,1,1,2,1,5,3,3,12,4,8,34,16,1,1,42,11,8,11,13,7,32,21,12,1,3,0,High
2020-10-21,Wednesday,3,43,10,Post_Monsoon,0,0,0,1,0,0,1,0.0,25.8,17.9,52.1,,0,0,0,91,14,3,12,7,120,124.0,109.0,126.0,109.86,11.22,163.0,130.21,2,1,1,1,1,2,5,1,1,1,1,4,4,3,10,3,7,31,14,1,1,44,12,9,12,10,9,40,18,11,2,0,0,Normal
2020-10-22,Thursday,4,43,10,Post_Monsoon,0,0,0,0,0,1,0,5.9,24.5,14.8,44.1,,0,0,0,78,17,11,7,7,113,120.0,124.0,113.0,109.0,10.13,152.0,127.14,2,1,1,1,1,2,5,1,1,1,1,4,3,3,11,4,8,34,16,1,1,41,10,8,9,12,6,41,23,7,2,2,0,Watch
2020-10-23,Friday,5,43,10,Post_Monsoon,0,0,0,0,0,0,0,0.9,26.4,18.4,49.4,,0,0,0,78,12,4,8,4,102,113.0,120.0,103.0,109.0,10.13,162.0,124.36,2,1,1,1,1,2,4,1,1,1,1,3,2,2,8,3,6,26,12,1,1,42,8,8,9,12,6,31,12,10,2,0,0,Normal
2020-10-24,Saturday,6,43,10,Post_Monsoon,1,0,0,0,0,0,0,0.0,25.5,16.5,53.9,,0,0,0,74,14,6,7,7,101,102.0,113.0,101.0,108.86,10.22,143.0,120.07,2,1,1,1,1,2,4,1,1,1,1,4,3,3,9,3,7,29,13,1,1,42,11,8,9,10,7,30,16,8,2,0,0,Normal
2020-10-25,Sunday,7,43,10,Post_Monsoon,1,0,1,0,0,0,1,0.9,27.0,18.9,55.2,,0,0,0,69,17,4,19,9,109,101.0,102.0,93.0,108.86,10.22,133.0,117.07,2,1,2,1,1,2,4,1,1,1,1,5,5,3,13,4,8,33,15,2,1,46,11,8,17,12,9,44,15,9,2,0,0,Normal
2020-10-26,Monday,1,44,10,Post_Monsoon,0,0,0,0,0,0,0,0.0,24.3,15.0,48.7,,0,0,0,87,14,4,6,7,111,109.0,101.0,109.0,111.14,7.95,154.0,115.36,2,1,1,1,1,2,4,1,1,1,1,4,3,3,8,3,7,30,13,1,1,34,12,9,9,12,5,33,11,10,1,2,0,Watch
2020-10-27,Tuesday,2,44,10,Post_Monsoon,0,0,0,0,0,1,0,0.0,24.7,17.9,66.1,,0,0,0,88,13,10,10,7,121,111.0,109.0,124.0,111.43,7.91,147.0,112.29,2,1,1,1,1,2,5,1,1,2,1,4,3,3,11,3,6,29,14,1,1,37,9,10,11,12,5,37,18,5,2,1,0,Watch
2020-10-28,Wednesday,3,44,10,Post_Monsoon,0,0,1,1,0,0,2,0.0,21.3,13.8,51.6,,0,0,0,99,18,6,21,9,144,121.0,111.0,120.0,111.0,7.27,126.0,110.43,2,1,2,1,1,2,6,1,1,2,1,5,5,3,15,4,9,37,17,2,1,42,9,10,16,13,6,35,20,10,2,2,0,Watch
2020-10-29,Thursday,4,44,10,Post_Monsoon,0,0,0,0,0,1,0,5.7,21.9,13.3,57.7,,0,0,0,79,18,11,8,7,116,144.0,121.0,113.0,114.43,13.61,113.0,111.71,2,1,1,1,1,2,5,1,1,1,1,4,3,3,12,4,9,35,16,1,1,52,12,8,15,12,9,47,15,7,1,1,0,Watch
2020-10-30,Friday,5,44,10,Post_Monsoon,0,0,0,0,1,0,0,0.0,22.8,16.1,50.6,,0,0,0,77,20,8,8,7,113,116.0,144.0,102.0,114.86,13.6,103.0,111.93,2,1,1,1,1,2,5,1,1,1,1,4,3,3,12,4,9,38,17,1,1,37,10,11,13,12,9,37,18,7,1,1,0,Watch
2020-10-31,Saturday,6,44,10,Post_Monsoon,1,0,0,0,0,0,0,0.0,23.4,16.3,49.3,,0,0,0,69,10,3,11,5,93,113.0,116.0,101.0,116.43,12.62,101.0,112.64,2,1,1,1,1,2,4,1,1,1,1,3,3,2,8,2,5,22,11,1,1,37,10,8,8,9,5,30,15,7,2,0,0,Normal
2020-11-01,Sunday,7,44,11,Post_Monsoon,1,0,0,0,0,0,0,0.0,20.5,11.9,59.1,,0,0,0,65,17,6,11,6,99,93.0,113.0,109.0,115.29,14.23,93.0,112.07,2,1,1,1,1,2,4,1,1,1,1,4,3,3,11,4,8,32,15,1,1,42,12,6,11,13,8,40,20,9,3,0,0,Normal
2020-11-02,Monday,1,45,11,Post_Monsoon,0,0,0,0,0,0,0,1.6,26.2,16.7,50.1,,0,0,0,95,12,5,8,6,120,99.0,93.0,111.0,113.86,15.25,109.0,112.5,2,1,1,1,1,2,5,1,1,1,1,4,3,2,8,3,6,28,13,1,1,46,9,8,9,11,5,27,15,6,2,2,0,Watch
2020-11-03,Tuesday,2,45,11,Post_Monsoon,0,0,1,0,1,1,3,0.0,27.1,19.9,52.7,,0,0,0,94,15,12,16,9,137,120.0,99.0,121.0,115.14,15.34,124.0,113.29,2,1,1,1,1,2,5,1,1,2,1,5,5,3,14,3,7,32,15,2,1,39,11,8,13,10,6,34,16,11,2,2,0,Watch
2020-11-04,Wednesday,3,45,11,Post_Monsoon,0,0,1,1,0,0,3,0.1,24.1,16.1,50.3,,0,0,0,96,16,3,20,9,135,137.0,120.0,144.0,117.43,17.13,120.0,114.21,2,1,2,1,1,2,5,1,1,2,1,5,5,3,13,3,8,34,15,2,1,42,12,6,12,10,6,43,19,8,2,2,0,Watch
2020-11-05,Thursday,4,45,11,Post_Monsoon,0,0,0,0,0,1,0,0.0,20.7,11.3,56.6,,0,0,0,77,18,10,6,6,111,135.0,137.0,116.0,116.14,15.33,113.0,115.29,2,1,1,1,1,2,4,1,1,1,1,4,3,3,11,4,9,35,15,1,1,42,13,7,13,11,8,43,18,11,2,1,0,Watch
2020-11-06,Friday,5,45,11,Post_Monsoon,0,0,0,0,0,0,0,0.1,24.1,14.8,48.4,,0,0,0,79,13,6,7,5,105,111.0,135.0,113.0,115.43,15.44,102.0,115.14,2,1,1,1,1,2,4,1,1,1,1,3,3,2,9,3,6,28,13,1,1,39,8,7,8,11,6,30,15,9,2,1,0,Watch
2020-11-07,Saturday,6,45,11,Post_Monsoon,1,0,1,0,0,0,1,2.2,21.9,12.2,53.4,,0,0,0,73,15,6,18,7,112,105.0,111.0,93.0,114.29,15.86,101.0,115.36,2,1,1,1,1,2,4,1,1,1,1,4,4,3,13,3,7,30,14,2,1,48,10,10,15,11,8,41,13,9,2,1,0,Watch
2020-11-08,Sunday,7,45,11,Post_Monsoon,1,0,0,0,0,0,0,1.3,22.0,12.4,53.8,,0,0,0,64,14,6,10,6,94,112.0,105.0,99.0,117.0,13.43,109.0,116.14,2,1,1,1,1,2,4,1,1,1,1,4,3,2,10,3,7,28,13,1,1,55,10,6,12,10,7,26,12,12,2,2,0,Watch
2020-11-09,Monday,1,46,11,Post_Monsoon,0,0,0,0,0,0,0,0.0,23.4,15.4,54.6,,0,0,0,86,15,6,7,6,114,94.0,112.0,120.0,116.29,14.46,111.0,115.07,2,1,1,1,1,2,5,1,1,1,1,4,3,2,9,3,7,32,15,1,1,43,14,7,11,11,7,42,19,9,2,0,0,Normal
2020-11-10,Tuesday,2,46,11,Post_Monsoon,0,0,0,0,0,1,0,0.4,24.3,17.0,49.8,,0,0,0,84,12,10,9,7,115,114.0,94.0,137.0,115.43,14.39,121.0,115.29,2,1,1,1,1,2,5,1,1,1,1,4,3,2,10,3,6,27,13,1,1,43,11,6,11,10,5,30,12,7,2,2,0,Watch
2020-11-11,Wednesday,3,46,11,Post_Monsoon,0,0,0,1,0,0,1,0.3,24.2,18.3,58.9,,0,0,0,89,17,5,13,7,124,115.0,114.0,135.0,112.29,11.44,144.0,114.86,2,1,1,1,1,2,5,1,1,2,1,4,4,3,12,4,8,35,16,1,1,44,12,9,14,11,7,31,12,8,2,3,0,High
2020-11-12,Thursday,4,46,11,Post_Monsoon,0,0,1,0,0,1,2,0.0,19.7,10.4,54.0,,0,0,0,79,16,11,16,8,122,124.0,115.0,111.0,110.71,8.61,116.0,113.43,2,1,1,1,1,2,5,1,1,2,1,5,4,3,14,3,8,32,15,2,1,33,12,8,13,12,8,34,17,8,2,1,0,Watch
2020-11-13,Friday,5,46,11,Post_Monsoon,0,0,0,0,0,0,0,0.0,23.3,17.0,56.8,,0,0,0,83,17,6,6,5,112,122.0,124.0,105.0,112.29,9.48,113.0,113.86,2,1,1,1,1,2,4,1,1,1,1,3,2,2,10,4,8,34,15,1,1,39,14,8,12,12,10,44,17,9,2,0,0,Normal
2020-11-14,Saturday,6,46,11,Post_Monsoon,1,0,1,0,0,0,1,3.5,19.3,10.2,57.2,,0,0,0,71,21,6,15,7,113,112.0,122.0,112.0,113.29,9.02,93.0,113.79,2,1,1,1,1,2,5,1,1,1,1,4,4,3,14,4,10,39,18,2,1,42,11,8,16,13,13,36,19,9,2,1,0,Watch
2020-11-15,Sunday,7,46,11,Post_Monsoon,1,0,0,0,0,0,0,0.0,22.8,15.3,55.0,,0,0,0,67,15,5,12,5,99,113.0,112.0,94.0,113.43,9.01,99.0,115.21,2,1,1,1,1,2,4,1,1,1,1,3,3,2,11,3,7,30,14,1,1,47,8,8,11,11,6,32,19,9,2,1,0,Watch
2020-11-16,Monday,1,47,11,Post_Monsoon,0,0,0,0,0,0,0,0.0,25.7,17.4,47.8,,0,0,0,86,13,4,5,5,108,99.0,113.0,114.0,114.14,7.51,120.0,115.21,2,1,1,1,1,2,4,1,1,1,1,3,2,2,8,3,6,29,13,1,1,42,11,10,9,11,6,39,13,8,2,0,0,Normal
2020-11-17,Tuesday,2,47,11,Post_Monsoon,0,0,0,0,0,1,0,0.0,22.1,14.9,59.4,,0,0,0,84,12,12,7,7,115,108.0,99.0,115.0,113.29,7.81,137.0,114.36,2,1,1,1,1,2,5,1,1,1,1,4,3,2,10,3,6,27,13,1,1,42,10,10,13,10,6,35,13,11,2,0,0,Normal
2020-11-18,Wednesday,3,47,11,Post_Monsoon,0,0,0,1,0,0,1,0.0,21.6,13.7,60.2,Mass_Casualty,3,1,3,94,15,4,62,18,175,115.0,108.0,124.0,113.29,7.81,135.0,112.79,2,1,4,1,1,2,7,1,1,2,3,10,12,7,25,3,7,32,21,3,3,42,15,11,22,10,7,30,25,11,2,3,0,High
2020-11-19,Thursday,4,47,11,Post_Monsoon,0,0,0,0,0,1,0,0.0,20.4,12.6,49.0,Mass_Casualty,3,1,4,86,19,11,54,18,170,175.0,115.0,122.0,120.57,23.14,111.0,115.64,2,1,3,1,1,2,7,1,1,2,3,10,11,7,26,4,9,38,25,3,2,42,14,8,32,11,8,46,24,11,2,2,0,Watch
2020-11-20,Friday,5,47,11,Post_Monsoon,0,0,0,0,0,0,0,0.0,20.4,13.5,51.6,,0,0,0,79,15,7,7,5,108,170.0,175.0,112.0,127.43,28.94,105.0,119.86,2,1,1,1,1,2,4,1,1,1,1,3,3,2,10,3,7,31,14,1,1,43,13,8,12,11,8,29,18,11,2,1,0,Watch
2020-11-21,Saturday,6,47,11,Post_Monsoon,1,0,0,0,0,0,0,0.0,22.3,15.9,64.1,,0,0,0,67,18,6,11,8,102,108.0,170.0,113.0,126.86,29.27,112.0,120.07,2,1,1,1,1,2,4,1,1,1,1,5,4,3,12,4,9,34,15,1,1,48,9,8,12,11,9,42,16,6,2,0,0,Normal
2020-11-22,Sunday,7,47,11,Post_Monsoon,1,0,0,0,0,0,0,0.0,21.6,12.4,53.5,,0,0,0,66,14,7,12,6,99,102.0,108.0,99.0,125.29,30.25,94.0,119.36,2,1,1,1,1,2,4,1,1,1,1,4,3,2,11,3,7,28,13,1,1,36,11,10,11,10,7,34,13,9,1,0,0,Normal
2020-11-23,Monday,1,48,11,Post_Monsoon,0,0,0,0,0,0,0,2.4,23.5,15.1,55.6,,0,0,0,87,17,5,6,7,115,99.0,102.0,108.0,125.29,30.25,114.0,119.71,2,1,1,1,1,2,5,1,1,1,1,4,3,3,9,4,8,35,16,1,1,47,13,8,10,12,10,42,14,9,2,1,0,Watch
2020-11-24,Tuesday,2,48,11,Post_Monsoon,0,0,0,0,0,1,0,0.0,20.8,12.2,51.8,,0,0,0,85,12,10,4,6,111,115.0,99.0,115.0,126.29,29.78,115.0,119.79,2,1,1,1,1,2,4,1,1,1,1,4,2,2,8,3,6,27,12,1,1,42,8,9,7,11,7,35,14,9,2,1,0,Watch
2020-11-25,Wednesday,3,48,11,Post_Monsoon,0,0,0,1,0,0,1,2.5,21.7,15.4,58.7,,0,0,0,94,15,5,13,7,127,111.0,115.0,175.0,125.71,30.03,124.0,119.5,2,1,1,1,1,2,5,1,1,2,1,4,4,3,11,3,7,32,15,1,1,46,13,7,9,12,6,34,20,9,2,2,0,Watch
2020-11-26,Thursday,4,48,11,Post_Monsoon,0,0,0,0,0,1,0,0.0,22.2,12.6,58.1,,0,0,0,79,12,9,7,6,107,127.0,111.0,170.0,118.86,22.54,122.0,119.71,2,1,1,1,1,2,4,1,1,1,1,4,3,2,9,3,6,26,12,1,1,43,9,8,8,11,7,35,12,11,2,1,0,Watch
2020-11-27,Friday,5,48,11,Post_Monsoon,0,0,1,0,0,0,2,0.0,22.5,13.3,54.7,,0,0,0,87,17,7,14,8,125,107.0,127.0,108.0,109.86,8.56,112.0,118.64,2,1,1,1,1,2,5,1,1,2,1,5,4,3,12,4,8,35,16,1,1,47,11,8,11,11,7,46,14,10,2,3,0,High
2020-11-28,Saturday,6,48,11,Post_Monsoon,1,0,0,0,0,0,0,0.0,23.0,16.1,54.7,,0,0,0,71,16,3,13,7,103,125.0,107.0,102.0,112.29,9.98,113.0,119.57,2,1,1,1,1,2,4,1,1,1,1,4,4,3,11,3,8,32,14,1,1,39,8,9,9,11,8,36,19,7,2,1,0,Watch
2020-11-29,Sunday,7,48,11,Post_Monsoon,1,0,0,0,0,0,0,0.0,21.0,11.8,56.7,,0,0,0,66,17,6,9,7,98,103.0,125.0,99.0,112.43,9.84,99.0,118.86,2,1,1,1,1,2,4,1,1,1,1,4,3,3,11,4,8,33,15,1,1,38,11,12,12,13,8,33,20,7,2,0,0,Normal
2020-11-30,Monday,1,49,11,Post_Monsoon,0,0,1,0,0,0,3,0.0,21.1,12.7,55.6,,0,0,0,94,16,7,18,9,135,98.0,103.0,115.0,112.29,10.04,108.0,118.79,2,1,1,1,1,2,5,1,1,2,1,5,5,3,13,3,8,34,15,2,1,39,11,11,15,10,7,33,15,9,2,2,0,Watch
2020-12-01,Tuesday,2,49,12,Winter,0,0,0,0,0,1,0,0.0,24.1,15.6,50.8,,0,0,0,83,17,11,9,7,120,135.0,98.0,111.0,115.14,12.86,115.0,120.71,2,1,1,1,1,2,5,1,1,1,1,4,3,3,12,4,8,34,16,1,1,50,11,4,14,13,9,43,17,10,2,0,0,Normal
2020-12-02,Wednesday,3,49,12,Winter,0,0,0,1,0,0,1,0.0,23.0,14.4,51.7,,0,0,0,97,16,5,14,8,132,120.0,135.0,127.0,116.43,12.83,175.0,121.07,2,1,1,1,1,2,5,1,1,2,1,5,4,3,12,3,8,34,15,1,1,41,12,8,13,11,6,36,17,9,2,1,0,Watch
2020-12-03,Thursday,4,49,12,Winter,0,0,0,0,0,1,0,0.0,21.6,13.2,57.7,,0,0,0,80,18,11,7,6,116,132.0,120.0,107.0,117.14,13.52,170.0,118.0,2,1,1,1,1,2,5,1,1,1,1,4,3,3,12,4,9,35,16,1,1,29,9,7,11,12,8,34,20,9,2,3,0,High
2020-12-04,Friday,5,49,12,Winter,0,0,0,0,0,0,0,0.0,24.4,17.8,60.5,,0,0,0,77,16,7,3,4,103,116.0,132.0,125.0,118.43,12.9,108.0,114.14,2,1,1,1,1,2,4,1,1,1,1,3,2,2,9,3,8,32,14,1,1,37,13,9,7,11,8,43,18,7,2,1,0,Watch
2020-12-05,Saturday,6,49,12,Winter,1,0,0,0,0,0,0,0.0,26.8,18.1,50.8,,0,0,0,75,16,5,12,6,108,103.0,116.0,103.0,115.29,13.58,102.0,113.79,2,1,1,1,1,2,4,1,1,1,1,4,3,2,11,3,8,32,14,1,1,42,11,5,12,10,9,41,12,7,2,1,0,Watch
2020-12-06,Sunday,7,49,12,Winter,1,0,0,0,0,0,0,0.3,20.4,14.5,51.1,,0,0,0,62,8,5,10,5,85,108.0,103.0,98.0,116.0,13.04,99.0,114.21,2,1,1,1,1,1,4,1,1,1,1,3,3,2,8,2,4,19,9,1,1,49,11,8,7,10,3,23,11,10,2,2,0,Watch
2020-12-07,Monday,1,50,12,Winter,0,0,0,0,0,0,0,1.1,24.7,17.4,52.4,,0,0,0,86,14,6,7,5,113,85.0,108.0,135.0,114.14,16.05,115.0,113.21,2,1,1,1,1,2,5,1,1,1,1,3,3,2,9,3,7,30,14,1,1,42,8,8,7,10,8,40,15,11,2,1,0,Watch
2020-12-08,Tuesday,2,50,12,Winter,0,0,0,0,0,1,0,0.0,23.8,15.3,52.6,,0,0,0,85,14,10,5,6,114,113.0,85.0,120.0,111.0,13.63,111.0,113.07,2,1,1,1,1,2,5,1,1,1,1,4,3,2,9,3,7,30,14,1,1,41,11,8,8,11,5,32,17,13,2,2,0,Watch
2020-12-09,Wednesday,3,50,12,Winter,0,0,0,1,0,0,1,0.0,23.1,15.9,61.0,,0,0,0,86,16,6,13,8,121,114.0,113.0,132.0,110.14,13.22,127.0,113.29,2,1,1,1,1,2,5,1,1,2,1,5,4,3,11,3,8,33,15,1,1,36,11,8,12,10,9,31,12,9,2,2,0,Watch
2020-12-10,Thursday,4,50,12,Winter,0,0,0,0,0,1,0,0.0,24.3,15.9,48.2,,0,0,0,81,13,10,6,6,110,121.0,114.0,116.0,108.57,10.99,107.0,112.86,2,1,1,1,1,2,4,1,1,1,1,4,3,2,9,3,6,28,13,1,1,52,8,8,10,11,4,28,13,11,2,1,0,Watch
2020-12-11,Friday,5,50,12,Winter,0,0,0,0,0,0,0,0.0,19.9,13.7,60.5,,0,0,0,80,16,6,8,7,110,110.0,121.0,103.0,107.71,10.61,125.0,113.07,2,1,1,1,1,2,4,1,1,1,1,4,3,3,10,3,8,32,14,1,1,49,12,10,10,12,9,37,16,7,2,0,0,Normal
2020-12-12,Saturday,6,50,12,Winter,1,0,0,0,0,0,0,0.0,21.9,12.6,52.5,,0,0,0,71,18,6,12,7,107,110.0,110.0,108.0,108.71,10.44,103.0,112.0,2,1,1,1,1,2,4,1,1,1,1,4,4,3,12,4,9,35,15,1,1,33,10,7,10,11,9,34,18,8,2,2,0,Watch
2020-12-13,Sunday,7,50,12,Winter,1,0,0,0,0,0,0,0.0,20.7,12.0,59.9,,0,0,0,64,21,7,10,7,102,107.0,110.0,85.0,108.57,10.46,98.0,112.29,2,1,1,1,1,2,4,1,1,1,1,4,3,3,13,4,10,38,17,1,1,50,13,5,11,12,11,38,14,9,2,2,0,Watch
2020-12-14,Monday,1,51,12,Winter,0,0,0,0,0,0,0,0.0,22.3,17.6,52.7,,0,0,0,90,15,5,7,6,117,102.0,107.0,113.0,111.0,5.5,135.0,112.57,2,1,1,1,1,2,5,1,1,1,1,4,3,2,9,3,7,32,15,1,1,44,13,10,12,10,9,40,18,12,1,0,0,Normal
2020-12-15,Tuesday,2,51,12,Winter,0,0,0,0,0,1,0,0.0,21.7,14.1,53.0,,0,0,0,83,18,12,7,7,120,117.0,102.0,114.0,111.57,5.88,120.0,111.29,2,1,1,1,1,2,5,1,1,1,1,4,3,3,12,4,9,36,16,1,1,39,8,6,13,11,12,32,17,6,2,1,0,Watch
2020-12-16,Wednesday,3,51,12,Winter,0,0,0,1,0,0,1,0.5,21.8,13.9,55.7,,0,0,0,90,14,4,14,7,122,120.0,117.0,121.0,112.43,6.57,132.0,111.29,2,1,1,1,1,2,5,1,1,2,1,4,4,3,11,3,7,30,14,1,1,49,11,11,10,10,9,28,20,7,1,2,0,Watch
2020-12-17,Thursday,4,51,12,Winter,0,0,0,0,0,1,0,0.0,22.9,16.6,54.4,,0,0,0,79,15,11,11,8,116,122.0,120.0,110.0,112.57,6.76,116.0,110.57,2,1,1,1,1,2,5,1,1,1,1,5,4,3,12,3,7,31,15,1,1,44,11,8,14,11,6,42,18,13,2,1,0,Watch
2020-12-18,Friday,5,51,12,Winter,0,0,0,0,0,0,0,0.0,24.7,15.3,56.5,,0,0,0,84,17,3,6,6,110,116.0,122.0,110.0,113.43,6.76,103.0,110.57,2,1,1,1,1,2,4,1,1,1,1,4,3,3,9,4,8,34,15,1,1,41,11,8,9,13,6,36,20,9,2,1,0,Watch
2020-12-19,Saturday,6,51,12,Winter,1,0,0,0,0,0,0,0.0,21.6,12.7,54.4,,0,0,0,69,19,5,11,7,104,110.0,116.0,107.0,113.43,6.76,108.0,111.07,2,1,1,1,1,2,4,1,1,1,1,4,4,3,12,4,9,36,16,1,1,42,11,8,10,12,11,33,21,8,2,2,0,Watch
2020-12-20,Sunday,7,51,12,Winter,1,0,0,0,0,0,0,0.4,19.4,12.9,59.0,,0,0,0,58,19,6,13,6,96,104.0,110.0,102.0,113.0,7.23,85.0,110.79,2,1,1,1,1,2,4,1,1,1,1,4,4,3,13,4,9,35,16,1,1,43,12,8,15,12,7,34,19,10,2,2,0,Watch
2020-12-21,Monday,1,52,12,Winter,0,0,0,0,0,0,0,0.9,22.6,13.6,54.3,,0,0,0,87,19,6,5,8,117,96.0,104.0,117.0,112.14,8.69,113.0,111.57,2,1,1,1,1,2,5,1,1,1,1,5,3,3,10,4,9,38,17,1,1,47,12,8,10,12,11,43,18,11,2,0,0,Normal
2020-12-22,Tuesday,2,52,12,Winter,0,0,0,0,0,1,0,0.0,21.0,13.7,53.7,,0,0,0,86,17,9,10,7,122,117.0,96.0,120.0,112.14,8.69,114.0,111.86,2,1,1,1,1,2,5,1,1,2,1,4,3,3,12,4,8,35,16,1,1,58,10,8,15,13,7,34,22,6,2,2,0,Watch
2020-12-23,Wednesday,3,52,12,Winter,0,0,0,1,0,0,1,0.0,23.0,16.7,59.5,,0,0,0,96,16,6,12,9,130,122.0,117.0,122.0,112.43,8.97,121.0,112.43,2,1,1,1,1,2,5,1,1,2,1,5,4,3,11,3,8,34,15,1,1,49,13,4,12,11,6,33,13,10,2,3,0,High
2020-12-24,Thursday,4,52,12,Winter,0,0,0,0,0,1,0,0.0,18.8,12.4,53.7,,0,0,0,80,12,10,9,7,111,130.0,122.0,116.0,113.57,10.5,110.0,113.07,2,1,1,1,1,2,4,1,1,1,1,4,3,2,10,3,6,26,12,1,1,41,11,6,12,12,5,26,16,7,2,1,0,Watch
2020-12-25,Friday,5,52,12,Winter,0,1,0,0,0,0,1,0.0,22.4,15.6,53.9,,0,0,0,82,18,6,9,6,115,111.0,130.0,110.0,112.86,10.48,110.0,113.14,2,1,1,1,1,2,5,1,1,1,1,4,3,3,11,4,9,36,16,1,1,37,13,9,13,12,8,43,17,11,2,1,0,Watch
2020-12-26,Saturday,6,52,12,Winter,1,0,0,0,0,0,0,0.0,21.7,11.3,59.5,,0,0,0,69,16,6,9,7,100,115.0,111.0,104.0,113.57,10.43,107.0,113.5,2,1,1,1,1,2,4,1,1,1,1,4,3,3,10,3,8,31,14,1,1,36,12,7,13,12,10,39,16,9,2,0,0,Normal
2020-12-27,Sunday,7,52,12,Winter,1,0,0,0,0,0,0,0.0,23.2,14.6,49.8,,0,0,0,73,16,5,11,5,105,100.0,115.0,96.0,113.0,11.03,102.0,113.0,2,1,1,1,1,2,4,1,1,1,1,3,3,2,11,3,8,32,14,1,1,35,12,8,13,10,8,31,11,9,2,2,0,Watch
2020-12-28,Monday,1,53,12,Winter,0,0,0,0,0,0,0,0.0,20.0,13.3,58.3,,0,0,0,85,16,7,6,6,114,105.0,100.0,117.0,114.29,9.38,117.0,113.21,2,1,1,1,1,2,5,1,1,1,1,4,3,2,10,3,8,33,15,1,1,38,11,9,9,11,6,30,18,9,2,3,0,High
2020-12-29,Tuesday,2,53,12,Winter,0,0,0,0,0,1,0,0.0,22.8,15.3,53.0,,0,0,0,88,13,10,6,6,117,114.0,105.0,122.0,113.86,9.31,120.0,113.0,2,1,1,1,1,2,5,1,1,1,1,4,3,2,9,3,6,29,14,1,1,41,10,4,9,11,7,33,12,11,2,1,0,Watch
2020-12-30,Wednesday,3,53,12,Winter,0,0,0,1,0,0,1,0.0,22.0,13.2,52.7,,0,0,0,94,17,7,16,10,134,117.0,114.0,130.0,113.14,8.84,122.0,112.79,2,1,1,1,1,2,5,1,1,2,1,6,5,3,13,4,8,35,16,2,1,44,14,5,12,12,6,38,19,12,2,2,0,Watch
2020-12-31,Thursday,4,53,12,Winter,0,0,0,0,0,1,0,0.0,23.5,16.6,50.1,,0,0,0,83,13,13,7,6,116,134.0,117.0,111.0,113.71,9.97,116.0,113.64,2,1,1,1,1,2,5,1,1,1,1,4,3,2,10,3,6,28,14,1,1,51,11,6,9,12,7,36,15,9,2,1,0,Watch
2021-01-01,Friday,5,53,1,Winter,0,0,0,0,0,0,0,0.0,22.0,13.7,57.7,,0,0,0,78,14,8,9,7,109,116.0,134.0,115.0,114.43,9.93,110.0,113.64,2,1,1,1,1,2,4,1,1,1,1,4,3,3,10,3,7,29,13,1,1,44,9,8,10,11,7,32,16,7,2,0,0,Normal
2021-01-02,Saturday,6,53,1,Winter,1,0,0,0,0,0,0,0.0,24.7,15.4,59.2,,0,0,0,71,16,7,8,7,102,109.0,116.0,100.0,113.57,10.1,104.0,113.57,2,1,1,1,1,2,4,1,1,1,1,4,3,3,10,3,8,32,14,1,1,38,13,7,12,11,8,29,12,11,2,2,0,Watch
2021-01-03,Sunday,7,53,1,Winter,1,0,0,0,0,0,0,0.0,20.6,12.1,52.5,,0,0,0,74,20,7,11,8,112,102.0,109.0,105.0,113.86,9.73,96.0,113.43,2,1,1,1,1,2,4,1,1,1,1,5,4,3,13,4,9,38,16,1,1,38,12,10,15,12,9,45,16,7,2,0,0,Normal
2021-01-04,Monday,1,1,1,Winter,0,0,0,0,0,0,0,0.0,24.1,17.1,61.0,,0,0,0,84,20,6,6,7,116,112.0,102.0,114.0,114.86,9.11,117.0,114.57,2,1,1,1,1,2,5,1,1,1,1,4,3,3,11,4,9,39,17,1,1,37,12,8,14,11,11,54,19,7,2,0,0,Normal
2021-01-05,Tuesday,2,1,1,Winter,0,0,0,0,0,1,0,0.0,22.7,15.3,52.2,Respiratory,4,1,7,107,45,11,5,10,168,116.0,112.0,117.0,115.14,9.11,122.0,114.5,2,2,1,1,1,2,6,1,1,2,1,6,4,7,20,9,39,79,49,11,1,43,11,8,26,16,40,90,51,10,2,1,0,High
2021-01-06,Wednesday,3,1,1,Winter,0,0,0,1,0,0,1,0.0,17.6,10.1,60.2,Respiratory,4,1,8,114,48,7,10,12,179,168.0,116.0,134.0,122.43,20.7,130.0,117.79,3,2,1,1,1,2,7,1,1,2,1,7,5,8,22,9,41,84,53,12,1,38,11,8,19,21,53,79,61,9,2,3,0,High
2021-01-07,Thursday,4,1,1,Winter,0,0,0,0,0,1,0,0.0,19.8,11.3,54.1,Respiratory,4,1,8,100,45,11,6,10,162,179.0,168.0,116.0,128.86,28.73,111.0,121.29,2,2,1,1,1,2,6,1,1,2,1,6,4,7,21,9,39,78,49,12,1,48,9,9,23,15,36,103,62,12,1,1,0,High
2021-01-08,Friday,5,1,1,Winter,0,0,0,0,0,0,0,0.0,24.2,16.6,49.1,Respiratory,4,1,6,101,42,7,7,8,157,162.0,179.0,109.0,135.43,30.26,115.0,124.93,2,2,1,1,1,2,6,1,1,2,1,5,3,6,19,8,36,74,46,11,1,45,12,8,18,17,39,79,51,9,2,2,0,High
2021-01-09,Saturday,6,1,1,Winter,1,0,0,0,0,0,0,0.0,19.6,11.0,50.7,Respiratory,4,1,5,93,45,6,10,9,154,157.0,162.0,102.0,142.29,28.9,100.0,127.93,2,2,1,1,1,2,6,1,1,2,1,5,4,7,21,9,39,77,49,12,1,43,11,7,18,16,32,89,45,9,2,4,0,High
2021-01-10,Sunday,7,1,1,Winter,1,0,0,0,0,0,0,0.0,20.4,11.3,54.1,Respiratory,4,1,4,88,39,7,11,10,145,154.0,157.0,112.0,149.71,23.83,105.0,131.79,2,2,1,1,1,2,6,1,1,2,1,6,4,7,19,8,34,68,44,10,1,42,12,7,25,15,35,69,58,8,2,1,0,High
2021-01-11,Monday,1,2,1,Winter,0,0,0,0,0,0,0,0.0,19.2,9.8,56.4,Respiratory,4,1,6,106,47,6,5,8,164,145.0,154.0,116.0,154.43,18.58,114.0,134.64,2,2,1,1,1,2,6,1,1,2,1,5,3,7,20,9,40,82,51,12,1,36,10,8,20,15,51,106,45,6,2,2,0,High
2021-01-12,Tuesday,2,2,1,Winter,0,0,0,0,0,1,0,0.0,22.5,15.5,45.5,Respiratory,4,1,5,111,41,12,9,11,173,164.0,145.0,168.0,161.29,10.02,117.0,138.21,3,2,1,1,1,2,7,1,1,2,1,7,4,7,21,8,35,73,46,11,1,42,11,8,27,15,32,100,58,9,3,2,0,High
2021-01-13,Wednesday,3,2,1,Winter,0,0,0,1,0,0,1,0.0,22.8,13.5,53.7,Respiratory,4,1,6,115,45,7,11,11,178,173.0,164.0,179.0,162.0,10.64,134.0,142.21,3,2,1,1,1,2,7,1,1,2,1,7,5,8,21,9,39,79,50,12,1,47,12,8,20,19,41,87,65,10,2,2,0,High
2021-01-14,Thursday,4,2,1,Winter,0,0,0,0,0,1,0,0.0,20.9,13.2,46.8,Respiratory,4,1,6,103,47,11,7,12,168,178.0,173.0,162.0,161.86,10.41,116.0,145.36,2,2,1,1,1,2,6,1,1,2,1,7,4,8,22,9,40,81,51,12,1,42,11,5,29,20,48,104,60,9,2,2,0,High
2021-01-15,Friday,5,2,1,Winter,0,0,0,0,0,0,0,0.0,22.1,12.6,54.6,Respiratory,4,1,6,101,43,6,7,9,157,168.0,178.0,157.0,162.71,10.63,109.0,149.07,2,2,1,1,1,2,6,1,1,2,1,5,4,7,19,8,37,75,47,11,1,30,13,9,19,18,49,82,48,11,2,0,0,High
2021-01-16,Saturday,6,2,1,Winter,1,0,0,0,0,0,0,0.0,23.9,14.3,47.2,Respiratory,4,1,7,94,45,6,11,10,156,157.0,168.0,154.0,162.71,10.63,102.0,152.5,2,2,1,1,1,2,6,1,1,2,1,6,4,7,21,9,39,77,49,12,1,44,11,11,23,16,29,77,64,10,2,2,0,High
2021-01-17,Sunday,7,2,1,Winter,1,0,0,0,0,0,0,0.0,22.3,13.0,50.1,Respiratory,4,1,6,94,47,7,11,9,159,156.0,157.0,145.0,163.0,10.42,112.0,156.36,2,2,1,1,1,2,6,1,1,2,1,5,4,7,22,9,40,80,51,12,1,47,13,8,23,18,47,107,62,8,1,1,0,High
2021-01-18,Monday,1,3,1,Winter,0,0,0,0,0,0,0,0.8,24.3,16.7,52.1,Respiratory,4,1,6,111,47,9,8,11,175,159.0,156.0,164.0,165.0,7.78,116.0,159.71,3,2,1,1,1,2,7,1,1,2,1,7,4,8,22,9,40,82,52,12,1,43,11,8,22,19,51,76,71,11,2,2,0,High
2021-01-19,Tuesday,2,3,1,Winter,0,0,0,0,0,1,0,0.0,22.5,15.3,48.3,Respiratory,4,1,5,109,43,13,8,12,173,175.0,159.0,173.0,166.57,8.5,168.0,163.93,2,2,1,1,1,2,7,1,1,2,1,7,4,8,21,8,37,76,48,11,1,42,11,9,27,19,39,86,41,12,2,1,0,High
2021-01-20,Wednesday,3,3,1,Winter,0,0,0,1,0,0,1,0.0,23.3,15.2,53.4,Respiratory,4,1,5,115,45,7,13,10,180,173.0,175.0,178.0,166.57,8.5,179.0,164.29,3,2,1,1,1,2,7,1,1,2,1,6,5,7,22,9,39,79,50,12,1,42,13,12,19,16,30,77,59,8,2,4,0,High
2021-01-21,Thursday,4,3,1,Winter,0,0,0,0,0,1,0,0.0,23.7,15.9,57.4,Respiratory,4,1,6,105,50,11,7,9,173,180.0,173.0,168.0,166.86,8.9,162.0,164.36,2,2,1,1,1,2,7,1,1,2,1,5,4,7,23,9,43,86,54,13,1,43,14,12,21,15,53,107,49,10,2,3,0,High
2021-01-22,Friday,5,3,1,Winter,0,0,0,0,0,0,0,0.0,25.7,17.8,54.1,Respiratory,4,1,6,101,47,6,4,8,158,173.0,180.0,157.0,167.57,9.16,157.0,165.14,2,2,1,1,1,2,6,1,1,2,1,5,3,7,20,9,40,81,51,12,1,38,9,8,20,18,33,76,48,10,2,4,0,High
2021-01-23,Saturday,6,3,1,Winter,1,0,0,0,0,0,0,0.0,20.5,10.6,52.8,Respiratory,4,1,7,91,48,9,12,11,160,158.0,173.0,156.0,167.71,9.0,154.0,165.21,2,2,1,1,1,2,6,1,1,2,1,7,5,8,23,9,41,82,52,12,1,41,10,7,22,20,43,106,54,9,2,3,0,High
2021-01-24,Sunday,7,3,1,Winter,1,0,0,0,0,0,0,0.0,22.3,15.5,62.6,Respiratory,4,1,6,85,46,6,11,9,148,160.0,158.0,159.0,168.29,8.34,145.0,165.64,2,2,1,1,1,2,6,1,1,2,1,5,4,7,21,9,40,78,50,12,1,42,13,9,22,21,36,98,70,8,2,2,0,High
2021-01-25,Monday,1,4,1,Winter,0,0,0,0,0,0,0,0.0,28.2,21.5,49.4,Respiratory,4,1,7,108,45,8,7,10,168,148.0,160.0,175.0,166.71,10.66,164.0,165.86,2,2,1,1,1,2,6,1,1,2,1,6,4,7,20,9,39,79,49,12,1,36,11,8,26,16,50,85,58,7,2,1,0,High
2021-01-26,Tuesday,2,4,1,Winter,0,1,0,0,0,1,1,0.0,25.6,16.5,49.1,Respiratory,4,1,6,110,44,11,7,9,172,168.0,148.0,173.0,165.71,10.15,173.0,166.14,2,2,1,1,1,2,7,1,1,2,1,5,4,7,21,8,38,77,49,11,1,43,11,8,22,15,33,98,65,9,2,2,0,High
2021-01-27,Wednesday,3,4,1,Winter,0,0,0,1,0,0,1,0.0,22.9,16.6,48.4,Respiratory,4,1,5,120,43,7,13,10,183,172.0,168.0,180.0,165.57,10.05,178.0,166.07,3,2,1,1,1,3,7,1,1,2,1,6,5,7,21,8,37,77,49,11,1,33,7,8,26,15,30,76,69,9,2,3,0,High
2021-01-28,Thursday,4,4,1,Winter,0,0,0,0,0,1,0,0.0,22.0,12.6,58.1,Respiratory,4,1,5,109,47,13,8,11,177,183.0,172.0,173.0,166.0,10.7,168.0,166.43,2,2,1,1,1,2,7,1,1,2,1,7,4,8,23,9,40,82,52,12,1,40,9,9,19,20,47,84,50,9,2,3,0,High
2021-01-29,Friday,5,4,1,Winter,0,0,0,0,0,0,0,0.7,22.9,14.5,47.5,Respiratory,4,1,5,109,43,7,6,9,165,177.0,183.0,158.0,166.57,11.16,157.0,167.07,2,2,1,1,1,2,6,1,1,2,1,5,3,7,19,8,37,76,47,11,1,38,10,8,25,16,36,86,59,9,2,2,0,High
2021-01-30,Saturday,6,4,1,Winter,1,0,0,0,0,0,0,1.6,22.2,14.4,58.0,,0,0,0,78,19,11,13,9,121,165.0,177.0,160.0,167.57,10.65,156.0,167.64,2,1,1,1,1,2,5,1,1,2,1,5,4,3,14,4,9,37,17,1,1,49,13,7,17,13,8,42,15,10,2,2,0,Watch
2021-01-31,Sunday,7,4,1,Winter,1,0,0,0,0,0,0,0.0,22.0,14.1,60.3,,0,0,0,67,20,6,9,7,102,121.0,165.0,148.0,162.0,19.6,159.0,165.14,2,1,1,1,1,2,4,1,1,1,1,4,3,3,12,4,9,37,16,1,1,46,9,11,11,13,10,43,16,9,2,1,0,Watch
2021-02-01,Monday,1,5,2,Winter,0,0,0,0,0,0,0,0.0,24.5,15.4,48.5,,0,0,0,88,12,8,6,7,114,102.0,121.0,168.0,155.43,28.76,175.0,161.07,2,1,1,1,1,2,5,1,1,1,1,4,3,2,8,3,6,27,13,1,1,38,11,6,9,10,6,26,17,9,2,1,0,Watch
2021-02-02,Tuesday,2,5,2,Winter,0,0,0,0,0,1,0,0.0,25.5,18.3,44.2,,0,0,0,89,15,14,5,7,123,114.0,102.0,172.0,147.71,31.47,173.0,156.71,2,1,1,1,1,2,5,1,1,2,1,4,3,3,11,3,7,32,15,1,1,42,11,13,14,12,6,44,21,7,2,1,0,Watch
2021-02-03,Wednesday,3,5,2,Winter,0,0,0,1,0,0,1,0.0,22.0,13.0,50.6,,0,0,0,101,21,8,11,8,141,123.0,114.0,183.0,140.71,30.73,180.0,153.14,2,1,1,1,1,2,6,1,1,2,1,5,4,3,13,4,10,42,19,1,1,37,12,8,11,12,13,51,20,9,2,1,0,Watch
2021-02-04,Thursday,4,5,2,Winter,0,0,0,0,0,1,0,0.0,27.9,19.8,49.5,,0,0,0,87,15,12,8,8,122,141.0,123.0,177.0,134.71,25.55,173.0,150.36,2,1,1,1,1,2,5,1,1,2,1,5,3,3,11,3,7,32,15,1,1,45,11,8,12,12,7,35,17,9,2,0,0,Normal
2021-02-05,Friday,5,5,2,Winter,0,0,0,0,0,0,0,0.0,26.5,16.3,56.2,,0,0,0,82,16,8,7,6,113,122.0,141.0,165.0,126.86,18.94,158.0,146.71,2,1,1,1,1,2,5,1,1,1,1,4,3,2,10,3,8,33,15,1,1,31,14,8,10,10,6,33,18,9,2,1,0,Watch
2021-02-06,Saturday,6,5,2,Winter,1,0,0,0,0,0,0,0.0,25.8,16.9,52.4,,0,0,0,71,16,7,11,8,105,113.0,122.0,121.0,119.43,11.1,160.0,143.5,2,1,1,1,1,2,4,1,1,1,1,5,4,3,11,3,8,32,14,1,1,37,11,8,14,12,7,43,18,8,1,1,0,Watch
2021-02-07,Sunday,7,5,2,Winter,1,0,0,0,0,0,0,1.1,27.5,20.4,51.9,,0,0,0,72,22,9,9,8,112,105.0,113.0,102.0,117.14,12.14,148.0,139.57,2,1,1,1,1,2,4,1,1,1,1,5,4,3,13,4,10,41,17,1,1,41,11,6,14,13,10,42,20,6,2,0,0,Normal
2021-02-08,Monday,1,6,2,Winter,0,0,0,0,0,0,0,0.0,25.6,17.2,51.2,,0,0,0,89,21,8,7,7,125,112.0,105.0,114.0,118.57,10.78,168.0,137.0,2,1,1,1,1,2,5,1,1,2,1,4,3,3,12,4,10,41,18,1,1,42,11,6,15,13,9,44,15,12,2,2,0,Watch
2021-02-09,Tuesday,2,6,2,Winter,0,0,0,0,0,1,0,0.0,24.7,15.5,44.5,,0,0,0,90,16,12,7,9,125,125.0,112.0,123.0,120.14,10.8,172.0,133.93,2,1,1,1,1,2,5,1,1,2,1,5,4,3,11,3,8,33,15,1,1,45,11,8,14,10,9,43,13,11,1,1,0,Watch
2021-02-10,Wednesday,3,6,2,Winter,0,0,0,1,0,0,1,0.0,23.7,15.4,60.3,,0,0,0,104,21,8,12,8,145,125.0,125.0,141.0,120.43,10.9,183.0,130.57,2,1,1,1,1,2,6,1,1,2,1,5,4,3,13,4,10,42,19,2,1,43,12,7,11,12,11,57,20,9,2,1,0,Watch
2021-02-11,Thursday,4,6,2,Winter,0,0,0,0,0,1,0,0.0,24.5,15.4,58.0,,0,0,0,86,21,14,6,7,127,145.0,125.0,122.0,121.0,12.01,177.0,127.86,2,1,1,1,1,2,5,1,1,2,1,4,3,3,13,4,10,41,18,1,1,45,15,9,12,11,8,47,18,9,2,2,0,Watch
2021-02-12,Friday,5,6,2,Winter,0,0,0,0,0,0,0,0.0,25.1,15.2,50.9,,0,0,0,84,21,6,5,5,116,127.0,145.0,113.0,121.71,12.2,165.0,124.29,2,1,1,1,1,2,5,1,1,1,1,3,2,3,11,4,10,40,18,1,1,30,11,8,13,13,13,47,18,10,2,0,0,Normal
2021-02-13,Saturday,6,6,2,Winter,1,0,0,0,0,0,0,0.0,25.0,16.3,54.3,,0,0,0,71,21,7,12,6,111,116.0,127.0,105.0,122.14,11.93,121.0,120.79,2,1,1,1,1,2,4,1,1,1,1,4,3,3,13,4,10,39,17,2,1,39,11,6,17,13,7,54,22,9,2,1,0,Watch
2021-02-14,Sunday,7,6,2,Winter,1,0,0,0,0,0,0,0.0,24.6,16.3,52.4,,0,0,0,74,20,9,10,8,113,111.0,116.0,112.0,123.0,10.84,102.0,120.07,2,1,1,1,1,2,5,1,1,1,1,5,4,3,13,4,9,38,17,1,1,48,11,7,13,12,10,44,16,9,3,1,0,Watch
2021-02-15,Monday,1,7,2,Winter,0,0,0,0,0,0,0,0.0,27.0,21.0,49.4,,0,0,0,96,14,8,7,7,125,113.0,111.0,125.0,123.14,10.7,114.0,120.86,2,1,1,1,1,2,5,1,1,2,1,4,3,3,9,3,7,31,14,1,1,36,11,10,7,11,6,42,16,9,2,2,0,Watch
2021-02-16,Tuesday,2,7,2,Winter,0,0,0,0,0,1,0,0.0,23.7,16.5,62.2,,0,0,0,92,17,14,6,7,129,125.0,113.0,125.0,123.14,10.7,123.0,121.64,2,1,1,1,1,2,5,1,1,2,1,4,3,3,12,4,8,35,16,1,1,46,13,7,13,13,7,44,13,12,2,2,0,Watch
2021-02-17,Wednesday,3,7,2,Winter,0,0,0,1,0,0,1,0.0,23.9,16.0,52.9,,0,0,0,101,18,9,11,7,139,129.0,125.0,145.0,123.71,10.89,141.0,122.07,2,1,1,1,1,2,5,1,1,2,1,4,4,3,12,4,9,38,16,1,1,39,9,8,12,11,8,51,18,8,1,1,0,Watch
2021-02-18,Thursday,4,7,2,Winter,0,0,0,0,0,1,0,0.0,24.9,15.3,48.6,,0,0,0,85,15,13,4,8,117,139.0,129.0,127.0,122.86,9.3,122.0,121.93,2,1,1,1,1,2,5,1,1,1,1,5,3,3,10,3,7,31,15,1,1,34,11,7,13,11,8,29,13,9,2,2,0,Watch
2021-02-19,Friday,5,7,2,Winter,0,0,0,0,0,0,0,0.0,26.1,17.0,47.2,,0,0,0,88,21,8,8,7,125,117.0,139.0,116.0,121.43,9.32,113.0,121.57,2,1,1,1,1,2,5,1,1,2,1,4,3,3,12,4,10,41,18,1,1,47,12,5,13,12,11,39,18,9,2,1,0,Watch
2021-02-20,Saturday,6,7,2,Winter,1,0,0,0,0,0,0,0.0,24.3,15.7,55.1,,0,0,0,74,20,7,11,8,112,125.0,117.0,111.0,122.71,9.1,105.0,122.43,2,1,1,1,1,2,4,1,1,1,1,5,4,3,13,4,9,38,16,1,1,41,10,7,13,11,8,46,17,7,1,1,0,Watch
2021-02-21,Sunday,7,7,2,Winter,1,0,0,0,0,0,0,0.0,26.6,17.6,49.7,,0,0,0,72,16,9,12,7,109,112.0,125.0,113.0,122.86,8.92,112.0,122.93,2,1,1,1,1,2,4,1,1,1,1,4,4,3,12,3,8,32,14,1,1,47,14,9,14,11,6,34,17,9,3,1,0,Watch
2021-02-22,Monday,1,8,2,Winter,0,0,0,0,0,0,0,0.0,26.3,17.4,42.0,,0,0,0,92,16,7,6,5,121,109.0,112.0,125.0,122.29,9.63,125.0,122.71,2,1,1,1,1,2,5,1,1,2,1,3,2,2,10,3,8,34,15,1,1,44,12,8,10,11,8,32,14,9,2,2,0,Watch
2021-02-23,Tuesday,2,8,2,Winter,0,0,0,0,0,1,0,0.0,25.7,17.2,45.3,,0,0,0,91,16,13,9,9,129,121.0,109.0,129.0,121.71,9.57,125.0,122.43,2,1,1,1,1,2,5,1,1,2,1,5,4,3,12,3,8,34,15,1,1,45,11,9,12,10,6,43,13,10,2,2,0,Watch
2021-02-24,Wednesday,3,8,2,Winter,0,0,0,1,0,0,1,0.0,23.8,15.0,56.3,,0,0,0,96,20,8,12,8,136,129.0,121.0,139.0,121.71,9.57,145.0,122.71,2,1,1,1,1,2,5,1,1,2,1,5,4,3,13,4,9,40,17,1,1,44,12,11,13,11,9,45,18,9,2,0,0,Normal
2021-02-25,Thursday,4,8,2,Winter,0,0,0,0,0,1,0,0.0,24.4,15.6,53.9,,0,0,0,86,13,14,5,7,118,136.0,129.0,117.0,121.29,8.83,127.0,122.07,2,1,1,1,1,2,5,1,1,1,1,4,3,3,10,3,6,29,14,1,1,42,12,11,12,10,7,29,11,9,3,1,0,Watch
2021-02-26,Friday,5,8,2,Winter,0,0,0,0,0,0,0,0.0,26.3,17.6,57.6,,0,0,0,89,20,7,8,7,124,118.0,136.0,125.0,121.43,8.76,116.0,121.43,2,1,1,1,1,2,5,1,1,2,1,4,3,3,12,4,9,39,17,1,1,40,10,6,11,11,11,36,21,9,2,2,0,Watch
2021-02-27,Saturday,6,8,2,Winter,1,0,0,0,0,0,0,0.0,26.7,19.5,51.6,,0,0,0,76,15,10,15,9,116,124.0,118.0,112.0,121.29,8.71,111.0,122.0,2,1,1,1,1,2,5,1,1,1,1,5,5,3,13,3,7,31,15,1,1,40,12,7,11,10,7,36,20,9,2,1,0,Watch
2021-02-28,Sunday,7,8,2,Winter,1,0,0,0,0,0,0,0.1,23.6,16.6,48.3,,0,0,0,74,19,8,9,7,110,116.0,124.0,109.0,121.86,8.2,113.0,122.36,2,1,1,1,1,2,4,1,1,1,1,4,3,3,12,4,9,36,16,1,1,37,10,7,13,13,8,44,12,9,2,2,0,Watch
2021-03-01,Monday,1,9,3,Summer,0,0,1,0,0,0,1,0.0,27.9,20.0,46.3,,0,0,0,102,21,7,14,9,144,110.0,116.0,121.0,122.0,7.98,125.0,122.14,2,1,1,1,1,2,6,1,1,2,1,5,4,3,14,4,10,42,19,2,1,42,12,7,17,13,12,40,21,7,2,1,0,Watch
2021-03-02,Tuesday,2,9,3,Summer,0,0,0,0,0,1,0,0.5,25.1,16.2,52.3,,0,0,0,94,19,13,7,7,133,144.0,110.0,129.0,125.29,11.04,129.0,123.5,2,1,1,1,1,2,5,1,1,2,1,4,3,3,12,4,9,38,17,1,1,40,9,7,13,13,9,46,18,6,2,0,0,Normal
2021-03-03,Wednesday,3,9,3,Summer,0,0,0,1,0,0,1,1.6,26.7,19.1,53.8,,0,0,0,97,18,8,13,9,136,133.0,144.0,136.0,125.86,11.32,139.0,123.79,2,1,1,1,1,2,5,1,1,2,1,5,4,3,13,4,9,37,16,1,1,42,11,4,16,13,12,46,20,11,2,0,0,Normal
2021-03-04,Thursday,4,9,3,Summer,0,0,1,0,0,1,1,1.7,27.8,20.7,53.4,,0,0,0,95,20,16,15,11,146,136.0,133.0,118.0,125.86,11.32,117.0,123.57,2,1,1,1,1,2,6,2,1,2,1,7,5,4,16,4,9,40,18,2,1,32,9,8,21,12,7,48,22,9,2,1,0,Watch
2021-03-05,Friday,5,9,3,Summer,0,0,0,0,0,0,0,0.0,23.5,16.1,35.6,,0,0,0,81,19,5,8,6,113,146.0,136.0,124.0,129.86,12.7,125.0,125.64,2,1,1,1,1,2,5,1,1,1,1,4,3,3,11,4,9,37,17,1,1,47,12,9,14,13,6,47,16,8,2,2,0,Watch
2021-03-06,Saturday,6,9,3,Summer,1,0,0,0,0,0,0,0.0,22.5,13.9,56.4,,0,0,0,80,23,9,8,6,120,113.0,146.0,116.0,128.29,13.95,112.0,124.79,2,1,1,1,1,2,5,1,1,1,1,4,3,3,13,5,11,43,19,1,1,35,10,8,15,14,10,57,20,9,2,1,0,Watch
2021-03-07,Sunday,7,9,3,Summer,1,0,0,0,0,0,0,0.4,25.1,19.0,54.4,,0,0,0,68,18,8,11,7,105,120.0,113.0,110.0,128.86,13.51,109.0,125.36,2,1,1,1,1,2,4,1,1,1,1,4,4,3,12,4,9,34,15,1,1,44,9,8,14,11,9,37,19,9,2,0,0,Normal
2021-03-08,Monday,1,10,3,Summer,0,0,0,0,0,0,0,0.0,27.1,19.4,50.0,,0,0,0,93,19,8,8,7,128,105.0,120.0,144.0,128.14,14.57,121.0,125.07,2,1,1,1,1,2,5,1,1,2,1,4,3,3,12,4,9,38,17,1,1,37,9,7,14,12,9,44,17,12,2,0,0,Normal
2021-03-09,Tuesday,2,10,3,Summer,0,0,0,0,0,1,0,0.0,26.3,18.6,52.5,,0,0,0,91,23,13,6,7,133,128.0,105.0,133.0,125.86,13.09,129.0,125.57,2,1,1,1,1,2,5,1,1,2,1,4,3,3,14,5,11,44,19,1,1,42,11,5,13,13,14,42,17,10,2,3,0,High
2021-03-10,Wednesday,3,10,3,Summer,0,0,0,1,0,0,1,0.0,23.9,14.1,49.3,,0,0,0,100,21,9,16,10,146,133.0,128.0,136.0,125.86,13.09,136.0,125.86,2,1,1,1,1,2,6,1,1,2,1,6,5,4,15,4,10,42,19,2,1,44,11,8,18,13,9,44,15,9,2,2,0,Watch
2021-03-11,Thursday,4,10,3,Summer,0,0,0,0,0,1,0,0.4,26.3,19.0,55.7,,0,0,0,86,20,14,8,8,128,146.0,133.0,146.0,127.29,14.58,118.0,126.57,2,1,1,1,1,2,5,1,1,2,1,5,3,3,13,4,9,39,17,1,1,51,11,10,12,12,10,52,22,9,2,1,0,Watch
2021-03-12,Friday,5,10,3,Summer,0,0,0,0,1,0,0,0.0,25.7,16.7,61.7,,0,0,0,90,19,12,8,8,129,128.0,146.0,113.0,124.71,12.49,124.0,127.29,2,1,1,1,1,2,5,1,1,2,1,5,3,3,13,4,9,38,17,1,1,43,11,8,13,12,8,47,14,11,3,2,0,Watch
2021-03-13,Saturday,6,10,3,Summer,1,0,0,0,0,0,0,0.0,28.5,20.5,47.0,,0,0,0,72,17,10,11,7,110,129.0,128.0,120.0,127.0,11.56,116.0,127.64,2,1,1,1,1,2,4,1,1,1,1,4,4,3,12,4,8,33,15,1,1,43,11,5,15,12,6,46,18,10,2,1,0,Watch
2021-03-14,Sunday,7,10,3,Summer,1,0,0,0,0,0,0,0.0,24.1,15.6,57.2,,0,0,0,76,21,9,12,6,118,110.0,129.0,105.0,125.57,12.88,110.0,127.21,2,1,1,1,1,2,5,1,1,1,1,4,3,3,14,4,10,40,18,2,1,46,12,10,17,12,10,49,21,12,2,0,0,Normal
2021-03-15,Monday,1,11,3,Summer,0,0,1,0,0,0,3,0.0,24.8,17.7,53.4,,0,0,0,99,19,8,17,10,143,118.0,110.0,128.0,127.43,10.5,144.0,127.79,2,1,1,1,1,2,6,1,1,2,1,6,5,3,14,4,9,39,18,2,1,49,11,8,12,12,8,41,16,12,2,3,0,High
2021-03-16,Tuesday,2,11,3,Summer,0,0,0,0,0,1,0,0.1,21.7,10.8,55.2,,0,0,0,93,19,15,8,8,135,143.0,118.0,133.0,129.57,11.84,133.0,127.71,2,1,1,1,1,2,5,1,1,2,1,5,3,3,13,4,9,38,17,1,1,37,11,9,14,13,11,50,23,6,2,0,0,Normal
2021-03-17,Wednesday,3,11,3,Summer,0,0,0,1,0,0,1,0.0,29.5,18.4,46.0,,0,0,0,98,16,8,15,9,137,135.0,143.0,146.0,129.86,11.95,136.0,127.86,2,1,1,1,1,2,5,1,1,2,1,5,5,3,13,3,8,34,15,1,1,48,11,8,15,10,6,41,18,9,2,1,0,Watch
2021-03-18,Thursday,4,11,3,Summer,0,0,1,0,0,1,2,0.1,26.1,19.0,51.2,,0,0,0,97,24,14,15,11,150,137.0,135.0,128.0,128.57,10.54,146.0,127.93,2,1,1,1,1,2,6,1,1,2,1,7,5,4,17,5,11,46,20,2,1,41,12,8,17,14,12,61,22,9,2,0,0,Normal
2021-03-19,Friday,5,11,3,Summer,0,0,0,0,1,0,0,0.0,27.0,20.7,49.2,,0,0,0,90,16,11,10,8,127,150.0,137.0,129.0,131.71,12.91,113.0,128.21,2,1,1,1,1,2,5,1,1,2,1,5,4,3,12,3,8,33,15,1,1,49,11,10,10,11,9,30,18,8,2,2,0,Watch
2021-03-20,Saturday,6,11,3,Summer,1,0,0,0,0,0,0,0.0,28.9,19.8,50.0,,0,0,0,80,17,7,11,7,115,127.0,150.0,110.0,131.43,12.99,120.0,129.21,2,1,1,1,1,2,5,1,1,1,1,4,4,3,11,4,8,34,16,1,1,46,13,10,11,11,8,36,14,11,2,1,0,Watch
2021-03-21,Sunday,7,11,3,Summer,1,0,0,0,0,0,0,0.0,24.8,16.2,47.7,,0,0,0,72,17,7,12,7,108,115.0,127.0,118.0,132.14,11.89,105.0,128.86,2,1,1,1,1,2,4,1,1,1,1,4,4,3,12,4,8,33,15,1,1,35,8,9,15,13,10,38,18,9,2,0,0,Normal
2021-03-22,Monday,1,12,3,Summer,0,0,0,0,0,0,0,0.0,28.0,21.8,49.5,,0,0,0,98,20,10,8,8,136,108.0,115.0,143.0,130.71,13.93,128.0,129.07,2,1,1,1,1,2,5,1,1,2,1,5,3,3,12,4,9,40,17,1,1,42,11,9,15,12,7,39,19,9,2,2,0,Watch
2021-03-23,Tuesday,2,12,3,Summer,0,0,0,0,0,1,0,0.0,29.9,20.6,44.7,,0,0,0,94,20,15,9,10,138,136.0,108.0,135.0,129.71,13.24,133.0,129.64,2,1,1,1,1,2,5,1,1,2,1,6,4,3,14,4,9,40,17,1,1,54,9,8,15,13,10,49,16,10,2,1,0,Watch
2021-03-24,Wednesday,3,12,3,Summer,0,0,0,1,0,0,1,0.0,26.5,18.0,49.6,,0,0,0,108,18,11,13,9,150,138.0,136.0,137.0,130.14,13.45,146.0,130.0,2,1,1,1,1,2,6,1,1,2,1,5,4,3,13,4,9,38,17,1,1,57,11,10,16,13,11,47,15,8,2,1,0,Watch
2021-03-25,Thursday,4,12,3,Summer,0,0,0,0,0,1,0,0.0,26.2,16.9,56.1,,0,0,0,89,19,14,8,9,130,150.0,138.0,150.0,132.0,15.07,128.0,130.29,2,1,1,1,1,2,5,1,1,2,1,5,4,3,13,4,9,38,17,1,1,40,10,5,16,11,11,51,15,9,3,1,0,Watch
2021-03-26,Friday,5,12,3,Summer,0,0,0,0,0,0,0,0.9,29.1,18.8,52.3,,0,0,0,87,21,9,7,8,124,130.0,150.0,127.0,129.14,13.16,129.0,130.43,2,1,1,1,1,2,5,1,1,2,1,5,3,3,12,4,10,41,18,1,1,47,15,8,14,13,9,50,20,8,2,1,0,Watch
2021-03-27,Saturday,6,12,3,Summer,1,0,1,0,0,0,1,0.0,31.5,22.9,47.4,,0,0,0,85,15,9,21,11,130,124.0,130.0,115.0,128.71,13.27,110.0,130.07,2,1,2,1,1,2,5,1,1,2,1,7,6,3,14,3,7,31,15,2,1,35,12,7,13,11,5,31,14,9,2,3,0,High
2021-03-28,Sunday,7,12,3,Summer,1,0,0,0,0,0,0,0.0,29.1,20.4,50.0,,0,0,0,76,17,8,14,10,115,130.0,124.0,108.0,130.86,12.04,118.0,131.5,2,1,1,1,1,2,5,1,1,1,1,6,5,3,13,4,8,34,16,1,1,40,12,12,15,11,7,37,15,9,2,2,0,Watch
2021-03-29,Monday,1,13,3,Summer,0,0,1,0,1,0,1,0.0,26.8,20.3,54.2,,0,0,0,103,18,12,12,8,145,115.0,130.0,136.0,131.86,10.26,143.0,131.29,2,1,1,1,1,2,6,1,1,2,1,5,4,3,13,4,9,38,17,1,1,47,12,10,14,13,7,41,17,9,2,1,0,Watch
2021-03-30,Tuesday,2,13,3,Summer,0,0,1,0,0,1,1,0.0,27.0,18.1,43.0,,0,0,0,92,20,12,16,9,140,145.0,115.0,138.0,133.14,11.22,135.0,131.43,2,1,1,1,1,2,5,1,1,2,1,5,5,3,15,4,9,40,17,2,1,43,11,8,18,13,10,53,21,9,2,0,0,Normal
2021-03-31,Wednesday,3,13,3,Summer,0,0,0,1,0,0,1,0.0,30.8,19.0,40.1,,0,0,0,103,14,9,10,9,136,140.0,145.0,150.0,133.43,11.36,137.0,131.79,2,1,1,1,1,2,5,1,1,2,1,5,4,3,11,3,7,32,14,1,1,36,11,4,10,10,6,44,15,9,2,2,0,Watch
2021-04-01,Thursday,4,13,4,Summer,0,0,0,0,0,1,0,0.0,28.4,22.1,46.1,,0,0,0,91,21,14,7,8,133,136.0,140.0,130.0,131.43,9.32,150.0,131.71,2,1,1,1,1,2,5,1,1,2,1,5,3,3,13,4,10,41,18,1,1,44,11,7,11,13,11,55,19,9,2,1,0,Watch
2021-04-02,Friday,5,13,4,Summer,0,0,0,0,0,0,0,0.0,29.1,19.6,46.4,,0,0,0,84,15,10,7,7,116,133.0,136.0,124.0,131.86,9.31,127.0,130.5,2,1,1,1,1,2,5,1,1,1,1,4,3,3,10,3,7,31,15,1,1,46,14,4,13,10,6,37,16,10,2,1,0,Watch
2021-04-03,Saturday,6,13,4,Summer,1,0,0,0,0,0,0,0.0,25.1,16.4,52.6,,0,0,0,73,21,9,11,7,114,116.0,133.0,130.0,130.71,10.61,115.0,129.71,2,1,1,1,1,2,5,1,1,1,1,4,4,3,13,4,10,39,18,1,1,39,9,11,11,12,12,45,17,9,2,2,0,Watch
2021-04-04,Sunday,7,13,4,Summer,1,0,0,0,0,0,0,0.0,26.9,18.7,44.9,,0,0,0,75,19,9,7,7,110,114.0,116.0,115.0,128.43,12.13,108.0,129.64,2,1,1,1,1,2,4,1,1,1,1,4,3,3,11,4,9,36,16,1,1,39,10,8,9,11,7,41,16,8,2,2,0,Watch
2021-04-05,Monday,1,14,4,Summer,0,0,0,0,0,0,0,0.0,27.8,21.5,43.2,,0,0,0,99,17,8,6,8,130,110.0,114.0,145.0,127.71,13.01,136.0,129.79,2,1,1,1,1,2,5,1,1,2,1,5,3,3,10,4,8,36,16,1,1,40,12,8,8,11,6,39,13,9,2,3,0,High
2021-04-06,Tuesday,2,14,4,Summer,0,0,0,0,0,1,0,0.5,27.1,17.8,43.7,,0,0,0,91,18,12,8,8,129,130.0,110.0,140.0,125.57,11.08,138.0,129.36,2,1,1,1,1,2,5,1,1,2,1,5,3,3,12,4,9,37,16,1,1,44,11,11,12,13,6,34,21,9,2,2,0,Watch
2021-04-07,Wednesday,3,14,4,Summer,0,0,0,1,1,0,1,0.0,28.6,19.6,50.7,,0,0,0,104,17,12,11,9,144,129.0,130.0,136.0,124.0,9.61,150.0,128.71,2,1,1,1,1,2,6,1,1,2,1,5,4,3,13,4,8,36,17,1,1,47,8,8,12,11,9,39,19,11,3,1,0,Watch
2021-04-08,Thursday,4,14,4,Summer,0,0,0,0,0,1,0,0.0,33.5,25.5,48.3,,0,0,0,93,16,15,7,7,131,144.0,129.0,133.0,125.14,11.29,130.0,128.29,2,1,1,1,1,2,5,1,1,2,1,4,3,3,12,3,8,34,15,1,1,42,11,7,14,12,9,42,12,8,3,1,0,Watch
2021-04-09,Friday,5,14,4,Summer,0,0,0,0,0,0,0,0.0,29.2,22.7,51.2,,0,0,0,86,18,10,6,6,120,131.0,144.0,116.0,124.86,11.12,124.0,128.36,2,1,1,1,1,2,5,1,1,1,1,4,3,3,11,4,9,36,16,1,1,38,13,8,12,13,8,46,19,12,2,1,0,Watch
2021-04-10,Saturday,6,14,4,Summer,1,0,0,0,0,0,0,0.0,30.3,21.7,50.3,,0,0,0,76,16,8,9,7,109,120.0,131.0,114.0,125.43,10.74,130.0,128.07,2,1,1,1,1,2,4,1,1,1,1,4,3,3,11,3,8,32,14,1,1,45,12,11,14,12,7,28,12,9,3,3,0,High
2021-04-11,Sunday,7,14,4,Summer,1,0,0,0,0,0,0,0.0,30.6,22.5,43.9,,0,0,0,72,15,7,12,6,106,109.0,120.0,110.0,124.71,11.61,115.0,126.57,2,1,1,1,1,2,4,1,1,1,1,4,3,2,11,3,7,30,14,1,1,44,10,8,13,11,7,40,13,11,2,1,0,Watch
2021-04-12,Monday,1,15,4,Summer,0,0,0,0,0,0,0,0.0,28.4,22.0,56.5,,0,0,0,97,16,8,6,7,127,106.0,109.0,130.0,124.14,12.39,145.0,125.93,2,1,1,1,1,2,5,1,1,2,1,4,3,3,10,3,8,34,15,1,1,37,14,3,11,10,7,38,14,9,2,2,0,Watch
2021-04-13,Tuesday,2,15,4,Summer,0,0,0,0,0,1,0,2.1,32.0,22.9,46.9,,0,0,0,93,16,15,7,8,131,127.0,106.0,129.0,123.71,12.23,140.0,124.64,2,1,1,1,1,2,5,1,1,2,1,5,3,3,12,3,8,34,15,1,1,35,11,6,13,12,8,38,16,9,2,0,0,Normal
2021-04-14,Wednesday,3,15,4,Summer,0,0,0,1,0,0,1,0.0,30.0,19.0,46.9,,0,0,0,103,16,9,15,8,143,131.0,127.0,144.0,124.0,12.38,136.0,124.0,2,1,1,1,1,2,6,1,1,2,1,5,4,3,13,3,8,35,16,1,1,43,14,7,11,11,7,48,18,7,2,2,0,Watch
2021-04-15,Thursday,4,15,4,Summer,0,0,0,0,0,1,0,0.0,28.6,21.2,53.1,,0,0,0,90,18,12,8,8,128,143.0,131.0,131.0,123.86,12.15,133.0,124.5,2,1,1,1,1,2,5,1,1,2,1,5,3,3,12,4,9,36,16,1,1,43,15,8,11,12,11,37,19,7,1,1,0,Watch
2021-04-16,Friday,5,15,4,Summer,0,0,0,0,0,0,0,0.0,32.8,25.0,49.3,,0,0,0,91,18,8,4,6,121,128.0,143.0,120.0,123.43,11.94,116.0,124.14,2,1,1,1,1,2,5,1,1,2,1,4,2,3,10,4,9,37,16,1,1,44,8,10,10,12,9,47,16,10,2,0,0,Normal
2021-04-17,Saturday,6,15,4,Summer,1,0,0,0,0,0,0,0.7,33.1,23.1,49.5,,0,0,0,78,16,7,13,7,114,121.0,128.0,109.0,123.57,11.9,114.0,124.5,2,1,1,1,1,2,5,1,1,1,1,4,4,3,12,3,8,32,15,1,1,47,9,9,15,11,7,38,17,9,2,1,0,Watch
2021-04-18,Sunday,7,15,4,Summer,1,0,0,0,0,0,0,0.0,29.4,22.8,56.8,,0,0,0,75,17,10,11,7,113,114.0,121.0,106.0,124.29,11.13,110.0,124.5,2,1,1,1,1,2,5,1,1,1,1,4,4,3,12,4,8,33,16,1,1,42,11,10,13,12,10,41,15,8,2,1,0,Watch
2021-04-19,Monday,1,16,4,Summer,0,0,0,0,0,0,0,0.0,31.0,23.6,52.5,,0,0,0,96,16,11,7,7,130,113.0,114.0,127.0,125.29,9.66,130.0,124.71,2,1,1,1,1,2,5,1,1,2,1,4,3,3,11,3,8,34,15,1,1,44,14,8,11,11,9,31,13,5,2,2,0,Watch
2021-04-20,Tuesday,2,16,4,Summer,0,0,0,0,0,1,0,0.0,31.0,26.1,50.6,,0,0,0,94,20,12,7,8,133,130.0,113.0,131.0,125.71,9.79,129.0,124.71,2,1,1,1,1,2,5,1,1,2,1,5,3,3,13,4,9,40,17,1,1,46,12,3,12,12,11,48,21,9,2,1,0,Watch
2021-04-21,Wednesday,3,16,4,Summer,0,0,0,1,0,0,1,0.0,34.0,26.2,39.5,,0,0,0,104,15,8,12,9,139,133.0,130.0,143.0,126.0,9.97,144.0,125.0,2,1,1,1,1,2,5,1,1,2,1,5,4,3,11,3,7,33,15,1,1,42,11,9,11,11,7,33,20,10,2,0,0,Normal
2021-04-22,Thursday,4,16,4,Summer,0,0,0,0,0,1,0,0.0,32.1,25.0,43.0,,0,0,0,90,16,12,9,7,127,139.0,133.0,128.0,125.43,9.05,131.0,124.64,2,1,1,1,1,2,5,1,1,2,1,4,3,3,12,3,8,33,15,1,1,42,11,7,12,12,7,44,19,9,2,1,0,Watch
2021-04-23,Friday,5,16,4,Summer,0,0,0,0,0,0,0,0.0,33.0,25.7,43.1,,0,0,0,92,17,10,7,7,126,127.0,139.0,121.0,125.29,9.02,120.0,124.36,2,1,1,1,1,2,5,1,1,2,1,4,3,3,11,4,8,35,16,1,1,44,10,9,12,13,8,35,13,10,2,1,0,Watch
2021-04-24,Saturday,6,16,4,Summer,1,0,0,0,0,0,0,0.0,30.2,21.1,46.6,,0,0,0,82,17,9,11,8,119,126.0,127.0,114.0,126.0,8.85,109.0,124.79,2,1,1,1,1,2,5,1,1,1,1,5,4,3,12,4,8,34,16,1,1,40,10,5,11,11,6,41,20,9,2,2,0,Watch
2021-04-25,Sunday,7,16,4,Summer,1,0,0,0,0,0,0,0.0,30.3,22.4,47.2,,0,0,0,76,14,8,10,8,108,119.0,126.0,113.0,126.71,8.01,106.0,125.5,2,1,1,1,1,2,4,1,1,1,1,5,4,3,10,3,7,29,13,1,1,44,9,9,12,12,6,35,12,8,2,2,0,Watch
2021-04-26,Monday,1,17,4,Summer,0,0,0,0,0,0,0,0.0,31.4,24.0,51.9,,0,0,0,96,23,9,7,8,135,108.0,119.0,130.0,126.0,9.32,127.0,125.64,2,1,1,1,1,2,5,1,1,2,1,5,3,3,13,5,11,45,19,1,1,43,13,8,15,15,13,47,16,10,2,1,0,Watch
2021-04-27,Tuesday,2,17,4,Summer,0,0,0,0,0,1,0,0.0,33.3,26.0,40.7,,0,0,0,92,14,13,8,7,127,135.0,108.0,133.0,126.71,9.78,131.0,126.21,2,1,1,1,1,2,5,1,1,2,1,4,3,3,11,3,7,31,14,1,1,38,11,8,10,10,8,42,17,8,2,1,0,Watch
2021-04-28,Wednesday,3,17,4,Summer,0,0,0,1,0,0,1,0.0,30.5,22.5,52.1,,0,0,0,102,19,7,13,11,141,127.0,135.0,139.0,125.86,9.45,143.0,125.93,2,1,1,1,1,2,6,1,1,2,1,7,5,4,13,4,9,39,18,1,1,42,10,7,15,11,10,49,23,9,2,0,0,Normal
2021-04-29,Thursday,4,17,4,Summer,0,0,0,0,0,1,0,0.0,31.5,23.7,50.7,,0,0,0,93,24,14,5,8,136,141.0,127.0,127.0,126.14,9.86,128.0,125.79,2,1,1,1,1,2,5,1,1,2,1,5,3,3,14,5,11,46,19,1,1,37,11,8,16,12,12,44,24,9,2,1,0,Watch
2021-04-30,Friday,5,17,4,Summer,0,0,0,0,0,0,0,0.0,29.6,20.2,44.9,,0,0,0,93,17,8,5,5,123,136.0,141.0,126.0,127.43,10.46,121.0,126.36,2,1,1,1,1,2,5,1,1,2,1,3,2,2,10,4,8,35,16,1,1,40,10,8,12,11,8,33,21,10,2,1,0,Watch
2021-05-01,Saturday,6,17,5,Summer,1,1,0,0,0,0,1,0.0,29.8,21.6,47.2,,0,0,0,83,22,7,12,9,124,123.0,136.0,119.0,127.0,10.57,114.0,126.5,2,1,1,1,1,2,5,1,1,2,1,5,4,3,14,4,10,42,18,2,1,44,13,6,15,11,13,46,21,8,2,0,0,Normal
2021-05-02,Sunday,7,17,5,Summer,1,0,0,0,0,0,0,0.0,29.5,20.8,49.6,,0,0,0,81,22,9,10,7,122,124.0,123.0,108.0,127.71,10.17,113.0,127.21,2,1,1,1,1,2,5,1,1,2,1,4,3,3,13,4,10,42,18,1,1,47,11,8,15,11,13,47,24,6,2,0,0,Normal
2021-05-03,Monday,1,18,5,Summer,0,0,0,0,1,0,0,0.5,33.7,27.4,43.2,,0,0,0,107,16,11,9,8,143,122.0,124.0,135.0,129.71,6.96,130.0,127.86,2,1,1,1,1,2,6,1,1,2,1,5,4,3,12,3,8,35,16,1,1,46,9,8,12,11,7,37,20,10,2,1,0,Watch
2021-05-04,Tuesday,2,18,5,Summer,0,0,0,0,0,1,0,0.0,34.6,26.4,37.9,,0,0,0,96,12,15,7,7,130,143.0,122.0,127.0,130.86,8.27,133.0,128.79,2,1,1,1,1,2,5,1,1,2,1,4,3,2,11,3,6,28,13,1,1,48,9,9,9,11,6,28,14,9,2,1,0,Watch
2021-05-05,Wednesday,3,18,5,Summer,0,0,0,1,0,0,1,0.0,30.8,22.0,52.1,,0,0,0,102,20,9,13,8,144,130.0,143.0,141.0,131.29,8.14,139.0,128.57,2,1,1,1,1,2,6,1,1,2,1,5,4,3,14,4,9,41,18,2,1,42,9,11,16,13,11,54,15,9,2,1,0,Watch
2021-05-06,Thursday,4,18,5,Summer,0,0,0,0,0,1,0,0.0,35.8,28.5,46.6,,0,0,0,94,15,15,10,8,134,144.0,130.0,136.0,131.71,8.7,127.0,128.93,2,1,1,1,1,2,5,1,1,2,1,5,4,3,12,3,7,32,15,1,1,34,12,10,13,12,6,43,19,8,2,1,0,Watch
2021-05-07,Friday,5,18,5,Summer,0,0,0,0,0,0,0,0.0,32.4,25.0,52.5,,0,0,0,95,17,9,6,7,127,134.0,144.0,123.0,131.43,8.58,126.0,129.43,2,1,1,1,1,2,5,1,1,2,1,4,3,3,10,4,8,35,16,1,1,39,12,10,8,11,7,44,22,10,2,2,0,Watch
2021-05-08,Saturday,6,18,5,Summer,1,0,0,0,1,0,0,0.0,29.4,20.6,46.9,,0,0,0,85,14,12,14,10,125,127.0,134.0,124.0,132.0,8.12,119.0,129.5,2,1,1,1,1,2,5,1,1,2,1,6,5,3,13,3,7,30,14,1,1,45,7,7,16,12,6,32,17,7,2,1,0,Watch
2021-05-09,Sunday,7,18,5,Summer,1,0,0,0,0,0,0,0.0,29.9,22.6,42.5,,0,0,0,76,21,8,13,7,118,125.0,127.0,122.0,132.14,7.99,108.0,129.93,2,1,1,1,1,2,5,1,1,1,1,4,4,3,14,4,10,40,18,2,1,40,14,6,15,12,8,51,17,12,2,2,0,Watch
2021-05-10,Monday,1,19,5,Summer,0,0,0,0,0,0,0,0.0,30.8,21.9,47.5,,0,0,0,96,19,8,7,6,130,118.0,125.0,143.0,131.57,8.8,135.0,130.64,2,1,1,1,1,2,5,1,1,2,1,4,3,3,11,4,9,39,17,1,1,46,11,5,10,13,8,46,22,10,2,2,0,Watch
2021-05-11,Tuesday,2,19,5,Summer,0,0,0,0,0,1,0,0.0,31.5,21.4,45.5,,0,0,0,92,20,14,10,9,136,130.0,118.0,130.0,129.71,7.46,127.0,130.29,2,1,1,1,1,2,5,1,1,2,1,5,4,3,14,4,9,40,17,1,1,41,9,8,14,11,9,45,19,7,2,0,0,Normal
2021-05-12,Wednesday,3,19,5,Summer,0,0,0,1,0,0,1,0.3,32.6,23.8,45.8,,0,0,0,106,14,10,12,8,142,136.0,130.0,144.0,130.57,7.78,141.0,130.93,2,1,1,1,1,2,6,1,1,2,1,5,4,3,11,3,7,32,15,1,1,37,11,8,13,11,6,40,13,12,3,2,0,Watch
2021-05-13,Thursday,4,19,5,Summer,0,0,0,0,0,1,0,0.0,33.1,25.3,46.4,,0,0,0,94,19,15,8,9,136,142.0,136.0,134.0,130.29,7.3,136.0,131.0,2,1,1,1,1,2,5,1,1,2,1,5,4,3,13,4,9,38,17,1,1,45,11,7,11,11,11,40,15,13,2,2,0,Watch
2021-05-14,Friday,5,19,5,Summer,0,0,0,0,0,0,0,0.0,34.9,27.0,50.6,,0,0,0,88,21,9,7,7,125,136.0,142.0,127.0,130.57,7.48,123.0,131.0,2,1,1,1,1,2,5,1,1,2,1,4,3,3,12,4,10,41,18,1,1,44,11,7,10,11,8,45,15,9,2,3,0,High
2021-05-15,Saturday,6,19,5,Summer,1,0,0,0,0,0,0,0.7,33.4,25.5,49.1,,0,0,0,83,17,9,11,7,120,125.0,136.0,125.0,130.29,7.65,124.0,131.14,2,1,1,1,1,2,5,1,1,1,1,4,4,3,12,4,8,34,16,1,1,41,11,8,13,13,9,36,18,6,3,0,0,Normal
2021-05-16,Sunday,7,19,5,Summer,1,0,0,0,0,0,0,0.0,34.1,25.9,47.6,,0,0,0,76,15,7,10,7,108,120.0,125.0,118.0,129.57,8.31,122.0,130.86,2,1,1,1,1,2,4,1,1,1,1,4,3,3,10,3,7,31,14,1,1,46,7,8,11,12,5,33,12,8,2,2,0,Watch
2021-05-17,Monday,1,20,5,Summer,0,0,0,0,0,0,0,0.0,29.4,22.1,45.8,,0,0,0,102,18,8,7,7,135,108.0,120.0,130.0,128.14,10.7,143.0,129.86,2,1,1,1,1,2,5,1,1,2,1,4,3,3,11,4,9,38,16,1,1,42,11,8,9,13,10,34,22,10,2,2,0,Watch
2021-05-18,Tuesday,2,20,5,Summer,0,0,0,0,0,1,0,0.0,31.7,24.7,42.2,Diarrheal,2,0,4,103,21,14,8,9,146,135.0,108.0,136.0,128.86,10.96,130.0,129.29,2,1,1,1,1,2,6,1,1,2,1,5,4,4,14,15,18,42,23,1,1,44,11,10,14,21,24,44,24,9,3,0,0,Watch
2021-05-19,Wednesday,3,20,5,Summer,0,0,0,1,0,0,1,0.2,36.9,27.4,45.6,Diarrheal,2,0,2,114,25,9,12,10,160,146.0,135.0,142.0,130.29,12.36,144.0,130.43,3,1,1,1,1,2,6,1,1,2,1,6,4,5,15,18,22,49,26,2,1,33,11,8,14,33,24,64,21,12,2,2,0,Watch
2021-05-20,Thursday,4,20,5,Summer,0,0,0,0,0,1,0,0.0,32.0,24.9,38.7,Diarrheal,2,0,4,96,23,14,7,9,140,160.0,146.0,136.0,132.86,15.9,134.0,131.57,2,1,1,1,1,2,5,1,1,2,1,5,4,4,14,17,20,45,24,1,1,34,11,8,14,28,15,45,26,9,2,1,0,Watch
2021-05-21,Friday,5,20,5,Summer,0,0,0,0,0,0,0,0.0,34.5,25.2,48.8,Diarrheal,2,0,3,98,30,6,7,7,141,140.0,160.0,125.0,133.43,16.07,127.0,132.0,2,1,1,1,1,2,6,1,1,2,1,4,3,4,15,21,26,55,29,2,1,44,12,8,14,29,20,65,26,9,2,3,0,High
2021-05-22,Saturday,6,20,5,Summer,1,0,0,0,0,0,0,0.0,35.2,25.3,42.9,Diarrheal,2,0,3,83,27,9,13,9,132,141.0,140.0,120.0,135.71,15.84,125.0,133.0,2,1,1,1,1,2,5,1,1,2,1,5,4,5,16,19,23,49,26,2,1,38,10,8,19,32,30,52,21,7,2,1,0,Watch
2021-05-23,Sunday,7,20,5,Summer,1,0,0,0,0,0,0,0.2,33.2,25.3,41.6,Diarrheal,2,0,3,81,25,8,10,8,124,132.0,141.0,108.0,137.43,14.66,118.0,133.5,2,1,1,1,1,2,5,1,1,2,1,5,4,4,14,18,22,46,25,2,1,48,10,11,14,29,19,63,28,9,2,1,0,Watch
2021-05-24,Monday,1,21,5,Summer,0,0,0,0,0,0,0,0.0,34.4,26.7,44.4,Diarrheal,2,0,2,106,25,10,8,9,149,124.0,132.0,135.0,139.71,10.57,130.0,133.93,2,1,1,1,1,2,6,1,1,2,1,5,4,4,14,18,22,49,26,1,1,32,9,8,15,25,22,64,32,9,2,0,0,Watch
2021-05-25,Tuesday,2,21,5,Summer,0,0,0,0,0,1,0,0.0,31.7,24.1,51.7,Diarrheal,2,0,3,99,26,13,8,7,146,149.0,124.0,146.0,141.71,10.81,136.0,135.29,2,1,1,1,1,2,6,1,1,2,1,4,3,4,15,19,23,49,27,1,1,46,7,8,19,23,17,64,21,7,2,2,0,Watch
2021-05-26,Wednesday,3,21,5,Summer,0,0,0,1,0,0,1,0.0,30.7,22.1,48.1,Diarrheal,2,0,3,110,26,9,13,9,158,146.0,149.0,160.0,141.71,10.81,142.0,136.0,2,1,1,1,1,2,6,1,1,2,1,5,4,5,16,19,23,50,27,2,1,42,11,10,15,27,21,67,35,9,2,2,0,Watch
2021-05-27,Thursday,4,21,5,Summer,0,0,0,0,0,1,0,0.0,33.5,25.1,50.0,Diarrheal,2,0,2,97,27,13,5,9,142,158.0,146.0,140.0,141.43,10.34,136.0,137.14,2,1,1,1,1,2,6,1,1,2,1,5,3,5,15,19,23,51,27,1,1,38,11,7,15,31,17,64,26,7,1,2,0,Watch
2021-05-28,Friday,5,21,5,Summer,0,0,0,0,0,0,0,0.0,35.0,27.4,46.9,Diarrheal,2,0,2,96,26,9,6,6,137,142.0,158.0,141.0,141.71,10.32,125.0,137.57,2,1,1,1,1,2,5,1,1,2,1,4,3,4,14,19,23,49,26,1,1,36,12,9,14,30,30,65,32,11,2,0,0,Watch
2021-05-29,Saturday,6,21,5,Summer,1,0,0,0,0,0,0,0.0,31.7,23.8,49.0,Diarrheal,2,0,3,87,30,8,11,8,136,137.0,142.0,132.0,141.14,10.45,120.0,138.43,2,1,1,1,1,2,5,1,1,2,1,5,4,5,16,21,26,54,28,2,1,44,11,9,21,32,21,68,26,10,2,2,0,Watch
2021-05-30,Sunday,7,21,5,Summer,1,0,0,0,0,0,0,0.0,36.0,27.5,45.2,Diarrheal,2,0,4,82,25,9,10,8,126,136.0,137.0,124.0,141.71,10.04,108.0,139.57,2,1,1,1,1,2,5,1,1,2,1,5,4,4,14,18,22,46,25,2,1,46,10,9,14,25,23,51,21,7,2,1,0,Watch
2021-05-31,Monday,1,22,5,Summer,0,0,0,0,0,0,0,0.5,31.4,23.3,47.9,Diarrheal,2,0,3,106,28,8,6,7,148,126.0,136.0,149.0,142.0,9.55,135.0,140.86,2,1,1,1,1,2,6,1,1,2,1,4,3,4,14,20,24,53,28,1,1,34,14,11,13,24,26,56,34,11,2,1,0,Watch
2021-06-01,Tuesday,2,22,6,Monsoon,0,0,0,0,0,1,0,3.8,32.7,24.6,68.3,Diarrheal,2,0,3,104,34,12,5,9,155,148.0,126.0,146.0,141.86,9.45,146.0,141.79,2,1,1,1,1,2,6,1,1,2,1,5,3,5,17,24,29,62,32,2,1,42,8,8,18,36,26,79,25,11,2,2,0,Watch
2021-06-02,Wednesday,3,22,6,Monsoon,0,0,0,1,0,0,1,9.1,36.0,28.5,64.1,Diarrheal,2,0,3,117,29,8,11,9,165,155.0,148.0,158.0,143.14,10.48,160.0,142.43,3,1,1,1,1,2,6,1,1,2,1,5,4,5,16,21,25,56,29,2,1,46,11,8,13,33,24,62,41,10,2,2,0,Watch
2021-06-03,Thursday,4,22,6,Monsoon,0,0,0,0,0,1,0,10.5,33.0,24.1,73.6,Diarrheal,2,0,4,94,34,15,6,9,149,165.0,155.0,142.0,144.14,12.06,140.0,142.79,2,1,1,1,1,2,6,1,1,2,1,5,3,5,18,24,29,61,32,2,1,36,11,9,21,41,28,76,38,7,2,1,0,Watch
2021-06-04,Friday,5,22,6,Monsoon,0,0,0,0,0,0,0,0.4,33.1,24.4,69.1,,0,0,0,83,27,7,9,9,126,149.0,165.0,137.0,145.14,12.14,141.0,143.43,2,1,1,1,1,2,5,1,1,2,1,5,4,4,14,5,13,49,21,2,1,42,11,8,13,14,12,54,26,9,2,2,0,Watch
2021-06-05,Saturday,6,22,6,Monsoon,1,0,0,0,0,0,0,2.0,33.4,24.8,69.0,,0,0,0,78,24,8,12,7,122,126.0,149.0,136.0,143.57,13.7,132.0,142.36,2,1,1,1,1,2,5,1,1,2,1,4,4,3,14,5,11,44,19,2,1,47,9,8,18,14,12,47,21,8,2,0,0,Normal
2021-06-06,Sunday,7,22,6,Monsoon,1,0,0,0,1,0,0,40.2,36.8,30.4,81.7,,0,0,0,74,36,12,13,10,135,122.0,126.0,126.0,141.57,15.56,124.0,141.64,2,2,1,1,1,2,5,1,1,2,1,6,5,4,20,7,17,62,25,2,1,41,13,8,19,17,14,77,32,7,2,2,0,Watch
2021-06-07,Monday,1,23,6,Monsoon,0,0,0,0,0,0,0,4.0,34.2,27.1,69.3,,0,0,0,91,25,10,9,8,135,135.0,122.0,148.0,142.86,14.55,149.0,142.43,2,1,1,1,1,2,5,1,1,2,1,5,4,3,14,5,12,47,20,1,1,47,13,12,17,13,13,46,23,9,2,1,0,Watch
2021-06-08,Tuesday,2,23,6,Monsoon,0,0,0,0,0,1,0,10.8,31.5,22.9,68.7,,0,0,0,93,26,12,8,9,139,135.0,135.0,155.0,141.0,14.61,146.0,141.43,2,1,1,1,1,2,5,1,1,2,1,5,4,4,15,5,12,49,20,1,1,42,12,10,18,15,9,48,25,7,2,2,0,Watch
2021-06-09,Wednesday,3,23,6,Monsoon,0,0,0,1,0,0,1,7.6,36.9,27.7,64.6,,0,0,0,99,29,9,13,9,150,139.0,135.0,165.0,138.71,13.45,158.0,140.93,2,1,1,1,1,2,6,1,1,2,1,5,4,4,17,6,14,54,23,2,1,37,11,6,14,16,17,62,33,6,2,1,0,Watch
2021-06-10,Thursday,4,23,6,Monsoon,0,0,0,0,0,1,0,9.9,35.0,27.0,71.9,,0,0,0,91,27,13,6,7,137,150.0,139.0,149.0,136.57,9.78,142.0,140.36,2,1,1,1,1,2,5,1,1,2,1,4,3,3,15,5,13,50,21,1,1,42,10,9,14,12,11,66,22,9,2,2,0,Watch
2021-06-11,Friday,5,23,6,Monsoon,0,0,0,0,0,0,0,26.9,36.9,27.0,75.7,,0,0,0,85,29,9,7,9,130,137.0,150.0,126.0,134.86,8.41,137.0,140.0,2,1,1,1,1,2,5,1,1,2,1,5,4,4,15,6,14,52,22,2,1,33,10,8,15,13,10,71,26,9,2,1,0,Watch
2021-06-12,Saturday,6,23,6,Monsoon,1,0,0,0,0,0,0,53.6,31.6,22.9,89.5,,0,0,0,78,36,6,9,9,129,130.0,137.0,122.0,135.43,7.91,136.0,139.5,2,2,1,1,1,2,5,1,1,2,1,5,4,4,17,7,17,62,25,2,1,41,8,8,15,15,21,69,23,11,2,2,0,Watch
2021-06-13,Sunday,7,23,6,Monsoon,1,0,0,0,0,0,0,4.9,35.9,28.0,68.5,,0,0,0,70,24,7,10,8,111,129.0,130.0,135.0,136.43,6.46,126.0,139.0,2,1,1,1,1,2,4,1,1,1,1,5,4,3,14,5,11,43,18,1,1,42,12,7,13,13,13,57,23,13,2,1,0,Watch
2021-06-14,Monday,1,24,6,Monsoon,0,0,0,0,0,0,0,8.1,33.3,24.9,71.2,,0,0,0,94,27,6,9,7,136,111.0,129.0,135.0,133.0,11.05,148.0,137.93,2,1,1,1,1,2,5,1,1,2,1,4,3,3,14,5,13,50,21,2,1,31,10,8,12,12,12,62,29,7,2,2,0,Watch
2021-06-15,Tuesday,2,24,6,Monsoon,0,0,0,0,0,1,0,23.6,35.8,27.9,74.8,,0,0,0,90,32,12,8,9,142,136.0,111.0,139.0,133.14,11.08,155.0,137.07,2,1,1,1,1,2,6,1,1,2,1,5,4,4,17,6,15,57,24,2,1,35,11,10,16,13,17,69,29,9,2,1,0,Watch
2021-06-16,Wednesday,3,24,6,Monsoon,0,0,0,1,0,0,1,18.7,34.1,27.4,74.1,,0,0,0,101,27,7,11,10,146,142.0,136.0,150.0,133.57,11.35,165.0,136.14,2,1,1,1,1,2,6,1,1,2,1,6,4,4,15,5,13,51,22,2,1,46,11,9,14,15,17,65,26,9,2,1,0,Watch
2021-06-17,Thursday,4,24,6,Monsoon,0,0,0,0,0,1,0,34.1,35.8,27.5,70.1,,0,0,0,83,30,12,8,8,133,146.0,142.0,137.0,133.0,10.58,149.0,134.79,2,1,1,1,1,2,5,1,1,2,1,5,3,4,16,6,14,54,22,2,1,40,13,4,19,13,14,69,30,9,2,0,0,Normal
2021-06-18,Friday,5,24,6,Monsoon,0,0,0,0,1,0,0,20.7,34.7,26.7,82.0,,0,0,0,94,29,11,7,8,141,133.0,146.0,130.0,132.43,10.46,126.0,133.64,2,1,1,1,1,2,6,1,1,2,1,5,3,4,15,6,14,53,23,2,1,48,11,8,12,14,14,68,26,9,2,1,0,Watch
2021-06-19,Saturday,6,24,6,Monsoon,1,0,0,0,0,0,0,36.7,35.1,27.4,89.3,,0,0,0,72,34,7,9,9,122,141.0,133.0,129.0,134.0,10.8,122.0,134.71,2,1,1,1,1,2,5,1,1,2,1,5,4,4,17,7,16,59,24,2,1,39,13,8,15,13,20,61,24,10,2,1,0,Watch
2021-06-20,Sunday,7,24,6,Monsoon,1,0,0,0,0,0,0,16.7,37.8,29.2,78.8,,0,0,0,72,30,7,11,7,120,122.0,141.0,111.0,133.0,11.51,135.0,134.71,2,1,1,1,1,2,5,1,1,1,1,4,4,3,16,6,14,53,22,2,1,46,13,5,15,14,18,59,29,13,2,1,0,Watch
2021-06-21,Monday,1,25,6,Monsoon,0,0,0,0,0,0,0,35.0,35.8,28.0,80.0,,0,0,0,95,31,6,7,8,139,120.0,122.0,136.0,134.29,9.27,135.0,133.64,2,1,1,1,1,2,5,1,1,2,1,5,3,4,15,6,14,56,23,2,1,34,9,8,14,15,15,57,33,9,2,1,0,Watch
2021-06-22,Tuesday,2,25,6,Monsoon,0,0,0,0,1,1,0,28.7,31.1,23.4,81.3,,0,0,0,94,29,15,8,8,146,139.0,120.0,142.0,134.71,9.41,139.0,133.93,2,1,1,1,1,2,6,1,1,2,1,5,3,4,17,6,14,53,23,2,1,41,12,11,19,15,16,73,31,11,2,0,0,Normal
2021-06-23,Wednesday,3,25,6,Monsoon,0,0,0,1,0,0,1,31.5,33.4,27.0,78.0,,0,0,0,98,29,6,10,7,143,146.0,139.0,146.0,135.29,9.94,150.0,134.43,2,1,1,1,1,2,6,1,1,2,1,4,3,3,15,6,14,54,23,2,1,40,11,5,16,14,14,65,32,10,2,0,0,Normal
2021-06-24,Thursday,4,25,6,Monsoon,0,0,0,0,0,1,0,24.1,36.3,29.2,79.4,,0,0,0,88,31,14,8,9,141,143.0,146.0,133.0,134.86,9.52,137.0,133.93,2,1,1,1,1,2,6,1,1,2,1,5,4,4,17,6,14,56,24,2,1,43,10,4,14,13,14,58,27,9,3,1,0,Watch
2021-06-25,Friday,5,25,6,Monsoon,0,0,0,0,0,0,0,6.2,35.1,24.6,70.1,,0,0,0,86,22,9,5,7,122,141.0,143.0,141.0,136.0,9.71,130.0,134.21,2,1,1,1,1,2,5,1,1,2,1,4,3,3,12,4,10,42,18,1,1,44,11,8,14,12,11,39,22,8,2,1,0,Watch
2021-06-26,Saturday,6,25,6,Monsoon,1,0,0,0,1,0,0,9.8,35.7,27.8,70.9,,0,0,0,81,23,11,11,9,126,122.0,141.0,122.0,133.29,10.55,129.0,133.64,2,1,1,1,1,2,5,1,1,2,1,5,4,3,15,5,11,43,19,2,1,35,10,13,17,15,11,43,24,13,2,0,0,Normal
2021-06-27,Sunday,7,25,6,Monsoon,1,0,0,0,0,0,0,11.8,36.4,28.9,71.2,,0,0,0,71,22,7,12,8,112,126.0,122.0,120.0,133.86,10.02,111.0,133.43,2,1,1,1,1,2,4,1,1,1,1,5,4,3,14,4,10,41,17,2,1,53,10,11,12,12,11,42,23,9,1,1,0,Watch
2021-06-28,Monday,1,26,6,Monsoon,0,0,0,0,0,0,0,29.7,36.0,25.6,81.7,,0,0,0,98,34,8,7,8,147,112.0,126.0,139.0,132.71,11.83,136.0,133.5,2,1,1,1,1,2,6,1,1,2,1,5,3,4,16,7,16,61,25,2,1,39,12,9,15,16,13,69,25,8,2,2,0,Watch
2021-06-29,Tuesday,2,26,6,Monsoon,0,0,0,0,0,1,0,12.3,33.4,24.6,65.2,,0,0,0,91,26,14,7,10,138,147.0,112.0,146.0,133.86,12.73,142.0,134.29,2,1,1,1,1,2,5,1,1,2,1,6,4,4,15,5,12,49,20,1,1,42,7,6,13,14,13,53,18,10,2,2,0,Watch
2021-06-30,Wednesday,3,26,6,Monsoon,0,0,0,1,0,0,1,36.0,31.8,20.9,89.8,,0,0,0,97,38,5,13,10,153,138.0,147.0,143.0,132.71,11.92,146.0,134.0,2,2,1,1,1,2,6,1,1,2,1,6,5,4,19,7,18,67,27,2,1,46,11,6,25,18,22,87,38,10,2,0,0,Normal
2021-07-01,Thursday,4,26,7,Monsoon,0,0,0,0,0,1,0,47.2,37.2,31.1,81.9,,0,0,0,82,36,10,8,8,136,153.0,138.0,141.0,134.14,13.56,133.0,134.5,2,2,1,1,1,2,5,1,1,2,1,5,3,4,18,7,17,63,25,2,1,46,13,7,17,15,13,74,25,9,2,2,0,Watch
2021-07-02,Friday,5,26,7,Monsoon,0,0,0,0,0,0,0,24.1,31.8,24.5,80.1,,0,0,0,88,30,6,7,8,131,136.0,153.0,122.0,133.43,13.31,141.0,134.71,2,1,1,1,1,2,5,1,1,2,1,5,3,4,15,6,14,54,22,2,1,41,14,12,17,16,11,70,29,11,2,1,0,Watch
2021-07-03,Saturday,6,26,7,Monsoon,1,0,0,0,0,0,0,13.1,31.4,24.4,73.5,,0,0,0,72,23,7,11,6,113,131.0,136.0,126.0,134.71,12.56,122.0,134.0,2,1,1,1,1,2,5,1,1,1,1,4,3,3,14,5,11,42,19,2,1,36,10,7,13,13,14,41,21,11,2,2,0,Watch
2021-07-04,Sunday,7,26,7,Monsoon,1,0,0,0,0,0,0,16.1,32.8,25.3,73.7,,0,0,0,74,26,7,11,9,118,113.0,131.0,112.0,132.86,14.52,120.0,133.36,2,1,1,1,1,2,5,1,1,1,1,5,4,4,15,5,12,47,20,2,1,39,11,5,16,13,13,45,24,7,2,1,0,Watch
2021-07-05,Monday,1,27,7,Monsoon,0,0,0,0,0,0,0,20.8,32.8,23.9,83.2,,0,0,0,92,31,7,10,8,140,118.0,113.0,147.0,133.71,13.39,139.0,133.21,2,1,1,1,1,2,5,1,1,2,1,5,4,4,16,6,14,56,23,2,1,44,11,8,15,15,14,73,33,12,2,1,0,Watch
2021-07-06,Tuesday,2,27,7,Monsoon,0,0,0,0,0,1,0,10.3,33.1,25.6,70.9,,0,0,0,88,26,13,4,9,131,140.0,118.0,138.0,132.71,12.6,146.0,133.29,2,1,1,1,1,2,5,1,1,2,1,5,3,4,14,5,12,48,20,1,1,30,10,6,14,14,10,65,26,9,2,1,0,Watch
2021-07-07,Wednesday,3,27,7,Monsoon,0,0,0,1,0,0,1,28.3,33.0,24.9,81.6,,0,0,0,100,35,7,15,11,157,131.0,140.0,153.0,131.71,12.42,143.0,132.21,2,1,1,1,1,2,6,1,1,2,1,7,5,4,19,7,16,63,26,2,1,42,11,8,25,17,21,66,28,13,2,0,0,Normal
2021-07-08,Thursday,4,27,7,Monsoon,0,0,0,0,0,1,0,15.0,30.7,19.5,77.8,,0,0,0,85,30,12,9,9,136,157.0,131.0,136.0,132.29,13.43,141.0,133.21,2,1,1,1,1,2,5,1,1,2,1,5,4,4,17,6,14,54,22,2,1,42,9,7,15,15,16,69,25,8,2,1,0,Watch
2021-07-09,Friday,5,27,7,Monsoon,0,0,0,0,0,0,0,19.8,35.3,29.9,76.6,,0,0,0,84,29,8,4,7,125,136.0,157.0,131.0,132.29,13.43,122.0,132.86,2,1,1,1,1,2,5,1,1,2,1,4,3,3,14,6,14,52,22,1,1,42,11,8,18,13,12,52,30,9,2,1,0,Watch
2021-07-10,Saturday,6,27,7,Monsoon,1,0,0,0,0,0,0,25.1,33.1,26.2,83.5,,0,0,0,78,33,7,10,8,128,125.0,136.0,113.0,131.43,13.68,126.0,133.07,2,1,1,1,1,2,5,1,1,2,1,5,4,4,17,6,15,58,24,2,1,44,11,8,17,16,20,77,33,9,1,0,0,Normal
2021-07-11,Sunday,7,27,7,Monsoon,1,0,0,0,0,0,0,11.8,35.0,27.1,76.4,,0,0,0,73,30,6,11,8,120,128.0,125.0,118.0,133.57,11.65,112.0,133.21,2,1,1,1,1,2,5,1,1,1,1,5,4,4,16,6,14,53,22,2,1,42,12,8,16,13,11,55,27,6,2,1,0,Watch
2021-07-12,Monday,1,28,7,Monsoon,0,0,0,0,0,0,0,10.2,34.2,24.7,77.3,,0,0,0,93,28,7,8,8,136,120.0,128.0,140.0,133.86,11.28,147.0,133.79,2,1,1,1,1,2,5,1,1,2,1,5,3,3,14,6,13,52,21,2,1,36,12,10,15,13,14,66,20,8,2,1,0,Watch
2021-07-13,Tuesday,2,28,7,Monsoon,0,0,0,0,0,1,0,39.0,31.9,22.7,79.2,,0,0,0,90,30,11,5,8,136,136.0,120.0,131.0,133.29,11.05,138.0,133.0,2,1,1,1,1,2,5,1,1,2,1,5,3,4,15,6,14,54,22,1,1,41,9,10,17,13,16,65,18,7,2,1,0,Watch
2021-07-14,Wednesday,3,28,7,Monsoon,0,0,0,1,0,0,1,25.5,33.8,27.8,80.9,,0,0,0,96,29,6,13,9,144,136.0,136.0,157.0,134.0,11.05,153.0,132.86,2,1,1,1,1,2,6,1,1,2,1,5,4,4,16,6,14,54,23,2,1,43,11,6,18,14,13,62,28,9,2,1,0,Watch
2021-07-15,Thursday,4,28,7,Monsoon,0,0,0,0,0,1,0,17.3,33.1,25.7,73.4,,0,0,0,96,28,10,8,8,142,144.0,136.0,136.0,132.14,7.57,136.0,132.21,2,1,1,1,1,2,6,1,1,2,1,5,3,3,15,6,13,52,22,2,1,42,8,8,14,15,17,47,20,8,2,3,0,High
2021-07-16,Friday,5,28,7,Monsoon,0,0,0,0,0,0,0,16.4,35.0,27.2,77.0,,0,0,0,86,27,7,9,8,129,142.0,144.0,125.0,133.0,8.26,131.0,132.64,2,1,1,1,1,2,5,1,1,2,1,5,4,3,14,5,13,50,21,2,1,41,11,7,15,15,14,61,19,9,2,1,0,Watch
2021-07-17,Saturday,6,28,7,Monsoon,1,0,0,0,0,0,0,23.5,36.4,27.4,76.6,,0,0,0,75,30,6,12,8,123,129.0,142.0,128.0,133.57,7.82,113.0,132.5,2,1,1,1,1,2,5,1,1,2,1,5,4,4,16,6,14,53,22,2,1,41,11,8,18,15,14,60,28,9,2,0,0,Normal
2021-07-18,Sunday,7,28,7,Monsoon,1,0,0,0,0,0,0,22.9,34.6,25.9,84.5,,0,0,0,71,30,6,13,9,120,123.0,129.0,120.0,132.86,8.49,118.0,133.21,2,1,1,1,1,2,5,1,1,1,1,5,4,4,16,6,14,53,22,2,1,42,11,7,15,13,12,60,31,8,2,2,0,Watch
2021-07-19,Monday,1,29,7,Monsoon,0,0,0,0,0,0,0,29.2,34.0,26.2,79.2,,0,0,0,90,31,6,8,7,135,120.0,123.0,136.0,132.86,8.49,140.0,133.36,2,1,1,1,1,2,5,1,1,2,1,4,3,3,15,6,14,56,23,2,1,39,9,6,18,14,16,56,30,9,2,0,0,Normal
2021-07-20,Tuesday,2,29,7,Monsoon,0,0,0,0,0,1,0,15.0,34.4,27.5,70.4,,0,0,0,87,24,13,6,8,130,135.0,120.0,136.0,132.71,8.45,131.0,133.0,2,1,1,1,1,2,5,1,1,2,1,5,3,3,14,5,11,45,19,1,1,36,10,8,17,14,8,44,16,8,2,3,0,High
2021-07-21,Wednesday,3,29,7,Monsoon,0,0,0,1,0,0,1,32.7,31.5,22.5,85.4,,0,0,0,95,30,7,14,9,146,130.0,135.0,144.0,131.86,8.37,157.0,132.93,2,1,1,1,1,2,6,1,1,2,1,5,4,4,17,6,14,55,23,2,1,40,11,10,20,16,11,50,20,10,2,3,0,High
2021-07-22,Thursday,4,29,7,Monsoon,0,0,0,0,0,1,0,10.8,33.2,25.6,72.6,,0,0,0,82,22,11,7,7,122,146.0,130.0,142.0,132.14,8.81,136.0,132.14,2,1,1,1,1,2,5,1,1,2,1,4,3,3,13,4,10,42,18,1,1,42,10,9,12,11,12,53,14,12,2,2,0,Watch
2021-07-23,Friday,5,29,7,Monsoon,0,0,0,0,1,0,0,28.1,34.2,26.3,76.3,,0,0,0,82,31,8,8,8,129,122.0,146.0,129.0,129.29,8.38,125.0,131.14,2,1,1,1,1,2,5,1,1,2,1,5,3,4,16,6,14,55,23,2,1,42,9,10,15,15,15,73,26,8,2,1,0,Watch
2021-07-24,Saturday,6,29,7,Monsoon,1,0,0,0,0,0,0,13.6,34.8,28.2,78.6,,0,0,0,75,32,6,13,8,126,129.0,122.0,123.0,129.29,8.38,128.0,131.43,2,1,1,1,1,2,5,1,1,2,1,5,4,4,17,6,15,56,23,2,1,45,12,7,19,13,11,51,32,8,2,2,0,Watch
2021-07-25,Sunday,7,29,7,Monsoon,1,0,0,0,0,0,0,10.4,33.7,28.5,68.5,Malaria,4,1,6,74,56,6,10,9,146,126.0,129.0,120.0,129.71,8.12,120.0,131.29,2,2,1,1,1,2,6,1,2,2,1,5,4,8,25,11,48,92,59,2,1,38,10,8,27,22,60,120,66,9,2,0,0,High
2021-07-26,Monday,1,30,7,Monsoon,0,0,0,0,0,0,0,16.6,32.7,24.6,73.7,Malaria,4,1,7,89,59,8,9,10,165,146.0,126.0,135.0,133.43,8.75,136.0,133.14,2,2,1,1,1,2,6,1,2,2,1,6,4,8,26,11,51,98,62,2,1,42,11,9,24,22,43,132,52,9,2,3,0,High
2021-07-27,Tuesday,2,30,7,Monsoon,0,0,0,0,0,1,0,14.2,33.8,25.3,72.5,Malaria,4,1,6,95,59,12,8,10,174,165.0,146.0,130.0,137.71,14.15,136.0,135.21,2,2,1,1,1,2,7,1,2,2,1,6,4,8,27,11,51,98,63,2,1,37,15,9,30,18,55,95,51,9,2,2,0,High
2021-07-28,Wednesday,3,30,7,Monsoon,0,0,0,1,0,0,1,13.6,33.6,26.8,73.9,Malaria,4,1,7,101,56,6,14,11,177,174.0,165.0,146.0,144.0,18.45,144.0,137.93,2,2,1,1,1,2,7,1,2,2,1,7,5,8,26,11,48,95,60,2,1,41,9,6,33,22,56,126,52,10,2,2,0,High
2021-07-29,Thursday,4,30,7,Monsoon,0,0,0,0,0,1,0,15.1,30.1,21.4,75.8,Malaria,4,1,6,90,57,11,8,10,166,177.0,174.0,122.0,148.43,21.81,142.0,140.29,2,2,1,1,1,2,6,1,2,2,1,6,4,8,26,11,49,95,60,2,1,44,14,8,34,20,43,91,71,9,2,2,0,High
2021-07-30,Friday,5,30,7,Monsoon,0,0,0,0,0,0,0,16.3,33.1,25.4,76.5,Malaria,4,1,5,82,58,6,7,9,153,166.0,177.0,129.0,154.71,19.51,129.0,142.0,2,2,1,1,1,2,6,1,2,2,1,5,4,8,24,11,50,96,61,2,1,41,11,9,28,18,42,113,76,10,2,1,0,High
2021-07-31,Saturday,6,30,7,Monsoon,1,0,0,0,0,0,0,11.8,33.1,27.3,71.2,Malaria,4,1,5,75,58,6,11,9,150,153.0,166.0,126.0,158.14,16.57,123.0,143.71,2,2,1,1,1,2,6,1,2,2,1,5,4,8,26,11,50,95,61,2,1,37,15,9,32,16,52,91,57,7,2,2,0,High
2021-08-01,Sunday,7,30,8,Monsoon,1,0,0,0,0,0,0,15.5,32.2,25.4,72.1,Malaria,4,1,7,74,62,7,10,10,153,150.0,153.0,146.0,161.57,11.17,120.0,145.64,2,2,1,1,1,2,6,1,2,2,1,6,4,9,27,12,53,101,64,2,1,38,11,8,34,20,66,113,89,7,2,1,0,High
2021-08-02,Monday,1,31,8,Monsoon,0,0,1,0,0,0,2,69.9,34.4,26.3,98.0,Malaria,4,1,7,90,72,4,14,13,180,153.0,150.0,165.0,162.57,9.98,135.0,148.0,2,3,1,1,1,2,7,1,2,2,1,8,5,10,31,13,62,117,74,3,1,42,12,7,29,21,83,150,85,6,3,2,0,High
2021-08-03,Tuesday,2,31,8,Monsoon,0,0,0,0,0,1,0,25.4,32.0,24.0,85.4,Malaria,4,1,6,90,66,11,4,11,171,180.0,153.0,174.0,164.71,11.73,130.0,151.21,2,2,1,1,1,2,7,1,2,2,1,7,4,9,28,12,57,108,69,2,1,39,8,8,35,17,52,116,69,14,2,2,0,High
2021-08-04,Wednesday,3,31,8,Monsoon,0,0,0,1,0,0,1,19.5,32.7,25.9,72.3,Malaria,4,1,6,95,58,7,12,11,172,171.0,180.0,177.0,164.29,11.44,146.0,154.14,2,2,1,1,1,2,7,1,2,2,1,7,5,9,26,11,50,97,62,2,1,42,11,8,24,17,45,104,68,10,2,3,0,High
2021-08-05,Thursday,4,31,8,Monsoon,0,0,0,0,0,1,0,39.2,31.5,22.9,88.3,Malaria,4,1,7,81,65,10,5,9,161,172.0,171.0,166.0,163.57,10.76,122.0,156.0,2,2,1,1,1,2,6,1,2,2,1,5,3,9,27,12,56,106,67,2,1,42,13,9,27,18,54,124,90,1,2,2,0,High
2021-08-06,Friday,5,31,8,Monsoon,0,0,0,0,0,0,0,16.4,29.9,22.2,79.1,Malaria,4,1,5,82,61,6,5,9,154,161.0,172.0,153.0,162.86,10.74,129.0,158.79,2,2,1,1,1,2,6,1,2,2,1,5,3,8,25,11,52,100,63,2,1,44,11,9,25,20,68,107,59,7,2,1,0,High
2021-08-07,Saturday,6,31,8,Monsoon,1,0,0,0,0,0,0,9.8,30.0,22.1,71.1,Malaria,4,1,5,76,59,5,11,10,151,154.0,161.0,150.0,163.0,10.61,126.0,160.57,2,2,1,1,1,2,6,1,2,2,1,6,4,8,26,11,51,97,62,2,1,41,10,7,34,17,61,116,88,10,2,1,0,High
2021-08-08,Sunday,7,31,8,Monsoon,1,0,0,0,0,0,0,8.3,34.6,28.4,71.1,Malaria,4,1,7,62,57,7,10,9,136,151.0,154.0,153.0,163.14,10.44,146.0,162.36,2,2,1,1,1,2,5,1,2,2,1,5,4,8,25,11,49,92,59,2,1,41,13,8,24,19,58,110,47,9,2,2,0,High
2021-08-09,Monday,1,32,8,Monsoon,0,0,0,0,0,0,0,5.5,33.5,27.6,69.1,,0,0,0,92,23,7,7,7,129,136.0,151.0,180.0,160.71,13.92,165.0,161.64,2,1,1,1,1,2,5,1,1,2,1,4,3,3,12,5,11,44,19,1,1,38,10,7,14,12,12,49,24,9,2,0,0,Normal
2021-08-10,Tuesday,2,32,8,Monsoon,0,0,0,0,0,1,0,12.4,29.4,20.8,82.0,,0,0,0,93,29,10,4,8,136,129.0,136.0,171.0,153.43,15.2,174.0,159.07,2,1,1,1,1,2,5,1,1,2,1,5,3,4,14,6,14,53,22,1,1,46,11,5,18,15,11,53,18,9,2,2,0,Watch
2021-08-11,Wednesday,3,32,8,Monsoon,0,0,1,1,0,0,3,33.8,32.0,24.9,81.6,,0,0,0,101,34,6,23,12,164,136.0,129.0,172.0,148.43,14.33,177.0,156.36,2,1,2,1,1,2,6,1,1,2,1,7,6,5,21,7,16,62,25,2,1,46,10,7,22,17,12,75,32,9,2,1,0,Watch
2021-08-12,Thursday,4,32,8,Monsoon,0,0,1,0,0,1,1,5.8,31.7,26.5,67.5,,0,0,0,89,22,11,15,9,137,164.0,136.0,161.0,147.29,12.62,166.0,155.43,2,1,1,1,1,2,5,1,1,2,1,5,5,3,15,4,10,42,18,2,1,46,11,8,18,13,9,46,23,9,2,1,0,Watch
2021-08-13,Friday,5,32,8,Monsoon,0,0,0,0,0,0,0,16.4,33.4,26.4,74.4,,0,0,0,84,27,6,6,6,123,137.0,164.0,154.0,143.86,11.65,153.0,153.36,2,1,1,1,1,2,5,1,1,2,1,4,3,3,13,5,13,49,21,1,1,39,9,7,16,13,17,62,27,6,2,0,0,Normal
2021-08-14,Saturday,6,32,8,Monsoon,1,0,0,0,0,0,0,5.7,33.6,24.9,62.6,,0,0,0,73,22,3,10,7,108,123.0,137.0,151.0,139.43,12.79,150.0,151.21,2,1,1,1,1,2,4,1,1,1,1,4,3,3,12,4,10,41,17,1,1,41,14,8,10,13,12,41,19,10,2,1,0,Watch
2021-08-15,Sunday,7,32,8,Monsoon,1,1,0,0,0,0,1,12.1,32.2,23.1,70.1,,0,0,0,64,22,7,12,8,105,108.0,123.0,136.0,133.29,15.75,153.0,148.21,2,1,1,1,1,2,4,1,1,1,1,5,4,3,14,4,10,40,17,2,1,36,9,10,17,11,12,38,18,11,2,1,0,Watch
2021-08-16,Monday,1,33,8,Monsoon,0,0,1,0,0,0,1,27.8,30.5,24.6,80.1,,0,0,0,96,28,4,13,8,141,105.0,108.0,129.0,128.86,18.48,180.0,144.79,2,1,1,1,1,2,6,1,1,2,1,5,4,3,15,6,13,52,22,2,1,35,9,5,18,16,16,66,25,7,2,0,0,Normal
2021-08-17,Tuesday,2,33,8,Monsoon,0,0,0,0,0,1,0,3.6,30.0,20.8,74.9,,0,0,0,91,24,12,5,5,132,141.0,105.0,136.0,130.57,18.97,171.0,142.0,2,1,1,1,1,2,5,1,1,2,1,3,2,3,13,5,11,46,19,1,1,42,13,10,16,15,9,63,18,9,2,2,0,Watch
2021-08-18,Wednesday,3,33,8,Monsoon,0,0,0,1,0,0,1,19.7,31.8,23.3,84.4,,0,0,0,97,33,5,12,8,147,132.0,141.0,164.0,130.0,18.85,172.0,139.21,2,1,1,1,1,2,6,1,1,2,1,5,4,4,17,6,15,60,25,2,1,39,9,12,21,16,19,65,20,10,2,1,0,Watch
2021-08-19,Thursday,4,33,8,Monsoon,0,0,0,0,0,1,0,19.0,33.7,25.2,78.0,Dengue,4,1,6,89,71,10,6,10,176,147.0,132.0,137.0,127.57,15.02,161.0,137.43,2,3,1,1,1,2,7,1,2,2,1,6,4,9,30,13,61,116,73,3,1,37,13,8,34,19,57,117,62,8,2,3,0,High
2021-08-20,Friday,5,33,8,Monsoon,0,0,0,0,0,0,0,10.4,33.7,25.4,75.5,Dengue,4,1,6,90,71,7,7,11,175,176.0,147.0,123.0,133.14,22.74,154.0,138.5,2,3,1,1,1,2,7,1,2,2,1,7,4,10,29,13,61,116,73,3,1,48,10,7,35,18,53,141,88,9,2,2,0,High
2021-08-21,Saturday,6,33,8,Monsoon,1,0,0,0,0,0,0,17.6,33.5,26.1,73.9,Dengue,4,1,7,79,67,5,11,12,162,175.0,176.0,108.0,140.57,26.41,151.0,140.0,2,2,1,1,1,2,6,1,2,2,1,7,5,10,28,13,57,109,69,3,1,38,11,8,31,20,54,110,67,9,2,3,0,High
2021-08-22,Sunday,7,33,8,Monsoon,1,0,0,0,0,0,0,21.0,31.8,26.9,80.7,Dengue,4,1,6,76,72,7,11,13,166,162.0,175.0,105.0,148.29,23.49,136.0,140.79,2,3,1,1,1,2,6,1,2,2,1,8,5,10,31,13,62,116,73,3,1,47,9,4,29,18,78,118,102,10,2,2,0,High
2021-08-23,Monday,1,34,8,Monsoon,0,0,0,0,0,0,0,0.0,32.3,23.5,69.3,Dengue,4,1,7,95,71,5,9,11,180,166.0,162.0,141.0,157.0,15.91,129.0,142.93,2,3,1,1,1,2,7,1,2,2,1,7,4,10,29,13,61,116,73,3,1,44,11,9,30,21,77,159,66,7,2,2,0,High
2021-08-24,Tuesday,2,34,8,Monsoon,0,0,0,0,0,1,0,1.1,29.9,22.0,69.1,Dengue,4,1,4,97,63,12,7,11,179,180.0,166.0,132.0,162.57,16.16,136.0,146.57,2,2,1,1,1,2,7,1,2,2,1,7,4,9,28,12,54,105,66,2,1,44,11,8,33,21,71,134,59,10,2,2,0,High
2021-08-25,Wednesday,3,34,8,Monsoon,0,0,0,1,0,0,1,1.6,31.8,24.0,72.0,Dengue,4,1,6,107,66,4,11,12,188,179.0,180.0,147.0,169.29,11.0,164.0,149.64,2,2,1,1,1,3,7,1,2,2,1,7,5,10,28,12,57,110,70,3,1,37,11,8,29,21,65,140,100,12,2,1,0,High
2021-08-26,Thursday,4,34,8,Monsoon,0,0,0,0,0,1,0,33.5,31.9,24.2,82.2,Dengue,4,1,5,87,75,10,4,11,176,188.0,179.0,176.0,175.14,8.11,137.0,151.36,2,3,1,1,1,2,7,1,2,2,1,7,4,10,30,14,64,122,77,3,1,43,12,8,33,21,75,139,111,7,2,1,0,High
2021-08-27,Friday,5,34,8,Monsoon,0,0,0,0,0,0,0,0.0,29.9,20.6,71.2,Dengue,4,1,5,95,68,6,7,10,176,176.0,188.0,175.0,175.14,8.11,123.0,154.14,2,2,1,1,1,2,7,1,2,2,1,6,4,9,28,13,58,112,71,2,1,38,10,8,32,24,46,115,71,7,2,2,0,High
2021-08-28,Saturday,6,34,8,Monsoon,1,0,0,0,0,0,0,3.1,31.7,25.3,77.6,Dengue,4,1,5,80,64,3,9,10,156,176.0,176.0,162.0,175.29,8.12,108.0,157.93,2,2,1,1,1,2,6,1,2,2,1,6,4,9,26,12,55,104,66,2,1,48,12,10,27,19,55,102,93,8,1,1,0,High
2021-08-29,Sunday,7,34,8,Monsoon,1,0,0,0,0,0,0,5.0,30.1,21.3,73.0,Dengue,4,1,6,74,70,5,10,10,159,156.0,176.0,166.0,174.43,9.65,105.0,161.36,2,2,1,1,1,2,6,1,2,2,1,6,4,9,29,13,60,113,71,3,1,51,11,8,36,23,54,138,57,9,0,4,0,High
2021-08-30,Monday,1,35,8,Monsoon,0,0,0,0,0,0,0,3.6,31.9,24.1,81.3,Dengue,4,1,7,101,68,6,5,10,180,159.0,156.0,180.0,173.43,10.77,141.0,165.21,2,2,1,1,1,2,7,1,2,2,1,6,4,9,27,13,58,113,71,2,1,44,11,8,23,26,69,109,59,9,3,4,0,High
2021-08-31,Tuesday,2,35,8,Monsoon,0,0,0,0,0,1,0,3.0,28.9,21.4,77.0,Dengue,4,1,5,93,65,11,8,12,177,180.0,159.0,179.0,173.43,10.77,132.0,168.0,2,2,1,1,1,2,7,1,2,2,1,7,4,10,28,12,56,107,68,2,1,39,11,11,32,21,55,130,69,10,2,1,0,High
2021-09-01,Wednesday,3,35,9,Monsoon,0,0,0,1,0,0,1,5.1,28.6,20.3,78.9,Dengue,4,1,6,106,68,7,12,13,193,177.0,180.0,188.0,173.14,10.64,147.0,171.21,2,2,1,1,1,3,7,1,2,2,1,8,5,10,30,13,58,113,72,3,1,42,10,10,34,20,76,126,100,8,3,0,0,High
2021-09-02,Thursday,4,35,9,Monsoon,0,0,0,0,0,1,0,0.0,28.9,21.2,74.2,Dengue,4,1,6,97,64,10,6,11,177,193.0,177.0,176.0,173.86,11.73,176.0,174.5,2,2,1,1,1,2,7,1,2,2,1,7,4,9,27,12,55,106,67,2,1,47,11,9,31,20,44,122,60,10,2,2,0,High
2021-09-03,Friday,5,35,9,Monsoon,0,0,0,0,0,0,0,2.9,31.4,21.7,68.2,Dengue,4,1,6,93,66,4,5,10,168,177.0,193.0,176.0,174.0,11.76,175.0,174.57,2,2,1,1,1,2,6,1,2,2,1,6,4,9,26,12,57,109,68,2,1,44,12,6,29,25,50,137,62,9,2,3,0,High
2021-09-04,Saturday,6,35,9,Monsoon,1,0,0,0,0,0,0,6.1,30.5,25.0,73.8,Dengue,4,1,7,82,65,5,11,10,163,168.0,177.0,156.0,172.86,11.9,162.0,174.07,2,2,1,1,1,2,6,1,2,2,1,6,4,9,28,12,56,106,67,3,1,46,8,7,24,24,47,123,87,9,2,3,0,High
2021-09-05,Sunday,7,35,9,Monsoon,1,0,0,0,1,0,0,0.7,27.8,18.0,73.2,Dengue,4,1,6,81,66,9,8,11,164,163.0,168.0,159.0,173.86,10.67,166.0,174.14,2,2,1,1,1,2,6,1,2,2,1,7,4,9,28,12,57,108,68,2,1,44,11,8,29,21,62,134,78,7,2,1,0,High
2021-09-06,Monday,1,36,9,Monsoon,0,0,0,0,0,0,0,21.6,25.2,17.5,79.2,Dengue,4,1,7,94,72,3,7,11,176,164.0,163.0,180.0,174.57,9.78,180.0,174.0,2,3,1,1,1,2,7,1,2,2,1,7,4,10,29,13,62,118,74,3,1,43,10,9,26,25,53,133,93,7,2,3,0,High
2021-09-07,Tuesday,2,36,9,Monsoon,0,0,0,0,0,1,0,12.0,28.8,20.2,70.4,Dengue,4,1,6,92,67,11,9,12,179,176.0,164.0,177.0,174.0,9.56,179.0,173.71,2,2,1,1,1,2,7,1,2,2,1,7,5,10,29,13,57,110,70,3,1,42,11,6,28,20,65,130,67,12,3,3,0,High
2021-09-08,Wednesday,3,36,9,Monsoon,0,0,0,1,0,0,1,12.2,30.1,23.9,82.1,Dengue,4,1,5,102,73,5,11,14,191,179.0,176.0,193.0,174.29,9.68,188.0,173.71,2,3,1,1,1,3,7,1,2,2,1,8,5,11,31,14,63,120,76,3,1,34,10,7,39,24,65,109,83,6,2,2,0,High
2021-09-09,Thursday,4,36,9,Monsoon,0,0,0,0,0,1,0,13.5,27.3,19.3,79.2,Dengue,4,1,6,90,68,12,7,12,177,191.0,179.0,177.0,174.0,9.13,176.0,173.93,2,2,1,1,1,2,7,1,2,2,1,7,4,10,29,13,58,111,71,2,1,53,11,10,25,26,51,151,85,8,2,2,0,High
2021-09-10,Friday,5,36,9,Monsoon,0,0,0,0,0,0,0,4.3,28.4,20.8,75.1,Dengue,4,1,6,92,65,5,6,11,168,177.0,191.0,168.0,174.0,9.13,176.0,174.0,2,2,1,1,1,2,6,1,2,2,1,7,4,9,26,12,56,107,67,2,1,43,12,9,27,24,57,118,64,8,3,1,0,High
2021-09-11,Saturday,6,36,9,Monsoon,1,0,0,0,0,0,0,23.3,27.4,18.7,77.7,Dengue,4,1,6,81,69,5,11,12,166,168.0,177.0,163.0,174.0,9.13,156.0,173.43,2,2,1,1,1,2,6,1,2,2,1,7,5,10,29,13,59,112,71,3,1,45,12,7,27,21,57,105,72,9,2,4,0,High
2021-09-12,Sunday,7,36,9,Monsoon,1,0,0,0,0,0,0,0.3,29.6,22.7,70.9,Dengue,4,1,5,78,64,6,13,11,161,166.0,168.0,164.0,174.43,8.67,159.0,174.14,2,2,1,1,1,2,6,1,2,2,1,7,5,9,28,12,55,104,66,3,1,45,9,5,29,18,64,118,78,8,2,1,0,High
2021-09-13,Monday,1,37,9,Monsoon,0,0,0,0,0,0,0,36.0,30.4,22.2,85.3,Dengue,4,1,6,94,78,4,10,14,186,161.0,166.0,176.0,174.0,9.23,180.0,174.29,2,3,1,1,1,3,7,1,2,2,1,8,5,11,32,15,67,127,81,3,1,41,11,7,37,20,81,170,94,10,2,1,0,High
2021-09-14,Tuesday,2,37,9,Monsoon,0,0,0,0,0,1,0,27.6,29.1,20.4,78.2,Dengue,4,1,6,94,72,10,3,11,179,186.0,161.0,179.0,175.43,10.15,177.0,174.71,2,3,1,1,1,2,7,1,2,2,1,7,4,10,29,13,62,118,74,2,1,42,10,8,26,18,60,129,96,9,2,3,0,High
2021-09-15,Wednesday,3,37,9,Monsoon,0,0,0,1,0,0,1,23.9,27.2,18.1,85.2,Dengue,4,1,8,103,75,6,16,12,200,179.0,186.0,191.0,175.43,10.15,193.0,174.86,2,3,1,1,1,3,8,1,2,2,1,7,5,10,33,14,64,123,79,3,1,43,10,8,41,23,61,149,86,9,2,2,0,High
2021-09-16,Thursday,4,37,9,Monsoon,0,0,0,0,0,1,0,11.2,27.7,20.6,77.8,Dengue,4,1,8,87,67,9,6,10,169,200.0,179.0,177.0,176.71,12.37,177.0,175.36,2,2,1,1,1,2,7,1,2,2,1,6,4,9,28,13,57,110,70,2,1,33,12,3,27,22,50,105,74,11,2,4,0,High
2021-09-17,Friday,5,37,9,Monsoon,0,0,0,0,0,0,0,1.8,28.2,20.4,74.8,Dengue,4,1,5,88,67,5,7,11,167,169.0,200.0,168.0,175.57,12.66,168.0,174.79,2,2,1,1,1,2,6,1,2,2,1,7,4,9,27,13,57,110,69,2,1,48,16,7,26,23,58,113,88,8,2,2,0,High
2021-09-18,Saturday,6,37,9,Monsoon,1,0,0,0,0,0,0,1.7,27.5,18.8,73.3,Dengue,4,1,6,80,71,4,9,10,164,167.0,169.0,166.0,175.43,12.75,163.0,174.71,2,3,1,1,1,2,6,1,2,2,1,6,4,9,29,13,61,115,72,3,1,44,10,5,38,22,70,128,101,9,2,1,0,High
2021-09-19,Sunday,7,37,9,Monsoon,1,0,0,0,0,0,0,17.8,25.7,19.4,80.8,Dengue,4,1,5,73,75,4,9,12,161,164.0,167.0,161.0,175.14,12.98,164.0,174.79,2,3,1,1,1,2,6,1,2,2,1,7,5,10,30,14,64,120,76,3,1,33,16,11,36,26,66,117,103,8,2,1,0,High
2021-09-20,Monday,1,38,9,Monsoon,0,0,0,0,0,0,0,4.2,27.6,17.1,80.7,Dengue,4,1,6,94,71,6,5,10,176,161.0,164.0,186.0,175.14,12.98,176.0,174.57,2,3,1,1,1,2,7,1,2,2,1,6,4,9,28,13,61,116,73,2,1,42,9,9,33,23,49,121,100,9,2,1,0,High
2021-09-21,Tuesday,2,38,9,Monsoon,0,0,0,0,0,1,0,6.8,23.5,14.8,73.8,Dengue,4,1,6,93,66,10,8,13,177,176.0,161.0,179.0,173.71,12.23,179.0,174.57,2,2,1,1,1,2,7,1,2,2,1,8,5,10,28,12,57,109,69,2,1,41,11,10,30,23,52,133,91,13,2,1,0,High
2021-09-22,Wednesday,3,38,9,Monsoon,0,0,0,1,0,0,1,2.1,27.7,18.4,74.1,Dengue,4,1,7,102,65,3,15,11,185,177.0,176.0,200.0,173.43,12.13,191.0,174.43,2,2,1,1,1,3,7,1,2,2,1,7,5,9,28,12,56,108,69,3,1,43,8,9,30,25,45,105,66,9,2,3,0,High
2021-09-23,Thursday,4,38,9,Monsoon,0,0,0,0,0,1,0,3.0,24.9,15.8,75.2,Dengue,4,1,5,91,69,11,7,12,178,185.0,177.0,169.0,171.29,7.8,177.0,174.0,2,2,1,1,1,2,7,1,2,2,1,7,4,10,29,13,59,113,72,3,1,44,11,9,29,23,58,131,64,9,1,3,0,High
2021-09-24,Friday,5,38,9,Monsoon,0,0,0,0,0,0,0,8.5,28.8,20.6,79.3,Dengue,4,1,5,87,72,4,9,11,172,178.0,185.0,167.0,172.57,8.05,168.0,174.07,2,3,1,1,1,2,7,1,2,2,1,7,4,10,29,13,62,117,74,3,1,40,7,7,37,19,78,137,68,13,2,2,0,High
2021-09-25,Saturday,6,38,9,Monsoon,1,0,0,0,0,0,0,0.0,28.0,20.5,76.0,Dengue,4,1,4,79,62,4,14,10,159,172.0,178.0,164.0,173.29,7.74,166.0,174.36,2,2,1,1,1,2,6,1,2,2,1,6,5,9,27,12,53,101,64,3,1,47,11,5,32,22,53,93,74,14,2,2,0,High
2021-09-26,Sunday,7,38,9,Monsoon,1,0,0,0,0,0,0,8.5,29.8,22.9,72.9,Dengue,4,1,6,75,69,5,12,13,161,159.0,172.0,161.0,172.57,8.73,161.0,173.86,2,2,1,1,1,2,6,1,2,2,1,8,5,10,29,13,59,111,71,3,1,39,9,10,32,26,79,143,84,11,2,0,0,High
2021-09-27,Monday,1,39,9,Monsoon,0,0,0,0,0,0,0,4.7,27.0,16.9,79.0,Dengue,4,1,5,96,69,4,8,11,177,161.0,159.0,176.0,172.57,8.73,186.0,173.86,2,2,1,1,1,2,7,1,2,2,1,7,4,10,28,13,59,114,72,3,1,43,10,10,35,24,69,154,90,9,2,0,0,High
2021-09-28,Tuesday,2,39,9,Monsoon,0,0,0,0,0,1,0,10.0,27.0,19.1,79.4,Dengue,4,1,6,101,66,9,6,13,182,177.0,161.0,177.0,172.71,8.79,179.0,173.21,2,2,1,1,1,3,7,1,2,2,1,8,4,10,28,12,57,110,70,2,1,42,10,7,35,20,73,140,100,9,3,1,0,High
2021-09-29,Wednesday,3,39,9,Monsoon,0,0,0,1,0,0,1,14.3,24.8,16.3,87.1,Dengue,4,1,5,100,72,3,13,11,188,182.0,177.0,185.0,173.43,9.3,200.0,173.43,2,3,1,1,1,3,7,1,2,2,1,7,5,10,30,13,62,118,75,3,1,42,11,8,38,20,62,148,66,11,1,2,0,High
2021-09-30,Thursday,4,39,9,Monsoon,0,0,0,0,0,1,0,16.7,26.6,20.6,82.1,Dengue,4,1,6,86,74,10,9,13,179,188.0,182.0,178.0,173.86,9.88,169.0,172.57,2,3,1,1,1,2,7,1,2,2,1,8,5,11,32,14,63,120,76,3,1,51,11,8,33,25,78,152,66,9,2,2,0,High
2021-10-01,Friday,5,39,10,Post_Monsoon,0,0,0,0,0,0,0,0.3,25.5,15.7,49.7,Dengue,4,1,5,91,60,6,7,10,164,179.0,188.0,172.0,174.0,9.94,167.0,173.29,2,2,1,1,1,2,6,1,2,2,1,6,4,8,25,11,51,100,62,2,1,40,13,8,22,19,64,98,52,8,2,3,0,High
2021-10-02,Saturday,6,39,10,Post_Monsoon,1,1,0,0,0,0,1,0.6,27.2,18.6,43.9,,0,0,0,72,17,5,13,8,107,164.0,179.0,159.0,172.86,10.55,164.0,173.07,2,1,1,1,1,2,4,1,1,1,1,5,4,3,12,4,8,33,15,1,1,42,11,11,13,11,8,33,16,9,2,0,0,Normal
2021-10-03,Sunday,7,39,10,Post_Monsoon,1,0,0,0,0,0,0,5.6,23.1,15.7,59.9,,0,0,0,69,18,6,11,7,104,107.0,164.0,161.0,165.43,25.46,161.0,169.0,2,1,1,1,1,2,4,1,1,1,1,4,4,3,12,4,9,34,15,1,1,42,11,7,11,12,10,31,15,11,2,2,0,Watch
2021-10-04,Monday,1,40,10,Post_Monsoon,0,0,0,0,0,0,0,0.8,25.5,15.9,50.3,,0,0,0,85,17,6,7,6,115,104.0,107.0,177.0,157.29,33.44,176.0,164.93,2,1,1,1,1,2,5,1,1,1,1,4,3,3,10,4,8,34,16,1,1,44,8,10,9,13,10,38,17,11,2,1,0,Watch
2021-10-05,Tuesday,2,40,10,Post_Monsoon,0,0,0,0,0,1,0,4.4,27.2,20.5,58.3,,0,0,0,86,22,9,7,8,124,115.0,104.0,182.0,148.43,35.21,177.0,160.57,2,1,1,1,1,2,5,1,1,2,1,5,3,3,13,4,10,42,18,1,1,33,15,9,13,13,10,58,14,4,2,1,0,Watch
2021-10-06,Wednesday,3,40,10,Post_Monsoon,0,0,0,1,0,0,1,4.1,27.4,16.4,56.4,,0,0,0,93,19,6,13,8,131,124.0,115.0,188.0,140.14,33.09,185.0,156.79,2,1,1,1,1,2,5,1,1,2,1,5,4,3,13,4,9,38,17,1,1,44,7,8,12,12,7,50,23,9,2,2,0,Watch
2021-10-07,Thursday,4,40,10,Post_Monsoon,0,0,0,0,1,1,0,0.8,28.3,15.5,48.8,,0,0,0,90,17,13,5,8,125,131.0,124.0,179.0,132.0,26.72,178.0,152.93,2,1,1,1,1,2,5,1,1,2,1,5,3,3,11,4,8,35,16,1,1,32,11,8,11,13,10,37,21,9,2,0,0,Normal
2021-10-08,Friday,5,40,10,Post_Monsoon,0,0,0,0,0,0,0,0.9,26.1,20.1,41.8,,0,0,0,82,11,4,8,5,105,125.0,131.0,164.0,124.29,18.59,172.0,149.14,2,1,1,1,1,2,4,1,1,1,1,3,3,2,8,2,5,25,12,1,1,48,10,6,9,10,3,30,16,12,2,1,0,Watch
2021-10-09,Saturday,6,40,10,Post_Monsoon,1,0,0,0,0,0,0,0.0,27.0,20.3,51.4,,0,0,0,68,18,4,13,8,103,105.0,125.0,107.0,115.86,10.12,159.0,144.36,2,1,1,1,1,2,4,1,1,1,1,5,4,3,12,4,9,34,15,1,1,42,11,7,10,13,7,44,12,9,2,3,0,High
2021-10-10,Sunday,7,40,10,Post_Monsoon,1,0,0,0,0,0,0,0.0,27.4,20.2,44.9,,0,0,0,69,10,6,12,8,97,103.0,105.0,104.0,115.29,10.7,161.0,140.36,2,1,1,1,1,2,4,1,1,1,1,5,4,3,9,2,5,22,11,1,1,42,9,7,8,9,5,21,15,10,2,2,0,Watch
2021-10-11,Monday,1,41,10,Post_Monsoon,0,0,0,0,0,0,0,0.7,26.8,17.5,45.7,,0,0,0,87,14,6,8,6,115,97.0,103.0,115.0,114.29,11.96,177.0,135.79,2,1,1,1,1,2,5,1,1,1,1,4,3,2,9,3,7,30,14,1,1,36,11,7,9,11,8,27,17,9,2,1,0,Watch
2021-10-12,Tuesday,2,41,10,Post_Monsoon,0,0,1,0,0,1,1,0.1,24.5,15.2,51.7,,0,0,0,91,13,12,13,9,129,115.0,97.0,124.0,114.29,11.96,182.0,131.36,2,1,1,1,1,2,5,1,1,2,1,5,4,3,12,3,6,29,14,1,1,39,11,8,13,12,7,36,18,5,2,0,0,Normal
2021-10-13,Wednesday,3,41,10,Post_Monsoon,0,0,0,1,0,0,1,1.3,29.4,20.1,43.5,,0,0,0,92,12,5,13,6,122,129.0,115.0,131.0,115.0,12.65,188.0,127.57,2,1,1,1,1,2,5,1,1,2,1,4,4,2,10,3,6,28,13,1,1,39,11,8,12,11,5,37,11,7,2,2,0,Watch
2021-10-14,Thursday,4,41,10,Post_Monsoon,0,0,1,0,0,1,1,0.0,24.4,16.6,53.4,,0,0,0,89,14,9,17,8,129,122.0,129.0,125.0,113.71,11.35,179.0,122.86,2,1,1,1,1,2,5,1,1,2,1,5,5,3,13,3,7,30,14,2,1,34,11,7,13,12,5,31,14,10,2,1,0,Watch
2021-10-15,Friday,5,41,10,Post_Monsoon,0,0,1,0,0,0,2,0.0,26.6,18.3,53.0,,0,0,0,86,12,4,16,8,118,129.0,122.0,105.0,114.29,11.98,164.0,119.29,2,1,1,1,1,2,5,1,1,1,1,5,4,3,10,3,6,27,13,1,1,36,14,7,9,11,5,34,10,11,2,3,0,High
2021-10-16,Saturday,6,41,10,Post_Monsoon,1,0,0,0,0,0,0,4.3,22.5,13.9,54.1,,0,0,0,68,19,5,11,7,103,118.0,129.0,103.0,116.14,11.39,107.0,116.0,2,1,1,1,1,2,4,1,1,1,1,4,4,3,12,4,9,36,16,1,1,42,14,6,14,12,7,42,15,9,2,2,0,Watch
2021-10-17,Sunday,7,41,10,Post_Monsoon,1,0,1,0,0,0,2,4.8,23.6,17.1,50.4,,0,0,0,69,14,4,23,9,110,103.0,118.0,97.0,116.14,11.39,104.0,115.71,2,1,2,1,1,2,4,1,1,1,1,5,6,3,13,3,7,28,13,2,1,53,12,8,12,10,7,31,18,10,2,1,0,Watch
2021-10-18,Monday,1,42,10,Post_Monsoon,0,0,0,0,0,0,0,0.0,24.5,15.8,52.0,,0,0,0,87,14,5,7,6,113,110.0,103.0,115.0,118.0,8.91,115.0,116.14,2,1,1,1,1,2,5,1,1,1,1,4,3,2,9,3,7,30,14,1,1,43,10,8,8,12,8,29,14,7,2,2,0,Watch
2021-10-19,Tuesday,2,42,10,Post_Monsoon,0,0,1,0,0,1,1,0.0,25.4,18.8,47.1,,0,0,0,91,12,12,14,9,129,113.0,110.0,129.0,117.71,9.04,124.0,116.0,2,1,1,1,1,2,5,1,1,2,1,5,4,3,12,3,6,28,13,1,1,40,12,10,13,11,7,32,13,11,2,0,0,Normal
2021-10-20,Wednesday,3,42,10,Post_Monsoon,0,0,0,1,0,0,1,0.6,26.0,18.9,45.2,,0,0,0,94,13,5,15,7,127,129.0,113.0,122.0,117.71,9.04,131.0,116.36,2,1,1,1,1,2,5,1,1,2,1,4,4,3,11,3,6,29,14,1,1,38,11,8,10,11,4,28,14,9,2,3,0,High
2021-10-21,Thursday,4,42,10,Post_Monsoon,0,0,0,0,0,1,0,0.0,24.3,15.5,63.5,,0,0,0,81,14,10,8,7,113,127.0,129.0,129.0,118.43,9.53,125.0,116.07,2,1,1,1,1,2,5,1,1,1,1,4,3,3,10,3,7,30,14,1,1,34,12,8,10,11,6,29,13,8,2,3,0,High
2021-10-22,Friday,5,42,10,Post_Monsoon,0,0,0,0,0,0,0,2.2,25.5,17.8,55.3,,0,0,0,81,14,6,7,7,108,113.0,127.0,118.0,116.14,8.59,105.0,115.21,2,1,1,1,1,2,4,1,1,1,1,4,3,3,9,3,7,30,13,1,1,44,9,8,8,12,6,34,16,8,2,2,0,Watch
2021-10-23,Saturday,6,42,10,Post_Monsoon,1,0,1,0,0,0,3,3.7,24.0,15.8,53.8,,0,0,0,75,18,4,22,9,119,108.0,113.0,103.0,114.71,8.99,103.0,115.43,2,1,2,1,1,2,5,1,1,1,1,5,5,3,14,4,9,35,16,2,1,43,11,7,12,12,8,32,13,12,2,4,0,High
2021-10-24,Sunday,7,42,10,Post_Monsoon,1,0,0,0,0,0,0,2.5,22.3,13.7,53.0,,0,0,0,67,17,4,10,6,98,119.0,108.0,110.0,117.0,7.65,97.0,116.57,2,1,1,1,1,2,4,1,1,1,1,4,3,3,10,4,8,33,15,1,1,42,8,10,9,11,10,39,17,9,2,1,0,Watch
2021-10-25,Monday,1,43,10,Post_Monsoon,0,0,1,0,0,0,1,0.0,25.4,20.3,54.5,,0,0,0,92,16,5,15,7,128,98.0,119.0,113.0,115.29,10.01,115.0,116.64,2,1,1,1,1,2,5,1,1,2,1,4,4,3,12,3,8,34,15,1,1,43,12,10,12,11,6,33,15,10,2,2,0,Watch
2021-10-26,Tuesday,2,43,10,Post_Monsoon,0,0,0,0,0,1,0,0.0,26.0,19.4,50.9,,0,0,0,89,14,9,6,5,118,128.0,98.0,129.0,117.43,10.86,129.0,117.57,2,1,1,1,1,2,5,1,1,1,1,3,2,2,9,3,7,30,14,1,1,50,11,9,11,11,7,37,13,11,2,1,0,Watch
2021-10-27,Wednesday,3,43,10,Post_Monsoon,0,0,0,1,0,0,1,0.6,26.0,19.9,45.7,,0,0,0,96,10,4,9,4,119,118.0,128.0,127.0,115.86,9.82,122.0,116.79,2,1,1,1,1,2,5,1,1,1,1,3,3,2,8,2,5,25,12,1,1,46,11,10,7,10,5,27,16,7,2,1,0,Watch
2021-10-28,Thursday,4,43,10,Post_Monsoon,0,0,0,0,0,1,0,0.0,27.4,16.9,48.9,,0,0,0,82,14,10,6,7,112,119.0,118.0,113.0,114.71,8.88,129.0,116.57,2,1,1,1,1,2,4,1,1,1,1,4,3,3,10,3,7,30,13,1,1,44,13,7,13,10,6,36,11,9,2,2,0,Watch
2021-10-29,Friday,5,43,10,Post_Monsoon,0,0,1,0,0,0,3,0.0,22.6,14.0,59.5,,0,0,0,80,15,5,20,7,120,112.0,119.0,108.0,114.57,8.91,118.0,115.36,2,1,2,1,1,2,5,1,1,1,1,4,5,3,13,3,7,31,15,2,1,41,13,8,12,11,7,39,17,10,0,2,0,Watch
2021-10-30,Saturday,6,43,10,Post_Monsoon,1,0,1,0,0,0,2,0.0,24.0,14.2,54.1,,0,0,0,80,14,4,20,7,118,120.0,112.0,119.0,116.29,8.63,103.0,115.5,2,1,2,1,1,2,5,1,1,1,1,4,5,3,12,3,7,29,14,2,1,48,10,8,10,11,7,39,18,10,2,1,0,Watch
2021-10-31,Sunday,7,43,10,Post_Monsoon,1,0,0,0,0,0,0,0.0,24.9,17.4,47.5,,0,0,0,70,13,6,11,7,100,118.0,120.0,98.0,116.14,8.59,110.0,116.57,2,1,1,1,1,2,4,1,1,1,1,4,4,3,10,3,6,27,13,1,1,49,14,8,9,10,4,31,11,9,2,3,0,High
2021-11-01,Monday,1,44,11,Post_Monsoon,0,0,0,0,0,0,0,0.0,24.2,18.2,55.8,,0,0,0,85,17,5,8,6,115,100.0,118.0,128.0,116.43,8.0,113.0,115.86,2,1,1,1,1,2,5,1,1,1,1,4,3,3,10,4,8,34,16,1,1,42,11,8,11,13,8,46,20,9,2,0,0,Normal
2021-11-02,Tuesday,2,44,11,Post_Monsoon,0,0,0,0,0,1,0,0.0,25.7,17.2,52.4,,0,0,0,87,15,10,10,8,122,115.0,100.0,118.0,114.57,6.46,129.0,116.0,2,1,1,1,1,2,5,1,1,2,1,5,4,3,11,3,7,32,15,1,1,36,9,8,13,11,6,41,17,7,2,1,0,Watch
2021-11-03,Wednesday,3,44,11,Post_Monsoon,0,0,0,1,0,0,1,0.1,24.0,15.7,54.1,,0,0,0,90,18,5,11,8,124,122.0,115.0,119.0,115.14,6.9,127.0,115.5,2,1,1,1,1,2,5,1,1,2,1,5,4,3,11,4,9,36,16,1,1,40,11,8,13,13,6,36,19,3,2,1,0,Watch
2021-11-04,Thursday,4,44,11,Post_Monsoon,0,0,1,0,0,1,2,0.0,26.3,17.9,56.6,,0,0,0,93,18,10,14,9,135,124.0,122.0,112.0,115.86,7.49,113.0,115.29,2,1,1,1,1,2,5,1,1,2,1,5,4,3,13,4,9,37,16,2,1,45,14,12,13,12,7,44,23,12,2,1,0,Watch
2021-11-05,Friday,5,44,11,Post_Monsoon,0,0,0,0,0,0,0,10.9,23.2,14.8,52.8,,0,0,0,79,14,5,8,6,106,135.0,124.0,120.0,119.14,9.78,108.0,116.86,2,1,1,1,1,2,4,1,1,1,1,4,3,2,9,3,7,29,13,1,1,33,9,9,11,10,9,38,14,9,2,0,0,Normal
2021-11-06,Saturday,6,44,11,Post_Monsoon,1,0,0,0,0,0,0,0.0,22.3,15.7,55.4,,0,0,0,66,16,7,9,6,98,106.0,135.0,118.0,117.14,10.78,119.0,116.71,2,1,1,1,1,2,4,1,1,1,1,4,3,2,11,3,8,31,14,1,1,40,7,3,11,10,7,43,18,11,2,1,0,Watch
2021-11-07,Sunday,7,44,11,Post_Monsoon,1,0,0,0,1,0,0,0.0,23.2,15.1,53.8,,0,0,0,68,14,6,11,8,99,98.0,106.0,100.0,114.29,12.66,98.0,115.21,2,1,1,1,1,2,4,1,1,1,1,5,4,3,10,3,7,28,13,1,1,43,11,8,12,10,9,37,13,7,2,0,0,Normal
2021-11-08,Monday,1,45,11,Post_Monsoon,0,0,0,0,0,0,0,0.0,24.3,15.4,56.5,,0,0,0,90,16,5,6,5,117,99.0,98.0,115.0,114.14,12.82,128.0,115.29,2,1,1,1,1,2,5,1,1,1,1,3,2,2,9,3,8,33,15,1,1,44,10,10,11,10,8,38,16,10,2,0,0,Normal
2021-11-09,Tuesday,2,45,11,Post_Monsoon,0,0,1,0,0,1,2,1.6,21.5,13.5,55.2,,0,0,0,90,14,11,13,7,128,117.0,99.0,122.0,114.43,12.86,118.0,114.5,2,1,1,1,1,2,5,1,1,2,1,4,4,3,12,3,7,30,14,1,1,40,13,11,14,12,9,41,16,9,2,0,0,Normal
2021-11-10,Wednesday,3,45,11,Post_Monsoon,0,0,1,1,0,0,2,4.1,23.4,15.3,51.1,Mass_Casualty,4,1,8,112,15,5,88,24,220,128.0,117.0,124.0,115.29,13.52,119.0,115.21,3,1,5,1,1,3,8,1,1,2,4,14,17,9,33,3,7,34,25,4,3,38,11,7,33,11,7,46,26,10,2,3,0,High
2021-11-11,Thursday,4,45,11,Post_Monsoon,0,0,1,0,0,1,3,0.0,24.2,15.5,53.4,,0,0,0,93,18,11,19,9,141,220.0,128.0,135.0,129.0,39.37,112.0,122.43,2,1,2,1,1,2,6,1,1,2,1,5,5,3,15,4,9,37,17,2,1,35,11,7,15,13,9,43,15,9,2,1,0,Watch
2021-11-12,Friday,5,45,11,Post_Monsoon,0,0,0,0,0,0,0,1.1,22.8,13.7,52.2,,0,0,0,85,16,6,7,7,114,141.0,220.0,106.0,129.86,39.56,120.0,124.5,2,1,1,1,1,2,5,1,1,1,1,4,3,3,10,3,8,33,15,1,1,42,10,6,11,11,7,45,18,8,2,1,0,Watch
2021-11-13,Saturday,6,45,11,Post_Monsoon,1,0,0,0,0,0,0,0.0,25.5,18.7,51.1,,0,0,0,74,14,6,9,5,103,114.0,141.0,98.0,131.0,38.97,118.0,124.07,2,1,1,1,1,2,4,1,1,1,1,3,3,2,10,3,7,29,13,1,1,39,10,7,8,10,8,38,11,9,2,2,0,Watch
2021-11-14,Sunday,7,45,11,Post_Monsoon,1,0,0,0,0,0,0,0.8,23.3,15.3,49.3,,0,0,0,64,10,6,8,5,88,103.0,114.0,99.0,131.71,38.4,100.0,123.0,2,1,1,1,1,1,4,1,1,1,1,3,3,2,8,2,5,22,10,1,1,42,11,8,6,10,6,20,13,8,2,2,0,Watch
2021-11-15,Monday,1,46,11,Post_Monsoon,0,0,0,0,0,0,0,0.5,25.8,15.8,47.5,,0,0,0,91,16,5,8,5,120,88.0,103.0,117.0,130.14,39.9,115.0,122.14,2,1,1,1,1,2,5,1,1,1,1,3,3,2,10,3,8,34,15,1,1,41,13,8,13,11,9,40,14,9,2,1,0,Watch
2021-11-16,Tuesday,2,46,11,Post_Monsoon,0,0,0,0,0,1,0,0.0,21.7,14.7,54.1,,0,0,0,87,16,10,8,8,121,120.0,88.0,128.0,130.57,39.77,122.0,122.5,2,1,1,1,1,2,5,1,1,2,1,5,3,3,11,3,8,33,15,1,1,42,8,7,11,12,6,42,17,10,2,1,0,Watch
2021-11-17,Wednesday,3,46,11,Post_Monsoon,0,0,0,1,0,0,1,2.0,22.0,14.1,49.7,,0,0,0,100,14,5,12,7,131,121.0,120.0,220.0,129.57,39.91,124.0,122.43,2,1,1,1,1,2,5,1,1,2,1,4,4,3,10,3,7,31,14,1,1,38,11,5,9,11,9,29,17,9,2,2,0,Watch
2021-11-18,Thursday,4,46,11,Post_Monsoon,0,0,0,0,0,1,0,1.2,22.3,14.5,54.6,,0,0,0,81,18,9,8,6,116,131.0,121.0,141.0,116.86,16.23,135.0,122.93,2,1,1,1,1,2,5,1,1,1,1,4,3,3,11,4,9,36,16,1,1,39,10,7,13,11,9,43,14,12,2,1,0,Watch
2021-11-19,Friday,5,46,11,Post_Monsoon,0,0,0,0,0,0,0,0.0,20.8,13.0,61.3,,0,0,0,78,17,6,8,6,109,116.0,131.0,114.0,113.29,12.94,106.0,121.57,2,1,1,1,1,2,4,1,1,1,1,4,3,3,10,4,8,34,15,1,1,41,10,8,9,12,6,37,12,8,2,3,0,High
2021-11-20,Saturday,6,46,11,Post_Monsoon,1,0,0,0,0,0,0,0.3,21.5,12.5,47.6,,0,0,0,70,16,5,11,6,102,109.0,116.0,103.0,112.57,13.01,98.0,121.79,2,1,1,1,1,2,4,1,1,1,1,4,3,2,11,3,8,31,14,1,1,39,10,8,9,11,8,36,18,10,2,1,0,Watch
2021-11-21,Sunday,7,46,11,Post_Monsoon,1,0,0,0,0,0,0,0.0,25.2,17.2,52.4,,0,0,0,69,17,5,11,7,102,102.0,109.0,88.0,112.43,13.12,99.0,122.07,2,1,1,1,1,2,4,1,1,1,1,4,4,3,11,4,8,33,15,1,1,47,10,11,10,12,7,32,16,8,2,3,0,High
2021-11-22,Monday,1,47,11,Post_Monsoon,0,0,0,0,0,0,0,1.5,23.7,15.0,51.9,,0,0,0,88,19,7,7,6,121,102.0,102.0,120.0,114.43,9.93,117.0,122.29,2,1,1,1,1,2,5,1,1,2,1,4,3,3,11,4,9,38,17,1,1,47,9,11,10,12,7,38,15,11,2,3,0,High
2021-11-23,Tuesday,2,47,11,Post_Monsoon,0,0,0,0,0,1,0,0.4,17.8,10.2,58.5,,0,0,0,86,22,11,5,7,124,121.0,102.0,121.0,114.57,10.01,128.0,122.57,2,1,1,1,1,2,5,1,1,2,1,4,3,3,12,4,10,42,18,1,1,44,11,8,10,13,11,47,20,7,2,1,0,Watch
2021-11-24,Wednesday,3,47,11,Post_Monsoon,0,0,0,1,0,0,1,0.0,22.0,13.2,53.8,,0,0,0,96,18,5,14,7,133,124.0,121.0,131.0,115.0,10.34,220.0,122.29,2,1,1,1,1,2,5,1,1,2,1,4,4,3,12,4,9,37,16,2,1,50,11,11,14,12,10,46,20,9,2,0,0,Normal
2021-11-25,Thursday,4,47,11,Post_Monsoon,0,0,0,0,0,1,0,0.0,20.2,13.6,53.5,,0,0,0,84,14,10,5,6,113,133.0,124.0,116.0,115.29,10.79,141.0,116.07,2,1,1,1,1,2,5,1,1,1,1,4,3,2,9,3,7,30,14,1,1,42,12,7,10,11,7,36,13,12,3,1,0,Watch
2021-11-26,Friday,5,47,11,Post_Monsoon,0,0,0,0,0,0,0,0.0,24.5,16.4,50.1,,0,0,0,80,11,8,8,6,107,113.0,133.0,109.0,114.86,10.82,114.0,114.07,2,1,1,1,1,2,4,1,1,1,1,4,3,2,9,2,5,25,12,1,1,45,12,6,11,10,4,29,9,10,3,2,0,Watch
2021-11-27,Saturday,6,47,11,Post_Monsoon,1,0,1,0,0,0,1,0.0,24.1,15.2,55.4,,0,0,0,78,16,5,17,9,116,107.0,113.0,102.0,114.57,10.99,103.0,113.57,2,1,1,1,1,2,5,1,1,1,1,5,5,3,12,3,8,32,15,2,1,49,13,9,10,12,7,31,19,10,2,3,0,High
2021-11-28,Sunday,7,47,11,Post_Monsoon,1,0,0,0,0,0,0,0.0,25.0,17.6,52.1,,0,0,0,65,10,7,12,6,94,116.0,107.0,102.0,116.57,9.72,88.0,114.5,2,1,1,1,1,2,4,1,1,1,1,4,3,2,9,2,5,22,11,1,1,43,11,4,11,10,5,28,9,8,2,1,0,Watch
2021-11-29,Monday,1,48,11,Post_Monsoon,0,0,0,0,0,0,0,0.0,18.7,12.9,54.3,,0,0,0,88,19,5,6,7,118,94.0,116.0,121.0,115.43,11.65,120.0,114.93,2,1,1,1,1,2,5,1,1,1,1,4,3,3,10,4,9,38,17,1,1,46,13,7,12,13,6,47,19,11,2,1,0,Watch
2021-11-30,Tuesday,2,48,11,Post_Monsoon,0,0,1,0,0,1,3,0.0,22.4,13.1,55.2,,0,0,0,92,15,12,17,8,136,118.0,94.0,124.0,115.0,11.49,121.0,114.79,2,1,1,1,1,2,5,1,1,2,1,5,5,3,14,3,7,32,15,2,1,43,11,7,17,12,8,41,17,9,2,0,0,Normal
2021-12-01,Wednesday,3,48,12,Winter,0,0,0,1,0,0,1,0.0,19.5,13.5,57.6,,0,0,0,94,18,6,8,6,126,136.0,118.0,133.0,116.71,13.43,131.0,115.86,2,1,1,1,1,2,5,1,1,2,1,4,3,3,11,4,9,37,16,1,1,38,11,7,10,12,8,41,14,9,2,3,0,High
2021-12-02,Thursday,4,48,12,Winter,0,0,0,0,0,1,0,0.0,23.0,13.0,52.2,,0,0,0,86,18,11,7,8,122,126.0,136.0,113.0,115.71,12.41,116.0,115.5,2,1,1,1,1,2,5,1,1,2,1,5,3,3,12,4,9,36,16,1,1,41,11,9,13,11,10,33,16,9,2,1,0,Watch
2021-12-03,Friday,5,48,12,Winter,0,0,0,0,0,0,0,0.0,24.3,14.9,51.8,,0,0,0,83,19,5,7,6,114,122.0,126.0,107.0,117.0,12.52,109.0,115.93,2,1,1,1,1,2,5,1,1,1,1,4,3,3,10,4,9,37,17,1,1,40,9,8,10,13,11,43,16,9,2,1,0,Watch
2021-12-04,Saturday,6,48,12,Winter,1,0,0,0,0,0,0,0.0,23.1,15.7,51.8,,0,0,0,68,15,4,12,7,99,114.0,122.0,116.0,118.0,11.95,102.0,116.29,2,1,1,1,1,2,4,1,1,1,1,4,4,3,10,3,7,30,14,1,1,42,12,6,8,11,6,37,19,9,1,2,0,Watch
2021-12-05,Sunday,7,48,12,Winter,1,0,0,0,0,0,0,0.0,21.7,13.8,55.4,,0,0,0,62,18,4,11,5,95,99.0,114.0,94.0,115.57,13.71,102.0,116.07,2,1,1,1,1,2,4,1,1,1,1,3,3,2,11,4,9,34,15,1,1,41,12,9,11,11,10,42,12,8,2,1,0,Watch
2021-12-06,Monday,1,49,12,Winter,0,0,0,0,0,0,0,0.0,24.6,18.0,50.7,,0,0,0,90,11,5,6,6,112,95.0,99.0,118.0,115.71,13.49,121.0,115.57,2,1,1,1,1,2,4,1,1,1,1,4,3,2,7,2,5,26,12,1,1,42,11,7,6,10,4,31,12,8,2,2,0,Watch
2021-12-07,Tuesday,2,49,12,Winter,0,0,0,0,0,1,0,0.0,24.4,15.0,58.4,,0,0,0,88,14,10,10,6,122,112.0,95.0,136.0,114.86,13.51,124.0,114.93,2,1,1,1,1,2,5,1,1,2,1,4,3,2,11,3,7,30,14,1,1,42,17,8,11,11,8,28,15,6,2,1,0,Watch
2021-12-08,Wednesday,3,49,12,Winter,0,0,0,1,0,0,1,0.0,20.2,11.0,62.0,,0,0,0,93,15,8,12,9,128,122.0,112.0,126.0,112.86,11.04,133.0,114.79,2,1,1,1,1,2,5,1,1,2,1,5,4,3,11,3,7,32,15,1,1,42,10,5,12,12,5,29,16,9,2,2,0,Watch
2021-12-09,Thursday,4,49,12,Winter,0,0,0,0,0,1,0,0.0,23.6,16.3,59.0,,0,0,0,84,17,10,7,6,118,128.0,122.0,122.0,113.14,11.39,113.0,114.43,2,1,1,1,1,2,5,1,1,1,1,4,3,3,11,4,8,34,16,1,1,43,12,7,13,11,8,34,12,9,2,1,0,Watch
2021-12-10,Friday,5,49,12,Winter,0,0,0,0,0,0,0,0.0,21.3,14.3,55.7,,0,0,0,85,18,8,7,6,118,118.0,128.0,114.0,112.57,11.03,107.0,114.79,2,1,1,1,1,2,5,1,1,1,1,4,3,3,11,4,9,36,16,1,1,38,12,9,12,13,7,49,13,6,2,2,0,Watch
2021-12-11,Saturday,6,49,12,Winter,1,0,0,0,0,0,0,0.0,25.1,17.8,47.0,,0,0,0,73,18,7,13,7,111,118.0,118.0,99.0,113.14,11.19,116.0,115.57,2,1,1,1,1,2,4,1,1,1,1,4,4,3,12,4,9,35,15,1,1,41,13,7,15,11,9,34,12,7,2,2,0,Watch
2021-12-12,Sunday,7,49,12,Winter,1,0,0,0,0,0,0,0.0,20.6,10.1,57.8,,0,0,0,68,19,4,10,5,101,111.0,118.0,95.0,114.86,9.72,94.0,115.21,2,1,1,1,1,2,4,1,1,1,1,3,3,2,11,4,9,36,16,1,1,39,8,5,13,13,7,40,14,9,2,2,0,Watch
2021-12-13,Monday,1,50,12,Winter,0,0,0,0,0,0,0,0.0,23.4,17.2,57.6,,0,0,0,90,18,6,5,6,119,101.0,111.0,112.0,115.71,8.05,118.0,115.71,2,1,1,1,1,2,5,1,1,1,1,4,3,3,10,4,9,36,16,1,1,38,8,7,10,13,10,32,16,10,1,1,0,Watch
2021-12-14,Tuesday,2,50,12,Winter,0,0,0,0,0,1,0,0.0,23.1,14.0,56.3,,0,0,0,86,16,10,8,6,120,119.0,101.0,122.0,116.71,7.96,136.0,115.79,2,1,1,1,1,2,5,1,1,1,1,4,3,2,11,3,8,33,15,1,1,44,9,7,11,10,8,43,21,9,2,0,0,Normal
2021-12-15,Wednesday,3,50,12,Winter,0,0,0,1,0,0,1,0.0,20.3,12.7,61.1,,0,0,0,88,18,7,15,8,128,120.0,119.0,128.0,116.43,7.8,126.0,114.64,2,1,1,1,1,2,5,1,1,2,1,5,4,3,13,4,9,36,16,2,1,46,11,9,17,11,9,36,21,10,2,0,0,Normal
2021-12-16,Thursday,4,50,12,Winter,0,0,0,0,0,1,0,0.0,25.0,19.7,56.6,,0,0,0,86,14,12,8,6,120,128.0,120.0,118.0,116.43,7.8,122.0,114.79,2,1,1,1,1,2,5,1,1,1,1,4,3,2,11,3,7,30,14,1,1,44,11,8,11,11,6,36,14,12,2,1,0,Watch
2021-12-17,Friday,5,50,12,Winter,0,0,0,0,0,0,0,0.0,18.5,9.2,56.4,,0,0,0,81,13,8,9,6,111,120.0,128.0,118.0,116.71,7.89,114.0,114.64,2,1,1,1,1,2,4,1,1,1,1,4,3,2,10,3,6,28,13,1,1,41,11,6,9,12,5,35,18,12,2,2,0,Watch
2021-12-18,Saturday,6,50,12,Winter,1,0,0,0,0,0,0,0.0,21.5,13.1,49.5,,0,0,0,69,13,8,11,7,101,111.0,120.0,111.0,115.71,8.1,99.0,114.43,2,1,1,1,1,2,4,1,1,1,1,4,4,3,10,3,6,27,13,1,1,30,14,7,12,12,7,34,16,7,3,0,0,Normal
2021-12-19,Sunday,7,50,12,Winter,1,0,0,0,0,0,0,0.0,18.6,11.3,48.5,,0,0,0,69,18,5,8,5,100,101.0,111.0,101.0,114.29,9.56,95.0,114.57,2,1,1,1,1,2,4,1,1,1,1,3,3,2,10,4,9,34,15,1,1,45,11,11,10,13,11,44,13,5,2,1,0,Watch
2021-12-20,Monday,1,51,12,Winter,0,0,0,0,0,0,0,0.2,20.1,11.3,59.5,,0,0,0,85,21,6,7,6,119,100.0,101.0,119.0,114.14,9.76,112.0,114.93,2,1,1,1,1,2,5,1,1,1,1,4,3,3,11,4,10,40,18,1,1,49,11,12,14,12,12,40,17,13,2,1,0,Watch
2021-12-21,Tuesday,2,51,12,Winter,0,0,0,0,0,1,0,0.0,22.2,15.5,47.5,,0,0,0,84,14,12,9,7,119,119.0,100.0,120.0,114.14,9.76,122.0,115.43,2,1,1,1,1,2,5,1,1,1,1,4,3,3,11,3,7,30,14,1,1,49,13,10,9,12,6,33,16,9,2,2,0,Watch
2021-12-22,Wednesday,3,51,12,Winter,0,0,0,1,0,0,1,0.0,21.3,13.2,56.6,,0,0,0,101,18,7,11,8,137,119.0,119.0,128.0,114.0,9.68,128.0,115.21,2,1,1,1,1,2,5,1,1,2,1,5,4,3,12,4,9,38,16,1,1,47,11,7,16,11,8,47,19,7,2,1,0,Watch
2021-12-23,Thursday,4,51,12,Winter,0,0,0,0,0,1,0,0.0,20.8,12.3,61.1,,0,0,0,86,22,10,9,7,127,137.0,119.0,120.0,115.29,11.82,118.0,115.86,2,1,1,1,1,2,5,1,1,2,1,4,3,3,13,4,10,42,18,1,1,38,12,8,13,11,8,43,20,7,1,1,0,Watch
2021-12-24,Friday,5,51,12,Winter,0,0,0,0,0,0,0,0.1,21.1,12.4,53.1,,0,0,0,81,18,10,8,7,117,127.0,137.0,111.0,116.29,12.45,118.0,116.5,2,1,1,1,1,2,5,1,1,1,1,4,3,3,12,4,9,36,16,1,1,47,12,10,10,13,10,48,18,8,2,1,0,Watch
2021-12-25,Saturday,6,51,12,Winter,1,1,0,0,0,0,1,0.0,19.8,12.2,58.0,,0,0,0,78,16,6,13,8,113,117.0,127.0,101.0,117.14,12.26,111.0,116.43,2,1,1,1,1,2,5,1,1,1,1,5,4,3,11,3,8,32,15,1,1,44,11,8,12,11,8,39,18,9,2,0,0,Normal
2021-12-26,Sunday,7,51,12,Winter,1,0,0,0,0,0,0,0.3,24.2,15.7,56.4,,0,0,0,73,13,5,12,4,103,113.0,117.0,100.0,118.86,10.62,101.0,116.57,2,1,1,1,1,2,4,1,1,1,1,3,3,2,10,3,6,27,13,1,1,37,12,10,9,10,6,24,11,9,2,3,0,High
2021-12-27,Monday,1,52,12,Winter,0,0,0,0,0,0,0,0.0,22.9,13.6,49.4,,0,0,0,88,14,6,7,6,115,103.0,113.0,119.0,119.29,9.88,119.0,116.71,2,1,1,1,1,2,5,1,1,1,1,4,3,2,9,3,7,30,14,1,1,49,11,9,10,11,7,32,17,9,2,0,0,Normal
2021-12-28,Tuesday,2,52,12,Winter,0,0,0,0,0,1,0,0.0,25.2,17.7,49.4,,0,0,0,83,13,11,9,6,116,115.0,103.0,119.0,118.71,10.0,120.0,116.43,2,1,1,1,1,2,5,1,1,1,1,4,3,2,10,3,6,28,14,1,1,51,11,8,9,11,4,30,14,12,2,2,0,Watch
2021-12-29,Wednesday,3,52,12,Winter,0,0,0,1,0,0,1,0.0,21.1,14.8,53.3,,0,0,0,100,18,6,13,7,137,116.0,115.0,137.0,118.29,10.04,128.0,116.14,2,1,1,1,1,2,5,1,1,2,1,4,4,3,12,4,9,37,16,1,1,36,14,7,16,12,7,36,20,7,2,2,0,Watch
2021-12-30,Thursday,4,52,12,Winter,0,0,0,0,0,1,0,0.0,22.8,14.2,53.3,,0,0,0,86,18,11,8,7,123,137.0,116.0,127.0,118.29,10.04,120.0,116.79,2,1,1,1,1,2,5,1,1,2,1,4,3,3,12,4,9,36,16,1,1,43,10,8,10,12,10,38,13,11,2,2,0,Watch
2021-12-31,Friday,5,52,12,Winter,0,0,0,0,0,0,0,0.0,19.9,15.7,57.7,,0,0,0,80,19,5,8,6,112,123.0,137.0,117.0,117.71,9.63,111.0,117.0,2,1,1,1,1,2,4,1,1,1,1,4,3,3,11,4,9,37,16,1,1,42,10,10,12,12,11,49,16,9,2,0,0,Normal
2022-01-01,Saturday,6,52,1,Winter,1,0,0,0,0,0,0,0.0,22.1,13.4,51.1,,0,0,0,76,14,6,10,6,106,112.0,123.0,113.0,117.0,9.84,101.0,117.07,2,1,1,1,1,2,4,1,1,1,1,4,3,2,10,3,7,29,13,1,1,43,9,8,13,11,8,26,18,10,2,1,0,Watch
2022-01-02,Sunday,7,52,1,Winter,1,0,0,0,0,0,0,0.0,20.4,14.7,48.5,,0,0,0,73,17,6,10,7,106,106.0,112.0,103.0,116.0,10.53,100.0,117.43,2,1,1,1,1,2,4,1,1,1,1,4,3,3,11,4,8,33,15,1,1,42,11,7,9,11,9,41,14,10,2,2,0,Watch
2022-01-03,Monday,1,1,1,Winter,0,0,0,0,0,0,0,0.0,22.6,14.5,55.6,,0,0,0,92,17,8,6,8,123,106.0,106.0,115.0,116.43,10.04,119.0,117.86,2,1,1,1,1,2,5,1,1,2,1,5,3,3,10,4,8,35,16,1,1,42,11,8,12,12,9,40,20,9,2,0,0,Normal
2022-01-04,Tuesday,2,1,1,Winter,0,0,0,0,0,1,0,0.0,21.0,11.6,51.7,,0,0,0,93,19,10,7,7,129,123.0,106.0,116.0,117.57,10.27,119.0,118.14,2,1,1,1,1,2,5,1,1,2,1,4,3,3,12,4,9,38,17,1,1,37,11,12,13,12,7,43,19,9,2,1,0,Watch
2022-01-05,Wednesday,3,1,1,Winter,0,0,0,1,0,0,1,0.0,21.4,10.5,59.7,,0,0,0,100,14,6,14,9,134,129.0,123.0,137.0,119.43,10.97,137.0,118.86,2,1,1,1,1,2,5,1,1,2,1,5,4,3,11,3,7,31,14,1,1,41,12,6,9,11,5,39,16,8,2,2,0,Watch
2022-01-06,Thursday,4,1,1,Winter,0,0,0,0,0,1,0,0.0,20.9,14.0,54.2,,0,0,0,84,12,10,7,5,113,134.0,129.0,123.0,119.0,10.31,127.0,118.64,2,1,1,1,1,2,5,1,1,1,1,3,3,2,9,3,6,27,13,1,1,36,10,10,10,11,8,33,11,10,1,1,0,Watch
2022-01-07,Friday,5,1,1,Winter,0,0,0,0,0,0,0,0.0,21.8,15.5,50.3,,0,0,0,81,16,8,6,6,111,113.0,134.0,112.0,117.57,10.35,117.0,117.64,2,1,1,1,1,2,4,1,1,1,1,4,3,2,10,3,8,33,14,1,1,39,11,9,12,10,9,36,19,8,2,0,0,Normal
2022-01-08,Saturday,6,1,1,Winter,1,0,0,0,0,0,0,0.0,20.7,11.4,55.2,,0,0,0,77,20,5,14,6,116,111.0,113.0,106.0,117.43,10.43,113.0,117.21,2,1,1,1,1,2,5,1,1,1,1,4,4,3,13,4,9,38,17,2,1,42,13,8,16,11,8,45,20,9,2,1,0,Watch
2022-01-09,Sunday,7,1,1,Winter,1,0,0,0,0,0,0,0.0,24.6,16.4,52.2,Respiratory,4,1,7,88,44,6,9,8,147,116.0,111.0,106.0,118.86,9.4,103.0,117.43,2,2,1,1,1,2,6,1,1,2,1,5,4,7,20,8,38,75,48,11,1,44,12,8,25,18,42,96,62,9,2,1,0,High
2022-01-10,Monday,1,2,1,Winter,0,0,0,0,0,0,0,0.0,20.4,12.9,63.5,Respiratory,4,1,8,113,47,8,8,10,176,147.0,116.0,123.0,124.71,11.98,115.0,120.57,3,2,1,1,1,2,7,1,1,2,1,6,4,7,21,9,40,82,52,12,1,39,8,6,21,20,35,82,59,10,2,3,0,High
2022-01-11,Tuesday,2,2,1,Winter,0,0,0,0,0,1,0,0.0,22.7,15.6,56.9,Respiratory,4,1,5,109,45,12,9,13,175,176.0,147.0,129.0,132.29,21.49,116.0,124.93,2,2,1,1,1,2,7,1,1,2,1,8,5,8,22,9,39,79,50,12,1,34,10,9,21,19,50,106,44,6,2,3,0,High
2022-01-12,Wednesday,3,2,1,Winter,0,0,0,1,0,0,1,0.0,24.5,17.2,48.7,Respiratory,4,1,6,118,46,5,11,11,180,175.0,176.0,134.0,138.86,26.03,137.0,129.14,3,2,1,1,1,2,7,1,1,2,1,7,5,8,21,9,40,81,51,12,1,51,11,7,24,15,37,85,54,11,2,3,0,High
2022-01-13,Thursday,4,2,1,Winter,0,0,0,0,0,1,0,0.0,22.6,12.9,47.8,Respiratory,4,1,6,106,41,12,7,10,166,180.0,175.0,113.0,145.43,29.54,123.0,132.21,2,2,1,1,1,2,6,1,1,2,1,6,4,7,20,8,35,73,45,11,1,40,11,9,18,19,28,88,47,8,2,3,0,High
2022-01-14,Friday,5,2,1,Winter,0,0,0,0,0,0,0,0.0,21.1,12.6,54.4,Respiratory,4,1,7,100,45,6,5,9,156,166.0,180.0,111.0,153.0,26.94,112.0,135.29,2,2,1,1,1,2,6,1,1,2,1,5,3,7,19,9,39,78,49,11,1,44,15,7,18,16,39,106,52,7,2,2,0,High
2022-01-15,Saturday,6,2,1,Winter,1,0,0,0,0,0,0,0.0,19.6,9.9,52.2,Respiratory,4,1,5,95,43,7,8,8,153,156.0,166.0,116.0,159.43,20.82,106.0,138.43,2,2,1,1,1,2,6,1,1,2,1,5,3,6,20,8,37,74,47,11,1,42,13,6,26,17,32,77,55,9,2,2,0,High
2022-01-16,Sunday,7,2,1,Winter,1,0,0,0,0,0,0,0.0,20.7,12.3,51.7,Respiratory,4,1,6,91,43,7,11,9,152,153.0,156.0,147.0,164.71,11.92,106.0,141.79,2,2,1,1,1,2,6,1,1,2,1,5,4,7,21,8,37,74,47,11,1,48,9,6,19,14,41,72,37,8,2,5,0,Critical
2022-01-17,Monday,1,3,1,Winter,0,0,0,0,0,0,0,0.0,22.8,14.9,52.8,Respiratory,4,1,7,113,44,6,8,7,171,152.0,153.0,176.0,165.43,10.95,123.0,145.07,3,2,1,1,1,2,7,1,1,2,1,4,3,6,20,8,38,78,49,11,1,46,11,10,25,16,40,96,42,9,2,2,0,High
2022-01-18,Tuesday,2,3,1,Winter,0,0,0,0,0,1,0,0.0,24.1,18.4,61.4,Respiratory,4,1,6,113,48,10,7,10,178,171.0,152.0,175.0,164.71,10.39,129.0,148.5,3,2,1,1,1,2,7,1,1,2,1,6,4,8,22,9,41,84,53,12,1,47,8,7,19,17,45,101,70,9,2,3,0,High
2022-01-19,Wednesday,3,3,1,Winter,0,0,0,1,0,0,1,0.0,21.4,13.2,47.1,Respiratory,4,1,6,116,43,7,11,10,177,178.0,171.0,180.0,165.14,10.86,134.0,152.0,3,2,1,1,1,2,7,1,1,2,1,6,4,7,21,8,37,77,48,11,1,35,11,8,21,16,35,78,56,7,2,2,0,High
2022-01-20,Thursday,4,3,1,Winter,0,0,0,0,0,1,0,0.0,22.5,15.3,50.9,Respiratory,4,1,6,106,43,14,8,10,171,177.0,178.0,166.0,164.71,10.31,113.0,155.07,2,2,1,1,1,2,7,1,1,2,1,6,4,7,21,8,37,76,48,11,1,42,11,8,21,18,47,84,45,11,2,1,0,High
2022-01-21,Friday,5,3,1,Winter,0,0,0,0,1,0,0,0.0,23.2,16.4,48.5,Respiratory,4,1,5,106,44,9,11,10,170,171.0,177.0,156.0,165.43,10.54,111.0,159.21,2,2,1,1,1,2,7,1,1,2,1,6,4,7,21,8,38,77,49,11,1,40,10,8,18,15,49,70,48,7,2,4,0,High
2022-01-22,Saturday,6,3,1,Winter,1,0,0,0,0,0,0,0.0,19.4,13.4,53.7,Respiratory,4,1,6,98,45,7,11,11,161,170.0,171.0,153.0,167.43,9.87,116.0,163.43,2,2,1,1,1,2,6,1,1,2,1,7,5,8,21,9,39,78,49,12,1,40,11,3,26,15,31,83,43,9,2,4,0,High
2022-01-23,Sunday,7,3,1,Winter,1,0,0,0,0,0,0,0.0,23.7,16.5,54.1,Respiratory,4,1,6,94,46,7,12,11,159,161.0,170.0,152.0,168.57,8.5,147.0,166.64,2,2,1,1,1,2,6,1,1,2,1,7,5,8,22,9,40,79,50,12,1,38,11,8,21,16,30,71,52,6,2,4,0,High
2022-01-24,Monday,1,4,1,Winter,0,0,0,0,0,0,0,1.3,23.5,16.4,52.4,Respiratory,4,1,6,109,48,6,7,11,170,159.0,161.0,171.0,169.57,6.72,176.0,167.5,2,2,1,1,1,2,7,1,1,2,1,7,4,8,21,9,41,83,53,12,1,47,11,8,21,19,44,90,63,9,2,1,0,High
2022-01-25,Tuesday,2,4,1,Winter,0,0,0,0,0,1,0,0.0,21.5,14.4,51.4,Respiratory,4,1,6,110,47,11,4,9,172,170.0,159.0,178.0,169.43,6.69,175.0,167.07,2,2,1,1,1,2,7,1,1,2,1,5,3,7,21,9,40,82,52,12,1,52,11,8,23,19,32,93,44,13,2,2,0,High
2022-01-26,Wednesday,3,4,1,Winter,0,1,0,1,0,0,2,0.0,20.5,10.7,57.2,Respiratory,4,1,6,115,51,6,14,11,186,172.0,170.0,177.0,168.57,5.88,180.0,166.86,3,2,1,1,1,3,7,1,2,2,1,7,5,8,24,10,44,88,56,13,1,37,15,7,26,21,56,85,71,13,2,2,0,High
2022-01-27,Thursday,4,4,1,Winter,0,0,0,0,0,1,0,0.5,24.5,15.9,47.9,Respiratory,4,1,7,105,45,11,5,9,166,186.0,172.0,171.0,169.86,8.13,166.0,167.29,2,2,1,1,1,2,6,1,1,2,1,5,3,7,20,9,39,78,49,11,1,29,12,7,25,20,42,93,52,9,2,1,0,High
2022-01-28,Friday,5,4,1,Winter,0,0,0,0,0,0,0,0.0,21.7,14.2,50.7,Respiratory,4,1,6,103,43,7,8,9,161,166.0,186.0,170.0,169.14,8.22,156.0,167.29,2,2,1,1,1,2,6,1,1,2,1,5,4,7,20,8,37,75,47,11,1,41,13,6,20,19,33,68,55,7,2,4,0,High
2022-01-29,Saturday,6,4,1,Winter,1,0,0,0,0,0,0,0.0,23.2,16.9,58.7,Respiratory,4,1,6,97,45,7,10,9,159,161.0,166.0,161.0,167.86,8.68,153.0,167.64,2,2,1,1,1,2,6,1,1,2,1,5,4,7,21,9,39,78,49,12,1,42,9,9,22,18,34,106,68,9,2,2,0,High
2022-01-30,Sunday,7,4,1,Winter,1,0,0,0,0,0,0,0.0,24.2,16.6,57.8,Respiratory,4,1,6,91,48,7,13,11,159,159.0,161.0,159.0,167.57,8.93,152.0,168.07,2,2,1,1,1,2,6,1,1,2,1,7,5,8,23,9,41,82,52,13,1,52,11,7,26,17,35,101,64,8,2,3,0,High
2022-01-31,Monday,1,5,1,Winter,0,0,0,0,0,0,0,0.3,24.0,15.8,60.3,,0,0,0,90,17,6,8,6,121,159.0,159.0,170.0,167.57,8.93,171.0,168.57,2,1,1,1,1,2,5,1,1,2,1,4,3,3,10,4,8,35,16,1,1,39,10,6,13,11,6,42,13,9,2,2,0,Watch
2022-02-01,Tuesday,2,5,2,Winter,0,0,0,0,0,1,0,0.0,23.9,14.5,47.7,,0,0,0,99,18,12,6,7,135,121.0,159.0,172.0,160.57,18.43,178.0,165.0,2,1,1,1,1,2,5,1,1,2,1,4,3,3,12,4,9,37,16,1,1,39,9,8,12,12,9,40,16,11,2,0,0,Normal
2022-02-02,Wednesday,3,5,2,Winter,0,0,0,1,0,0,1,0.0,23.9,16.4,49.1,,0,0,0,97,19,7,10,8,133,135.0,121.0,186.0,155.29,19.66,177.0,161.93,2,1,1,1,1,2,5,1,1,2,1,5,4,3,12,4,9,39,17,1,1,44,9,15,11,13,7,54,18,9,2,2,0,Watch
2022-02-03,Thursday,4,5,2,Winter,0,0,0,0,0,1,0,0.0,20.9,12.0,59.6,,0,0,0,82,17,11,10,8,120,133.0,135.0,166.0,147.71,16.29,171.0,158.79,2,1,1,1,1,2,5,1,1,1,1,5,4,3,12,4,8,34,16,1,1,37,12,7,10,12,9,38,19,9,2,1,0,Watch
2022-02-04,Friday,5,5,2,Winter,0,0,0,0,0,0,0,0.0,25.4,17.7,56.1,,0,0,0,83,22,7,6,4,118,120.0,133.0,161.0,141.14,16.86,170.0,155.14,2,1,1,1,1,2,5,1,1,1,1,3,2,2,12,4,10,42,18,1,1,54,11,3,11,12,8,57,21,13,2,2,0,Watch
2022-02-05,Saturday,6,5,2,Winter,1,0,0,0,0,0,0,0.0,25.0,16.8,49.7,,0,0,0,78,19,7,12,7,116,118.0,120.0,159.0,135.0,16.33,161.0,151.43,2,1,1,1,1,2,5,1,1,1,1,4,4,3,12,4,9,37,17,1,1,42,15,7,12,12,8,39,15,12,2,2,0,Watch
2022-02-06,Sunday,7,5,2,Winter,1,0,0,0,0,0,0,0.0,23.1,14.9,45.4,,0,0,0,78,16,8,15,8,117,116.0,118.0,159.0,128.86,14.08,159.0,148.21,2,1,1,1,1,2,5,1,1,1,1,5,4,3,13,3,8,32,15,1,1,32,11,8,11,12,8,43,21,7,2,1,0,Watch
2022-02-07,Monday,1,6,2,Winter,0,0,0,0,0,0,0,0.0,22.7,15.5,51.6,,0,0,0,97,14,7,6,7,124,117.0,116.0,121.0,122.86,7.24,170.0,145.21,2,1,1,1,1,2,5,1,1,2,1,4,3,3,9,3,7,31,14,1,1,44,9,7,10,10,9,34,18,8,1,0,0,Normal
2022-02-08,Tuesday,2,6,2,Winter,0,0,0,0,0,1,0,0.0,26.1,14.8,53.5,,0,0,0,92,17,10,7,7,126,124.0,117.0,135.0,123.29,7.21,172.0,141.93,2,1,1,1,1,2,5,1,1,2,1,4,3,3,11,4,8,35,16,1,1,46,10,8,12,12,9,47,16,9,2,0,0,Normal
2022-02-09,Wednesday,3,6,2,Winter,0,0,0,1,0,0,1,0.0,26.4,18.3,42.6,,0,0,0,102,15,9,10,7,136,126.0,124.0,133.0,122.0,5.63,186.0,138.64,2,1,1,1,1,2,5,1,1,2,1,4,3,3,11,3,7,33,15,1,1,49,11,6,11,11,8,35,12,9,2,1,0,Watch
2022-02-10,Thursday,4,6,2,Winter,0,0,0,0,0,1,0,0.0,23.5,14.3,59.4,,0,0,0,92,17,12,8,6,129,136.0,126.0,120.0,122.43,6.5,166.0,135.07,2,1,1,1,1,2,5,1,1,2,1,4,3,3,12,4,8,35,16,1,1,46,10,6,15,11,6,33,23,4,2,2,0,Watch
2022-02-11,Friday,5,6,2,Winter,0,0,0,0,0,0,0,0.0,25.3,17.2,52.0,,0,0,0,85,16,8,7,6,116,129.0,136.0,118.0,123.71,6.78,161.0,132.43,2,1,1,1,1,2,5,1,1,1,1,4,3,2,10,3,8,33,15,1,1,37,7,9,9,12,6,38,14,10,2,3,0,High
2022-02-12,Saturday,6,6,2,Winter,1,0,0,0,0,0,0,0.7,24.3,14.4,46.0,,0,0,0,80,19,8,12,8,119,116.0,129.0,116.0,123.43,7.05,159.0,129.21,2,1,1,1,1,2,5,1,1,1,1,5,4,3,13,4,9,37,17,1,1,51,11,6,11,12,9,38,22,7,2,1,0,Watch
2022-02-13,Sunday,7,6,2,Winter,1,0,0,0,0,0,0,0.0,26.4,17.2,54.0,,0,0,0,77,23,8,11,7,119,119.0,116.0,117.0,123.86,6.66,159.0,126.36,2,1,1,1,1,2,5,1,1,1,1,4,4,3,14,5,11,43,19,2,1,41,15,9,13,14,13,58,27,10,2,1,0,Watch
2022-02-14,Monday,1,7,2,Winter,0,0,0,0,0,0,0,0.0,25.1,17.8,53.8,,0,0,0,98,12,8,9,8,127,119.0,119.0,124.0,124.14,6.4,121.0,123.5,2,1,1,1,1,2,5,1,1,2,1,5,4,3,9,3,6,28,13,1,1,44,9,7,8,11,4,28,13,8,2,2,0,Watch
2022-02-15,Tuesday,2,7,2,Winter,0,0,0,0,0,1,0,0.0,25.9,15.9,53.4,,0,0,0,91,17,12,8,8,128,127.0,119.0,126.0,124.57,6.48,135.0,123.93,2,1,1,1,1,2,5,1,1,2,1,5,3,3,12,4,8,35,16,1,1,44,14,9,14,11,7,43,20,11,2,1,0,Watch
2022-02-16,Wednesday,3,7,2,Winter,0,0,0,1,0,0,1,0.1,24.2,16.8,48.2,,0,0,0,104,14,8,15,10,141,128.0,127.0,136.0,124.86,6.58,133.0,123.43,2,1,1,1,1,2,6,1,1,2,1,6,5,3,12,3,7,32,15,1,1,37,9,8,15,12,6,42,14,6,2,2,0,Watch
2022-02-17,Thursday,4,7,2,Winter,0,0,0,0,1,1,0,0.3,26.1,17.3,49.4,,0,0,0,91,20,16,7,8,134,141.0,128.0,129.0,125.57,7.89,120.0,124.0,2,1,1,1,1,2,5,2,1,2,1,5,3,3,14,4,9,40,17,1,1,47,13,10,12,13,11,46,16,10,2,2,0,Watch
2022-02-18,Friday,5,7,2,Winter,0,0,0,0,0,0,0,0.0,24.1,16.7,56.6,,0,0,0,90,16,6,7,9,119,134.0,141.0,116.0,126.29,8.38,118.0,125.0,2,1,1,1,1,2,5,1,1,1,1,5,4,3,10,3,8,33,15,1,1,37,11,6,9,10,6,30,20,9,3,3,0,High
2022-02-19,Saturday,6,7,2,Winter,1,0,0,0,0,0,0,0.0,27.2,19.9,44.8,,0,0,0,78,16,8,13,7,115,119.0,134.0,119.0,126.71,7.91,116.0,125.07,2,1,1,1,1,2,5,1,1,1,1,4,4,3,12,3,8,32,15,1,1,40,11,7,11,11,8,38,12,11,2,2,0,Watch
2022-02-20,Sunday,7,7,2,Winter,1,0,0,0,0,0,0,0.0,22.2,13.8,59.0,,0,0,0,77,21,10,10,8,118,115.0,119.0,119.0,126.14,8.56,117.0,125.0,2,1,1,1,1,2,5,1,1,1,1,5,4,3,13,4,10,40,18,1,1,47,12,5,11,13,10,38,17,8,2,3,0,High
2022-02-21,Monday,1,8,2,Winter,0,0,0,0,0,0,0,0.0,24.5,15.3,50.3,,0,0,0,97,18,8,7,7,130,118.0,115.0,127.0,126.0,8.68,124.0,125.07,2,1,1,1,1,2,5,1,1,2,1,4,3,3,11,4,9,37,16,1,1,40,11,8,12,13,7,37,18,10,2,1,0,Watch
2022-02-22,Tuesday,2,8,2,Winter,0,0,0,0,0,1,0,0.6,25.0,17.8,55.6,,0,0,0,93,20,14,4,7,131,130.0,118.0,128.0,126.43,8.8,126.0,125.5,2,1,1,1,1,2,5,1,1,2,1,4,3,3,12,4,9,40,17,1,1,47,11,8,11,12,10,46,14,14,2,2,0,Watch
2022-02-23,Wednesday,3,8,2,Winter,0,0,0,1,0,0,1,0.0,26.2,18.1,48.9,,0,0,0,101,20,7,16,8,144,131.0,130.0,141.0,126.86,8.94,136.0,125.86,2,1,1,1,1,2,6,1,1,2,1,5,4,3,14,4,9,41,18,2,1,38,11,8,15,13,7,52,22,10,2,1,0,Watch
2022-02-24,Thursday,4,8,2,Winter,0,0,0,0,0,1,0,0.0,25.6,19.1,45.5,,0,0,0,88,16,14,10,9,128,144.0,131.0,134.0,127.29,9.65,129.0,126.43,2,1,1,1,1,2,5,1,1,2,1,5,4,3,13,3,8,33,15,1,1,41,11,6,13,11,7,40,20,9,2,1,0,Watch
2022-02-25,Friday,5,8,2,Winter,0,0,0,0,0,0,0,0.0,23.6,15.3,46.6,,0,0,0,88,18,8,9,8,123,128.0,144.0,119.0,126.43,9.27,116.0,126.36,2,1,1,1,1,2,5,1,1,2,1,5,4,3,11,4,9,36,16,1,1,37,11,9,11,12,8,37,18,9,2,1,0,Watch
2022-02-26,Saturday,6,8,2,Winter,1,0,0,0,0,0,0,0.1,26.8,20.3,57.6,,0,0,0,80,22,5,11,8,118,123.0,128.0,115.0,127.0,8.91,119.0,126.86,2,1,1,1,1,2,5,1,1,1,1,5,4,3,13,4,10,41,18,1,1,41,8,8,11,11,11,50,25,9,2,1,0,Watch
2022-02-27,Sunday,7,8,2,Winter,1,0,0,0,0,0,0,0.0,27.4,20.8,51.8,,0,0,0,78,21,8,12,8,119,118.0,123.0,118.0,127.43,8.38,119.0,126.79,2,1,1,1,1,2,5,1,1,1,1,5,4,3,13,4,10,40,18,2,1,39,11,9,17,13,10,46,14,9,2,1,0,Watch
2022-02-28,Monday,1,9,2,Winter,0,0,0,0,0,0,0,0.0,26.3,19.7,43.6,,0,0,0,96,17,7,10,7,130,119.0,118.0,130.0,127.57,8.23,127.0,126.79,2,1,1,1,1,2,5,1,1,2,1,4,3,3,11,4,8,36,16,1,1,43,9,6,13,13,7,40,19,11,3,1,0,Watch
2022-03-01,Tuesday,2,9,3,Summer,0,0,0,0,0,1,0,0.0,26.4,18.1,43.6,,0,0,0,94,18,13,8,7,133,130.0,119.0,131.0,127.57,8.23,128.0,127.0,2,1,1,1,1,2,5,1,1,2,1,4,3,3,12,4,9,37,16,1,1,40,12,8,13,12,8,38,17,8,2,1,0,Watch
2022-03-02,Wednesday,3,9,3,Summer,0,0,0,1,0,0,1,0.0,26.1,19.7,45.3,,0,0,0,103,13,7,10,6,133,133.0,130.0,144.0,127.86,8.37,141.0,127.36,2,1,1,1,1,2,5,1,1,2,1,4,3,2,10,3,6,30,14,1,1,34,11,10,8,10,4,36,19,9,2,2,0,Watch
2022-03-03,Thursday,4,9,3,Summer,0,0,1,0,0,1,3,2.0,26.4,17.7,51.6,,0,0,0,95,15,12,18,10,140,133.0,133.0,128.0,126.29,5.85,134.0,126.79,2,1,1,1,1,2,5,1,1,2,1,6,5,3,14,3,7,32,15,2,1,33,11,7,15,10,6,44,18,9,2,1,0,Watch
2022-03-04,Friday,5,9,3,Summer,0,0,1,0,0,0,2,0.4,31.5,25.1,45.4,,0,0,0,94,16,7,15,8,132,140.0,133.0,123.0,128.0,7.6,119.0,127.21,2,1,1,1,1,2,5,1,1,2,1,5,4,3,12,3,8,34,15,1,1,43,11,7,14,11,6,35,21,9,2,1,0,Watch
2022-03-05,Saturday,6,9,3,Summer,1,0,0,0,0,0,0,0.0,26.5,17.8,43.9,,0,0,0,82,20,8,9,7,119,132.0,140.0,118.0,129.29,7.4,115.0,128.14,2,1,1,1,1,2,5,1,1,1,1,4,3,3,12,4,9,39,17,1,1,42,11,8,15,13,8,46,16,9,2,2,0,Watch
2022-03-06,Sunday,7,9,3,Summer,1,0,0,0,0,0,0,0.1,27.1,19.4,52.4,,0,0,0,77,16,8,11,6,112,119.0,132.0,119.0,129.43,7.19,118.0,128.43,2,1,1,1,1,2,4,1,1,1,1,4,3,2,11,3,8,32,14,1,1,50,12,9,14,11,6,29,15,7,2,2,0,Watch
2022-03-07,Monday,1,10,3,Summer,0,0,0,0,0,0,0,0.0,26.7,18.1,52.3,,0,0,0,97,20,8,8,6,133,112.0,119.0,130.0,128.43,8.86,130.0,128.0,2,1,1,1,1,2,5,1,1,2,1,4,3,3,12,4,9,40,17,1,1,34,11,7,15,13,9,54,20,12,2,0,0,Normal
2022-03-08,Tuesday,2,10,3,Summer,0,0,1,0,0,1,3,0.0,24.9,19.4,60.3,,0,0,0,100,21,12,17,11,150,133.0,112.0,133.0,128.86,9.0,131.0,128.21,2,1,1,1,1,2,6,1,1,2,1,7,5,4,16,4,10,42,19,2,1,47,11,8,13,12,13,54,24,11,2,1,0,Watch
2022-03-09,Wednesday,3,10,3,Summer,0,0,1,1,0,0,4,0.0,25.0,17.9,49.5,,0,0,0,108,18,10,22,10,158,150.0,133.0,133.0,131.29,11.68,144.0,129.57,2,1,2,1,1,2,6,1,1,2,1,6,6,3,16,4,9,38,17,2,1,44,11,8,16,11,8,44,16,9,2,2,0,Watch
2022-03-10,Thursday,4,10,3,Summer,0,0,1,0,1,1,1,0.0,27.3,18.0,61.2,,0,0,0,103,17,16,14,9,150,158.0,150.0,140.0,134.86,15.01,128.0,130.57,2,1,1,1,1,2,6,2,1,2,1,5,4,3,15,4,8,36,17,1,1,46,11,8,15,11,8,37,23,9,2,0,0,Normal
2022-03-11,Friday,5,10,3,Summer,0,0,0,0,1,0,0,0.0,27.4,18.9,43.5,,0,0,0,97,21,13,6,8,137,150.0,158.0,132.0,136.29,15.88,123.0,132.14,2,1,1,1,1,2,5,1,1,2,1,5,3,3,13,4,10,42,18,1,1,38,11,7,12,12,8,48,25,11,2,2,0,Watch
2022-03-12,Saturday,6,10,3,Summer,1,0,0,0,0,0,0,0.0,28.6,19.6,49.2,,0,0,0,82,17,9,11,8,119,137.0,150.0,119.0,137.0,15.78,118.0,133.14,2,1,1,1,1,2,5,1,1,1,1,5,4,3,12,4,8,34,16,1,1,43,8,10,10,11,7,34,22,9,2,2,0,Watch
2022-03-13,Sunday,7,10,3,Summer,1,0,0,0,0,0,0,0.5,27.1,18.2,52.8,,0,0,0,73,19,8,8,6,108,119.0,137.0,112.0,137.0,15.78,119.0,133.21,2,1,1,1,1,2,4,1,1,1,1,4,3,3,12,4,9,36,16,1,1,42,10,7,11,11,7,46,18,10,2,2,0,Watch
2022-03-14,Monday,1,11,3,Summer,0,0,0,0,0,0,0,0.0,29.3,21.8,51.8,,0,0,0,102,20,11,6,6,139,108.0,119.0,133.0,136.43,16.72,130.0,132.43,2,1,1,1,1,2,5,1,1,2,1,4,3,3,12,4,9,41,17,1,1,40,10,9,12,12,6,48,19,11,2,1,0,Watch
2022-03-15,Tuesday,2,11,3,Summer,0,0,0,0,0,1,0,0.0,27.4,19.7,49.7,,0,0,0,94,17,14,9,9,134,139.0,108.0,150.0,137.29,16.68,133.0,133.07,2,1,1,1,1,2,5,1,1,2,1,5,4,3,13,4,8,35,16,1,1,42,14,5,15,11,7,44,15,9,2,2,0,Watch
2022-03-16,Wednesday,3,11,3,Summer,0,0,0,1,1,0,1,0.0,27.2,21.8,49.7,,0,0,0,103,15,13,11,9,142,134.0,139.0,158.0,135.0,15.86,133.0,133.14,2,1,1,1,1,2,6,1,1,2,1,5,4,3,12,3,7,33,16,1,1,42,12,9,10,12,8,37,21,7,2,1,0,Watch
2022-03-17,Thursday,4,11,3,Summer,0,0,0,0,0,1,0,0.0,29.2,20.1,51.5,,0,0,0,86,17,14,6,9,123,142.0,134.0,150.0,132.71,13.33,140.0,133.79,2,1,1,1,1,2,5,1,1,2,1,5,3,3,12,4,8,35,16,1,1,43,12,8,12,13,7,47,16,9,1,1,0,Watch
2022-03-18,Friday,5,11,3,Summer,0,0,0,0,0,0,0,0.0,27.6,19.5,50.6,,0,0,0,92,15,8,8,7,123,123.0,142.0,137.0,128.86,11.56,132.0,132.57,2,1,1,1,1,2,5,1,1,2,1,4,3,3,10,3,7,32,15,1,1,42,11,8,13,10,7,35,18,13,2,0,0,Normal
2022-03-19,Saturday,6,11,3,Summer,1,0,0,0,1,0,0,0.0,30.3,24.2,51.2,,0,0,0,86,16,11,11,9,124,123.0,123.0,119.0,126.86,11.18,119.0,131.93,2,1,1,1,1,2,5,1,1,2,1,5,4,3,12,3,8,33,15,1,1,44,11,8,13,10,8,36,19,9,2,0,0,Normal
2022-03-20,Sunday,7,11,3,Summer,1,0,0,0,0,0,0,0.5,25.9,18.2,51.4,,0,0,0,75,18,7,10,7,110,124.0,123.0,108.0,127.57,10.81,112.0,132.29,2,1,1,1,1,2,4,1,1,1,1,4,3,3,12,4,9,35,15,1,1,46,11,7,12,11,10,34,16,10,2,1,0,Watch
2022-03-21,Monday,1,12,3,Summer,0,0,0,0,0,0,0,0.0,28.5,19.8,46.2,,0,0,0,96,15,9,9,9,129,110.0,124.0,139.0,127.86,10.3,133.0,132.14,2,1,1,1,1,2,5,1,1,2,1,5,4,3,11,3,7,33,15,1,1,49,9,8,10,11,8,44,14,9,2,2,0,Watch
2022-03-22,Tuesday,2,12,3,Summer,0,0,0,0,0,1,0,0.0,29.0,18.4,53.0,,0,0,0,97,18,13,5,7,133,129.0,110.0,134.0,126.43,9.3,150.0,131.86,2,1,1,1,1,2,5,1,1,2,1,4,3,3,12,4,9,37,16,1,1,49,15,8,15,11,12,51,13,7,2,1,0,Watch
2022-03-23,Wednesday,3,12,3,Summer,0,0,0,1,0,0,1,0.2,29.9,21.9,44.9,,0,0,0,105,15,6,13,7,139,133.0,129.0,142.0,126.29,9.19,158.0,130.64,2,1,1,1,1,2,5,1,1,2,1,4,4,3,11,3,7,33,15,1,1,35,11,10,12,12,8,45,16,10,2,0,0,Normal
2022-03-24,Thursday,4,12,3,Summer,0,0,0,0,0,1,0,0.0,29.5,22.4,57.8,,0,0,0,93,15,12,3,8,123,139.0,133.0,123.0,125.86,8.49,150.0,129.29,2,1,1,1,1,2,5,1,1,2,1,5,3,3,10,3,7,32,15,1,1,41,11,9,11,10,6,39,15,8,2,1,0,Watch
2022-03-25,Friday,5,12,3,Summer,0,0,0,0,0,0,0,0.0,31.0,22.5,46.3,,0,0,0,88,13,10,7,5,118,123.0,139.0,123.0,125.86,8.49,137.0,127.36,2,1,1,1,1,2,5,1,1,1,1,3,3,2,10,3,6,29,14,1,1,43,11,9,8,10,5,33,15,7,2,2,0,Watch
2022-03-26,Saturday,6,12,3,Summer,1,0,0,0,1,0,0,0.5,26.9,20.5,48.6,,0,0,0,87,17,15,10,8,129,118.0,123.0,124.0,125.14,8.9,119.0,126.0,2,1,1,1,1,2,5,1,1,2,1,5,4,3,13,4,8,35,16,1,1,36,11,8,14,12,10,39,18,9,3,0,0,Normal
2022-03-27,Sunday,7,12,3,Summer,1,0,0,0,0,0,0,1.6,26.9,19.1,45.7,,0,0,0,83,15,8,10,6,116,129.0,118.0,110.0,125.86,8.98,108.0,126.71,2,1,1,1,1,2,5,1,1,1,1,4,3,2,11,3,7,31,15,1,1,40,8,9,13,11,9,41,13,11,2,1,0,Watch
2022-03-28,Monday,1,13,3,Summer,0,0,0,0,0,0,0,0.0,27.5,18.5,51.7,,0,0,0,101,17,8,8,6,134,116.0,129.0,129.0,126.71,7.61,139.0,127.29,2,1,1,1,1,2,5,1,1,2,1,4,3,3,11,4,8,36,16,1,1,44,12,9,9,12,9,44,13,9,2,2,0,Watch
2022-03-29,Tuesday,2,13,3,Summer,0,0,0,0,1,1,0,0.0,26.5,19.3,56.3,,0,0,0,101,17,15,8,8,141,134.0,116.0,133.0,127.43,8.02,134.0,126.93,2,1,1,1,1,2,6,1,1,2,1,5,3,3,13,4,8,36,17,1,1,43,10,6,16,13,8,43,18,9,2,0,0,Normal
2022-03-30,Wednesday,3,13,3,Summer,0,0,1,1,0,0,3,0.0,28.8,20.7,52.3,,0,0,0,108,18,11,22,11,159,141.0,134.0,139.0,128.57,9.21,142.0,127.43,2,1,2,1,1,2,6,1,1,2,1,7,6,4,16,4,9,38,17,2,1,34,8,8,16,11,10,51,23,9,2,0,0,Normal
2022-03-31,Thursday,4,13,3,Summer,0,0,0,0,0,1,0,0.0,27.8,18.6,50.6,,0,0,0,93,18,15,6,7,132,159.0,141.0,123.0,131.43,13.91,123.0,128.64,2,1,1,1,1,2,5,1,1,2,1,4,3,3,12,4,9,37,16,1,1,43,11,7,11,12,8,46,22,6,2,2,0,Watch
2022-04-01,Friday,5,13,4,Summer,0,0,0,0,0,0,0,0.0,29.0,23.1,46.8,,0,0,0,89,17,9,6,7,121,132.0,159.0,118.0,132.71,13.48,123.0,129.29,2,1,1,1,1,2,5,1,1,2,1,4,3,3,10,4,8,35,16,1,1,38,8,9,9,12,10,31,20,9,2,2,0,Watch
2022-04-02,Saturday,6,13,4,Summer,1,0,0,0,1,0,0,2.2,29.1,21.7,41.1,,0,0,0,83,18,10,10,8,121,121.0,132.0,129.0,133.14,13.04,124.0,129.14,2,1,1,1,1,2,5,1,1,2,1,5,4,3,12,4,9,36,16,1,1,47,11,8,13,11,6,43,15,8,2,2,0,Watch
2022-04-03,Sunday,7,13,4,Summer,1,0,0,0,0,0,0,0.0,31.1,22.8,50.6,,0,0,0,77,18,8,15,8,118,121.0,121.0,116.0,132.0,13.69,110.0,128.93,2,1,1,1,1,2,5,1,1,1,1,5,4,3,13,4,9,35,16,2,1,46,11,8,11,12,7,44,19,7,2,2,0,Watch
2022-04-04,Monday,1,14,4,Summer,0,0,0,0,0,0,0,0.8,30.2,23.1,45.8,,0,0,0,96,15,10,6,5,127,118.0,121.0,134.0,132.29,13.37,129.0,129.5,2,1,1,1,1,2,5,1,1,2,1,3,2,2,10,3,7,33,15,1,1,51,10,9,8,10,6,33,13,8,2,3,0,High
2022-04-05,Tuesday,2,14,4,Summer,0,0,0,0,0,1,0,0.0,32.5,25.5,45.4,,0,0,0,93,13,14,8,8,128,127.0,118.0,141.0,131.29,13.47,133.0,129.36,2,1,1,1,1,2,5,1,1,2,1,5,3,3,11,3,6,29,14,1,1,41,16,7,9,12,4,38,17,9,1,2,0,Watch
2022-04-06,Wednesday,3,14,4,Summer,0,0,0,1,0,0,1,2.8,28.8,20.8,50.6,,0,0,0,104,16,9,12,9,141,128.0,127.0,159.0,129.43,12.88,139.0,129.0,2,1,1,1,1,2,6,1,1,2,1,5,4,3,12,3,8,35,16,1,1,42,11,9,11,11,6,38,19,9,2,2,0,Watch
2022-04-07,Thursday,4,14,4,Summer,0,0,0,0,0,1,0,0.0,29.8,23.3,53.7,,0,0,0,95,21,14,6,8,136,141.0,128.0,132.0,126.86,7.32,123.0,129.14,2,1,1,1,1,2,5,1,1,2,1,5,3,3,13,4,10,41,18,1,1,46,11,5,14,11,8,55,14,11,2,2,0,Watch
2022-04-08,Friday,5,14,4,Summer,0,0,0,0,0,0,0,0.0,31.9,23.2,45.7,,0,0,0,90,20,6,7,7,123,136.0,141.0,121.0,127.43,7.84,118.0,130.07,2,1,1,1,1,2,5,1,1,2,1,4,3,3,11,4,9,39,17,1,1,44,10,9,11,11,11,48,19,9,2,0,0,Normal
2022-04-09,Saturday,6,14,4,Summer,1,0,0,0,0,0,0,0.0,27.6,18.8,57.3,,0,0,0,83,20,9,14,9,126,123.0,136.0,121.0,127.71,7.63,129.0,130.43,2,1,1,1,1,2,5,1,1,2,1,5,4,3,14,4,9,39,17,2,1,33,11,8,16,13,10,46,15,6,2,1,0,Watch
2022-04-10,Sunday,7,14,4,Summer,1,0,0,0,0,0,0,0.0,28.7,22.4,43.3,,0,0,0,77,18,9,10,8,114,126.0,123.0,118.0,128.43,7.19,116.0,130.21,2,1,1,1,1,2,5,1,1,1,1,5,4,3,12,4,9,35,16,1,1,37,11,10,14,11,10,37,15,9,2,1,0,Watch
2022-04-11,Monday,1,15,4,Summer,0,0,0,0,0,0,0,0.0,29.3,21.8,47.5,,0,0,0,103,16,6,9,7,134,114.0,126.0,127.0,127.86,8.1,134.0,130.07,2,1,1,1,1,2,5,1,1,2,1,4,3,3,10,3,8,35,15,1,1,44,13,8,10,11,8,33,15,9,2,1,0,Watch
2022-04-12,Tuesday,2,15,4,Summer,0,0,0,0,0,1,0,0.0,28.7,21.5,51.0,,0,0,0,95,20,15,8,8,138,134.0,114.0,128.0,128.86,8.36,141.0,130.07,2,1,1,1,1,2,5,1,1,2,1,5,3,3,14,4,9,40,17,1,1,42,12,9,12,12,8,44,22,7,2,2,0,Watch
2022-04-13,Wednesday,3,15,4,Summer,0,0,0,1,0,0,1,0.9,30.6,21.9,44.6,,0,0,0,106,20,7,12,8,145,138.0,134.0,141.0,130.29,8.92,159.0,129.86,2,1,1,1,1,2,6,1,1,2,1,5,4,3,13,4,9,41,18,1,1,35,11,8,11,11,10,45,18,7,2,1,0,Watch
2022-04-14,Thursday,4,15,4,Summer,0,0,0,0,0,1,0,0.0,31.8,24.4,48.5,,0,0,0,91,17,15,5,7,128,145.0,138.0,136.0,130.86,9.69,132.0,128.86,2,1,1,1,1,2,5,1,1,2,1,4,3,3,12,4,8,35,16,1,1,51,11,8,13,12,9,32,19,9,2,1,0,Watch
2022-04-15,Friday,5,15,4,Summer,0,0,0,0,0,0,0,0.0,32.6,24.5,49.2,,0,0,0,94,15,10,6,6,125,128.0,145.0,123.0,129.71,9.48,121.0,128.57,2,1,1,1,1,2,5,1,1,2,1,4,3,2,10,3,7,32,15,1,1,40,11,11,11,11,5,38,19,9,2,1,0,Watch
2022-04-16,Saturday,6,15,4,Summer,1,0,0,0,0,0,0,0.0,30.3,21.3,51.1,,0,0,0,80,16,9,11,6,116,125.0,128.0,126.0,130.0,9.3,121.0,128.86,2,1,1,1,1,2,5,1,1,1,1,4,3,2,12,3,8,32,15,1,1,49,12,6,14,11,10,35,13,7,2,1,0,Watch
2022-04-17,Sunday,7,15,4,Summer,1,0,0,0,0,0,0,0.0,32.1,24.7,45.6,,0,0,0,75,16,11,11,7,113,116.0,125.0,114.0,128.57,10.5,118.0,128.5,2,1,1,1,1,2,5,1,1,1,1,4,4,3,12,3,8,32,15,1,1,50,10,8,12,11,10,42,13,9,2,1,0,Watch
2022-04-18,Monday,1,16,4,Summer,0,0,0,0,0,0,0,0.0,27.7,21.7,49.0,,0,0,0,98,20,10,4,6,132,113.0,116.0,134.0,128.43,10.7,127.0,128.14,2,1,1,1,1,2,5,1,1,2,1,4,2,3,11,4,9,40,17,1,1,39,14,7,10,13,11,45,19,7,2,1,0,Watch
2022-04-19,Tuesday,2,16,4,Summer,0,0,0,0,0,1,0,0.0,29.4,21.2,48.6,,0,0,0,101,18,14,6,7,139,132.0,113.0,138.0,128.14,10.58,128.0,128.5,2,1,1,1,1,2,5,1,1,2,1,4,3,3,12,4,9,38,16,1,1,37,9,10,13,12,11,52,15,9,2,1,0,Watch
2022-04-20,Wednesday,3,16,4,Summer,0,0,0,1,0,0,1,0.0,29.9,19.3,44.2,,0,0,0,101,13,8,15,10,137,139.0,132.0,145.0,128.29,10.71,141.0,129.29,2,1,1,1,1,2,5,1,1,2,1,6,5,3,12,3,6,30,14,1,1,47,11,9,16,11,6,27,14,7,2,1,0,Watch
2022-04-21,Thursday,4,16,4,Summer,0,0,0,0,0,1,0,2.4,30.3,23.1,50.8,,0,0,0,94,17,14,8,8,133,137.0,139.0,128.0,127.14,9.19,136.0,129.0,2,1,1,1,1,2,5,1,1,2,1,5,3,3,12,4,8,35,16,1,1,50,9,8,11,11,6,36,20,9,2,2,0,Watch
2022-04-22,Friday,5,16,4,Summer,0,0,0,0,0,0,0,0.1,32.5,26.4,40.3,,0,0,0,90,19,9,9,8,127,133.0,137.0,125.0,127.86,9.42,123.0,128.79,2,1,1,1,1,2,5,1,1,2,1,5,4,3,12,4,9,38,17,1,1,47,10,6,10,11,8,36,20,11,2,3,0,High
2022-04-23,Saturday,6,16,4,Summer,1,0,0,0,0,0,0,0.0,30.3,22.2,47.2,,0,0,0,77,17,6,14,8,114,127.0,133.0,116.0,128.14,9.36,126.0,129.07,2,1,1,1,1,2,5,1,1,1,1,5,4,3,12,4,8,34,16,1,1,35,10,8,15,13,7,39,17,7,2,1,0,Watch
2022-04-24,Sunday,7,16,4,Summer,1,0,0,0,0,0,0,0.0,30.2,23.6,43.7,,0,0,0,78,18,10,13,8,119,114.0,127.0,113.0,127.86,9.75,114.0,128.21,2,1,1,1,1,2,5,1,1,1,1,5,4,3,13,4,9,35,16,1,1,40,9,11,11,11,11,42,20,9,2,1,0,Watch
2022-04-25,Monday,1,17,4,Summer,0,0,0,0,0,0,0,0.0,33.1,25.9,42.3,,0,0,0,96,15,9,10,6,130,119.0,114.0,132.0,128.71,8.6,134.0,128.57,2,1,1,1,1,2,5,1,1,2,1,4,3,2,11,3,7,33,15,1,1,50,10,8,12,11,7,46,13,10,2,1,0,Watch
2022-04-26,Tuesday,2,17,4,Summer,0,0,0,0,0,1,0,0.0,29.3,22.2,45.7,,0,0,0,99,17,13,7,8,136,130.0,119.0,139.0,128.43,8.52,138.0,128.29,2,1,1,1,1,2,5,1,1,2,1,5,3,3,12,4,8,36,16,1,1,54,8,9,11,11,6,33,16,9,2,3,0,High
2022-04-27,Wednesday,3,17,4,Summer,0,0,0,1,0,0,1,0.0,31.2,23.8,51.2,,0,0,0,106,17,10,13,11,146,136.0,130.0,137.0,128.0,8.04,145.0,128.14,2,1,1,1,1,2,6,1,1,2,1,7,5,4,13,4,8,37,17,1,1,42,10,7,11,13,7,35,24,9,2,3,0,High
2022-04-28,Thursday,4,17,4,Summer,0,0,0,0,1,1,0,0.0,32.2,23.3,45.2,,0,0,0,97,20,17,6,8,140,146.0,136.0,133.0,129.29,9.88,128.0,128.21,2,1,1,1,1,2,5,2,1,2,1,5,3,3,14,4,9,40,17,1,1,50,12,7,15,13,11,48,17,10,2,0,0,Normal
2022-04-29,Friday,5,17,4,Summer,0,0,0,0,0,0,0,0.0,29.5,19.5,49.5,,0,0,0,91,16,8,10,7,125,140.0,146.0,127.0,130.29,10.54,125.0,129.07,2,1,1,1,1,2,5,1,1,2,1,4,3,3,11,3,8,34,15,1,1,51,13,8,11,12,7,41,15,10,3,1,0,Watch
2022-04-30,Saturday,6,17,4,Summer,1,0,0,0,0,0,0,0.0,33.7,24.1,45.2,,0,0,0,81,18,8,11,7,118,125.0,140.0,114.0,130.0,10.65,116.0,129.07,2,1,1,1,1,2,5,1,1,1,1,4,4,3,12,4,9,36,16,1,1,37,11,8,15,11,10,39,20,10,2,0,0,Normal
2022-05-01,Sunday,7,17,5,Summer,1,1,0,0,0,0,1,0.0,35.5,29.7,41.1,,0,0,0,80,18,9,14,9,121,118.0,125.0,119.0,130.57,9.85,113.0,129.21,2,1,1,1,1,2,5,1,1,2,1,5,4,3,13,4,9,35,16,2,1,43,8,8,15,13,7,41,22,9,2,1,0,Watch
2022-05-02,Monday,1,18,5,Summer,0,0,0,0,0,0,0,0.6,33.4,26.0,42.3,,0,0,0,93,16,9,5,7,123,121.0,118.0,130.0,130.86,9.54,132.0,129.79,2,1,1,1,1,2,5,1,1,2,1,4,3,3,10,3,8,34,15,1,1,42,9,8,11,11,8,31,17,9,3,1,0,Watch
2022-05-03,Tuesday,2,18,5,Summer,0,0,0,0,0,1,0,0.0,32.3,22.7,48.0,,0,0,0,95,14,14,5,8,128,123.0,121.0,136.0,129.86,9.93,139.0,129.14,2,1,1,1,1,2,5,1,1,2,1,5,3,3,10,3,7,31,14,1,1,39,10,8,9,11,9,40,13,9,2,2,0,Watch
2022-05-04,Wednesday,3,18,5,Summer,0,0,0,1,0,0,1,0.0,31.4,21.4,52.6,,0,0,0,104,17,8,13,7,142,128.0,123.0,146.0,128.71,9.62,137.0,128.36,2,1,1,1,1,2,6,1,1,2,1,4,4,3,12,4,8,36,17,1,1,45,14,8,15,12,9,35,20,9,2,1,0,Watch
2022-05-05,Thursday,4,18,5,Summer,0,0,0,0,0,1,0,0.0,32.0,23.4,50.5,,0,0,0,90,15,13,8,8,126,142.0,128.0,140.0,128.14,8.64,133.0,128.71,2,1,1,1,1,2,5,1,1,2,1,5,3,3,11,3,7,32,15,1,1,53,9,8,12,12,7,34,19,9,2,0,0,Normal
2022-05-06,Friday,5,18,5,Summer,0,0,0,0,0,0,0,0.0,33.6,26.0,42.9,,0,0,0,86,15,10,6,7,117,126.0,142.0,125.0,126.14,7.16,127.0,128.21,2,1,1,1,1,2,5,1,1,1,1,4,3,3,10,3,7,32,15,1,1,37,11,5,8,12,7,33,18,7,2,1,0,Watch
2022-05-07,Saturday,6,18,5,Summer,1,0,0,0,0,0,0,0.0,28.4,21.0,44.6,,0,0,0,85,15,8,11,6,119,117.0,126.0,118.0,125.0,7.86,114.0,127.5,2,1,1,1,1,2,5,1,1,1,1,4,3,2,11,3,7,31,15,1,1,41,9,9,14,11,5,39,16,10,2,1,0,Watch
2022-05-08,Sunday,7,18,5,Summer,1,0,0,0,0,0,0,0.0,31.6,22.1,47.1,,0,0,0,80,16,10,13,9,119,119.0,117.0,121.0,125.14,7.74,119.0,127.86,2,1,1,1,1,2,5,1,1,1,1,5,4,3,12,3,8,32,15,1,1,42,11,10,13,12,9,41,17,10,2,0,0,Normal
2022-05-09,Monday,1,19,5,Summer,0,0,0,0,0,0,0,0.0,31.0,24.3,40.1,,0,0,0,102,17,8,6,7,133,119.0,119.0,123.0,124.86,7.92,130.0,127.86,2,1,1,1,1,2,5,1,1,2,1,4,3,3,10,4,8,36,16,1,1,36,13,8,13,13,6,48,20,10,2,1,0,Watch
2022-05-10,Tuesday,2,19,5,Summer,0,0,0,0,0,1,0,0.0,32.3,23.8,41.6,,0,0,0,96,16,15,8,9,135,133.0,119.0,128.0,126.29,8.34,136.0,128.07,2,1,1,1,1,2,5,1,1,2,1,5,4,3,12,3,8,34,15,1,1,40,10,8,13,10,7,39,20,9,2,1,0,Watch
2022-05-11,Wednesday,3,19,5,Summer,0,0,0,1,0,0,1,0.0,33.3,25.5,50.7,,0,0,0,106,19,7,11,9,143,135.0,133.0,142.0,127.29,8.89,146.0,128.0,2,1,1,1,1,2,6,1,1,2,1,5,4,3,12,4,9,40,18,1,1,46,14,11,15,13,6,38,15,8,2,3,0,High
2022-05-12,Thursday,4,19,5,Summer,0,0,0,0,0,1,0,0.0,33.2,25.9,52.0,,0,0,0,92,15,15,8,7,130,143.0,135.0,126.0,127.43,9.13,140.0,127.79,2,1,1,1,1,2,5,1,1,2,1,4,3,3,12,3,7,32,15,1,1,42,12,8,13,10,6,29,20,11,2,2,0,Watch
2022-05-13,Friday,5,19,5,Summer,0,0,0,0,0,0,0,0.0,32.3,20.6,42.1,,0,0,0,93,19,9,9,7,130,130.0,143.0,117.0,128.0,9.15,125.0,127.07,2,1,1,1,1,2,5,1,1,2,1,4,3,3,12,4,9,38,17,1,1,42,13,6,16,12,7,49,16,12,2,2,0,Watch
2022-05-14,Saturday,6,19,5,Summer,1,0,0,0,0,0,0,0.0,33.1,24.7,43.0,,0,0,0,77,11,9,10,6,107,130.0,130.0,119.0,129.86,7.97,118.0,127.43,2,1,1,1,1,2,4,1,1,1,1,4,3,2,10,2,5,25,12,1,1,46,11,7,9,9,4,23,12,10,2,3,0,High
2022-05-15,Sunday,7,19,5,Summer,1,0,0,0,0,0,0,0.0,34.3,24.6,46.6,,0,0,0,78,14,10,7,6,109,107.0,130.0,119.0,128.14,10.88,121.0,126.64,2,1,1,1,1,2,4,1,1,1,1,4,3,2,10,3,7,29,13,1,1,46,10,8,10,10,7,30,11,10,1,1,0,Watch
2022-05-16,Monday,1,20,5,Summer,0,0,0,0,0,0,0,0.0,33.0,25.9,50.0,,0,0,0,97,14,9,7,5,127,109.0,107.0,133.0,126.71,12.52,123.0,125.79,2,1,1,1,1,2,5,1,1,2,1,3,3,2,10,3,7,31,14,1,1,31,12,7,11,10,5,37,16,8,2,1,0,Watch
2022-05-17,Tuesday,2,20,5,Summer,0,0,0,0,0,1,0,0.0,33.2,24.6,44.0,,0,0,0,96,21,14,8,8,139,127.0,109.0,135.0,125.86,12.26,128.0,126.07,2,1,1,1,1,2,5,1,1,2,1,5,3,3,14,4,10,42,18,1,1,44,11,8,13,12,11,54,15,11,2,2,0,Watch
2022-05-18,Wednesday,3,20,5,Summer,0,0,0,1,0,0,1,0.0,34.2,28.0,42.2,,0,0,0,103,18,10,12,9,143,139.0,127.0,143.0,126.43,12.76,142.0,126.86,2,1,1,1,1,2,6,1,1,2,1,5,4,3,13,4,9,38,17,1,1,36,11,10,13,11,9,41,14,9,2,1,0,Watch
2022-05-19,Thursday,4,20,5,Summer,0,0,0,0,0,1,0,0.9,34.0,25.9,42.6,,0,0,0,90,18,15,6,6,129,143.0,139.0,130.0,126.43,12.76,126.0,126.93,2,1,1,1,1,2,5,1,1,2,1,4,3,3,12,4,9,36,16,1,1,40,9,8,14,12,7,34,22,8,2,2,0,Watch
2022-05-20,Friday,5,20,5,Summer,0,0,0,0,0,0,0,0.0,32.0,23.3,44.3,,0,0,0,92,18,9,8,8,127,129.0,143.0,130.0,126.29,12.72,117.0,127.14,2,1,1,1,1,2,5,1,1,2,1,5,3,3,11,4,9,37,16,1,1,45,10,8,11,13,7,48,15,7,2,2,0,Watch
2022-05-21,Saturday,6,20,5,Summer,1,0,0,0,0,0,0,0.0,31.6,23.2,48.4,,0,0,0,79,16,9,11,6,115,127.0,129.0,107.0,125.86,12.64,119.0,127.86,2,1,1,1,1,2,5,1,1,1,1,4,3,2,12,3,8,32,15,1,1,43,12,6,12,10,9,30,14,6,2,2,0,Watch
2022-05-22,Sunday,7,20,5,Summer,1,0,0,0,0,0,0,0.6,31.3,25.9,54.3,,0,0,0,78,15,7,9,6,109,115.0,127.0,109.0,127.0,11.16,119.0,127.57,2,1,1,1,1,2,4,1,1,1,1,4,3,2,10,3,7,31,14,1,1,41,11,4,10,11,6,38,15,13,2,1,0,Watch
2022-05-23,Monday,1,21,5,Summer,0,0,0,0,0,0,0,0.0,33.0,24.7,45.8,Diarrheal,4,1,5,111,33,9,6,7,159,109.0,115.0,127.0,127.0,11.16,133.0,126.86,3,1,1,1,1,2,6,1,1,2,1,4,3,5,16,24,29,61,38,2,1,42,10,8,17,29,28,72,36,8,2,2,0,High
2022-05-24,Tuesday,2,21,5,Summer,0,0,0,0,0,1,0,0.2,33.2,26.7,48.2,Diarrheal,4,1,6,110,37,14,7,10,168,159.0,109.0,139.0,131.57,15.81,135.0,128.71,2,2,1,1,1,2,6,1,1,2,1,6,4,7,19,26,32,67,42,2,1,45,11,9,21,46,38,65,39,5,2,2,0,High
2022-05-25,Wednesday,3,21,5,Summer,0,0,0,1,0,0,1,2.2,31.1,22.5,51.5,Diarrheal,4,1,6,121,39,9,15,11,184,168.0,159.0,143.0,135.71,20.36,143.0,131.07,3,2,1,1,1,3,7,1,1,2,1,7,5,7,21,28,34,71,46,2,1,43,10,5,22,43,43,90,40,8,2,2,0,High
2022-05-26,Thursday,4,21,5,Summer,0,0,0,0,0,1,0,0.0,33.7,24.6,47.0,Diarrheal,4,1,8,105,38,15,5,10,163,184.0,168.0,129.0,141.57,26.56,130.0,134.0,2,2,1,1,1,2,6,1,1,2,1,6,4,7,19,27,33,68,43,2,1,42,11,10,20,34,27,91,40,11,2,2,0,High
2022-05-27,Friday,5,21,5,Summer,0,0,0,0,0,0,0,0.0,29.2,21.7,49.0,Diarrheal,4,1,7,102,37,9,10,9,158,163.0,184.0,127.0,146.43,26.93,130.0,136.36,2,2,1,1,1,2,6,1,1,2,1,5,4,6,19,26,32,66,42,2,1,46,11,10,21,30,31,83,44,6,2,1,0,High
2022-05-28,Saturday,6,21,5,Summer,1,0,0,0,0,0,0,0.0,32.9,26.0,45.8,Diarrheal,4,1,6,96,35,8,9,9,148,158.0,163.0,115.0,150.86,25.9,107.0,138.36,2,1,1,1,1,2,6,1,1,2,1,5,4,6,17,25,30,63,40,2,1,37,10,9,14,36,39,69,35,9,2,2,0,High
2022-05-29,Sunday,7,21,5,Summer,1,0,0,0,0,0,0,0.6,33.0,25.9,43.6,Diarrheal,4,1,5,99,41,7,10,9,157,148.0,158.0,109.0,155.57,21.59,109.0,141.29,2,2,1,1,1,2,6,1,1,2,1,5,4,7,20,29,35,72,45,2,1,46,13,7,26,38,35,76,39,6,2,1,0,High
2022-05-30,Monday,1,22,5,Summer,0,0,0,0,0,0,0,0.0,35.4,27.9,43.6,Diarrheal,4,1,5,116,34,9,6,10,165,157.0,148.0,159.0,162.43,10.46,127.0,144.71,3,1,1,1,1,2,6,1,1,2,1,6,4,6,16,24,29,63,39,2,1,41,11,9,21,32,36,69,33,8,2,1,0,High
2022-05-31,Tuesday,2,22,5,Summer,0,0,0,0,0,1,0,0.3,32.6,25.2,44.3,Diarrheal,4,1,7,112,35,14,8,9,169,165.0,157.0,168.0,163.29,10.39,139.0,147.43,3,1,1,1,1,2,7,1,1,2,1,5,4,6,19,25,30,64,41,2,1,42,11,9,24,29,35,87,47,9,2,0,0,High
2022-06-01,Wednesday,3,22,6,Monsoon,0,0,0,1,0,0,1,36.0,32.9,25.2,80.4,Diarrheal,4,1,6,114,54,8,14,13,190,169.0,165.0,184.0,163.43,10.46,143.0,149.57,3,2,1,1,1,3,7,1,2,2,1,8,5,9,26,38,46,93,59,2,1,41,11,8,22,49,35,97,85,7,2,3,0,High
2022-06-02,Thursday,4,22,6,Monsoon,0,0,0,0,0,1,0,8.6,37.8,29.9,72.6,Diarrheal,4,1,6,109,44,13,7,10,173,190.0,169.0,163.0,164.29,12.21,129.0,152.93,2,2,1,1,1,2,7,1,1,2,1,6,4,7,21,31,38,77,49,2,1,50,11,8,21,49,40,87,42,8,2,1,0,High
2022-06-03,Friday,5,22,6,Monsoon,0,0,0,0,0,0,0,21.8,32.6,23.1,81.2,Diarrheal,4,1,5,103,48,7,8,8,166,173.0,190.0,158.0,165.71,12.56,127.0,156.07,2,2,1,1,1,2,6,1,1,2,1,5,3,7,21,34,41,83,52,2,1,42,12,10,24,50,45,77,74,5,2,1,0,High
2022-06-04,Saturday,6,22,6,Monsoon,1,0,0,0,0,0,0,38.9,33.2,25.8,79.4,Diarrheal,4,1,7,99,56,6,11,11,172,166.0,173.0,148.0,166.86,12.16,115.0,158.86,2,2,1,1,1,2,7,1,2,2,1,7,5,8,25,40,48,94,60,2,1,44,12,6,27,40,43,124,62,8,1,2,0,High
2022-06-05,Sunday,7,22,6,Monsoon,1,0,0,0,0,0,0,5.7,32.9,26.9,71.2,Diarrheal,4,1,6,93,51,8,13,10,165,172.0,166.0,157.0,170.29,9.44,109.0,162.93,2,2,1,1,1,2,6,1,2,2,1,6,5,8,24,36,44,86,54,2,1,45,11,9,23,57,44,87,55,9,2,1,0,High
2022-06-06,Monday,1,23,6,Monsoon,0,0,0,0,0,0,0,5.2,33.4,25.4,75.7,Diarrheal,4,1,5,114,49,7,9,10,179,165.0,172.0,165.0,171.43,8.16,159.0,166.93,3,2,1,1,1,2,7,1,1,2,1,6,4,8,22,35,42,85,54,2,1,42,9,7,21,41,50,90,45,8,2,3,0,High
2022-06-07,Tuesday,2,23,6,Monsoon,0,0,0,0,0,1,0,8.9,33.6,28.0,80.3,Diarrheal,4,1,6,114,46,13,9,10,182,179.0,165.0,169.0,173.43,8.05,168.0,168.36,3,2,1,1,1,3,7,1,1,2,1,6,4,7,23,33,40,81,52,2,1,37,11,10,23,44,31,84,63,9,2,1,0,High
2022-06-08,Wednesday,3,23,6,Monsoon,0,0,0,1,0,0,1,16.6,35.5,26.6,70.4,Diarrheal,4,1,6,121,49,7,13,11,190,182.0,179.0,190.0,175.29,8.31,184.0,169.36,3,2,1,1,1,3,7,1,1,2,1,7,5,8,23,35,42,86,55,2,1,51,16,8,26,40,41,119,48,11,2,2,0,High
2022-06-09,Thursday,4,23,6,Monsoon,0,0,0,0,0,1,0,6.1,34.6,25.7,71.8,Diarrheal,4,1,6,107,45,14,10,10,176,190.0,182.0,173.0,175.29,8.31,163.0,169.79,2,2,1,1,1,2,7,1,1,2,1,6,4,7,23,32,39,79,50,2,1,38,10,8,20,37,35,100,58,9,2,2,0,High
2022-06-10,Friday,5,23,6,Monsoon,0,0,0,0,0,0,0,18.2,37.8,30.1,77.1,Diarrheal,4,1,6,104,45,8,8,9,165,176.0,190.0,166.0,175.71,8.26,158.0,170.71,2,2,1,1,1,2,6,1,1,2,1,5,4,7,21,32,39,78,49,2,1,55,12,8,21,36,35,85,67,7,1,1,0,High
2022-06-11,Saturday,6,23,6,Monsoon,1,0,0,0,0,0,0,7.8,35.9,26.6,71.2,Diarrheal,4,1,6,96,46,5,11,9,158,165.0,176.0,172.0,175.57,8.43,148.0,171.21,2,2,1,1,1,2,6,1,1,2,1,5,4,7,21,33,40,79,50,2,1,43,11,9,26,45,34,72,71,9,3,2,0,High
2022-06-12,Sunday,7,23,6,Monsoon,1,0,0,0,0,0,0,26.6,36.7,26.8,72.9,Diarrheal,4,1,6,96,48,5,13,11,162,158.0,165.0,165.0,173.57,10.46,157.0,171.93,2,2,1,1,1,2,6,1,1,2,1,7,5,8,22,34,41,82,52,2,1,45,11,9,27,43,47,77,70,9,2,1,0,High
2022-06-13,Monday,1,24,6,Monsoon,0,0,0,0,0,0,0,33.4,36.8,27.5,71.0,Diarrheal,4,1,6,113,51,7,6,9,177,162.0,158.0,179.0,173.14,10.86,165.0,172.29,3,2,1,1,1,2,7,1,1,2,1,5,3,7,22,36,44,88,55,2,1,42,11,9,24,39,54,97,65,9,2,0,0,High
2022-06-14,Tuesday,2,24,6,Monsoon,0,0,0,0,0,1,0,15.0,37.1,26.8,68.6,Diarrheal,4,1,7,115,43,13,8,11,179,177.0,162.0,182.0,172.86,10.72,169.0,173.14,3,2,1,1,1,2,7,1,1,2,1,7,4,7,21,31,37,76,48,2,1,36,13,8,24,42,44,99,54,9,3,0,0,High
2022-06-15,Wednesday,3,24,6,Monsoon,0,0,0,1,0,0,1,12.8,36.8,26.3,72.4,,0,0,0,103,29,8,11,9,151,179.0,177.0,190.0,172.43,10.4,190.0,173.86,2,1,1,1,1,2,6,1,1,2,1,5,4,4,16,6,14,54,23,2,1,50,12,8,21,13,18,73,25,10,2,0,0,Normal
2022-06-16,Thursday,4,24,6,Monsoon,0,0,0,0,0,1,0,19.6,33.2,26.2,81.2,,0,0,0,88,34,12,7,9,141,151.0,179.0,176.0,166.86,9.93,173.0,171.07,2,1,1,1,1,2,6,1,1,2,1,5,4,4,17,7,16,60,25,2,1,42,10,7,16,14,17,75,33,9,2,1,0,Watch
2022-06-17,Friday,5,24,6,Monsoon,0,0,0,0,0,0,0,32.9,35.9,26.5,76.3,,0,0,0,89,31,8,6,9,134,141.0,151.0,165.0,161.86,12.54,166.0,168.79,2,1,1,1,1,2,5,1,1,2,1,5,3,4,15,6,14,56,23,2,1,45,10,8,18,13,11,56,19,6,2,2,0,Watch
2022-06-18,Saturday,6,24,6,Monsoon,1,0,0,0,0,0,0,24.1,36.5,29.6,86.7,,0,0,0,83,32,6,11,8,132,134.0,141.0,158.0,157.43,15.72,172.0,166.5,2,1,1,1,1,2,5,1,1,2,1,5,4,4,16,6,15,57,23,2,1,42,13,7,16,16,11,71,32,9,2,1,0,Watch
2022-06-19,Sunday,7,24,6,Monsoon,1,0,0,0,0,0,0,30.7,32.2,23.8,79.8,,0,0,0,74,32,8,11,7,125,132.0,134.0,162.0,153.71,18.05,165.0,163.64,2,1,1,1,1,2,5,1,1,2,1,4,4,3,17,6,15,56,23,2,1,39,10,8,17,12,18,77,28,10,2,0,0,Normal
2022-06-20,Monday,1,25,6,Monsoon,0,0,0,0,1,0,0,34.1,33.0,24.8,89.6,,0,0,0,100,31,10,5,8,146,125.0,132.0,177.0,148.43,20.14,179.0,160.79,2,1,1,1,1,2,6,1,1,2,1,5,3,4,15,6,14,57,24,1,1,44,13,9,16,16,13,59,19,6,2,2,0,Watch
2022-06-21,Tuesday,2,25,6,Monsoon,0,0,0,0,0,1,0,9.2,39.2,30.8,66.8,,0,0,0,100,28,13,6,8,147,146.0,125.0,179.0,144.0,16.44,182.0,158.43,2,1,1,1,1,2,6,1,1,2,1,5,3,3,15,6,13,52,22,1,1,42,9,9,19,13,15,50,19,11,2,2,0,Watch
2022-06-22,Wednesday,3,25,6,Monsoon,0,0,0,1,0,0,1,19.7,36.6,28.3,78.9,,0,0,0,104,29,6,13,10,152,147.0,146.0,151.0,139.43,8.7,190.0,155.93,2,1,1,1,1,2,6,1,1,2,1,6,5,4,16,6,14,54,23,2,1,36,9,8,14,15,15,51,30,10,2,2,0,Watch
2022-06-23,Thursday,4,25,6,Monsoon,0,0,0,0,1,1,0,36.9,32.9,25.8,81.9,,0,0,0,91,30,14,7,9,142,152.0,147.0,141.0,139.57,8.89,176.0,153.21,2,1,1,1,1,2,6,1,1,2,1,5,4,4,17,6,14,55,23,2,1,37,8,8,22,15,12,60,19,9,2,2,0,Watch
2022-06-24,Friday,5,25,6,Monsoon,0,0,0,0,0,0,0,43.3,36.0,25.7,82.8,,0,0,0,86,36,7,8,8,137,142.0,152.0,134.0,139.71,8.92,165.0,150.79,2,2,1,1,1,2,5,1,1,2,1,5,3,4,17,7,17,63,25,2,1,32,11,8,19,16,17,70,35,9,2,0,0,Normal
2022-06-25,Saturday,6,25,6,Monsoon,1,0,0,0,0,0,0,31.0,35.3,25.8,76.3,,0,0,0,76,32,7,9,7,124,137.0,142.0,132.0,140.14,8.71,158.0,148.79,2,1,1,1,1,2,5,1,1,2,1,4,3,3,16,6,15,56,23,2,1,44,11,10,18,16,12,52,31,9,2,2,0,Watch
2022-06-26,Sunday,7,25,6,Monsoon,1,0,0,0,0,0,0,24.2,34.4,27.5,75.1,,0,0,0,75,28,7,12,8,122,124.0,137.0,125.0,139.0,10.11,162.0,146.36,2,1,1,1,1,2,5,1,1,2,1,5,4,3,16,6,13,50,21,2,1,42,11,7,17,15,14,45,21,10,2,1,0,Watch
2022-06-27,Monday,1,26,6,Monsoon,0,0,0,0,0,0,0,14.4,31.1,25.0,75.7,,0,0,0,92,27,9,8,8,136,122.0,124.0,146.0,138.57,10.74,177.0,143.5,2,1,1,1,1,2,5,1,1,2,1,5,3,3,15,5,13,50,21,1,1,49,11,9,16,14,15,54,18,10,2,1,0,Watch
2022-06-28,Tuesday,2,26,6,Monsoon,0,0,0,0,0,1,0,48.6,33.7,25.2,84.0,,0,0,0,92,32,11,6,9,141,136.0,122.0,147.0,137.14,10.32,179.0,140.57,2,1,1,1,1,2,6,1,1,2,1,5,3,4,16,6,15,58,24,2,1,57,9,8,14,15,11,78,28,12,2,2,0,Watch
2022-06-29,Wednesday,3,26,6,Monsoon,0,0,0,1,0,0,1,7.3,33.1,24.6,68.3,,0,0,0,108,27,7,17,9,159,141.0,136.0,152.0,136.29,9.69,151.0,137.86,2,1,1,1,1,2,6,1,1,2,1,5,5,4,17,5,13,52,22,2,1,42,10,7,15,13,15,60,25,9,2,1,0,Watch
2022-06-30,Thursday,4,26,6,Monsoon,0,0,0,0,0,1,0,16.8,35.9,29.7,75.2,,0,0,0,89,31,12,7,9,139,159.0,141.0,142.0,137.29,11.46,141.0,138.43,2,1,1,1,1,2,5,1,1,2,1,5,4,4,16,6,14,56,23,2,1,42,10,8,19,13,10,60,31,10,2,1,0,Watch
2022-07-01,Friday,5,26,7,Monsoon,0,0,0,0,0,0,0,20.3,31.4,24.3,84.7,,0,0,0,86,29,7,7,7,129,139.0,159.0,137.0,136.86,11.33,134.0,138.29,2,1,1,1,1,2,5,1,1,2,1,4,3,3,14,6,14,53,22,2,1,43,15,10,18,15,13,54,18,10,2,2,0,Watch
2022-07-02,Saturday,6,26,7,Monsoon,1,0,0,0,0,0,0,14.2,33.7,25.1,76.7,,0,0,0,77,25,8,10,7,120,129.0,139.0,124.0,135.71,11.66,132.0,137.93,2,1,1,1,1,2,5,1,1,1,1,4,3,3,14,5,12,46,20,2,1,45,10,9,16,13,14,58,16,4,2,1,0,Watch
2022-07-03,Sunday,7,26,7,Monsoon,1,0,0,0,0,0,0,15.8,33.8,26.5,73.8,,0,0,0,77,27,6,9,7,119,120.0,129.0,122.0,135.14,12.3,125.0,137.07,2,1,1,1,1,2,5,1,1,1,1,4,3,3,14,5,13,49,21,2,1,33,10,6,12,13,16,60,24,9,3,1,0,Watch
2022-07-04,Monday,1,27,7,Monsoon,0,0,0,0,1,0,0,30.9,34.4,28.1,84.2,,0,0,0,99,38,9,5,7,151,119.0,120.0,136.0,134.71,12.79,146.0,136.64,2,2,1,1,1,2,6,1,1,2,1,4,3,4,18,7,18,67,27,2,1,44,12,7,20,17,21,80,31,10,2,0,0,Normal
2022-07-05,Tuesday,2,27,7,Monsoon,0,0,0,0,0,1,0,12.0,36.8,26.7,70.5,,0,0,0,90,21,14,7,8,132,151.0,119.0,141.0,136.86,14.02,147.0,137.0,2,1,1,1,1,2,5,1,1,2,1,5,3,3,13,4,10,41,18,1,1,47,11,6,16,11,10,47,20,7,2,0,0,Normal
2022-07-06,Wednesday,3,27,7,Monsoon,0,0,0,1,0,0,1,8.9,33.4,24.9,73.8,,0,0,0,101,25,7,12,8,145,132.0,151.0,159.0,135.57,14.0,152.0,135.93,2,1,1,1,1,2,6,1,1,2,1,5,4,3,15,5,12,48,21,2,1,43,11,8,15,12,9,54,25,10,2,1,0,Watch
2022-07-07,Thursday,4,27,7,Monsoon,0,0,0,0,0,1,0,17.4,30.7,22.5,78.8,,0,0,0,90,28,10,8,7,136,145.0,132.0,139.0,133.57,11.24,142.0,135.43,2,1,1,1,1,2,5,1,1,2,1,4,3,3,15,6,13,51,21,2,1,35,8,7,19,16,13,52,28,12,2,0,0,Normal
2022-07-08,Friday,5,27,7,Monsoon,0,0,0,0,0,0,0,16.6,33.8,26.8,77.9,,0,0,0,88,29,5,7,7,129,136.0,145.0,129.0,133.14,11.08,137.0,135.0,2,1,1,1,1,2,5,1,1,2,1,4,3,3,14,6,14,53,22,2,1,43,10,8,17,16,14,52,26,8,2,1,0,Watch
2022-07-09,Saturday,6,27,7,Monsoon,1,0,0,0,0,0,0,24.1,35.8,28.4,81.4,,0,0,0,78,32,5,9,6,124,129.0,136.0,120.0,133.14,11.08,124.0,134.43,2,1,1,1,1,2,5,1,1,2,1,4,3,3,16,6,15,56,23,2,1,42,14,8,19,16,12,73,21,9,2,2,0,Watch
2022-07-10,Sunday,7,27,7,Monsoon,1,0,0,0,0,0,0,33.9,35.0,26.2,78.6,,0,0,0,76,36,7,11,10,130,124.0,129.0,119.0,133.71,10.47,122.0,134.43,2,2,1,1,1,2,5,1,1,2,1,6,4,4,18,7,17,62,25,2,1,45,10,7,16,15,17,56,23,12,2,3,0,High
2022-07-11,Monday,1,28,7,Monsoon,0,0,0,0,0,0,0,19.5,33.2,25.7,76.6,,0,0,0,97,30,8,5,9,140,130.0,124.0,151.0,135.29,8.84,136.0,135.0,2,1,1,1,1,2,5,1,1,2,1,5,3,4,14,6,14,55,22,1,1,41,12,8,14,16,17,64,25,7,2,0,0,Normal
2022-07-12,Tuesday,2,28,7,Monsoon,0,0,0,0,0,1,0,14.8,30.9,24.4,78.4,,0,0,0,90,25,13,8,10,136,140.0,130.0,132.0,133.71,6.61,141.0,135.29,2,1,1,1,1,2,5,1,1,2,1,6,4,4,15,5,12,47,20,1,1,46,12,7,19,14,11,50,27,12,2,1,0,Watch
2022-07-13,Wednesday,3,28,7,Monsoon,0,0,0,1,0,0,1,10.7,34.2,29.4,71.9,,0,0,0,98,28,7,13,8,146,136.0,140.0,145.0,134.29,6.61,159.0,134.93,2,1,1,1,1,2,6,1,1,2,1,5,4,3,16,6,13,52,22,2,1,46,11,9,19,14,17,47,25,9,2,1,0,Watch
2022-07-14,Thursday,4,28,7,Monsoon,0,0,0,0,0,1,0,19.5,33.8,27.4,70.5,,0,0,0,95,23,10,7,9,135,146.0,136.0,136.0,134.43,6.84,139.0,134.0,2,1,1,1,1,2,5,1,1,2,1,5,4,3,13,5,11,44,19,1,1,40,14,11,13,13,8,59,23,8,2,1,0,Watch
2022-07-15,Friday,5,28,7,Monsoon,0,0,0,0,0,0,0,17.4,33.8,25.0,76.4,,0,0,0,88,24,8,7,7,127,135.0,146.0,129.0,134.29,6.82,129.0,133.71,2,1,1,1,1,2,5,1,1,2,1,4,3,3,13,5,11,45,19,1,1,36,12,8,15,14,8,60,19,11,2,1,0,Watch
2022-07-16,Saturday,6,28,7,Monsoon,1,0,0,0,0,0,0,39.6,30.6,23.8,87.5,,0,0,0,75,31,6,12,8,124,127.0,135.0,124.0,134.0,7.07,120.0,133.57,2,1,1,1,1,2,5,1,1,2,1,5,4,4,16,6,14,54,23,2,1,42,10,5,17,16,14,59,32,9,2,0,0,Normal
2022-07-17,Sunday,7,28,7,Monsoon,1,0,0,0,0,0,0,28.1,31.8,24.3,80.2,,0,0,0,70,33,5,12,9,120,124.0,127.0,130.0,134.0,7.07,119.0,133.86,2,1,1,1,1,2,5,1,1,1,1,5,4,4,17,6,15,57,24,2,1,45,11,8,14,14,19,72,27,11,2,1,0,Watch
2022-07-18,Monday,1,29,7,Monsoon,0,0,0,0,0,0,0,7.6,32.5,25.9,75.8,,0,0,0,95,22,7,5,7,129,120.0,124.0,140.0,132.57,8.58,151.0,133.93,2,1,1,1,1,2,5,1,1,2,1,4,3,3,11,4,10,43,18,1,1,34,11,9,13,11,9,43,24,5,2,1,0,Watch
2022-07-19,Tuesday,2,29,7,Monsoon,0,0,0,0,0,1,0,14.4,32.4,25.9,70.8,,0,0,0,91,21,11,8,7,131,129.0,120.0,136.0,131.0,8.07,132.0,132.36,2,1,1,1,1,2,5,1,1,2,1,4,3,3,13,4,10,41,18,1,1,39,11,10,16,13,8,40,22,9,2,2,0,Watch
2022-07-20,Wednesday,3,29,7,Monsoon,0,0,0,1,0,0,1,27.3,35.8,28.8,79.7,,0,0,0,96,33,5,14,9,148,131.0,129.0,146.0,130.29,7.81,145.0,132.29,2,1,1,1,1,2,6,1,1,2,1,5,4,4,17,6,15,60,25,2,1,46,16,8,21,16,17,66,36,9,2,0,0,Normal
2022-07-21,Thursday,4,29,7,Monsoon,0,0,0,0,0,1,0,14.6,33.4,27.1,76.3,,0,0,0,89,26,11,7,7,133,148.0,131.0,135.0,130.57,8.4,136.0,132.5,2,1,1,1,1,2,5,1,1,2,1,4,3,3,14,5,12,48,20,1,1,48,10,9,17,12,11,64,17,8,2,2,0,Watch
2022-07-22,Friday,5,29,7,Monsoon,0,0,0,0,0,0,0,17.0,35.0,27.1,74.7,,0,0,0,83,30,7,4,7,124,133.0,148.0,127.0,130.29,8.28,129.0,132.29,2,1,1,1,1,2,5,1,1,2,1,4,3,3,14,6,14,54,22,1,1,33,14,8,16,14,18,67,26,9,2,0,0,Normal
2022-07-23,Saturday,6,29,7,Monsoon,1,0,0,0,0,0,0,10.6,32.1,25.2,67.1,,0,0,0,77,28,7,10,9,122,124.0,133.0,124.0,129.86,8.51,124.0,131.93,2,1,1,1,1,2,5,1,1,2,1,5,4,4,15,6,13,50,21,2,1,42,13,7,17,13,16,60,27,9,2,0,0,Normal
2022-07-24,Sunday,7,29,7,Monsoon,1,0,0,0,0,0,0,26.6,30.7,22.4,84.5,,0,0,0,74,27,6,10,8,117,122.0,124.0,120.0,129.57,8.73,130.0,131.79,2,1,1,1,1,2,5,1,1,1,1,5,4,3,14,5,13,48,21,2,1,40,15,8,14,12,14,49,26,10,2,0,0,Normal
2022-07-25,Monday,1,30,7,Monsoon,0,0,0,0,0,0,0,26.7,32.9,23.4,83.2,,0,0,0,94,25,5,9,6,133,117.0,122.0,129.0,129.14,9.25,140.0,130.86,2,1,1,1,1,2,5,1,1,2,1,4,3,3,13,5,12,47,20,1,1,39,7,8,16,12,13,43,19,9,2,2,0,Watch
2022-07-26,Tuesday,2,30,7,Monsoon,0,0,0,0,0,1,0,12.9,34.4,25.6,71.7,Malaria,4,1,6,89,56,10,9,11,164,133.0,117.0,131.0,129.71,9.35,136.0,130.36,2,2,1,1,1,2,6,1,2,2,1,7,4,8,25,11,48,93,59,2,1,43,10,7,25,19,61,125,80,10,2,1,0,High
2022-07-27,Wednesday,3,30,7,Monsoon,0,0,0,1,0,0,1,27.5,31.8,22.1,76.3,Malaria,4,1,6,99,58,4,11,10,172,164.0,133.0,148.0,134.43,15.26,146.0,132.36,2,2,1,1,1,2,7,1,2,2,1,6,4,8,25,11,50,97,62,2,1,45,10,6,30,21,49,129,73,10,2,2,0,High
2022-07-28,Thursday,4,30,7,Monsoon,0,0,0,0,0,1,0,11.1,29.3,22.6,84.2,Malaria,4,1,6,87,61,11,8,11,167,172.0,164.0,133.0,137.86,19.91,135.0,134.21,2,2,1,1,1,2,6,1,2,2,1,7,4,9,27,11,52,101,63,2,1,39,12,10,25,17,46,115,60,7,2,3,0,High
2022-07-29,Friday,5,30,7,Monsoon,0,0,0,0,0,0,0,32.5,32.9,21.6,83.5,Malaria,4,1,5,85,60,5,8,11,158,167.0,172.0,124.0,142.71,22.15,127.0,136.5,2,2,1,1,1,2,6,1,2,2,1,7,4,9,25,11,51,99,62,2,1,43,13,5,27,22,43,111,53,8,2,3,0,High
2022-07-30,Saturday,6,30,7,Monsoon,1,0,0,0,0,0,0,23.8,33.5,24.5,76.5,Malaria,4,1,6,78,60,6,13,11,157,158.0,167.0,122.0,147.57,21.23,124.0,138.71,2,2,1,1,1,2,6,1,2,2,1,7,5,9,27,11,51,98,62,3,1,41,11,9,32,21,52,111,69,9,2,0,0,High
2022-07-31,Sunday,7,30,7,Monsoon,1,0,0,0,1,0,0,17.7,32.7,24.1,78.5,Malaria,4,1,7,80,62,9,12,12,163,157.0,158.0,117.0,152.57,18.57,120.0,141.07,2,2,1,1,1,2,6,1,2,2,1,7,5,9,28,12,53,101,64,3,1,42,10,9,28,22,55,95,66,8,2,1,0,High
2022-08-01,Monday,1,31,8,Monsoon,0,0,0,0,0,0,0,20.8,34.7,27.4,76.7,Malaria,4,1,5,94,63,6,6,11,169,163.0,157.0,133.0,159.14,11.68,129.0,144.14,2,2,1,1,1,2,7,1,2,2,1,7,4,9,26,12,54,104,66,2,1,40,11,6,25,20,42,145,76,9,2,3,0,High
2022-08-02,Tuesday,2,31,8,Monsoon,0,0,0,0,0,1,0,34.7,31.1,21.8,85.8,Malaria,4,1,7,91,63,12,8,11,174,169.0,163.0,164.0,164.29,5.12,131.0,147.0,2,2,1,1,1,2,7,1,2,2,1,7,4,9,28,12,54,104,66,2,1,44,10,7,33,20,70,102,88,7,2,2,0,High
2022-08-03,Wednesday,3,31,8,Monsoon,0,0,0,1,0,0,1,8.5,35.6,27.5,77.5,Malaria,4,1,6,103,61,7,13,12,184,174.0,169.0,172.0,165.71,6.13,148.0,150.07,2,2,1,1,1,3,7,1,2,2,1,7,5,9,27,11,52,102,65,3,1,42,12,7,27,19,53,122,78,9,2,1,0,High
2022-08-04,Thursday,4,31,8,Monsoon,0,0,0,0,0,1,0,27.9,33.6,26.5,79.1,Malaria,4,1,6,84,59,12,6,11,161,184.0,174.0,167.0,167.43,8.76,133.0,152.64,2,2,1,1,1,2,6,1,2,2,1,7,4,9,26,11,51,97,62,2,1,48,13,9,34,24,54,99,73,7,2,0,0,High
2022-08-05,Friday,5,31,8,Monsoon,0,0,0,0,0,0,0,29.7,31.2,21.7,77.7,Malaria,4,1,5,84,62,6,8,10,160,161.0,184.0,158.0,166.57,9.05,124.0,154.64,2,2,1,1,1,2,6,1,2,2,1,6,4,9,26,12,53,102,64,2,1,49,11,8,28,24,65,102,81,9,2,1,0,High
2022-08-06,Saturday,6,31,8,Monsoon,1,0,0,0,0,0,0,70.7,32.9,26.1,96.2,Malaria,4,1,6,72,73,3,12,10,160,160.0,161.0,157.0,166.86,8.81,122.0,157.21,2,3,1,1,1,2,6,1,2,2,1,6,4,10,30,14,63,117,74,3,1,44,13,8,35,25,51,121,85,10,2,2,0,High
2022-08-07,Sunday,7,31,8,Monsoon,1,0,0,0,0,0,0,25.6,35.1,26.1,74.7,Malaria,4,1,7,73,63,7,13,12,156,160.0,160.0,163.0,167.29,8.38,117.0,159.93,2,2,1,1,1,2,6,1,2,2,1,7,5,9,28,12,54,102,65,3,1,40,11,8,37,21,49,104,73,7,2,2,0,High
2022-08-08,Monday,1,32,8,Monsoon,0,0,0,0,1,0,0,7.1,30.6,21.4,69.9,Malaria,4,1,6,96,56,8,6,9,166,156.0,160.0,169.0,166.29,9.21,133.0,162.71,2,2,1,1,1,2,6,1,2,2,1,5,3,8,24,11,48,94,59,2,1,42,11,8,26,18,48,97,66,9,2,0,0,High
2022-08-09,Tuesday,2,32,8,Monsoon,0,0,0,0,0,1,0,6.9,29.5,22.2,78.4,Malaria,4,1,7,96,55,12,7,12,170,166.0,156.0,174.0,165.86,9.14,164.0,165.07,2,2,1,1,1,2,7,1,2,2,1,7,4,9,25,10,47,93,59,2,1,42,11,7,30,20,58,114,47,9,2,2,0,High
2022-08-10,Wednesday,3,32,8,Monsoon,0,0,0,1,0,0,1,16.7,32.4,24.9,76.6,Malaria,4,1,7,101,57,6,12,10,176,170.0,166.0,184.0,165.29,8.73,172.0,165.5,2,2,1,1,1,2,7,1,2,2,1,6,4,8,26,11,49,96,61,2,1,31,12,10,26,23,47,87,76,8,2,2,0,High
2022-08-11,Thursday,4,32,8,Monsoon,0,0,0,0,0,1,0,11.9,28.6,21.4,79.0,Malaria,4,1,6,86,54,12,7,11,159,176.0,170.0,161.0,164.14,6.42,167.0,165.79,2,2,1,1,1,2,6,1,2,2,1,7,4,8,24,10,46,90,57,2,1,43,8,7,28,18,44,105,52,8,2,3,0,High
2022-08-12,Friday,5,32,8,Monsoon,0,0,0,0,0,0,0,21.7,35.0,28.0,71.7,Malaria,4,1,7,80,60,5,6,9,151,159.0,176.0,160.0,163.86,6.6,158.0,165.21,2,2,1,1,1,2,6,1,2,2,1,5,3,8,25,11,51,98,62,2,1,36,13,8,30,18,51,123,85,9,2,0,0,High
2022-08-13,Saturday,6,32,8,Monsoon,1,0,0,0,0,0,0,17.5,32.1,24.0,77.2,Malaria,4,1,6,72,57,5,14,10,148,151.0,159.0,160.0,162.57,7.96,157.0,164.71,2,2,1,1,1,2,6,1,2,2,1,6,5,8,26,11,49,93,60,2,1,41,9,7,24,20,40,88,83,8,1,4,0,High
2022-08-14,Sunday,7,32,8,Monsoon,1,0,0,0,0,0,0,11.4,30.8,22.7,75.1,Malaria,4,1,7,76,61,6,11,11,154,148.0,151.0,156.0,160.86,9.48,163.0,164.07,2,2,1,1,1,2,6,1,2,2,1,7,5,9,27,11,52,100,63,2,1,42,8,8,33,24,45,133,65,8,2,2,0,High
2022-08-15,Monday,1,33,8,Monsoon,0,1,0,0,0,0,1,28.1,31.7,24.7,81.3,Malaria,4,1,6,86,61,5,9,12,161,154.0,148.0,166.0,160.57,9.65,169.0,163.43,2,2,1,1,1,2,6,1,2,2,1,7,5,9,26,11,52,101,63,2,1,39,11,8,23,23,62,93,80,9,2,3,0,High
2022-08-16,Tuesday,2,33,8,Monsoon,0,0,0,0,0,1,0,22.9,32.3,22.6,86.6,Malaria,4,1,6,91,62,11,7,11,171,161.0,154.0,170.0,159.86,9.4,174.0,162.86,2,2,1,1,1,2,7,1,2,2,1,7,4,9,27,12,53,103,65,2,1,43,11,7,27,22,63,139,71,10,2,1,0,High
2022-08-17,Wednesday,3,33,8,Monsoon,0,0,0,1,0,0,1,23.2,34.0,27.4,71.6,Malaria,4,1,5,99,58,5,10,12,172,171.0,161.0,176.0,160.0,9.56,184.0,162.64,2,2,1,1,1,2,7,1,2,2,1,7,5,9,25,11,50,97,62,2,1,36,9,9,30,18,45,133,86,7,2,1,0,High
2022-08-18,Thursday,4,33,8,Monsoon,0,0,0,0,0,1,0,8.0,31.3,22.7,82.4,Malaria,4,1,7,83,57,10,6,10,156,172.0,171.0,159.0,159.43,8.67,161.0,161.79,2,2,1,1,1,2,6,1,2,2,1,6,4,8,25,11,49,94,60,2,1,48,10,5,24,22,39,121,55,10,1,4,0,High
2022-08-19,Friday,5,33,8,Monsoon,0,0,1,0,0,0,3,12.1,26.7,19.1,85.9,,0,0,0,88,28,7,21,11,144,156.0,172.0,151.0,159.0,8.75,160.0,161.43,2,1,2,1,1,2,6,1,1,2,1,7,6,4,18,6,13,51,22,2,1,35,12,10,19,15,10,61,24,9,2,1,0,Watch
2022-08-20,Saturday,6,33,8,Monsoon,1,0,1,0,0,0,2,15.9,32.9,22.8,79.5,,0,0,0,81,24,4,20,8,129,144.0,156.0,148.0,158.0,9.93,160.0,160.29,2,1,2,1,1,2,5,1,1,2,1,5,5,3,16,5,11,45,19,2,1,39,12,9,21,13,10,41,24,9,1,2,0,Watch
2022-08-21,Sunday,7,33,8,Monsoon,1,0,0,0,0,0,0,14.8,30.9,22.7,81.0,Dengue,3,1,5,73,60,7,12,10,152,129.0,144.0,154.0,155.29,14.04,156.0,158.07,2,2,1,1,1,2,6,1,2,2,1,6,4,8,27,11,51,98,56,2,1,42,12,8,30,19,43,106,67,7,2,1,0,Watch
2022-08-22,Monday,1,34,8,Monsoon,0,0,0,0,0,0,0,5.9,29.9,23.1,74.6,Dengue,3,1,4,98,57,7,6,9,168,152.0,129.0,161.0,155.0,14.08,166.0,157.79,2,2,1,1,1,2,6,1,2,2,1,5,3,7,24,11,49,96,54,2,1,36,13,10,30,20,53,131,49,9,2,1,0,Watch
2022-08-23,Tuesday,2,34,8,Monsoon,0,0,0,0,0,1,0,19.0,29.3,22.7,80.4,Dengue,3,1,5,90,62,11,6,11,169,168.0,152.0,171.0,156.0,14.71,170.0,157.93,2,2,1,1,1,2,7,1,2,2,1,7,4,8,27,12,53,102,59,2,1,52,11,8,23,24,44,107,85,11,3,2,0,Watch
2022-08-24,Wednesday,3,34,8,Monsoon,0,0,0,1,1,0,1,18.5,27.7,18.0,79.0,Dengue,3,1,5,104,57,9,14,12,184,169.0,168.0,172.0,155.71,14.43,176.0,157.86,2,2,1,1,1,3,7,1,2,2,1,7,5,8,27,11,49,96,56,2,1,42,11,8,25,20,39,123,58,11,2,2,0,Watch
2022-08-25,Thursday,4,34,8,Monsoon,0,0,0,0,0,1,0,11.2,30.0,21.5,74.3,Dengue,3,1,6,91,59,9,8,11,167,184.0,169.0,156.0,157.43,16.78,159.0,158.43,2,2,1,1,1,2,6,1,2,2,1,7,4,8,26,11,51,98,56,2,1,46,10,7,24,21,66,116,56,10,2,2,0,Watch
2022-08-26,Friday,5,34,8,Monsoon,0,0,0,0,0,0,0,15.3,34.8,27.3,75.3,Dengue,3,1,5,93,56,6,6,9,161,167.0,184.0,144.0,159.0,17.09,151.0,159.0,2,2,1,1,1,2,6,1,2,2,1,5,3,7,23,11,48,94,53,2,1,44,7,8,20,19,47,106,67,8,2,2,0,Watch
2022-08-27,Saturday,6,34,8,Monsoon,1,0,0,0,1,0,0,8.0,28.0,18.3,82.4,Dengue,3,1,3,86,60,7,12,11,165,161.0,167.0,129.0,161.43,15.95,148.0,159.71,2,2,1,1,1,2,6,1,2,2,1,7,5,8,27,11,51,99,56,2,1,37,9,6,28,18,68,109,62,11,2,1,0,Watch
2022-08-28,Sunday,7,34,8,Monsoon,1,0,0,0,0,0,0,0.0,29.7,21.8,67.8,Dengue,3,1,4,79,57,5,13,11,154,165.0,161.0,152.0,166.57,8.93,154.0,160.93,2,2,1,1,1,2,6,1,2,2,1,7,5,8,26,11,49,94,54,2,1,35,12,8,30,17,39,124,74,9,2,1,0,Watch
2022-08-29,Monday,1,35,8,Monsoon,0,0,0,0,0,0,0,0.0,29.5,22.8,70.5,Dengue,3,1,4,95,56,5,7,10,163,154.0,165.0,168.0,166.86,8.48,161.0,160.93,2,2,1,1,1,2,6,1,2,2,1,6,4,7,23,11,48,94,53,2,1,39,11,5,21,22,60,101,59,8,2,2,0,Watch
2022-08-30,Tuesday,2,35,8,Monsoon,0,0,0,0,0,1,0,12.8,30.3,22.1,78.8,Dengue,3,1,4,96,59,12,7,11,174,163.0,154.0,169.0,166.14,8.56,171.0,161.07,2,2,1,1,1,2,7,1,2,2,1,7,4,8,26,11,51,99,57,2,1,47,11,8,23,19,56,89,70,11,1,2,0,Watch
2022-08-31,Wednesday,3,35,8,Monsoon,0,0,0,1,0,0,1,6.2,29.5,20.9,83.7,Dengue,3,1,6,99,56,5,13,11,173,174.0,163.0,184.0,166.86,8.97,172.0,161.29,2,2,1,1,1,2,7,1,2,2,1,7,5,8,25,11,48,94,54,2,1,47,10,8,31,18,40,125,51,13,2,2,0,Watch
2022-09-01,Thursday,4,35,9,Monsoon,0,0,0,0,0,1,0,51.5,27.1,17.7,97.7,Dengue,3,1,5,86,70,11,6,11,173,173.0,174.0,167.0,165.29,6.43,156.0,161.36,2,2,1,1,1,2,7,1,2,2,1,7,4,9,30,13,60,114,65,2,1,50,11,8,33,20,45,148,89,9,2,2,0,Watch
2022-09-02,Friday,5,35,9,Monsoon,0,0,0,0,0,0,0,2.0,31.7,22.3,70.3,Dengue,3,1,4,92,54,7,7,12,160,173.0,173.0,161.0,166.14,6.98,144.0,162.57,2,2,1,1,1,2,6,1,2,2,1,7,4,8,23,10,46,91,52,2,1,49,14,7,19,18,40,98,66,12,2,3,0,High
2022-09-03,Saturday,6,35,9,Monsoon,1,0,0,0,0,0,0,17.4,30.2,22.4,71.7,Dengue,3,1,4,78,55,5,8,9,146,160.0,173.0,165.0,166.0,7.09,129.0,163.71,2,2,1,1,1,2,6,1,2,2,1,5,4,7,23,10,47,91,52,2,1,38,12,9,29,18,55,112,74,8,2,0,0,Watch
2022-09-04,Sunday,7,35,9,Monsoon,1,0,0,0,0,0,0,5.2,30.0,21.9,71.7,Dengue,3,1,5,76,54,6,11,10,147,146.0,160.0,154.0,163.29,10.0,152.0,164.93,2,2,1,1,1,2,6,1,2,2,1,6,4,7,24,10,46,89,52,2,1,48,9,11,27,20,60,106,71,8,2,0,0,Watch
2022-09-05,Monday,1,36,9,Monsoon,0,0,0,0,0,0,0,6.4,33.6,25.8,68.5,Dengue,3,1,4,95,55,5,6,8,161,147.0,146.0,163.0,162.29,11.16,168.0,164.57,2,2,1,1,1,2,6,1,2,2,1,5,3,7,23,10,47,92,52,2,1,42,11,6,26,19,48,128,46,8,2,2,0,Watch
2022-09-06,Tuesday,2,36,9,Monsoon,0,0,0,0,0,1,0,11.7,28.6,19.6,81.2,Dengue,3,1,4,100,59,10,7,12,176,161.0,147.0,174.0,162.0,11.16,169.0,164.07,2,2,1,1,1,2,7,1,2,2,1,7,4,8,26,11,51,99,57,2,1,34,12,8,28,17,39,106,50,7,2,2,0,Watch
2022-09-07,Wednesday,3,36,9,Monsoon,0,0,0,1,0,0,1,17.1,29.3,22.1,81.7,Dengue,3,1,5,101,62,4,13,11,180,176.0,161.0,173.0,162.29,11.49,184.0,164.57,2,2,1,1,1,2,7,1,2,2,1,7,5,8,27,12,53,104,59,3,1,41,11,9,24,25,60,108,82,9,2,1,0,Watch
2022-09-08,Thursday,4,36,9,Monsoon,0,0,0,0,0,1,0,3.2,34.1,25.9,76.1,Dengue,3,1,5,89,58,11,8,11,166,180.0,176.0,173.0,163.29,12.62,167.0,164.29,2,2,1,1,1,2,6,1,2,2,1,7,4,8,26,11,50,96,55,2,1,42,13,9,30,23,66,95,76,10,2,1,0,Watch
2022-09-09,Friday,5,36,9,Monsoon,0,0,0,0,1,0,0,13.3,29.4,21.1,82.6,Dengue,3,1,5,89,60,9,4,8,162,166.0,180.0,160.0,162.29,12.08,161.0,164.21,2,2,1,1,1,2,6,1,2,2,1,5,3,7,25,11,51,99,56,2,1,42,11,8,23,23,42,110,77,9,3,2,0,Watch
2022-09-10,Saturday,6,36,9,Monsoon,1,0,0,0,0,0,0,0.0,30.5,20.7,71.0,,0,0,0,75,19,5,11,7,110,162.0,166.0,146.0,162.57,12.05,165.0,164.29,2,1,1,1,1,2,4,1,1,1,1,4,4,3,12,4,9,36,16,1,1,33,11,7,10,11,7,43,15,10,1,3,0,High
2022-09-11,Sunday,7,36,9,Monsoon,1,0,0,0,0,0,0,4.7,27.0,18.0,78.2,,0,0,0,72,22,4,11,7,109,110.0,162.0,147.0,157.43,21.78,154.0,160.36,2,1,1,1,1,2,4,1,1,1,1,4,4,3,12,4,10,41,17,1,1,42,11,8,14,12,12,47,21,9,2,0,0,Normal
2022-09-12,Monday,1,37,9,Monsoon,0,0,0,0,0,0,0,11.2,26.7,20.3,73.8,,0,0,0,88,28,5,7,7,128,109.0,110.0,161.0,152.0,27.65,163.0,157.14,2,1,1,1,1,2,5,1,1,2,1,4,3,3,14,6,13,51,21,1,1,45,11,8,17,13,16,69,20,8,2,1,0,Watch
2022-09-13,Tuesday,2,37,9,Monsoon,0,0,0,0,0,1,0,7.6,24.2,17.5,73.2,,0,0,0,85,25,10,8,9,128,128.0,109.0,176.0,147.29,28.51,174.0,154.64,2,1,1,1,1,2,5,1,1,2,1,5,4,4,14,5,12,46,20,1,1,46,13,8,16,12,15,45,17,9,2,2,0,Watch
2022-09-14,Wednesday,3,37,9,Monsoon,0,0,0,1,0,0,1,5.3,29.4,20.3,77.5,,0,0,0,95,27,6,13,9,141,128.0,128.0,180.0,140.43,26.48,173.0,151.36,2,1,1,1,1,2,6,1,1,2,1,5,4,4,15,5,13,50,22,2,1,42,11,6,13,12,10,65,23,7,2,2,0,Watch
2022-09-15,Thursday,4,37,9,Monsoon,0,0,0,0,0,1,0,6.8,24.9,15.0,71.3,,0,0,0,83,25,11,8,7,127,141.0,128.0,166.0,134.86,21.13,173.0,149.07,2,1,1,1,1,2,5,1,1,2,1,4,3,3,14,5,12,46,20,1,1,41,9,11,16,14,15,52,19,6,2,1,0,Watch
2022-09-16,Friday,5,37,9,Monsoon,0,0,0,0,0,0,0,15.7,28.3,20.5,80.5,,0,0,0,82,33,7,3,7,125,127.0,141.0,162.0,129.29,16.9,160.0,145.79,2,1,1,1,1,2,5,1,1,2,1,4,3,4,15,6,15,58,24,1,1,48,11,8,19,14,15,66,27,6,2,0,0,Normal
2022-09-17,Saturday,6,37,9,Monsoon,1,0,0,0,0,0,0,4.5,29.9,22.1,76.9,,0,0,0,76,24,4,13,6,117,125.0,127.0,110.0,124.0,10.36,146.0,143.29,2,1,1,1,1,2,5,1,1,1,1,4,4,3,14,5,11,44,19,2,1,36,14,7,14,13,13,49,18,9,2,1,0,Watch
2022-09-18,Sunday,7,37,9,Monsoon,1,0,0,0,0,0,0,0.0,27.2,19.9,77.0,,0,0,0,76,27,6,10,9,119,117.0,125.0,109.0,125.0,9.24,147.0,141.21,2,1,1,1,1,2,5,1,1,1,1,5,4,4,14,5,13,49,21,2,1,44,10,8,16,12,14,67,23,8,2,0,0,Normal
2022-09-19,Monday,1,38,9,Monsoon,0,0,0,0,1,0,0,5.1,27.4,20.2,75.0,,0,0,0,95,23,7,5,7,130,119.0,117.0,128.0,126.43,7.21,161.0,139.21,2,1,1,1,1,2,5,1,1,2,1,4,3,3,12,5,11,44,19,1,1,47,12,5,11,12,8,51,22,9,2,2,0,Watch
2022-09-20,Tuesday,2,38,9,Monsoon,0,0,0,0,0,1,0,4.7,28.1,20.7,81.7,,0,0,0,88,28,10,7,8,133,130.0,119.0,128.0,126.71,7.3,176.0,137.0,2,1,1,1,1,2,5,1,1,2,1,5,3,3,15,6,13,51,21,1,1,42,13,8,14,14,12,55,26,4,2,2,0,Watch
2022-09-21,Wednesday,3,38,9,Monsoon,0,0,0,1,0,0,1,10.0,25.6,17.4,75.3,,0,0,0,99,30,6,11,9,146,133.0,130.0,141.0,127.43,7.63,180.0,133.93,2,1,1,1,1,2,6,1,1,2,1,5,4,4,16,6,14,55,23,2,1,43,13,11,19,15,13,75,18,9,2,2,0,Watch
2022-09-22,Thursday,4,38,9,Monsoon,0,0,0,0,0,1,0,2.5,26.9,18.6,75.0,,0,0,0,85,24,11,8,8,128,146.0,133.0,127.0,128.14,8.98,166.0,131.5,2,1,1,1,1,2,5,1,1,2,1,5,3,3,14,5,11,45,19,1,1,51,7,9,12,14,10,48,23,11,2,2,0,Watch
2022-09-23,Friday,5,38,9,Monsoon,0,0,0,0,0,0,0,40.7,27.2,19.1,89.7,,0,0,0,79,32,4,6,7,121,128.0,146.0,125.0,128.29,8.97,162.0,128.79,2,1,1,1,1,2,5,1,1,2,1,4,3,3,14,6,15,56,23,2,1,46,11,8,15,15,18,60,30,10,3,0,0,Normal
2022-09-24,Saturday,6,38,9,Monsoon,1,0,0,0,0,0,0,18.0,26.2,18.1,74.3,,0,0,0,72,24,6,9,8,111,121.0,128.0,117.0,127.71,9.28,110.0,125.86,2,1,1,1,1,2,4,1,1,1,1,5,4,3,13,5,11,44,18,1,1,42,9,11,11,13,10,48,19,13,2,2,0,Watch
2022-09-25,Sunday,7,38,9,Monsoon,1,0,0,0,0,0,0,12.5,27.3,22.1,77.3,,0,0,0,68,25,3,13,7,109,111.0,121.0,119.0,126.86,10.44,109.0,125.93,2,1,1,1,1,2,4,1,1,1,1,4,4,3,14,5,12,45,19,2,1,50,10,5,17,12,13,51,25,8,2,0,0,Normal
2022-09-26,Monday,1,39,9,Monsoon,0,0,0,0,0,0,0,21.4,26.1,19.5,84.1,,0,0,0,87,26,4,7,7,124,109.0,111.0,130.0,125.43,11.99,128.0,125.93,2,1,1,1,1,2,5,1,1,2,1,4,3,3,13,5,12,48,20,1,1,52,13,4,12,13,12,44,25,11,2,2,0,Watch
2022-09-27,Tuesday,2,39,9,Monsoon,0,0,0,0,0,1,0,23.6,25.9,18.0,84.5,,0,0,0,83,30,9,5,8,127,124.0,109.0,133.0,124.57,11.84,128.0,125.64,2,1,1,1,1,2,5,1,1,2,1,5,3,4,15,6,14,54,22,1,1,43,13,5,16,15,12,59,31,9,2,1,0,Watch
2022-09-28,Wednesday,3,39,9,Monsoon,0,0,0,1,0,0,1,0.0,28.7,23.0,72.9,,0,0,0,98,23,4,13,7,138,127.0,124.0,146.0,123.71,11.41,141.0,125.57,2,1,1,1,1,2,5,1,1,2,1,4,4,3,13,5,11,45,19,2,1,42,11,11,17,14,9,62,21,10,2,1,0,Watch
2022-09-29,Thursday,4,39,9,Monsoon,0,0,0,0,0,1,0,3.5,29.3,20.7,83.8,,0,0,0,85,24,10,5,7,124,138.0,127.0,128.0,122.57,9.33,127.0,125.36,2,1,1,1,1,2,5,1,1,2,1,4,3,3,13,5,11,45,19,1,1,37,12,11,17,14,14,43,16,9,2,2,0,Watch
2022-09-30,Friday,5,39,9,Monsoon,0,0,0,0,0,0,0,0.0,27.0,16.9,80.5,,0,0,0,81,22,4,4,5,111,124.0,138.0,121.0,122.0,9.1,125.0,125.14,2,1,1,1,1,2,4,1,1,1,1,3,2,3,10,4,10,42,17,1,1,44,12,10,11,13,9,53,21,8,2,1,0,Watch
2022-10-01,Saturday,6,39,10,Post_Monsoon,1,0,0,0,0,0,0,0.3,25.2,17.0,50.2,,0,0,0,70,14,6,11,6,101,111.0,124.0,111.0,120.57,9.9,117.0,124.14,2,1,1,1,1,2,4,1,1,1,1,4,3,2,10,3,7,28,13,1,1,42,11,10,10,12,6,29,16,8,2,1,0,Watch
2022-10-02,Sunday,7,39,10,Post_Monsoon,1,1,0,0,0,0,1,0.1,26.5,21.0,47.1,,0,0,0,72,16,4,12,6,104,101.0,111.0,109.0,119.14,11.73,119.0,123.0,2,1,1,1,1,2,4,1,1,1,1,4,3,2,11,3,8,32,14,1,1,35,12,9,9,12,8,42,16,10,3,1,0,Watch
2022-10-03,Monday,1,40,10,Post_Monsoon,0,0,0,0,0,0,0,0.6,28.0,19.8,47.4,,0,0,0,87,13,6,6,6,112,104.0,101.0,124.0,118.43,12.45,130.0,121.93,2,1,1,1,1,2,4,1,1,1,1,4,3,2,8,3,6,29,13,1,1,43,7,6,9,11,5,38,14,9,2,1,0,Watch
2022-10-04,Tuesday,2,40,10,Post_Monsoon,0,0,0,0,0,1,0,0.0,25.5,18.4,54.9,,0,0,0,87,14,11,10,7,122,112.0,104.0,127.0,116.71,12.39,133.0,120.64,2,1,1,1,1,2,5,1,1,2,1,4,3,3,11,3,7,30,14,1,1,50,14,7,14,11,8,32,19,11,2,0,0,Normal
2022-10-05,Wednesday,3,40,10,Post_Monsoon,0,0,0,1,0,0,1,0.5,27.3,19.3,46.9,,0,0,0,93,16,5,12,8,126,122.0,112.0,138.0,116.0,11.92,146.0,119.86,2,1,1,1,1,2,5,1,1,2,1,5,4,3,11,3,8,34,15,1,1,42,11,9,10,12,8,46,15,9,2,1,0,Watch
2022-10-06,Thursday,4,40,10,Post_Monsoon,0,0,0,0,0,1,0,0.0,23.2,13.7,51.1,,0,0,0,89,14,11,7,8,121,126.0,122.0,124.0,114.29,9.18,128.0,118.43,2,1,1,1,1,2,5,1,1,2,1,5,3,3,10,3,7,30,14,1,1,48,10,11,13,11,9,37,12,9,1,1,0,Watch
2022-10-07,Friday,5,40,10,Post_Monsoon,0,0,0,0,0,0,0,0.0,22.6,14.2,52.4,,0,0,0,84,17,5,7,5,113,121.0,126.0,111.0,113.86,8.77,121.0,117.93,2,1,1,1,1,2,5,1,1,1,1,3,3,2,10,4,8,34,16,1,1,45,12,8,9,11,10,40,18,11,2,1,0,Watch
2022-10-08,Saturday,6,40,10,Post_Monsoon,1,0,0,0,0,0,0,0.0,24.9,15.8,52.6,,0,0,0,77,15,7,9,7,108,113.0,121.0,101.0,114.14,8.71,111.0,117.36,2,1,1,1,1,2,4,1,1,1,1,4,3,3,10,3,7,31,14,1,1,43,12,9,12,12,9,31,17,12,1,0,0,Normal
2022-10-09,Sunday,7,40,10,Post_Monsoon,1,0,1,0,0,0,2,1.2,25.4,17.2,57.0,,0,0,0,74,16,5,19,9,114,108.0,113.0,104.0,115.14,7.45,109.0,117.14,2,1,2,1,1,2,5,1,1,1,1,5,5,3,13,3,8,32,15,2,1,41,11,10,12,11,9,37,13,6,2,2,0,Watch
2022-10-10,Monday,1,41,10,Post_Monsoon,0,0,0,0,0,0,0,0.0,25.3,15.6,54.0,,0,0,0,95,15,6,8,7,124,114.0,108.0,112.0,116.57,6.0,124.0,117.5,2,1,1,1,1,2,5,1,1,2,1,4,3,3,10,3,7,32,15,1,1,49,9,8,12,11,6,32,13,6,2,2,0,Watch
2022-10-11,Tuesday,2,41,10,Post_Monsoon,0,0,0,0,0,1,0,4.6,26.2,17.5,53.7,,0,0,0,91,14,9,8,6,122,124.0,114.0,122.0,118.29,6.16,127.0,117.5,2,1,1,1,1,2,5,1,1,2,1,4,3,2,10,3,7,31,14,1,1,39,11,9,11,11,7,30,11,8,2,2,0,Watch
2022-10-12,Wednesday,3,41,10,Post_Monsoon,0,0,0,1,0,0,1,0.0,22.5,13.4,52.3,,0,0,0,95,11,6,12,7,124,122.0,124.0,126.0,118.29,6.16,138.0,117.14,2,1,1,1,1,2,5,1,1,2,1,4,4,2,9,2,5,26,13,1,1,40,12,7,8,10,5,31,11,8,2,2,0,Watch
2022-10-13,Thursday,4,41,10,Post_Monsoon,0,0,0,0,0,1,0,0.0,25.9,17.5,52.0,,0,0,0,85,15,11,5,6,116,124.0,122.0,121.0,118.0,5.83,124.0,116.14,2,1,1,1,1,2,5,1,1,1,1,4,3,2,10,3,7,31,15,1,1,46,7,9,12,10,5,29,21,8,2,2,0,Watch
2022-10-14,Friday,5,41,10,Post_Monsoon,0,0,0,0,0,0,0,5.3,23.7,14.8,57.0,,0,0,0,84,19,6,8,6,117,116.0,124.0,113.0,117.29,5.72,111.0,115.57,2,1,1,1,1,2,5,1,1,1,1,4,3,3,11,4,9,37,17,1,1,52,8,7,10,11,11,38,22,9,1,1,0,Watch
2022-10-15,Saturday,6,41,10,Post_Monsoon,1,0,0,0,0,0,0,0.0,25.1,17.9,50.2,,0,0,0,73,18,5,8,7,104,117.0,116.0,108.0,117.86,5.46,101.0,116.0,2,1,1,1,1,2,4,1,1,1,1,4,3,3,10,4,9,35,15,1,1,44,11,7,12,13,12,43,21,9,2,0,0,Normal
2022-10-16,Sunday,7,41,10,Post_Monsoon,1,0,0,0,0,0,0,0.0,24.1,16.4,46.7,,0,0,0,69,16,6,9,7,100,104.0,117.0,114.0,117.29,6.56,104.0,116.21,2,1,1,1,1,2,4,1,1,1,1,4,3,3,10,3,8,31,14,1,1,43,10,6,11,12,6,36,15,9,2,1,0,Watch
2022-10-17,Monday,1,42,10,Post_Monsoon,0,0,0,0,0,0,0,1.3,25.5,17.6,49.3,,0,0,0,87,12,5,5,4,109,100.0,104.0,124.0,115.29,8.96,112.0,115.93,2,1,1,1,1,2,4,1,1,1,1,3,2,2,7,3,6,27,12,1,1,43,11,5,6,11,5,36,16,6,2,2,0,Watch
2022-10-18,Tuesday,2,42,10,Post_Monsoon,0,0,0,0,0,1,0,0.0,24.6,14.9,43.8,,0,0,0,85,13,10,5,6,113,109.0,100.0,122.0,113.14,8.39,122.0,115.71,2,1,1,1,1,2,5,1,1,1,1,4,3,2,9,3,6,28,14,1,1,35,12,8,8,10,7,34,12,12,2,2,0,Watch
2022-10-19,Wednesday,3,42,10,Post_Monsoon,0,0,0,1,0,0,1,0.0,27.1,19.4,52.6,,0,0,0,94,13,7,10,7,124,113.0,109.0,124.0,111.86,7.59,126.0,115.07,2,1,1,1,1,2,5,1,1,2,1,4,3,3,10,3,6,29,14,1,1,43,10,8,13,11,5,28,18,9,2,2,0,Watch
2022-10-20,Thursday,4,42,10,Post_Monsoon,0,0,0,0,0,1,0,1.0,27.9,19.1,50.9,,0,0,0,81,14,12,6,6,113,124.0,113.0,116.0,111.86,7.59,121.0,114.93,2,1,1,1,1,2,5,1,1,1,1,4,3,2,10,3,7,30,14,1,1,45,10,9,11,10,6,27,19,7,2,2,0,Watch
2022-10-21,Friday,5,42,10,Post_Monsoon,0,0,0,0,0,0,0,0.0,23.0,14.2,52.2,,0,0,0,89,16,5,6,5,116,113.0,124.0,117.0,111.43,7.42,113.0,114.36,2,1,1,1,1,2,5,1,1,1,1,3,2,2,9,3,8,33,15,1,1,41,11,11,8,11,9,42,12,9,3,2,0,Watch
2022-10-22,Saturday,6,42,10,Post_Monsoon,1,0,1,0,0,0,1,1.0,26.1,17.3,51.6,,0,0,0,78,12,5,20,8,115,116.0,113.0,104.0,111.29,7.32,108.0,114.57,2,1,2,1,1,2,5,1,1,1,1,5,5,3,12,3,6,26,13,2,1,44,12,8,15,11,5,24,16,9,2,2,0,Watch
2022-10-23,Sunday,7,42,10,Post_Monsoon,1,0,0,0,0,0,0,0.0,25.5,18.8,55.3,,0,0,0,68,20,5,12,7,105,115.0,116.0,100.0,112.86,6.75,114.0,115.07,2,1,1,1,1,2,4,1,1,1,1,4,4,3,12,4,9,37,16,1,1,42,11,7,12,12,9,36,16,11,2,1,0,Watch
2022-10-24,Monday,1,43,10,Post_Monsoon,0,0,1,0,0,0,2,0.6,23.7,15.5,46.7,,0,0,0,95,16,6,16,8,133,105.0,115.0,109.0,113.57,5.5,124.0,114.43,2,1,1,1,1,2,5,1,1,2,1,5,4,3,12,3,8,34,15,2,1,48,11,8,15,12,10,32,18,9,2,1,0,Watch
2022-10-25,Tuesday,2,43,10,Post_Monsoon,0,0,0,0,0,1,0,0.0,23.7,17.5,59.9,,0,0,0,83,16,11,7,7,117,133.0,105.0,113.0,117.0,8.33,122.0,115.07,2,1,1,1,1,2,5,1,1,1,1,4,3,3,11,3,8,33,15,1,1,48,11,8,12,11,8,40,20,8,2,0,0,Normal
2022-10-26,Wednesday,3,43,10,Post_Monsoon,0,0,0,1,0,0,1,0.0,24.2,15.3,48.2,,0,0,0,95,13,5,13,8,126,117.0,133.0,124.0,117.57,8.17,124.0,114.71,2,1,1,1,1,2,5,1,1,2,1,5,4,3,10,3,6,29,14,1,1,42,11,6,8,11,6,28,13,5,3,3,0,High
2022-10-27,Thursday,4,43,10,Post_Monsoon,0,0,0,0,0,1,0,1.2,26.8,18.4,55.3,,0,0,0,84,17,10,8,8,119,126.0,117.0,113.0,117.86,8.42,116.0,114.86,2,1,1,1,1,2,5,1,1,1,1,5,3,3,11,4,8,34,16,1,1,37,11,7,14,12,8,40,20,9,2,0,0,Normal
2022-10-28,Friday,5,43,10,Post_Monsoon,0,0,0,0,0,0,0,0.2,24.3,19.8,49.4,,0,0,0,80,12,5,8,7,105,119.0,126.0,116.0,118.71,8.19,117.0,115.07,2,1,1,1,1,2,4,1,1,1,1,4,3,2,8,3,6,26,12,1,1,49,10,7,8,11,5,29,13,9,2,1,0,Watch
2022-10-29,Saturday,6,43,10,Post_Monsoon,1,0,0,0,1,0,0,0.0,25.6,16.3,51.0,,0,0,0,73,13,9,13,7,108,105.0,119.0,115.0,117.14,9.51,104.0,114.21,2,1,1,1,1,2,4,1,1,1,1,4,4,3,11,3,6,27,13,1,1,38,14,3,14,11,5,37,15,12,2,1,0,Watch
2022-10-30,Sunday,7,43,10,Post_Monsoon,1,0,0,0,0,0,0,0.4,22.1,14.5,55.5,,0,0,0,69,16,4,11,7,100,108.0,105.0,105.0,116.14,10.03,100.0,114.5,2,1,1,1,1,2,4,1,1,1,1,4,4,3,10,3,8,31,14,1,1,36,7,8,11,11,8,29,11,9,2,2,0,Watch
2022-10-31,Monday,1,44,10,Post_Monsoon,0,0,0,0,0,0,0,1.7,26.8,19.1,50.4,,0,0,0,93,16,8,6,8,123,100.0,108.0,133.0,115.43,10.94,109.0,114.5,2,1,1,1,1,2,5,1,1,2,1,5,3,3,10,3,8,34,15,1,1,43,12,10,11,11,6,43,13,9,2,2,0,Watch
2022-11-01,Tuesday,2,44,11,Post_Monsoon,0,0,0,0,0,1,0,3.2,25.3,15.7,58.6,,0,0,0,81,16,9,7,9,113,123.0,100.0,117.0,114.0,9.04,113.0,115.5,2,1,1,1,1,2,5,1,1,1,1,5,4,3,10,3,8,33,15,1,1,38,13,7,11,10,9,37,17,11,2,0,0,Normal
2022-11-02,Wednesday,3,44,11,Post_Monsoon,0,0,0,1,0,0,1,1.6,26.8,20.6,51.8,,0,0,0,92,15,5,11,6,123,113.0,123.0,126.0,113.43,8.96,124.0,115.5,2,1,1,1,1,2,5,1,1,2,1,4,3,2,10,3,7,32,15,1,1,47,11,11,12,11,6,29,14,8,3,3,0,High
2022-11-03,Thursday,4,44,11,Post_Monsoon,0,0,0,0,0,1,0,0.0,23.7,14.6,50.3,,0,0,0,85,12,12,4,8,113,123.0,113.0,119.0,113.0,8.4,113.0,115.43,2,1,1,1,1,2,5,1,1,1,1,5,3,3,9,3,6,27,13,1,1,44,12,9,9,12,5,36,17,9,2,1,0,Watch
2022-11-04,Friday,5,44,11,Post_Monsoon,0,0,0,0,0,0,0,0.0,23.9,15.3,49.9,,0,0,0,79,19,6,6,5,110,113.0,123.0,105.0,112.14,8.04,116.0,115.43,2,1,1,1,1,2,4,1,1,1,1,3,2,2,10,4,9,37,16,1,1,39,11,9,9,11,11,43,13,11,2,2,0,Watch
2022-11-05,Saturday,6,44,11,Post_Monsoon,1,0,0,0,0,0,0,0.8,23.3,17.7,49.3,,0,0,0,70,14,6,11,6,101,110.0,113.0,108.0,112.86,7.59,115.0,115.0,2,1,1,1,1,2,4,1,1,1,1,4,3,2,10,3,7,28,13,1,1,54,11,11,8,10,8,32,16,7,2,1,0,Watch
2022-11-06,Sunday,7,44,11,Post_Monsoon,1,0,0,0,0,0,0,0.0,23.8,15.9,55.2,,0,0,0,70,13,4,11,7,98,101.0,110.0,100.0,111.86,8.56,105.0,114.0,2,1,1,1,1,2,4,1,1,1,1,4,4,3,9,3,6,27,13,1,1,42,11,12,10,12,5,36,12,6,2,2,0,Watch
2022-11-07,Monday,1,45,11,Post_Monsoon,0,0,0,0,0,0,0,0.0,23.8,16.2,58.3,,0,0,0,86,16,5,6,8,113,98.0,101.0,123.0,111.57,8.97,133.0,113.5,2,1,1,1,1,2,5,1,1,1,1,5,3,3,9,3,8,33,15,1,1,44,11,6,10,12,9,43,19,11,2,0,0,Normal
2022-11-08,Tuesday,2,45,11,Post_Monsoon,0,0,0,0,0,1,0,0.7,24.0,15.5,52.2,Mass_Casualty,5,1,8,93,12,10,89,24,204,113.0,98.0,113.0,110.14,7.75,117.0,112.07,2,1,5,1,1,3,8,1,1,2,4,14,17,10,34,3,6,28,23,4,3,33,12,9,38,10,5,31,29,10,2,4,0,High
2022-11-09,Wednesday,3,45,11,Post_Monsoon,0,0,0,1,0,0,1,0.0,24.1,16.1,55.6,,0,0,0,93,16,5,11,6,125,204.0,113.0,123.0,123.14,33.89,126.0,118.29,2,1,1,1,1,2,5,1,1,2,1,4,3,2,11,3,8,34,15,1,1,42,13,7,10,11,9,33,12,9,2,3,0,High
2022-11-10,Thursday,4,45,11,Post_Monsoon,0,0,0,0,0,1,0,0.9,22.4,14.2,46.9,,0,0,0,85,14,11,6,8,116,125.0,204.0,113.0,123.43,33.89,119.0,118.21,2,1,1,1,1,2,5,1,1,1,1,5,3,3,10,3,7,30,14,1,1,42,12,8,9,10,5,41,15,8,2,2,0,Watch
2022-11-11,Friday,5,45,11,Post_Monsoon,0,0,0,0,0,0,0,0.0,26.8,18.6,45.5,,0,0,0,88,13,4,6,6,111,116.0,125.0,110.0,123.86,33.78,105.0,118.0,2,1,1,1,1,2,4,1,1,1,1,4,3,2,8,3,6,29,13,1,1,57,14,8,9,12,6,37,18,11,2,0,0,Normal
2022-11-12,Saturday,6,45,11,Post_Monsoon,1,0,0,0,1,0,0,0.0,24.9,17.5,58.9,,0,0,0,81,21,8,11,7,121,111.0,116.0,101.0,124.0,33.72,108.0,118.43,2,1,1,1,1,2,5,1,1,2,1,4,4,3,13,4,10,40,18,1,1,49,11,12,15,13,12,40,24,10,2,0,0,Normal
2022-11-13,Sunday,7,45,11,Post_Monsoon,1,0,0,0,0,0,0,0.0,22.7,16.5,58.2,,0,0,0,66,20,5,9,7,100,121.0,111.0,98.0,126.86,32.48,100.0,119.36,2,1,1,1,1,2,4,1,1,1,1,4,3,3,11,4,9,37,16,1,1,41,10,7,12,12,10,37,13,11,2,1,0,Watch
2022-11-14,Monday,1,46,11,Post_Monsoon,0,0,0,0,0,0,0,0.0,25.5,18.6,51.1,,0,0,0,84,13,6,7,6,110,100.0,121.0,113.0,127.14,32.23,123.0,119.36,2,1,1,1,1,2,4,1,1,1,1,4,3,2,9,3,6,28,13,1,1,42,12,9,8,10,5,34,15,8,2,2,0,Watch
2022-11-15,Tuesday,2,46,11,Post_Monsoon,0,0,1,0,0,1,3,0.3,21.5,14.2,57.8,,0,0,0,92,16,10,18,10,136,110.0,100.0,204.0,126.71,32.43,113.0,118.43,2,1,1,1,1,2,5,1,1,2,1,6,5,3,14,3,8,34,15,2,1,42,14,9,16,10,7,35,19,9,2,1,0,Watch
2022-11-16,Wednesday,3,46,11,Post_Monsoon,0,0,0,1,0,0,1,2.6,26.7,18.4,50.8,,0,0,0,94,17,5,13,8,129,136.0,110.0,125.0,117.0,10.8,123.0,120.07,2,1,1,1,1,2,5,1,1,2,1,5,4,3,12,4,8,35,16,1,1,38,11,8,15,12,8,41,13,10,2,1,0,Watch
2022-11-17,Thursday,4,46,11,Post_Monsoon,0,0,0,0,0,1,0,0.0,24.8,15.8,50.7,,0,0,0,88,15,11,6,6,120,129.0,136.0,116.0,117.57,11.3,113.0,120.5,2,1,1,1,1,2,5,1,1,1,1,4,3,2,10,3,7,32,15,1,1,49,11,10,12,12,5,43,20,10,2,1,0,Watch
2022-11-18,Friday,5,46,11,Post_Monsoon,0,0,0,0,0,0,0,0.0,21.5,13.0,48.9,,0,0,0,86,18,5,7,5,116,120.0,129.0,111.0,118.14,11.31,110.0,121.0,2,1,1,1,1,2,5,1,1,1,1,3,3,2,10,4,9,36,16,1,1,41,13,8,8,11,10,49,13,9,2,2,0,Watch
2022-11-19,Saturday,6,46,11,Post_Monsoon,1,0,0,0,0,0,0,0.0,20.6,13.3,51.6,,0,0,0,71,15,6,12,7,104,116.0,120.0,121.0,118.86,10.99,101.0,121.43,2,1,1,1,1,2,4,1,1,1,1,4,4,3,11,3,7,30,14,1,1,42,11,5,13,11,9,34,19,9,2,0,0,Normal
2022-11-20,Sunday,7,46,11,Post_Monsoon,1,0,0,0,0,0,0,0.0,21.7,14.3,54.2,,0,0,0,69,17,4,11,8,101,104.0,116.0,100.0,116.43,12.07,98.0,121.64,2,1,1,1,1,2,4,1,1,1,1,5,4,3,11,4,8,33,15,1,1,48,11,10,12,12,8,37,13,9,2,1,0,Watch
2022-11-21,Monday,1,47,11,Post_Monsoon,0,0,0,0,1,0,0,0.0,23.7,17.9,55.8,,0,0,0,91,16,8,7,6,122,101.0,104.0,110.0,116.57,11.88,113.0,121.86,2,1,1,1,1,2,5,1,1,2,1,4,3,2,10,3,8,34,15,1,1,43,13,9,8,11,8,44,15,10,2,1,0,Watch
2022-11-22,Tuesday,2,47,11,Post_Monsoon,0,0,0,0,0,1,0,0.0,23.5,15.3,52.5,,0,0,0,89,18,10,9,8,126,122.0,101.0,136.0,118.29,11.67,204.0,122.5,2,1,1,1,1,2,5,1,1,2,1,5,4,3,12,4,9,36,16,1,1,48,11,7,15,12,7,42,14,9,2,2,0,Watch
2022-11-23,Wednesday,3,47,11,Post_Monsoon,0,0,0,1,0,0,1,0.0,23.5,15.0,51.4,,0,0,0,94,13,3,10,8,120,126.0,122.0,129.0,116.86,9.89,125.0,116.93,2,1,1,1,1,2,5,1,1,1,1,5,4,3,9,3,6,29,14,1,1,38,10,9,8,11,5,36,17,11,2,2,0,Watch
2022-11-24,Thursday,4,47,11,Post_Monsoon,0,0,0,0,0,1,0,0.0,21.5,11.2,48.8,,0,0,0,88,15,9,6,6,118,120.0,126.0,120.0,115.57,8.75,116.0,116.57,2,1,1,1,1,2,5,1,1,1,1,4,3,2,10,3,7,32,15,1,1,40,11,7,12,12,5,44,20,9,1,1,0,Watch
2022-11-25,Friday,5,47,11,Post_Monsoon,0,0,1,0,0,0,3,0.0,24.7,14.8,58.4,,0,0,0,89,14,5,16,9,124,118.0,120.0,116.0,115.29,8.63,111.0,116.71,2,1,1,1,1,2,5,1,1,2,1,5,5,3,11,3,7,30,14,1,1,42,11,10,10,10,8,34,16,9,2,1,0,Watch
2022-11-26,Saturday,6,47,11,Post_Monsoon,1,0,0,0,0,0,0,0.0,25.8,17.6,51.4,,0,0,0,74,14,5,11,6,104,124.0,118.0,104.0,116.43,9.16,121.0,117.64,2,1,1,1,1,2,4,1,1,1,1,4,3,2,10,3,7,29,13,1,1,47,12,7,9,11,8,40,10,9,2,2,0,Watch
2022-11-27,Sunday,7,47,11,Post_Monsoon,1,0,0,0,0,0,0,0.0,21.7,12.8,55.2,,0,0,0,67,14,5,11,7,97,104.0,124.0,101.0,116.43,9.16,100.0,116.43,2,1,1,1,1,2,4,1,1,1,1,4,4,3,10,3,7,28,13,1,1,41,11,11,10,11,8,36,17,9,1,0,0,Normal
2022-11-28,Monday,1,48,11,Post_Monsoon,0,0,0,0,0,0,0,0.0,21.4,12.7,59.5,,0,0,0,88,10,5,9,5,112,97.0,104.0,122.0,115.86,10.18,110.0,116.21,2,1,1,1,1,2,4,1,1,1,1,3,3,2,8,2,5,24,11,1,1,51,11,8,7,9,5,28,9,10,2,2,0,Watch
2022-11-29,Tuesday,2,48,11,Post_Monsoon,0,0,1,0,0,1,3,0.7,21.6,16.4,52.5,,0,0,0,93,17,11,19,9,140,112.0,97.0,126.0,114.43,9.91,136.0,116.36,2,1,2,1,1,2,5,1,1,2,1,5,5,3,15,4,8,35,16,2,1,44,7,10,13,11,7,36,13,10,2,3,0,High
2022-11-30,Wednesday,3,48,11,Post_Monsoon,0,0,0,1,0,0,1,1.4,22.4,14.8,51.9,,0,0,0,97,12,6,12,7,127,140.0,112.0,120.0,116.43,12.98,129.0,116.64,2,1,1,1,1,2,5,1,1,2,1,4,4,2,10,3,6,28,13,1,1,38,12,9,11,10,7,28,11,8,2,1,0,Watch
2022-12-01,Thursday,4,48,12,Winter,0,0,0,0,0,1,0,0.0,21.0,12.4,59.7,,0,0,0,84,19,10,6,7,119,127.0,140.0,118.0,117.43,13.48,120.0,116.5,2,1,1,1,1,2,5,1,1,1,1,4,3,3,11,4,9,37,17,1,1,48,10,8,9,11,11,38,15,9,2,2,0,Watch
2022-12-02,Friday,5,48,12,Winter,0,0,0,0,0,0,0,0.0,19.7,11.4,58.5,,0,0,0,78,16,4,7,4,105,119.0,127.0,124.0,117.57,13.49,116.0,116.43,2,1,1,1,1,2,4,1,1,1,1,3,2,2,9,3,8,32,14,1,1,39,14,8,11,12,9,32,15,8,2,0,0,Normal
2022-12-03,Saturday,6,48,12,Winter,1,0,0,0,0,0,0,0.0,19.6,10.2,52.7,,0,0,0,74,15,7,11,7,107,105.0,119.0,104.0,114.86,13.83,104.0,115.64,2,1,1,1,1,2,4,1,1,1,1,4,4,3,11,3,7,30,14,1,1,40,12,8,10,12,8,38,19,9,2,1,0,Watch
2022-12-04,Sunday,7,48,12,Winter,1,0,0,0,0,0,0,0.0,19.9,12.3,54.2,,0,0,0,73,16,7,12,8,108,107.0,105.0,97.0,115.29,13.53,101.0,115.86,2,1,1,1,1,2,4,1,1,1,1,5,4,3,11,3,8,32,14,1,1,42,13,6,12,11,10,28,17,8,2,1,0,Watch
2022-12-05,Monday,1,49,12,Winter,0,0,0,0,1,0,0,0.0,21.2,13.4,58.2,,0,0,0,96,15,10,9,8,130,108.0,107.0,112.0,116.86,11.85,122.0,116.36,2,1,1,1,1,2,5,1,1,2,1,5,4,3,11,3,7,33,15,1,1,34,11,8,12,12,7,38,15,9,2,0,0,Normal
2022-12-06,Tuesday,2,49,12,Winter,0,0,0,0,0,1,0,0.0,22.4,13.5,55.3,,0,0,0,90,13,10,7,6,120,130.0,108.0,140.0,119.43,12.45,126.0,116.93,2,1,1,1,1,2,5,1,1,1,1,4,3,2,10,3,6,29,14,1,1,41,11,11,11,11,7,38,11,9,1,1,0,Watch
2022-12-07,Wednesday,3,49,12,Winter,0,0,0,1,0,0,1,0.0,22.3,14.2,51.1,,0,0,0,96,13,5,14,7,128,120.0,130.0,127.0,116.57,9.3,120.0,116.5,2,1,1,1,1,2,5,1,1,2,1,4,4,3,10,3,6,30,14,1,1,48,11,8,11,11,5,41,14,9,2,1,0,Watch
2022-12-08,Thursday,4,49,12,Winter,0,0,0,0,0,1,0,0.0,19.8,10.8,59.9,,0,0,0,91,13,10,7,9,121,128.0,120.0,119.0,116.71,9.47,118.0,117.07,2,1,1,1,1,2,5,1,1,2,1,5,4,3,10,3,6,29,14,1,1,47,7,9,8,11,5,34,20,6,2,2,0,Watch
2022-12-09,Friday,5,49,12,Winter,0,0,0,0,0,0,0,0.0,25.2,15.6,57.8,,0,0,0,82,19,4,7,5,112,121.0,128.0,105.0,117.0,9.56,124.0,117.29,2,1,1,1,1,2,4,1,1,1,1,3,3,2,10,4,9,37,16,1,1,53,10,7,12,12,7,40,21,11,2,1,0,Watch
2022-12-10,Saturday,6,49,12,Winter,1,0,0,0,0,0,0,0.0,21.6,14.3,55.6,,0,0,0,74,14,7,11,6,106,112.0,121.0,107.0,118.0,8.57,104.0,116.43,2,1,1,1,1,2,4,1,1,1,1,4,3,2,10,3,7,29,13,1,1,33,9,7,11,10,7,27,18,4,2,1,0,Watch
2022-12-11,Sunday,7,49,12,Winter,1,0,0,0,0,0,0,0.3,20.7,13.0,51.0,,0,0,0,68,16,5,13,6,102,106.0,112.0,108.0,117.86,8.76,97.0,116.57,2,1,1,1,1,2,4,1,1,1,1,4,4,2,11,3,8,31,14,1,1,39,14,7,11,11,8,33,16,14,2,0,0,Normal
2022-12-12,Monday,1,50,12,Winter,0,0,0,0,0,0,0,0.0,24.4,17.7,53.1,,0,0,0,90,17,8,5,5,120,102.0,106.0,130.0,117.0,9.9,112.0,116.93,2,1,1,1,1,2,5,1,1,1,1,3,2,2,10,4,8,35,16,1,1,51,9,8,12,13,7,45,17,9,2,1,0,Watch
2022-12-13,Tuesday,2,50,12,Winter,0,0,0,0,0,1,0,0.0,20.7,11.7,57.6,,0,0,0,92,18,12,8,7,130,120.0,102.0,120.0,115.57,8.55,140.0,117.5,2,1,1,1,1,2,5,1,1,2,1,4,3,3,12,4,9,37,16,1,1,39,11,8,14,12,8,45,15,5,2,2,0,Watch
2022-12-14,Wednesday,3,50,12,Winter,0,0,0,1,0,0,1,0.4,20.1,12.8,47.5,,0,0,0,97,16,8,13,7,134,130.0,120.0,128.0,117.0,9.9,127.0,116.79,2,1,1,1,1,2,5,1,1,2,1,4,4,3,12,3,8,34,15,1,1,40,14,10,10,11,7,36,17,11,2,2,0,Watch
2022-12-15,Thursday,4,50,12,Winter,0,0,0,0,0,1,0,0.0,18.9,10.1,62.4,,0,0,0,86,21,12,4,6,123,134.0,130.0,121.0,117.86,11.01,119.0,117.29,2,1,1,1,1,2,5,1,1,2,1,4,2,3,12,4,10,41,18,1,1,43,10,6,14,11,12,50,25,12,2,0,0,Normal
2022-12-16,Friday,5,50,12,Winter,0,0,0,0,0,0,0,0.0,19.8,11.2,54.9,,0,0,0,83,17,6,5,6,111,123.0,134.0,112.0,118.14,11.12,105.0,117.57,2,1,1,1,1,2,4,1,1,1,1,4,3,3,9,4,8,34,15,1,1,35,11,11,9,13,7,46,15,8,2,1,0,Watch
2022-12-17,Saturday,6,50,12,Winter,1,0,0,0,0,0,0,0.0,22.1,13.4,58.7,,0,0,0,70,18,6,12,6,106,111.0,123.0,106.0,118.0,11.2,107.0,118.0,2,1,1,1,1,2,4,1,1,1,1,4,3,3,12,4,9,34,15,1,1,40,11,8,15,11,8,32,16,9,2,2,0,Watch
2022-12-18,Sunday,7,50,12,Winter,1,0,0,0,0,0,0,0.0,25.0,16.2,50.8,,0,0,0,73,13,8,10,8,104,106.0,111.0,102.0,118.0,11.2,108.0,117.93,2,1,1,1,1,2,4,1,1,1,1,5,4,3,10,3,6,27,13,1,1,37,11,10,11,11,5,24,15,10,3,2,0,Watch
2022-12-19,Monday,1,51,12,Winter,0,0,0,0,0,0,0,0.0,21.7,11.8,57.9,,0,0,0,94,16,6,9,6,125,104.0,106.0,120.0,118.29,10.81,130.0,117.64,2,1,1,1,1,2,5,1,1,2,1,4,3,2,10,3,8,34,15,1,1,38,10,8,10,12,8,39,18,10,2,0,0,Normal
2022-12-20,Tuesday,2,51,12,Winter,0,0,0,0,0,1,0,0.0,23.0,15.2,50.5,,0,0,0,89,15,13,9,8,126,125.0,104.0,130.0,119.0,11.06,120.0,117.29,2,1,1,1,1,2,5,1,1,2,1,5,4,3,12,3,7,32,15,1,1,44,10,9,14,10,7,42,13,9,2,1,0,Watch
2022-12-21,Wednesday,3,51,12,Winter,0,0,0,1,0,0,1,0.0,20.7,13.7,55.9,,0,0,0,96,14,5,12,7,127,126.0,125.0,134.0,118.43,10.57,128.0,117.71,2,1,1,1,1,2,5,1,1,2,1,4,4,3,10,3,7,31,14,1,1,46,10,8,9,10,8,32,15,9,2,1,0,Watch
2022-12-22,Thursday,4,51,12,Winter,0,0,0,0,0,1,0,0.0,24.3,16.3,56.2,,0,0,0,88,17,11,6,6,122,127.0,126.0,123.0,117.43,9.3,121.0,117.64,2,1,1,1,1,2,5,1,1,2,1,4,3,3,11,4,8,35,16,1,1,42,11,6,11,11,8,41,16,8,2,0,0,Normal
2022-12-23,Friday,5,51,12,Winter,0,0,0,0,0,0,0,0.0,19.2,12.1,50.5,,0,0,0,82,15,6,9,7,112,122.0,127.0,111.0,117.29,9.22,112.0,117.71,2,1,1,1,1,2,4,1,1,1,1,4,3,3,10,3,7,31,14,1,1,42,11,7,11,11,6,39,12,9,2,2,0,Watch
2022-12-24,Saturday,6,51,12,Winter,1,0,0,0,0,0,0,0.0,25.4,19.4,49.8,,0,0,0,75,20,7,13,7,115,112.0,122.0,106.0,117.43,9.13,106.0,117.71,2,1,1,1,1,2,5,1,1,1,1,4,4,3,13,4,9,38,17,2,1,47,11,8,15,12,10,45,24,10,2,0,0,Normal
2022-12-25,Sunday,7,51,12,Winter,1,1,0,0,0,0,1,0.0,21.9,14.2,57.5,,0,0,0,74,16,4,14,6,108,115.0,112.0,104.0,118.71,7.99,102.0,118.36,2,1,1,1,1,2,4,1,1,1,1,4,4,2,11,3,8,32,14,1,1,35,10,7,10,12,6,41,17,9,2,2,0,Watch
2022-12-26,Monday,1,52,12,Winter,0,0,0,0,0,0,0,2.4,21.7,13.5,52.3,,0,0,0,87,20,5,6,5,118,108.0,115.0,125.0,119.29,7.0,120.0,118.79,2,1,1,1,1,2,5,1,1,1,1,3,2,2,11,4,9,39,17,1,1,45,10,8,13,11,10,41,17,8,2,0,0,Normal
2022-12-27,Tuesday,2,52,12,Winter,0,0,0,0,0,1,0,0.0,20.8,12.8,54.8,,0,0,0,92,14,11,8,8,125,118.0,108.0,126.0,118.29,6.61,130.0,118.64,2,1,1,1,1,2,5,1,1,2,1,5,3,3,11,3,7,31,14,1,1,38,11,8,12,11,9,33,12,10,2,1,0,Watch
2022-12-28,Wednesday,3,52,12,Winter,0,0,0,1,0,0,1,0.0,20.3,11.4,53.7,,0,0,0,98,16,5,10,7,129,125.0,118.0,127.0,118.14,6.45,134.0,118.29,2,1,1,1,1,2,5,1,1,2,1,4,3,3,10,3,8,34,15,1,1,42,11,10,12,11,10,45,20,9,2,0,0,Normal
2022-12-29,Thursday,4,52,12,Winter,0,0,0,0,0,1,0,0.0,22.6,14.4,54.7,,0,0,0,85,23,13,7,8,128,129.0,125.0,122.0,118.43,6.86,123.0,117.93,2,1,1,1,1,2,5,1,1,2,1,5,3,3,14,5,11,43,19,1,1,34,9,6,18,14,10,43,23,9,2,1,0,Watch
2022-12-30,Friday,5,52,12,Winter,0,0,0,0,0,0,0,0.0,17.2,7.9,52.5,,0,0,0,85,16,7,7,7,115,128.0,129.0,112.0,119.29,7.59,111.0,118.29,2,1,1,1,1,2,5,1,1,1,1,4,3,3,10,3,8,33,15,1,1,53,8,8,13,11,9,43,20,9,2,0,0,Normal
2022-12-31,Saturday,6,52,12,Winter,1,0,0,0,0,0,0,0.0,22.7,13.7,52.4,,0,0,0,80,16,6,8,7,110,115.0,128.0,115.0,119.71,7.24,106.0,118.57,2,1,1,1,1,2,4,1,1,1,1,4,3,3,10,3,8,32,14,1,1,42,12,8,11,11,10,41,17,10,2,0,0,Normal
2023-01-01,Sunday,7,52,1,Winter,1,0,0,0,0,0,0,0.0,21.2,9.6,58.0,,0,0,0,73,19,6,12,8,110,110.0,115.0,108.0,119.0,7.89,104.0,118.86,2,1,1,1,1,2,4,1,1,1,1,5,4,3,12,4,9,36,16,1,1,36,9,8,10,12,11,38,22,9,2,1,0,Watch
2023-01-02,Monday,1,1,1,Winter,0,0,0,0,0,0,0,0.0,23.2,15.2,54.1,,0,0,0,89,16,6,10,7,121,110.0,110.0,118.0,119.29,7.52,125.0,119.29,2,1,1,1,1,2,5,1,1,2,1,4,3,3,11,3,8,33,15,1,1,34,11,8,14,10,10,46,18,7,2,0,0,Normal
2023-01-03,Tuesday,2,1,1,Winter,0,0,0,0,0,1,0,0.0,23.9,16.1,50.2,,0,0,0,88,16,13,8,9,125,121.0,110.0,125.0,119.71,7.52,126.0,119.0,2,1,1,1,1,2,5,1,1,2,1,5,4,3,12,3,8,33,15,1,1,39,13,8,10,11,6,34,18,9,2,2,0,Watch
2023-01-04,Wednesday,3,1,1,Winter,0,0,0,1,0,0,1,0.0,25.1,19.6,54.4,,0,0,0,98,17,7,10,6,132,125.0,121.0,129.0,119.71,7.52,127.0,118.93,2,1,1,1,1,2,5,1,1,2,1,4,3,3,11,4,8,36,16,1,1,43,10,5,10,12,6,37,20,9,2,2,0,Watch
2023-01-05,Thursday,4,1,1,Winter,0,0,0,0,0,1,0,0.4,22.2,12.8,45.8,,0,0,0,85,13,10,5,5,113,132.0,125.0,128.0,120.14,8.1,122.0,119.29,2,1,1,1,1,2,5,1,1,1,1,3,2,2,9,3,6,28,14,1,1,45,11,12,9,10,5,32,20,11,2,1,0,Watch
2023-01-06,Friday,5,1,1,Winter,0,0,0,0,0,0,0,0.0,21.9,15.3,63.4,,0,0,0,86,19,6,7,7,118,113.0,132.0,115.0,118.0,7.71,112.0,118.64,2,1,1,1,1,2,5,1,1,1,1,4,3,3,11,4,9,38,17,1,1,48,11,7,14,12,8,50,14,7,2,2,0,Watch
2023-01-07,Saturday,6,1,1,Winter,1,0,0,0,0,0,0,0.0,22.5,12.8,59.9,,0,0,0,78,21,5,12,8,116,118.0,113.0,110.0,118.43,7.61,115.0,119.07,2,1,1,1,1,2,5,1,1,1,1,5,4,3,13,4,10,40,18,2,1,42,9,8,11,13,10,48,24,9,2,1,0,Watch
2023-01-08,Sunday,7,1,1,Winter,1,0,0,0,1,0,0,0.0,21.2,10.1,56.6,,0,0,0,79,19,9,13,9,120,116.0,118.0,110.0,119.29,6.92,108.0,119.14,2,1,1,1,1,2,5,1,1,1,1,5,4,3,13,4,9,37,17,1,1,47,12,5,16,11,8,41,14,9,2,2,0,Watch
2023-01-09,Monday,1,2,1,Winter,0,0,0,0,0,0,0,0.0,21.0,13.1,51.0,,0,0,0,94,12,6,4,4,116,120.0,116.0,121.0,120.71,5.8,118.0,120.0,2,1,1,1,1,2,5,1,1,1,1,3,2,2,7,3,6,28,13,1,1,42,11,10,8,10,4,26,14,12,2,2,0,Watch
2023-01-10,Tuesday,2,2,1,Winter,0,0,0,0,0,1,0,0.7,23.1,15.4,51.1,,0,0,0,92,19,13,7,6,131,116.0,120.0,125.0,120.0,6.02,125.0,119.86,2,1,1,1,1,2,5,1,1,2,1,4,3,3,12,4,9,38,17,1,1,42,14,6,14,11,10,46,20,9,2,0,0,Normal
2023-01-11,Wednesday,3,2,1,Winter,0,0,0,1,0,0,1,0.0,21.2,13.3,55.4,,0,0,0,98,17,5,14,9,134,131.0,116.0,132.0,120.86,7.02,129.0,120.29,2,1,1,1,1,2,5,1,1,2,1,5,4,3,12,4,8,36,16,1,1,45,12,6,13,12,6,38,19,9,2,1,0,Watch
2023-01-12,Thursday,4,2,1,Winter,0,0,0,0,0,1,0,0.0,23.8,14.2,59.8,,0,0,0,82,19,11,8,8,120,134.0,131.0,113.0,121.14,7.49,128.0,120.64,2,1,1,1,1,2,5,1,1,1,1,5,3,3,12,4,9,37,17,1,1,40,9,9,15,13,8,41,24,3,2,1,0,Watch
2023-01-13,Friday,5,2,1,Winter,0,0,0,0,0,0,0,0.0,19.6,11.2,58.7,,0,0,0,87,18,8,10,8,123,120.0,134.0,118.0,122.14,6.77,115.0,120.07,2,1,1,1,1,2,5,1,1,2,1,5,4,3,12,4,9,36,16,1,1,43,7,8,15,13,7,39,15,9,3,2,0,Watch
2023-01-14,Saturday,6,2,1,Winter,1,0,0,0,0,0,0,0.0,22.9,14.4,62.3,Respiratory,4,1,7,100,47,5,11,9,163,123.0,120.0,116.0,122.86,6.56,110.0,120.64,2,2,1,1,1,2,6,1,1,2,1,5,4,7,21,9,40,81,51,12,1,44,10,8,23,16,32,83,64,9,2,2,0,High
2023-01-15,Sunday,7,2,1,Winter,1,0,0,0,0,0,0,0.2,23.6,15.5,57.6,Respiratory,4,1,4,94,46,8,10,10,158,163.0,123.0,120.0,129.57,14.88,110.0,124.43,2,2,1,1,1,2,6,1,1,2,1,6,4,7,22,9,40,79,50,12,1,44,11,10,22,19,49,75,66,10,1,2,0,High
2023-01-16,Monday,1,3,1,Winter,0,0,0,0,0,0,0,0.0,22.4,16.1,59.2,Respiratory,4,1,6,113,45,6,6,9,170,158.0,163.0,116.0,135.0,17.15,121.0,127.86,3,2,1,1,1,2,7,1,1,2,1,5,3,7,20,9,39,79,50,12,1,42,9,5,20,18,48,110,64,9,2,2,0,High
2023-01-17,Tuesday,2,3,1,Winter,0,0,0,0,0,1,0,0.0,23.7,15.3,56.8,Respiratory,4,1,6,116,47,12,8,11,183,170.0,158.0,131.0,142.71,18.93,125.0,131.36,3,2,1,1,1,3,7,1,1,2,1,7,4,8,22,9,40,83,53,12,1,43,15,7,24,18,44,115,71,8,2,2,0,High
2023-01-18,Wednesday,3,3,1,Winter,0,0,0,1,0,0,1,0.0,23.7,15.4,56.2,Respiratory,4,1,5,119,48,7,13,11,187,183.0,170.0,134.0,150.14,22.7,132.0,135.5,3,2,1,1,1,3,7,1,1,2,1,7,5,8,23,9,41,84,54,13,1,41,13,8,29,16,48,80,62,10,2,2,0,High
2023-01-19,Thursday,4,3,1,Winter,0,0,0,0,0,1,0,0.0,25.7,18.5,54.4,Respiratory,4,1,7,107,44,12,5,8,168,187.0,183.0,120.0,157.71,24.79,113.0,139.43,2,2,1,1,1,2,6,1,1,2,1,5,3,7,20,8,38,77,48,11,1,36,11,5,26,15,45,100,61,9,1,2,0,High
2023-01-20,Friday,5,3,1,Winter,0,0,0,0,0,0,0,0.0,23.6,18.2,52.4,Respiratory,4,1,6,107,49,7,3,9,166,168.0,187.0,123.0,164.57,19.49,118.0,143.36,2,2,1,1,1,2,6,1,1,2,1,5,3,7,20,9,42,85,53,12,1,42,14,8,26,16,39,83,75,11,2,3,0,High
2023-01-21,Saturday,6,3,1,Winter,1,0,0,0,0,0,0,0.0,25.8,17.2,51.0,Respiratory,4,1,7,96,47,8,10,10,161,166.0,168.0,163.0,170.71,9.76,116.0,146.79,2,2,1,1,1,2,6,1,1,2,1,6,4,7,22,9,40,81,51,12,1,42,7,8,25,20,46,106,42,8,2,2,0,High
2023-01-22,Sunday,7,3,1,Winter,1,0,0,0,0,0,0,0.7,24.7,16.5,55.1,Respiratory,4,1,6,94,47,7,10,10,158,161.0,166.0,158.0,170.43,10.01,120.0,150.0,2,2,1,1,1,2,6,1,1,2,1,6,4,7,22,9,40,80,51,12,1,43,11,9,28,21,37,99,64,6,2,2,0,High
2023-01-23,Monday,1,4,1,Winter,0,0,0,0,0,0,0,0.0,22.2,11.6,54.3,Respiratory,4,1,7,109,45,7,7,10,168,158.0,161.0,170.0,170.43,10.01,116.0,152.71,2,2,1,1,1,2,6,1,1,2,1,6,4,7,20,9,39,79,49,12,1,34,11,11,23,16,30,101,41,7,2,3,0,High
2023-01-24,Tuesday,2,4,1,Winter,0,0,0,0,0,1,0,0.0,22.9,15.1,61.0,Respiratory,4,1,7,111,42,11,6,10,170,168.0,158.0,183.0,170.14,10.05,131.0,156.43,3,2,1,1,1,2,7,1,1,2,1,6,4,7,20,8,36,75,47,11,1,37,11,9,21,15,29,86,49,9,2,2,0,High
2023-01-25,Wednesday,3,4,1,Winter,0,0,0,1,0,0,1,0.0,22.2,13.8,56.7,Respiratory,4,1,6,118,47,5,10,10,180,170.0,168.0,187.0,168.29,8.6,134.0,159.21,3,2,1,1,1,2,7,1,1,2,1,6,4,7,21,9,40,83,52,12,1,38,8,9,25,18,35,98,45,9,1,3,0,High
2023-01-26,Thursday,4,4,1,Winter,0,1,0,0,0,1,1,1.6,25.1,18.1,52.6,Respiratory,4,1,6,115,45,12,8,11,180,180.0,170.0,168.0,167.29,6.52,120.0,162.5,3,2,1,1,1,2,7,1,1,2,1,7,4,8,22,9,39,79,50,12,1,42,13,7,28,16,41,101,48,7,2,3,0,High
2023-01-27,Friday,5,4,1,Winter,0,0,0,0,0,0,0,0.2,25.4,15.4,54.0,Respiratory,4,1,6,107,45,8,8,11,168,180.0,180.0,166.0,169.0,7.91,123.0,166.79,2,2,1,1,1,2,6,1,1,2,1,7,4,8,21,9,39,79,49,12,1,55,13,8,20,20,41,104,57,7,2,2,0,High
2023-01-28,Saturday,6,4,1,Winter,1,0,0,0,1,0,0,0.0,23.7,15.8,51.5,Respiratory,4,1,5,104,42,10,10,11,166,168.0,180.0,161.0,169.29,7.83,163.0,170.0,2,2,1,1,1,2,6,1,1,2,1,7,4,7,21,8,36,74,46,11,1,47,11,8,27,19,28,100,42,9,2,3,0,High
2023-01-29,Sunday,7,4,1,Winter,1,0,0,0,0,0,0,0.6,22.4,13.8,57.7,Respiratory,4,1,6,90,46,7,11,9,154,166.0,168.0,158.0,170.0,7.25,158.0,170.21,2,2,1,1,1,2,6,1,1,2,1,5,4,7,22,9,40,78,50,12,1,35,12,8,23,18,48,80,43,10,2,2,0,High
2023-01-30,Monday,1,5,1,Winter,0,0,0,0,0,0,0,0.0,25.4,17.4,59.4,Respiratory,4,1,6,118,44,7,6,9,175,154.0,166.0,168.0,169.43,8.26,170.0,169.93,3,2,1,1,1,2,7,1,1,2,1,5,3,7,19,8,38,78,49,11,1,44,10,3,18,15,35,99,46,8,2,5,0,Critical
2023-01-31,Tuesday,2,5,1,Winter,0,0,0,0,0,1,0,0.0,23.2,15.8,52.7,Respiratory,4,1,6,109,46,14,7,10,176,175.0,154.0,170.0,170.43,8.45,183.0,170.29,2,2,1,1,1,2,7,1,1,2,1,6,4,7,22,9,40,80,51,12,1,42,11,8,22,17,31,110,63,9,3,2,0,High
2023-02-01,Wednesday,3,5,2,Winter,0,0,0,1,0,0,1,0.0,25.2,18.3,44.4,Respiratory,4,1,7,121,41,7,14,12,183,176.0,175.0,180.0,171.29,8.66,187.0,169.79,3,2,1,1,1,3,7,1,1,2,1,7,5,8,21,8,35,74,47,11,1,45,10,9,18,19,34,75,41,9,2,4,0,High
2023-02-02,Thursday,4,5,2,Winter,0,0,0,0,0,1,0,0.0,23.8,14.6,45.2,Respiratory,4,1,5,107,47,13,6,11,173,183.0,176.0,180.0,171.71,9.15,168.0,169.5,2,2,1,1,1,2,7,1,1,2,1,7,4,8,22,9,40,82,52,12,1,49,11,6,22,17,40,77,43,6,2,4,0,High
2023-02-03,Friday,5,5,2,Winter,0,0,0,0,0,0,0,3.3,27.4,17.5,51.7,Respiratory,4,1,6,111,48,6,8,10,173,173.0,183.0,168.0,170.71,8.55,166.0,169.86,3,2,1,1,1,2,7,1,1,2,1,6,4,8,21,9,41,84,53,12,1,40,11,11,26,21,31,116,48,9,2,3,0,High
2023-02-04,Saturday,6,5,2,Winter,1,0,0,0,0,0,0,0.0,23.9,15.6,49.9,Respiratory,4,1,7,100,45,7,8,9,160,173.0,173.0,166.0,171.43,8.5,161.0,170.36,2,2,1,1,1,2,6,1,1,2,1,5,4,7,20,9,39,78,49,12,1,48,11,8,19,17,36,76,70,9,2,4,0,High
2023-02-05,Sunday,7,5,2,Winter,1,0,0,0,0,0,0,0.0,27.0,21.1,51.5,Respiratory,4,1,5,91,42,9,10,9,152,160.0,173.0,154.0,170.57,9.27,158.0,170.29,2,2,1,1,1,2,6,1,1,2,1,5,4,7,20,8,36,73,46,11,1,32,12,8,23,17,29,96,51,6,2,2,0,High
2023-02-06,Monday,1,6,2,Winter,0,0,0,0,0,0,0,0.0,27.5,20.4,54.0,Respiratory,4,1,5,114,47,9,6,9,176,152.0,160.0,175.0,170.29,9.79,168.0,169.86,3,2,1,1,1,2,7,1,1,2,1,5,3,7,21,9,40,82,52,12,1,42,8,9,23,15,37,81,72,11,2,3,0,High
2023-02-07,Tuesday,2,6,2,Winter,0,0,0,0,0,1,0,0.2,24.7,16.0,50.1,Respiratory,4,1,6,118,45,13,5,12,181,176.0,152.0,176.0,170.43,9.87,170.0,170.43,3,2,1,1,1,3,7,1,1,2,1,7,4,8,21,9,39,80,51,11,1,46,7,10,22,20,50,90,46,10,2,2,0,High
2023-02-08,Wednesday,3,6,2,Winter,0,0,0,1,0,0,1,0.0,24.4,15.1,46.5,Respiratory,4,1,7,126,45,8,11,10,190,181.0,176.0,183.0,171.14,10.41,180.0,171.21,3,2,1,1,1,3,7,1,1,2,1,6,4,7,22,9,39,81,51,12,1,48,11,8,19,20,29,78,41,11,2,5,0,Critical
2023-02-09,Thursday,4,6,2,Winter,0,0,0,0,0,1,0,0.0,26.0,15.9,58.6,Respiratory,4,1,6,114,48,13,9,11,184,190.0,181.0,173.0,172.14,11.75,180.0,171.93,3,2,1,1,1,3,7,1,1,2,1,7,4,8,23,9,41,84,54,12,1,38,9,4,30,18,39,90,47,9,2,4,0,High
2023-02-10,Friday,5,6,2,Winter,0,0,0,0,0,0,0,0.0,24.1,14.5,37.2,Respiratory,4,1,7,109,43,8,7,10,167,184.0,190.0,173.0,173.71,12.48,168.0,172.21,2,2,1,1,1,2,6,1,1,2,1,6,4,7,20,8,37,76,47,11,1,35,13,8,22,18,38,98,63,9,2,1,0,High
2023-02-11,Saturday,6,6,2,Winter,1,0,0,0,0,0,0,0.0,23.9,14.1,54.9,Respiratory,4,1,7,102,46,9,11,12,168,167.0,184.0,160.0,172.86,12.7,166.0,172.14,2,2,1,1,1,2,6,1,1,2,1,7,5,8,22,9,40,80,50,12,1,42,11,8,24,20,53,89,72,8,2,1,0,High
2023-02-12,Sunday,7,6,2,Winter,1,0,0,0,0,0,0,0.0,26.3,19.1,53.5,Respiratory,4,1,7,101,47,7,11,10,166,168.0,167.0,152.0,174.0,11.82,154.0,172.29,2,2,1,1,1,2,6,1,1,2,1,6,4,7,22,9,40,81,51,12,1,34,11,10,29,15,39,108,46,7,2,3,0,High
2023-02-13,Monday,1,7,2,Winter,0,0,0,0,0,0,0,0.0,24.0,16.4,54.4,Respiratory,4,1,6,112,47,8,8,10,175,166.0,168.0,176.0,176.0,8.7,175.0,173.14,3,2,1,1,1,2,7,1,1,2,1,6,4,7,21,9,40,82,52,12,1,45,11,8,25,18,45,82,50,9,2,2,0,High
2023-02-14,Tuesday,2,7,2,Winter,0,0,0,0,0,1,0,0.0,27.3,18.1,43.1,Respiratory,4,1,8,115,45,13,8,11,181,175.0,166.0,181.0,175.86,8.71,176.0,173.14,3,2,1,1,1,3,7,1,1,2,1,7,4,8,22,9,39,79,51,12,1,33,10,7,28,19,50,110,66,9,2,2,0,High
2023-02-15,Wednesday,3,7,2,Winter,0,0,0,1,0,0,1,0.2,23.5,16.2,51.3,Respiratory,4,1,6,124,45,9,11,10,189,181.0,175.0,190.0,175.86,8.71,183.0,173.5,3,2,1,1,1,3,7,1,1,2,1,6,4,7,22,9,39,80,51,12,1,48,13,9,24,16,47,107,41,5,2,2,0,High
2023-02-16,Thursday,4,7,2,Winter,0,0,0,0,0,1,0,0.0,25.3,16.8,59.5,,0,0,0,95,14,14,6,8,129,189.0,181.0,184.0,175.71,8.48,173.0,173.93,2,1,1,1,1,2,5,1,1,2,1,5,3,3,11,3,7,31,14,1,1,45,7,10,12,10,5,36,14,8,2,1,0,Watch
2023-02-17,Friday,5,7,2,Winter,0,0,0,0,0,0,0,0.0,23.2,15.3,60.7,,0,0,0,95,19,9,5,6,128,129.0,189.0,167.0,167.86,17.67,173.0,170.79,2,1,1,1,1,2,5,1,1,2,1,4,3,3,11,4,9,38,17,1,1,46,11,10,10,13,9,50,20,10,2,1,0,Watch
2023-02-18,Saturday,6,7,2,Winter,1,0,0,0,0,0,0,0.0,24.0,14.2,47.5,,0,0,0,83,19,8,10,8,120,128.0,129.0,168.0,162.29,22.54,160.0,167.57,2,1,1,1,1,2,5,1,1,1,1,5,4,3,12,4,9,37,17,1,1,40,9,9,14,11,11,43,22,9,2,0,0,Normal
2023-02-19,Sunday,7,7,2,Winter,1,0,0,0,0,0,0,0.0,23.1,14.6,55.1,,0,0,0,78,15,9,13,8,115,120.0,128.0,166.0,155.43,26.68,152.0,164.71,2,1,1,1,1,2,5,1,1,1,1,5,4,3,12,3,7,31,15,1,1,40,11,7,11,12,8,35,14,7,2,2,0,Watch
2023-02-20,Monday,1,8,2,Winter,0,0,0,0,0,0,0,0.0,26.2,18.3,46.5,,0,0,0,93,18,8,6,7,125,115.0,120.0,175.0,148.14,29.6,176.0,162.07,2,1,1,1,1,2,5,1,1,2,1,4,3,3,11,4,9,37,16,1,1,42,10,7,11,13,10,34,17,9,2,1,0,Watch
2023-02-21,Tuesday,2,8,2,Winter,0,0,0,0,1,1,0,0.4,24.0,15.4,58.3,,0,0,0,100,23,17,8,9,148,125.0,115.0,181.0,141.0,28.26,181.0,158.43,2,1,1,1,1,2,6,2,1,2,1,5,4,3,15,5,11,45,20,1,1,33,11,8,19,12,10,54,20,9,2,1,0,Watch
2023-02-22,Wednesday,3,8,2,Winter,0,0,0,1,0,0,1,0.0,22.9,14.6,39.9,,0,0,0,106,15,9,13,8,143,148.0,125.0,189.0,136.29,23.55,190.0,156.07,2,1,1,1,1,2,6,1,1,2,1,5,4,3,12,3,7,34,16,1,1,45,12,6,13,11,6,35,19,9,2,1,0,Watch
2023-02-23,Thursday,4,8,2,Winter,0,0,0,0,0,1,0,0.0,27.6,21.1,55.2,,0,0,0,94,15,12,7,7,128,143.0,148.0,129.0,129.71,11.0,184.0,152.71,2,1,1,1,1,2,5,1,1,2,1,4,3,3,11,3,7,32,15,1,1,44,10,8,14,11,8,42,14,9,2,1,0,Watch
2023-02-24,Friday,5,8,2,Winter,0,0,0,0,1,0,0,0.0,24.7,14.4,56.2,,0,0,0,100,17,10,6,8,133,128.0,143.0,128.0,129.57,11.02,167.0,148.71,2,1,1,1,1,2,5,1,1,2,1,5,3,3,11,4,8,36,16,1,1,36,14,7,12,11,10,41,14,10,2,1,0,Watch
2023-02-25,Saturday,6,8,2,Winter,1,0,0,0,0,0,0,0.0,27.0,19.6,51.9,,0,0,0,81,19,8,10,7,118,133.0,128.0,120.0,130.29,11.05,168.0,146.29,2,1,1,1,1,2,5,1,1,1,1,4,3,3,12,4,9,37,17,1,1,42,11,6,16,12,7,39,19,8,2,1,0,Watch
2023-02-26,Sunday,7,8,2,Winter,1,0,0,0,0,0,0,0.0,23.7,15.1,55.7,,0,0,0,81,21,9,13,8,124,118.0,133.0,115.0,130.0,11.34,166.0,142.71,2,1,1,1,1,2,5,1,1,2,1,5,4,3,14,4,10,40,18,2,1,42,13,5,17,12,11,43,18,10,2,0,0,Normal
2023-02-27,Monday,1,9,2,Winter,0,0,0,0,0,0,0,0.0,26.4,17.5,45.6,,0,0,0,97,13,8,7,7,125,124.0,118.0,125.0,131.29,10.0,175.0,139.71,2,1,1,1,1,2,5,1,1,2,1,4,3,3,9,3,6,30,14,1,1,45,11,8,8,11,5,38,19,9,2,2,0,Watch
2023-02-28,Tuesday,2,9,2,Winter,0,0,0,0,0,1,0,1.8,29.3,20.8,49.2,,0,0,0,93,17,13,8,8,131,125.0,124.0,148.0,131.29,10.0,181.0,136.14,2,1,1,1,1,2,5,1,1,2,1,5,3,3,12,4,8,35,16,1,1,33,9,8,12,11,6,43,15,4,2,2,0,Watch
2023-03-01,Wednesday,3,9,3,Summer,0,0,0,1,0,0,1,0.0,29.1,20.3,44.6,,0,0,0,97,14,10,13,8,134,131.0,125.0,143.0,128.86,7.36,189.0,132.57,2,1,1,1,1,2,5,1,1,2,1,5,4,3,12,3,7,31,14,1,1,46,11,6,11,12,5,30,19,9,2,3,0,High
2023-03-02,Thursday,4,9,3,Summer,0,0,0,0,0,1,0,0.0,26.8,21.1,50.1,,0,0,0,96,18,12,11,8,137,134.0,131.0,128.0,127.57,5.26,129.0,128.64,2,1,1,1,1,2,5,1,1,2,1,5,4,3,13,4,9,37,16,1,1,38,10,6,12,11,11,38,13,8,2,2,0,Watch
2023-03-03,Friday,5,9,3,Summer,0,0,0,0,0,0,0,0.0,25.8,19.0,53.9,,0,0,0,87,20,9,7,7,123,137.0,134.0,133.0,128.86,6.22,128.0,129.21,2,1,1,1,1,2,5,1,1,2,1,4,3,3,12,4,9,39,17,1,1,41,7,11,13,13,11,47,22,9,2,0,0,Normal
2023-03-04,Saturday,6,9,3,Summer,1,0,1,0,0,0,3,0.5,26.1,18.0,60.2,,0,0,0,88,18,9,22,10,137,123.0,137.0,118.0,127.43,6.25,120.0,128.86,2,1,2,1,1,2,5,1,1,2,1,6,6,3,16,4,9,36,16,2,1,50,12,9,14,11,11,32,19,7,2,2,0,Watch
2023-03-05,Sunday,7,9,3,Summer,1,0,0,0,0,0,0,0.0,27.9,19.9,47.8,,0,0,0,79,18,8,12,7,117,137.0,123.0,124.0,130.14,5.67,115.0,130.07,2,1,1,1,1,2,5,1,1,1,1,4,4,3,12,4,9,35,16,1,1,42,11,10,11,12,10,47,19,9,2,1,0,Watch
2023-03-06,Monday,1,10,3,Summer,0,0,0,0,0,0,0,0.0,30.7,21.8,50.5,,0,0,0,95,19,7,5,7,126,117.0,137.0,125.0,129.14,7.1,125.0,130.21,2,1,1,1,1,2,5,1,1,2,1,4,3,3,10,4,9,38,17,1,1,47,10,7,10,13,8,36,20,9,2,2,0,Watch
2023-03-07,Tuesday,2,10,3,Summer,0,0,0,0,0,1,0,0.0,26.2,19.0,53.0,,0,0,0,97,18,13,4,7,132,126.0,117.0,131.0,129.29,7.02,148.0,130.29,2,1,1,1,1,2,5,1,1,2,1,4,3,3,11,4,9,37,16,1,1,42,11,7,12,12,11,39,20,10,2,0,0,Normal
2023-03-08,Wednesday,3,10,3,Summer,0,0,0,1,0,0,1,0.0,26.8,19.4,57.1,,0,0,0,107,19,8,14,8,148,132.0,126.0,134.0,129.43,7.07,143.0,129.14,2,1,1,1,1,2,6,1,1,2,1,5,4,3,13,4,9,40,18,2,1,53,11,8,11,13,8,47,15,9,2,3,0,High
2023-03-09,Thursday,4,10,3,Summer,0,0,0,0,0,1,0,0.0,26.8,17.4,58.9,,0,0,0,94,17,13,6,6,130,148.0,132.0,137.0,131.43,9.6,128.0,129.5,2,1,1,1,1,2,5,1,1,2,1,4,3,3,11,4,8,35,16,1,1,46,11,6,11,12,8,42,14,9,2,1,0,Watch
2023-03-10,Friday,5,10,3,Summer,0,0,0,0,0,0,0,0.0,23.3,17.2,57.5,,0,0,0,93,19,8,7,7,127,130.0,148.0,123.0,130.43,9.33,133.0,129.64,2,1,1,1,1,2,5,1,1,2,1,4,3,3,11,4,9,38,17,1,1,45,11,7,12,13,11,44,23,8,2,0,0,Normal
2023-03-11,Saturday,6,10,3,Summer,1,0,1,0,0,0,1,0.0,29.0,18.8,47.0,,0,0,0,83,20,8,16,8,127,127.0,130.0,137.0,131.0,8.98,118.0,129.21,2,1,1,1,1,2,5,1,1,2,1,5,4,3,14,4,9,39,17,2,1,47,11,7,13,13,6,50,14,9,2,3,0,High
2023-03-12,Sunday,7,10,3,Summer,1,0,0,0,0,0,0,0.0,27.7,20.7,42.8,,0,0,0,77,15,10,12,9,114,127.0,127.0,117.0,129.57,8.7,124.0,129.86,2,1,1,1,1,2,5,1,1,1,1,5,4,3,12,3,7,31,15,1,1,41,11,8,15,11,7,32,19,8,2,0,0,Normal
2023-03-13,Monday,1,11,3,Summer,0,0,0,0,0,0,0,0.0,26.2,18.1,50.7,,0,0,0,95,19,9,7,8,130,114.0,127.0,126.0,129.14,9.36,125.0,129.14,2,1,1,1,1,2,5,1,1,2,1,5,3,3,11,4,9,38,17,1,1,36,8,9,10,12,8,38,13,6,2,3,0,High
2023-03-14,Tuesday,2,11,3,Summer,0,0,0,0,0,1,0,0.0,26.7,19.5,48.6,,0,0,0,95,21,14,7,7,137,130.0,114.0,132.0,129.71,9.27,131.0,129.5,2,1,1,1,1,2,5,1,1,2,1,4,3,3,13,4,10,41,18,1,1,39,7,10,13,12,12,51,16,8,2,1,0,Watch
2023-03-15,Wednesday,3,11,3,Summer,0,0,0,1,0,0,1,0.0,28.6,21.4,50.6,,0,0,0,105,17,9,10,6,141,137.0,130.0,148.0,130.43,9.6,134.0,129.93,2,1,1,1,1,2,6,1,1,2,1,4,3,3,12,4,8,36,17,1,1,43,9,8,15,13,8,32,17,9,2,1,0,Watch
2023-03-16,Thursday,4,11,3,Summer,0,0,0,0,0,1,0,0.0,25.8,17.5,43.6,,0,0,0,92,16,14,7,8,129,141.0,137.0,130.0,129.43,7.94,137.0,130.43,2,1,1,1,1,2,5,1,1,2,1,5,3,3,12,3,8,34,15,1,1,35,12,8,13,10,9,43,17,11,2,0,0,Normal
2023-03-17,Friday,5,11,3,Summer,0,0,0,0,0,0,0,0.0,29.2,20.6,47.3,,0,0,0,90,20,7,9,8,126,129.0,141.0,127.0,129.29,7.94,123.0,129.86,2,1,1,1,1,2,5,1,1,2,1,5,4,3,12,4,9,39,17,1,1,41,11,7,12,12,8,46,17,11,2,1,0,Watch
2023-03-18,Saturday,6,11,3,Summer,1,0,0,0,0,0,0,2.1,26.0,17.4,50.0,,0,0,0,83,16,7,11,7,117,126.0,129.0,127.0,129.14,7.99,137.0,130.07,2,1,1,1,1,2,5,1,1,1,1,4,4,3,11,3,8,33,15,1,1,44,11,9,13,11,6,44,20,7,2,1,0,Watch
2023-03-19,Sunday,7,11,3,Summer,1,0,0,0,0,0,0,0.0,26.6,16.7,49.4,,0,0,0,78,19,9,11,8,117,117.0,126.0,114.0,127.71,9.07,117.0,128.64,2,1,1,1,1,2,5,1,1,1,1,5,4,3,13,4,9,37,17,1,1,44,10,6,12,12,9,47,20,9,2,1,0,Watch
2023-03-20,Monday,1,12,3,Summer,0,0,0,0,0,0,0,0.0,28.9,20.3,47.7,,0,0,0,101,18,7,7,7,133,117.0,117.0,130.0,128.14,8.46,126.0,128.64,2,1,1,1,1,2,5,1,1,2,1,4,3,3,11,4,9,38,16,1,1,34,9,8,11,11,10,46,17,10,2,0,0,Normal
2023-03-21,Tuesday,2,12,3,Summer,0,0,1,0,0,1,2,0.0,28.3,21.6,48.0,,0,0,0,108,14,14,12,10,148,133.0,117.0,137.0,128.57,8.62,132.0,129.14,2,1,1,1,1,2,6,1,1,2,1,6,4,3,12,3,7,32,15,1,1,43,9,11,12,12,7,40,14,7,1,1,0,Watch
2023-03-22,Wednesday,3,12,3,Summer,0,0,0,1,0,0,1,0.0,24.6,13.7,50.9,,0,0,0,104,16,9,11,8,140,148.0,133.0,141.0,130.14,10.75,148.0,130.29,2,1,1,1,1,2,5,1,1,2,1,5,4,3,12,3,8,35,15,1,1,36,10,7,12,12,7,35,12,9,2,2,0,Watch
2023-03-23,Thursday,4,12,3,Summer,0,0,0,0,0,1,0,1.0,28.4,21.2,48.8,,0,0,0,95,15,14,7,6,131,140.0,148.0,129.0,130.0,10.61,130.0,129.71,2,1,1,1,1,2,5,1,1,2,1,4,3,2,11,3,7,32,15,1,1,42,12,11,10,11,5,32,15,10,2,2,0,Watch
2023-03-24,Friday,5,12,3,Summer,0,0,0,0,0,0,0,0.0,31.4,21.6,47.8,,0,0,0,90,21,8,7,8,126,131.0,140.0,126.0,130.29,10.61,127.0,129.79,2,1,1,1,1,2,5,1,1,2,1,5,3,3,12,4,10,41,18,1,1,47,11,8,14,13,9,43,22,10,2,1,0,Watch
2023-03-25,Saturday,6,12,3,Summer,1,0,0,0,0,0,0,0.1,27.9,19.5,44.7,,0,0,0,84,19,8,9,5,120,126.0,131.0,117.0,130.29,10.61,127.0,129.71,2,1,1,1,1,2,5,1,1,1,1,3,3,2,12,4,9,37,17,1,1,37,12,6,10,12,7,48,23,8,2,2,0,Watch
2023-03-26,Sunday,7,12,3,Summer,1,0,0,0,0,0,0,0.0,33.4,24.8,39.6,,0,0,0,80,14,7,10,6,111,120.0,126.0,117.0,130.71,10.11,114.0,129.21,2,1,1,1,1,2,4,1,1,1,1,4,3,2,10,3,7,29,13,1,1,43,12,7,10,10,9,33,13,8,2,0,0,Normal
2023-03-27,Monday,1,13,3,Summer,0,0,0,0,0,0,0,0.0,32.1,24.3,47.4,,0,0,0,103,18,8,6,6,135,111.0,120.0,133.0,129.86,11.41,130.0,129.0,2,1,1,1,1,2,5,1,1,2,1,4,3,3,11,4,9,38,16,1,1,45,9,9,10,11,9,45,13,9,2,2,0,Watch
2023-03-28,Tuesday,2,13,3,Summer,0,0,1,0,0,1,3,0.0,28.5,20.1,42.1,,0,0,0,108,16,13,16,10,153,135.0,111.0,148.0,130.14,11.51,137.0,129.36,2,1,1,1,1,2,6,1,1,2,1,6,5,3,14,3,8,35,16,2,1,47,15,7,18,11,6,34,22,9,3,2,0,Watch
2023-03-29,Wednesday,3,13,3,Summer,0,0,1,1,0,0,2,0.0,28.5,20.8,54.5,,0,0,0,111,21,10,19,11,161,153.0,135.0,140.0,130.86,12.69,141.0,130.5,3,1,2,1,1,2,6,1,1,2,1,7,6,4,16,4,10,43,19,2,1,32,11,8,13,12,12,57,27,12,1,1,0,Watch
2023-03-30,Thursday,4,13,3,Summer,0,0,0,0,0,1,0,0.0,30.4,23.3,47.2,,0,0,0,98,19,14,8,7,139,161.0,153.0,131.0,133.86,16.43,129.0,131.93,2,1,1,1,1,2,5,1,1,2,1,4,3,3,13,4,9,39,17,1,1,51,16,5,15,12,9,44,17,5,2,0,0,Normal
2023-03-31,Friday,5,13,3,Summer,0,0,0,0,0,0,0,0.4,28.0,19.6,55.6,,0,0,0,91,20,8,9,7,128,139.0,161.0,126.0,135.0,16.47,126.0,132.64,2,1,1,1,1,2,5,1,1,2,1,4,3,3,12,4,9,40,17,1,1,45,13,5,16,13,11,38,14,12,2,2,0,Watch
2023-04-01,Saturday,6,13,4,Summer,1,0,0,0,0,0,0,0.0,29.7,20.8,48.0,,0,0,0,82,15,10,12,9,119,128.0,139.0,120.0,135.29,16.32,117.0,132.79,2,1,1,1,1,2,5,1,1,1,1,5,4,3,12,3,7,31,15,1,1,56,10,9,14,10,8,40,17,8,2,0,0,Normal
2023-04-02,Sunday,7,13,4,Summer,1,0,0,0,0,0,0,0.8,30.5,19.9,49.7,,0,0,0,78,15,8,12,7,113,119.0,128.0,111.0,135.14,16.46,117.0,132.93,2,1,1,1,1,2,5,1,1,1,1,4,4,3,11,3,7,31,15,1,1,44,14,7,14,10,9,29,20,9,2,1,0,Watch
2023-04-03,Monday,1,14,4,Summer,0,0,0,0,0,0,0,0.0,27.5,21.3,58.8,,0,0,0,92,26,7,7,6,132,113.0,119.0,135.0,135.43,16.05,133.0,132.64,2,1,1,1,1,2,5,1,1,2,1,4,3,3,13,5,12,49,20,1,1,33,10,6,17,15,14,53,17,8,2,1,0,Watch
2023-04-04,Tuesday,2,14,4,Summer,0,0,0,0,0,1,0,0.0,28.2,19.8,54.1,,0,0,0,94,18,13,6,7,131,132.0,113.0,153.0,135.0,16.1,148.0,132.57,2,1,1,1,1,2,5,1,1,2,1,4,3,3,12,4,9,37,16,1,1,42,11,7,14,13,11,42,16,9,2,0,0,Normal
2023-04-05,Wednesday,3,14,4,Summer,0,0,0,1,0,0,1,0.0,30.4,21.7,48.2,,0,0,0,107,21,9,11,9,148,131.0,132.0,161.0,131.86,14.33,140.0,131.36,2,1,1,1,1,2,6,1,1,2,1,5,4,3,13,4,10,43,19,1,1,41,9,4,11,11,7,53,16,9,2,3,0,High
2023-04-06,Thursday,4,14,4,Summer,0,0,0,0,0,1,0,0.0,29.3,21.5,48.7,,0,0,0,95,23,15,8,9,141,148.0,131.0,139.0,130.0,10.85,131.0,131.93,2,1,1,1,1,2,6,1,1,2,1,5,4,3,15,5,11,44,20,1,1,51,11,8,18,15,13,56,25,9,2,0,0,Normal
2023-04-07,Friday,5,14,4,Summer,0,0,0,0,0,0,0,0.0,28.0,18.7,48.6,,0,0,0,95,19,9,7,7,130,141.0,148.0,128.0,130.29,11.11,126.0,132.64,2,1,1,1,1,2,5,1,1,2,1,4,3,3,11,4,9,38,17,1,1,39,13,8,10,12,8,43,20,10,2,2,0,Watch
2023-04-08,Saturday,6,14,4,Summer,1,0,0,0,0,0,0,0.1,26.2,19.9,52.2,,0,0,0,83,22,8,11,8,124,130.0,141.0,119.0,130.57,11.07,120.0,132.93,2,1,1,1,1,2,5,1,1,2,1,5,4,3,13,4,10,42,18,1,1,54,12,7,12,13,12,40,21,9,2,2,0,Watch
2023-04-09,Sunday,7,14,4,Summer,1,0,0,0,0,0,0,0.0,31.8,23.7,43.0,,0,0,0,73,20,9,10,7,112,124.0,130.0,113.0,131.29,10.44,111.0,133.21,2,1,1,1,1,2,4,1,1,1,1,4,3,3,13,4,9,38,16,1,1,47,8,8,14,11,10,49,19,9,2,0,0,Normal
2023-04-10,Monday,1,15,4,Summer,0,0,0,0,1,0,0,1.0,33.2,23.6,53.0,,0,0,0,100,15,12,6,7,133,112.0,124.0,132.0,131.14,10.7,135.0,133.29,2,1,1,1,1,2,5,1,1,2,1,4,3,3,11,3,7,33,15,1,1,40,14,8,13,12,5,33,20,9,2,1,0,Watch
2023-04-11,Tuesday,2,15,4,Summer,0,0,0,0,0,1,0,0.0,27.4,18.5,48.8,,0,0,0,99,22,14,9,9,144,133.0,112.0,131.0,131.29,10.71,153.0,133.14,2,1,1,1,1,2,6,1,1,2,1,5,4,3,14,4,10,43,19,1,1,38,12,9,17,13,9,44,26,8,2,1,0,Watch
2023-04-12,Wednesday,3,15,4,Summer,0,0,0,1,0,0,1,0.4,30.8,21.3,52.0,,0,0,0,105,17,8,14,8,144,144.0,133.0,148.0,133.14,11.59,161.0,132.5,2,1,1,1,1,2,6,1,1,2,1,5,4,3,13,4,8,36,17,1,1,42,12,10,15,11,6,36,19,11,2,1,0,Watch
2023-04-13,Thursday,4,15,4,Summer,0,0,0,0,0,1,0,0.0,31.7,23.0,40.8,,0,0,0,95,11,15,8,7,129,144.0,144.0,141.0,132.57,10.93,139.0,131.29,2,1,1,1,1,2,5,1,1,2,1,4,3,2,10,2,5,26,13,1,1,49,9,12,10,10,5,33,13,8,2,0,0,Normal
2023-04-14,Friday,5,15,4,Summer,0,0,0,0,0,0,0,0.0,28.8,22.7,43.9,,0,0,0,88,14,10,8,7,120,129.0,144.0,130.0,130.86,10.4,128.0,130.57,2,1,1,1,1,2,5,1,1,1,1,4,3,3,10,3,7,30,14,1,1,45,11,8,11,11,8,28,16,7,2,1,0,Watch
2023-04-15,Saturday,6,15,4,Summer,1,0,0,0,0,0,0,0.0,30.5,23.1,45.3,,0,0,0,81,20,10,10,7,121,120.0,129.0,124.0,129.43,11.08,119.0,130.0,2,1,1,1,1,2,5,1,1,2,1,4,3,3,13,4,9,39,17,1,1,43,11,9,14,11,7,44,14,8,2,2,0,Watch
2023-04-16,Sunday,7,15,4,Summer,1,0,0,0,0,0,0,0.0,30.3,19.7,48.1,,0,0,0,78,20,9,12,8,119,121.0,120.0,112.0,129.0,11.34,113.0,130.14,2,1,1,1,1,2,5,1,1,1,1,5,4,3,13,4,9,38,17,1,1,50,10,8,11,12,7,41,22,9,2,2,0,Watch
2023-04-17,Monday,1,16,4,Summer,0,0,0,0,0,0,0,0.0,32.2,22.3,49.6,,0,0,0,106,16,9,6,7,137,119.0,121.0,133.0,130.0,10.03,132.0,130.57,2,1,1,1,1,2,5,1,1,2,1,4,3,3,10,3,8,35,15,1,1,37,11,10,13,10,9,34,21,9,2,1,0,Watch
2023-04-18,Tuesday,2,16,4,Summer,0,0,0,0,0,1,0,0.0,30.4,21.8,48.5,,0,0,0,104,17,14,7,8,142,137.0,119.0,144.0,130.57,10.29,131.0,130.93,2,1,1,1,1,2,6,1,1,2,1,5,3,3,12,4,8,36,17,1,1,36,12,7,14,11,8,32,19,7,2,1,0,Watch
2023-04-19,Wednesday,3,16,4,Summer,0,0,0,1,0,0,1,0.0,34.6,26.6,43.1,,0,0,0,104,14,7,12,8,137,142.0,137.0,144.0,130.29,9.94,148.0,131.71,2,1,1,1,1,2,5,1,1,2,1,5,4,3,11,3,7,32,14,1,1,45,11,8,13,10,9,42,19,9,2,0,0,Normal
2023-04-20,Thursday,4,16,4,Summer,0,0,0,0,0,1,0,0.0,33.0,24.2,49.2,,0,0,0,96,19,13,9,10,137,137.0,142.0,129.0,129.29,8.79,141.0,130.93,2,1,1,1,1,2,5,1,1,2,1,6,4,3,13,4,9,39,17,1,1,37,11,9,14,12,10,47,16,10,2,1,0,Watch
2023-04-21,Friday,5,16,4,Summer,0,0,0,0,0,0,0,0.0,31.6,24.3,47.8,,0,0,0,94,15,8,6,6,123,137.0,137.0,120.0,130.43,9.19,130.0,130.64,2,1,1,1,1,2,5,1,1,2,1,4,3,2,10,3,7,32,15,1,1,53,10,8,10,10,5,33,16,10,2,1,0,Watch
2023-04-22,Saturday,6,16,4,Summer,1,0,0,0,0,0,0,0.0,34.2,23.8,39.2,,0,0,0,81,20,7,12,7,120,123.0,137.0,121.0,130.86,8.76,124.0,130.14,2,1,1,1,1,2,5,1,1,1,1,4,4,3,13,4,9,39,17,1,1,39,12,8,13,12,10,49,23,9,2,0,0,Normal
2023-04-23,Sunday,7,16,4,Summer,1,0,0,0,0,0,0,0.0,31.2,22.4,50.1,,0,0,0,80,20,9,10,7,119,120.0,123.0,119.0,130.71,8.92,112.0,129.86,2,1,1,1,1,2,5,1,1,1,1,4,3,3,13,4,9,38,17,1,1,38,8,9,17,12,11,52,18,9,1,0,0,Normal
2023-04-24,Monday,1,17,4,Summer,0,0,0,0,0,0,0,0.0,33.0,26.3,43.8,,0,0,0,104,14,9,6,6,133,119.0,120.0,137.0,130.71,8.92,133.0,130.36,2,1,1,1,1,2,5,1,1,2,1,4,3,2,9,3,7,32,14,1,1,35,11,7,8,10,8,37,18,8,2,1,0,Watch
2023-04-25,Tuesday,2,17,4,Summer,0,0,0,0,0,1,0,0.0,29.9,21.0,45.6,,0,0,0,93,13,16,8,8,130,133.0,119.0,142.0,130.14,8.63,144.0,130.36,2,1,1,1,1,2,5,2,1,2,1,5,3,3,11,3,6,29,14,1,1,41,12,8,9,11,7,26,19,12,2,2,0,Watch
2023-04-26,Wednesday,3,17,4,Summer,0,0,0,1,0,0,1,0.0,32.2,23.5,48.6,,0,0,0,109,19,10,15,10,153,130.0,133.0,137.0,128.43,7.17,144.0,129.36,2,1,1,1,1,2,6,1,1,2,1,6,5,3,14,4,9,40,18,2,1,32,13,8,14,13,7,51,22,9,2,1,0,Watch
2023-04-27,Thursday,4,17,4,Summer,0,0,0,0,0,1,0,0.0,29.5,19.4,47.4,,0,0,0,97,18,14,6,8,135,153.0,130.0,137.0,130.71,11.04,129.0,130.0,2,1,1,1,1,2,5,1,1,2,1,5,3,3,12,4,9,37,16,1,1,51,11,8,15,13,9,47,13,9,2,1,0,Watch
2023-04-28,Friday,5,17,4,Summer,0,0,0,0,0,0,0,0.0,30.3,22.6,46.7,,0,0,0,97,18,9,6,6,130,135.0,153.0,123.0,130.43,10.9,120.0,130.43,2,1,1,1,1,2,5,1,1,2,1,4,3,3,11,4,9,37,16,1,1,39,15,10,10,12,8,47,22,4,2,2,0,Watch
2023-04-29,Saturday,6,17,4,Summer,1,0,0,0,0,0,0,0.0,35.0,27.0,48.8,,0,0,0,81,15,8,13,8,117,130.0,135.0,120.0,131.43,10.49,121.0,131.14,2,1,1,1,1,2,5,1,1,1,1,5,4,3,12,3,7,31,15,1,1,52,13,8,11,12,6,42,21,9,2,2,0,Watch
2023-04-30,Sunday,7,17,4,Summer,1,0,0,0,0,0,0,0.0,29.0,20.5,44.8,,0,0,0,83,17,9,11,8,120,117.0,130.0,119.0,131.0,10.99,119.0,130.86,2,1,1,1,1,2,5,1,1,1,1,5,4,3,12,4,8,34,16,1,1,51,10,7,15,11,7,37,23,8,2,1,0,Watch
2023-05-01,Monday,1,18,5,Summer,0,1,0,0,0,0,1,3.5,31.1,23.3,43.4,,0,0,0,103,22,10,7,9,142,120.0,117.0,133.0,131.14,10.84,137.0,130.93,2,1,1,1,1,2,6,1,1,2,1,5,4,3,13,4,10,44,19,1,1,42,11,5,14,12,12,60,18,12,2,1,0,Watch
2023-05-02,Tuesday,2,18,5,Summer,0,0,0,0,0,1,0,0.0,32.1,22.8,48.5,,0,0,0,99,17,12,8,8,136,142.0,120.0,130.0,132.43,11.5,142.0,131.29,2,1,1,1,1,2,5,1,1,2,1,5,3,3,12,4,8,36,16,1,1,37,14,4,10,13,7,49,17,10,2,2,0,Watch
2023-05-03,Wednesday,3,18,5,Summer,0,0,0,1,0,0,1,0.5,30.5,22.9,47.8,,0,0,0,110,17,8,9,8,144,136.0,142.0,153.0,133.29,11.51,137.0,130.86,2,1,1,1,1,2,6,1,1,2,1,5,4,3,11,4,8,37,17,1,1,40,10,5,13,11,10,39,20,9,2,0,0,Normal
2023-05-04,Thursday,4,18,5,Summer,0,0,0,0,0,1,0,0.0,33.1,24.8,46.3,,0,0,0,93,18,15,7,9,133,144.0,136.0,135.0,132.0,9.58,137.0,131.36,2,1,1,1,1,2,5,1,1,2,1,5,4,3,13,4,9,37,16,1,1,42,11,8,14,11,11,47,22,9,2,0,0,Normal
2023-05-05,Friday,5,18,5,Summer,0,0,0,0,0,0,0,1.8,32.8,24.4,53.1,,0,0,0,99,18,8,4,7,129,133.0,144.0,130.0,131.71,9.51,123.0,131.07,2,1,1,1,1,2,5,1,1,2,1,4,3,3,10,4,9,37,16,1,1,41,11,10,10,12,9,49,14,8,2,1,0,Watch
2023-05-06,Saturday,6,18,5,Summer,1,0,0,0,0,0,0,0.0,30.4,21.9,49.9,,0,0,0,81,21,7,11,7,120,129.0,133.0,117.0,131.57,9.54,120.0,131.5,2,1,1,1,1,2,5,1,1,1,1,4,4,3,13,4,10,40,18,1,1,49,9,8,17,12,12,49,21,9,2,0,0,Normal
2023-05-07,Sunday,7,18,5,Summer,1,0,0,0,0,0,0,0.9,31.6,24.2,45.3,,0,0,0,83,18,10,9,7,120,120.0,129.0,120.0,132.0,8.93,119.0,131.5,2,1,1,1,1,2,5,1,1,1,1,4,3,3,12,4,9,36,16,1,1,40,11,7,14,11,11,39,20,9,2,0,0,Normal
2023-05-08,Monday,1,19,5,Summer,0,0,0,0,0,0,0,0.0,33.6,25.2,43.0,Diarrheal,3,1,4,114,31,8,6,7,159,120.0,120.0,142.0,132.0,8.93,133.0,131.57,3,1,1,1,1,2,6,1,1,2,1,4,3,5,15,22,27,58,33,2,1,47,10,9,13,39,27,64,38,9,2,1,0,Watch
2023-05-09,Tuesday,2,19,5,Summer,0,0,0,0,0,1,0,0.0,31.8,22.5,40.0,Diarrheal,3,1,5,109,29,15,8,11,161,159.0,120.0,136.0,134.43,12.79,130.0,133.43,2,1,1,1,1,2,6,1,1,2,1,7,4,6,17,21,25,55,32,2,1,48,11,8,14,28,32,52,25,10,2,3,0,High
2023-05-10,Wednesday,3,19,5,Summer,0,0,0,1,0,0,1,0.0,31.2,21.3,48.9,Diarrheal,3,1,6,118,32,8,9,9,167,161.0,159.0,144.0,138.0,15.86,153.0,135.64,3,1,1,1,1,2,6,1,1,2,1,5,4,5,16,23,28,60,34,2,1,32,11,7,20,31,23,81,44,7,2,1,0,Watch
2023-05-11,Thursday,4,19,5,Summer,0,0,0,0,0,1,0,0.0,31.4,24.7,45.3,Diarrheal,3,1,3,103,33,14,7,10,157,167.0,161.0,133.0,141.29,18.86,135.0,136.64,2,1,1,1,1,2,6,1,1,2,1,6,4,6,18,24,29,60,35,2,1,38,12,6,19,38,28,64,43,9,2,1,0,Watch
2023-05-12,Friday,5,19,5,Summer,0,0,0,0,0,0,0,0.0,31.6,25.4,44.6,Diarrheal,3,1,3,108,34,8,5,7,155,157.0,167.0,129.0,144.71,19.22,130.0,138.21,2,1,1,1,1,2,6,1,1,2,1,4,3,5,16,24,29,62,36,2,1,46,9,8,17,31,23,81,47,13,2,1,0,Watch
2023-05-13,Saturday,6,19,5,Summer,1,0,0,0,0,0,0,0.0,32.2,22.5,43.8,Diarrheal,3,1,3,96,28,10,11,11,145,155.0,157.0,120.0,148.43,18.31,117.0,140.0,2,1,1,1,1,2,6,1,1,2,1,7,5,6,16,20,24,52,31,2,1,42,13,6,17,27,19,71,36,6,2,1,0,Watch
2023-05-14,Sunday,7,19,5,Summer,1,0,0,0,0,0,0,0.0,30.8,20.9,52.9,Diarrheal,3,1,4,90,31,8,11,9,140,145.0,155.0,120.0,152.0,14.45,120.0,142.0,2,1,1,1,1,2,5,1,1,2,1,5,4,5,17,22,27,56,32,2,1,37,9,10,19,34,21,67,29,11,2,2,0,Watch
2023-05-15,Monday,1,20,5,Summer,0,0,0,0,1,0,0,0.0,30.1,19.4,46.5,Diarrheal,3,1,5,115,34,12,8,10,169,140.0,145.0,159.0,154.86,8.66,142.0,143.43,3,1,1,1,1,2,7,1,1,2,1,6,4,6,18,24,29,63,37,2,1,48,10,7,23,43,26,70,45,4,2,1,0,Watch
2023-05-16,Tuesday,2,20,5,Summer,0,0,0,0,0,1,0,0.0,33.3,25.6,45.6,Diarrheal,3,1,5,110,31,14,7,9,162,169.0,140.0,161.0,156.29,9.95,136.0,145.36,2,1,1,1,1,2,6,1,1,2,1,5,4,5,17,22,27,58,33,2,1,37,10,7,17,34,24,66,46,12,2,1,0,Watch
2023-05-17,Wednesday,3,20,5,Summer,0,0,0,1,0,0,1,0.0,34.3,25.3,47.2,Diarrheal,3,1,5,121,28,8,13,9,170,162.0,169.0,167.0,156.43,10.03,144.0,147.21,3,1,1,1,1,2,7,1,1,2,1,5,4,5,16,20,24,55,32,2,1,35,10,9,13,25,26,70,28,9,2,2,0,Watch
2023-05-18,Thursday,4,20,5,Summer,0,0,0,0,0,1,0,0.3,31.8,24.3,50.0,Diarrheal,3,1,3,101,35,13,7,9,156,170.0,162.0,157.0,156.86,10.52,133.0,149.07,2,1,1,1,1,2,6,1,1,2,1,5,4,6,18,25,30,63,36,2,1,40,9,10,20,41,39,76,37,7,2,0,0,Watch
2023-05-19,Friday,5,20,5,Summer,0,0,0,0,0,0,0,0.0,33.7,22.7,44.1,Diarrheal,3,1,3,109,32,8,5,8,154,156.0,170.0,155.0,156.71,10.52,129.0,150.71,2,1,1,1,1,2,6,1,1,2,1,5,3,5,15,23,28,59,34,1,1,40,17,9,17,33,23,69,49,9,2,1,0,Watch
2023-05-20,Saturday,6,20,5,Summer,1,0,0,0,0,0,0,0.0,34.7,28.1,40.5,Diarrheal,3,1,5,100,27,8,12,9,147,154.0,156.0,145.0,156.57,10.55,120.0,152.5,2,1,1,1,1,2,6,1,1,2,1,5,4,5,16,19,23,51,30,2,1,47,9,6,14,28,21,58,35,9,2,2,0,Watch
2023-05-21,Sunday,7,20,5,Summer,1,0,0,0,0,0,0,0.0,31.9,22.7,44.1,,0,0,0,80,13,10,14,8,117,147.0,154.0,140.0,156.86,10.26,120.0,154.43,2,1,1,1,1,2,5,1,1,1,1,5,4,3,12,3,6,28,14,1,1,41,12,8,10,12,7,29,13,9,2,2,0,Watch
2023-05-22,Monday,1,21,5,Summer,0,0,0,0,0,0,0,0.0,33.9,24.4,38.0,,0,0,0,102,14,10,9,7,135,117.0,147.0,169.0,153.57,16.76,159.0,154.21,2,1,1,1,1,2,5,1,1,2,1,4,3,3,11,3,7,32,14,1,1,41,13,7,11,11,8,33,11,10,2,1,0,Watch
2023-05-23,Tuesday,2,21,5,Summer,0,0,0,0,0,1,0,0.0,33.0,25.9,35.1,,0,0,0,95,13,14,5,6,127,135.0,117.0,162.0,148.71,16.51,161.0,152.5,2,1,1,1,1,2,5,1,1,2,1,4,3,2,10,3,6,29,14,1,1,46,12,9,11,12,5,38,20,9,1,1,0,Watch
2023-05-24,Wednesday,3,21,5,Summer,0,0,0,1,0,0,1,0.0,31.8,25.1,49.3,,0,0,0,105,16,9,12,9,142,127.0,135.0,170.0,143.71,17.02,167.0,150.07,2,1,1,1,1,2,6,1,1,2,1,5,4,3,12,3,8,35,16,1,1,37,12,7,15,11,6,32,17,8,2,2,0,Watch
2023-05-25,Thursday,4,21,5,Summer,0,0,0,0,0,1,0,0.0,31.4,23.5,46.6,,0,0,0,92,16,12,5,6,125,142.0,127.0,156.0,139.71,13.24,157.0,148.29,2,1,1,1,1,2,5,1,1,2,1,4,3,2,11,3,8,34,15,1,1,49,7,8,12,11,6,39,12,10,2,2,0,Watch
2023-05-26,Friday,5,21,5,Summer,0,0,0,0,0,0,0,0.0,32.7,25.2,43.4,,0,0,0,88,15,9,6,7,118,125.0,142.0,154.0,135.29,12.2,155.0,146.0,2,1,1,1,1,2,5,1,1,1,1,4,3,3,10,3,7,32,15,1,1,45,9,10,12,11,6,35,19,6,2,1,0,Watch
2023-05-27,Saturday,6,21,5,Summer,1,0,0,0,0,0,0,0.0,30.9,21.8,44.8,,0,0,0,88,14,8,13,8,123,118.0,125.0,147.0,130.14,10.72,145.0,143.36,2,1,1,1,1,2,5,1,1,2,1,5,4,3,11,3,7,30,14,1,1,42,11,6,9,12,7,34,11,9,2,2,0,Watch
2023-05-28,Sunday,7,21,5,Summer,1,0,0,0,0,0,0,0.0,34.5,25.6,44.3,,0,0,0,76,14,9,12,8,111,123.0,118.0,117.0,126.71,8.36,140.0,141.79,2,1,1,1,1,2,4,1,1,1,1,5,4,3,11,3,7,29,13,1,1,46,12,9,9,10,6,34,12,8,2,3,0,High
2023-05-29,Monday,1,22,5,Summer,0,0,0,0,0,0,0,0.0,34.3,25.8,46.5,,0,0,0,98,14,10,9,6,131,111.0,123.0,135.0,125.86,9.54,169.0,139.71,2,1,1,1,1,2,5,1,1,2,1,4,3,2,11,3,7,31,14,1,1,36,9,5,10,10,5,30,14,9,2,3,0,High
2023-05-30,Tuesday,2,22,5,Summer,0,0,0,0,0,1,0,0.2,36.3,28.2,48.8,,0,0,0,94,17,14,7,8,132,131.0,111.0,127.0,125.29,9.08,162.0,137.0,2,1,1,1,1,2,5,1,1,2,1,5,3,3,12,4,8,35,16,1,1,39,10,10,14,12,9,33,21,7,2,1,0,Watch
2023-05-31,Wednesday,3,22,5,Summer,0,0,0,1,0,0,1,0.0,33.5,26.2,46.0,,0,0,0,104,11,8,14,7,137,132.0,131.0,142.0,126.0,9.38,170.0,134.86,2,1,1,1,1,2,5,1,1,2,1,4,4,2,11,2,5,27,13,1,1,42,12,5,12,10,6,32,17,9,2,0,0,Normal
2023-06-01,Thursday,4,22,6,Monsoon,0,0,0,0,0,1,0,35.2,34.9,23.4,84.9,,0,0,0,87,34,13,9,9,143,137.0,132.0,125.0,125.29,8.26,156.0,132.5,2,1,1,1,1,2,6,1,1,2,1,5,4,4,18,7,16,60,25,2,1,41,11,11,22,15,20,73,26,8,2,0,0,Normal
2023-06-02,Friday,5,22,6,Monsoon,0,0,0,0,1,0,0,10.0,34.0,25.8,69.9,,0,0,0,95,26,12,9,9,142,143.0,137.0,118.0,127.86,10.32,154.0,131.57,2,1,1,1,1,2,6,1,1,2,1,5,4,4,15,5,12,49,21,2,1,46,11,10,15,12,15,49,20,7,2,1,0,Watch
2023-06-03,Saturday,6,22,6,Monsoon,1,0,0,0,0,0,0,3.4,32.0,23.8,69.0,,0,0,0,85,28,9,11,8,133,142.0,143.0,123.0,131.29,10.46,147.0,130.71,2,1,1,1,1,2,5,1,1,2,1,5,4,3,16,6,13,51,21,2,1,43,11,10,14,16,10,47,27,9,2,3,0,High
2023-06-04,Sunday,7,22,6,Monsoon,1,0,0,0,0,0,0,1.1,36.7,28.9,68.6,,0,0,0,79,25,10,9,7,123,133.0,142.0,111.0,132.71,9.9,117.0,129.71,2,1,1,1,1,2,5,1,1,2,1,4,3,3,14,5,12,46,20,1,1,39,11,6,16,14,12,59,28,11,2,0,0,Normal
2023-06-05,Monday,1,23,6,Monsoon,0,0,0,0,0,0,0,24.9,32.3,26.9,83.5,,0,0,0,100,31,7,7,9,145,123.0,133.0,131.0,134.43,6.41,135.0,130.14,2,1,1,1,1,2,6,1,1,2,1,5,4,4,15,6,14,57,24,2,1,40,5,10,14,15,16,62,33,9,2,1,0,Watch
2023-06-06,Tuesday,2,23,6,Monsoon,0,0,0,0,0,1,0,2.5,33.7,26.6,68.7,,0,0,0,97,24,13,8,10,142,145.0,123.0,132.0,136.43,7.17,127.0,130.86,2,1,1,1,1,2,6,1,1,2,1,6,4,4,15,5,11,46,20,1,1,46,14,8,17,14,13,63,28,9,2,0,0,Normal
2023-06-07,Wednesday,3,23,6,Monsoon,0,0,0,1,0,0,1,5.2,35.1,25.2,70.7,,0,0,0,107,29,6,14,10,156,142.0,145.0,137.0,137.86,7.14,142.0,131.93,2,1,1,1,1,2,6,1,1,2,1,6,5,4,16,6,14,55,23,2,1,45,11,8,16,16,16,49,26,4,2,1,0,Watch
2023-06-08,Thursday,4,23,6,Monsoon,0,0,0,0,0,1,0,15.2,31.2,22.4,81.3,,0,0,0,89,29,11,8,10,137,156.0,142.0,143.0,140.57,9.51,125.0,132.93,2,1,1,1,1,2,5,1,1,2,1,6,4,4,16,6,14,53,22,2,1,35,9,10,18,13,17,68,22,9,2,0,0,Normal
2023-06-09,Friday,5,23,6,Monsoon,0,0,0,0,0,0,0,5.4,31.8,24.6,75.1,,0,0,0,93,29,9,5,9,136,137.0,156.0,142.0,139.71,9.53,118.0,133.79,2,1,1,1,1,2,5,1,1,2,1,5,3,4,14,6,14,53,22,1,1,34,13,6,15,16,18,66,18,9,2,1,0,Watch
2023-06-10,Saturday,6,23,6,Monsoon,1,0,0,0,0,0,0,12.0,36.4,26.5,68.1,,0,0,0,82,29,9,10,8,130,136.0,137.0,133.0,138.86,9.55,123.0,135.07,2,1,1,1,1,2,5,1,1,2,1,5,4,4,16,6,14,52,22,2,1,43,11,13,17,13,15,56,20,12,3,1,0,Watch
2023-06-11,Sunday,7,23,6,Monsoon,1,0,0,0,0,0,0,24.3,33.7,26.5,79.1,,0,0,0,79,32,7,12,9,130,130.0,136.0,123.0,138.43,9.87,111.0,135.57,2,1,1,1,1,2,5,1,1,2,1,5,4,4,17,6,15,56,23,2,1,39,10,9,21,13,15,74,33,12,1,0,0,Normal
2023-06-12,Monday,1,24,6,Monsoon,0,0,0,0,0,0,0,18.7,33.2,24.9,72.8,,0,0,0,98,27,7,5,6,137,130.0,130.0,145.0,139.43,8.52,131.0,136.93,2,1,1,1,1,2,5,1,1,2,1,4,3,3,13,5,13,51,21,1,1,47,10,11,11,15,16,57,25,10,2,1,0,Watch
2023-06-13,Tuesday,2,24,6,Monsoon,0,0,0,0,0,1,0,2.6,35.1,24.7,72.8,,0,0,0,100,25,12,7,6,144,137.0,130.0,142.0,138.29,8.22,132.0,137.36,2,1,1,1,1,2,6,1,1,2,1,4,3,3,14,5,12,48,21,1,1,49,14,7,15,15,15,47,20,8,2,2,0,Watch
2023-06-14,Wednesday,3,24,6,Monsoon,0,0,0,1,0,0,1,33.5,32.0,22.9,84.9,,0,0,0,101,37,9,15,10,162,144.0,137.0,156.0,138.57,8.38,137.0,138.21,2,2,1,1,1,2,6,1,1,2,1,6,5,4,20,7,17,66,27,2,1,41,10,8,18,17,16,80,29,9,2,2,0,Watch
2023-06-15,Thursday,4,24,6,Monsoon,0,0,0,0,0,1,0,15.5,31.8,23.8,77.9,,0,0,0,92,30,13,6,8,141,162.0,144.0,137.0,139.43,10.22,143.0,140.0,2,1,1,1,1,2,6,1,1,2,1,5,3,4,16,6,14,55,23,1,1,52,7,8,20,16,17,52,20,8,1,2,0,Watch
2023-06-16,Friday,5,24,6,Monsoon,0,0,0,0,0,0,0,43.8,36.3,30.3,81.0,,0,0,0,88,31,7,7,7,133,141.0,162.0,136.0,140.0,10.18,142.0,139.86,2,1,1,1,1,2,5,1,1,2,1,4,3,3,15,6,14,56,23,2,1,47,10,8,13,16,17,65,29,5,2,1,0,Watch
2023-06-17,Saturday,6,24,6,Monsoon,1,0,0,0,1,0,0,10.1,32.9,25.0,73.2,,0,0,0,83,31,9,12,9,135,133.0,141.0,130.0,139.57,10.4,133.0,139.21,2,1,1,1,1,2,5,1,1,2,1,5,4,4,17,6,14,55,23,2,1,46,11,8,14,13,11,65,24,9,2,2,0,Watch
2023-06-18,Sunday,7,24,6,Monsoon,1,0,0,0,0,0,0,20.2,31.6,24.6,79.9,,0,0,0,77,27,7,11,8,122,135.0,133.0,130.0,140.29,9.88,123.0,139.36,2,1,1,1,1,2,5,1,1,2,1,5,4,3,15,5,13,49,21,2,1,40,12,6,17,12,14,56,27,6,1,0,0,Normal
2023-06-19,Monday,1,25,6,Monsoon,0,0,0,0,0,0,0,47.0,34.3,25.9,81.4,,0,0,0,99,36,6,8,8,149,122.0,135.0,137.0,139.14,11.36,145.0,139.29,2,2,1,1,1,2,6,1,1,2,1,5,3,4,17,7,17,64,26,2,1,42,10,7,16,16,19,81,37,11,2,1,0,Watch
2023-06-20,Tuesday,2,25,6,Monsoon,0,0,0,0,0,1,0,29.8,30.5,21.8,80.1,,0,0,0,96,32,12,7,9,147,149.0,122.0,144.0,140.86,11.8,142.0,139.57,2,1,1,1,1,2,6,1,1,2,1,5,4,4,17,6,15,58,24,2,1,37,11,6,16,13,15,53,23,12,2,3,0,High
2023-06-21,Wednesday,3,25,6,Monsoon,0,0,0,1,0,0,1,10.0,35.3,25.8,70.6,,0,0,0,100,26,8,12,9,146,147.0,149.0,162.0,141.29,11.96,156.0,139.93,2,1,1,1,1,2,6,1,1,2,1,5,4,4,15,5,12,49,21,2,1,30,8,12,13,13,12,58,21,11,2,1,0,Watch
2023-06-22,Thursday,4,25,6,Monsoon,0,0,0,0,0,1,0,13.1,34.7,25.0,73.4,,0,0,0,89,29,14,3,8,135,146.0,147.0,141.0,139.0,8.93,137.0,139.21,2,1,1,1,1,2,5,1,1,2,1,5,3,4,15,6,14,53,22,1,1,42,11,8,19,15,11,68,27,8,2,1,0,Watch
2023-06-23,Friday,5,25,6,Monsoon,0,0,0,0,0,0,0,11.4,35.0,27.3,71.7,,0,0,0,89,26,9,5,6,129,135.0,146.0,133.0,138.14,8.98,136.0,139.07,2,1,1,1,1,2,5,1,1,2,1,4,3,3,13,5,12,48,20,1,1,42,12,8,17,12,9,57,25,9,2,1,0,Watch
2023-06-24,Saturday,6,25,6,Monsoon,1,0,0,0,0,0,0,13.9,36.0,28.3,73.9,,0,0,0,82,25,7,8,8,122,129.0,135.0,135.0,137.57,9.41,130.0,138.57,2,1,1,1,1,2,5,1,1,2,1,5,3,3,13,5,12,46,20,1,1,43,11,8,12,13,9,56,23,10,2,2,0,Watch
2023-06-25,Sunday,7,25,6,Monsoon,1,0,0,0,0,0,0,24.5,33.7,24.9,78.6,,0,0,0,73,28,7,10,9,118,122.0,129.0,122.0,135.71,10.9,130.0,138.0,2,1,1,1,1,2,5,1,1,1,1,5,4,4,15,6,13,50,21,2,1,31,11,9,16,16,15,54,30,10,2,0,0,Normal
2023-06-26,Monday,1,26,6,Monsoon,0,0,0,0,0,0,0,15.6,34.6,27.5,74.5,,0,0,0,98,25,5,6,7,134,118.0,122.0,149.0,135.14,11.68,137.0,137.14,2,1,1,1,1,2,5,1,1,2,1,4,3,3,12,5,12,48,20,1,1,34,11,10,13,15,14,46,17,8,2,2,0,Watch
2023-06-27,Tuesday,2,26,6,Monsoon,0,0,0,0,0,1,0,18.2,33.3,23.9,81.3,,0,0,0,92,30,13,7,9,142,134.0,118.0,147.0,133.0,10.23,144.0,136.93,2,1,1,1,1,2,6,1,1,2,1,5,4,4,16,6,14,55,23,2,1,39,9,5,17,12,14,50,31,10,2,1,0,Watch
2023-06-28,Wednesday,3,26,6,Monsoon,0,0,0,1,0,0,1,11.6,31.6,21.3,74.4,,0,0,0,101,33,7,10,9,151,142.0,134.0,146.0,132.29,9.36,162.0,136.79,2,1,1,1,1,2,6,1,1,2,1,5,4,4,17,6,15,60,25,2,1,44,8,8,16,14,19,58,30,12,2,2,0,Watch
2023-06-29,Thursday,4,26,6,Monsoon,0,0,0,0,0,1,0,11.1,32.4,23.4,70.4,,0,0,0,93,26,12,6,7,137,151.0,142.0,135.0,133.0,10.5,141.0,136.0,2,1,1,1,1,2,5,1,1,2,1,4,3,3,14,5,12,49,20,1,1,41,8,4,15,13,15,61,27,9,2,0,0,Normal
2023-06-30,Friday,5,26,6,Monsoon,0,0,0,0,0,0,0,13.9,32.6,22.6,71.1,,0,0,0,89,26,8,6,8,129,137.0,151.0,129.0,133.29,10.58,133.0,135.71,2,1,1,1,1,2,5,1,1,2,1,5,3,3,13,5,12,48,20,1,1,42,10,7,15,13,9,49,17,12,2,2,0,Watch
2023-07-01,Saturday,6,26,7,Monsoon,1,0,0,0,0,0,0,15.6,32.8,24.1,72.7,,0,0,0,82,27,7,13,9,129,129.0,137.0,122.0,133.29,10.58,135.0,135.43,2,1,1,1,1,2,5,1,1,2,1,5,4,4,16,5,13,49,21,2,1,42,8,8,21,14,9,64,28,10,2,1,0,Watch
2023-07-02,Sunday,7,26,7,Monsoon,1,0,0,0,0,0,0,35.2,33.2,26.0,82.1,,0,0,0,76,33,8,13,9,130,129.0,129.0,118.0,134.29,9.76,122.0,135.0,2,1,1,1,1,2,5,1,1,2,1,5,4,4,18,6,15,58,24,2,1,48,13,11,22,13,16,68,26,10,2,0,0,Normal
2023-07-03,Monday,1,27,7,Monsoon,0,0,0,0,0,0,0,29.6,36.2,28.2,82.5,,0,0,0,98,36,6,7,8,147,130.0,129.0,134.0,136.0,7.56,149.0,135.57,2,2,1,1,1,2,6,1,1,2,1,5,3,4,17,7,17,64,26,2,1,44,10,8,18,15,17,61,29,9,2,1,0,Watch
2023-07-04,Tuesday,2,27,7,Monsoon,0,0,0,0,0,1,0,42.5,33.2,27.6,86.0,,0,0,0,96,36,10,5,9,147,147.0,130.0,142.0,137.86,8.39,147.0,135.43,2,2,1,1,1,2,6,1,1,2,1,5,3,4,17,7,17,64,26,2,1,40,11,8,19,15,14,69,34,11,2,1,0,Watch
2023-07-05,Wednesday,3,27,7,Monsoon,0,0,0,1,0,0,1,22.4,32.6,25.3,75.5,,0,0,0,102,30,8,11,9,151,147.0,147.0,151.0,138.57,8.91,146.0,135.43,2,1,1,1,1,2,6,1,1,2,1,5,4,4,16,6,14,56,23,2,1,43,19,9,17,14,11,51,23,10,2,2,0,Watch
2023-07-06,Thursday,4,27,7,Monsoon,0,0,0,0,1,1,0,11.6,35.8,25.4,74.0,,0,0,0,92,27,17,5,10,141,151.0,147.0,137.0,138.57,8.91,135.0,135.79,2,1,1,1,1,2,6,2,1,2,1,6,4,4,16,5,13,50,22,1,1,41,14,10,21,13,11,48,20,5,2,3,0,High
2023-07-07,Friday,5,27,7,Monsoon,0,0,0,0,0,0,0,47.7,32.8,24.4,86.3,,0,0,0,86,37,6,8,7,137,141.0,151.0,129.0,139.14,8.92,129.0,136.21,2,2,1,1,1,2,5,1,1,2,1,4,3,4,17,7,17,65,26,2,1,47,8,8,18,16,22,72,26,6,2,0,0,Normal
2023-07-08,Saturday,6,27,7,Monsoon,1,0,0,0,0,0,0,20.1,32.0,25.7,75.7,,0,0,0,83,26,6,11,9,126,137.0,141.0,129.0,140.29,8.01,122.0,136.79,2,1,1,1,1,2,5,1,1,2,1,5,4,4,14,5,12,48,20,2,1,44,11,7,15,13,13,63,20,9,2,0,0,Normal
2023-07-09,Sunday,7,27,7,Monsoon,1,0,0,0,0,0,0,41.3,33.5,25.5,86.4,,0,0,0,75,31,6,13,9,125,126.0,137.0,130.0,139.86,8.66,118.0,137.07,2,1,1,1,1,2,5,1,1,2,1,5,4,4,17,6,14,54,23,2,1,51,10,8,14,13,10,48,25,10,2,3,0,High
2023-07-10,Monday,1,28,7,Monsoon,0,0,0,0,0,0,0,10.8,34.4,28.7,72.6,,0,0,0,96,30,7,7,7,140,125.0,126.0,147.0,139.14,9.6,134.0,137.57,2,1,1,1,1,2,5,1,1,2,1,4,3,3,15,6,14,55,22,2,1,38,10,9,15,15,11,71,25,8,2,1,0,Watch
2023-07-11,Tuesday,2,28,7,Monsoon,0,0,0,0,0,1,0,8.7,30.8,24.3,76.9,,0,0,0,95,30,14,8,9,147,140.0,125.0,147.0,138.14,9.08,142.0,138.0,2,1,1,1,1,2,6,1,1,2,1,5,4,4,17,6,14,55,23,2,1,35,11,4,20,13,17,58,29,10,2,0,0,Normal
2023-07-12,Wednesday,3,28,7,Monsoon,0,0,0,1,0,0,1,7.6,34.8,25.2,69.6,,0,0,0,102,26,6,12,9,146,147.0,140.0,151.0,138.14,9.08,151.0,138.36,2,1,1,1,1,2,6,1,1,2,1,5,4,4,15,5,12,50,21,2,1,48,11,8,17,14,14,52,19,8,2,1,0,Watch
2023-07-13,Thursday,4,28,7,Monsoon,0,0,0,0,0,1,0,17.5,33.9,25.5,80.2,,0,0,0,91,31,13,11,11,146,146.0,147.0,141.0,137.43,8.19,137.0,138.0,2,1,1,1,1,2,6,1,1,2,1,7,5,4,18,6,14,56,24,2,1,44,9,7,20,15,13,50,31,10,2,2,0,Watch
2023-07-14,Friday,5,28,7,Monsoon,0,0,0,0,0,0,0,18.2,33.4,26.5,78.7,,0,0,0,91,25,5,7,6,128,146.0,146.0,137.0,138.14,8.68,129.0,138.64,2,1,1,1,1,2,5,1,1,2,1,4,3,3,13,5,12,47,20,1,1,50,11,6,11,15,9,47,23,8,2,2,0,Watch
2023-07-15,Saturday,6,28,7,Monsoon,1,0,0,0,0,0,0,13.8,31.3,24.1,74.3,,0,0,0,79,29,8,11,8,127,128.0,146.0,126.0,136.86,9.39,129.0,138.57,2,1,1,1,1,2,5,1,1,2,1,5,4,4,16,6,14,52,22,2,1,38,12,9,18,13,14,58,17,8,1,1,0,Watch
2023-07-16,Sunday,7,28,7,Monsoon,1,0,0,0,0,0,0,26.0,33.1,24.5,72.0,,0,0,0,75,29,5,9,8,118,127.0,128.0,125.0,137.0,9.23,130.0,138.43,2,1,1,1,1,2,5,1,1,1,1,5,4,4,15,6,14,51,22,2,1,37,9,6,14,16,17,62,20,9,2,2,0,Watch
2023-07-17,Monday,1,29,7,Monsoon,0,0,0,0,0,0,0,33.2,32.1,26.2,82.5,,0,0,0,94,35,5,5,7,139,118.0,127.0,140.0,136.0,10.73,147.0,137.57,2,1,1,1,1,2,5,1,1,2,1,4,3,4,15,7,16,62,25,2,1,36,11,6,15,14,13,71,28,8,1,1,0,Watch
2023-07-18,Tuesday,2,29,7,Monsoon,0,0,0,0,0,1,0,29.6,33.3,25.9,81.9,Malaria,2,0,3,94,47,10,5,8,156,139.0,118.0,147.0,135.86,10.68,147.0,137.0,2,2,1,1,1,2,6,1,1,2,1,5,3,6,21,9,40,80,41,2,1,43,11,9,25,19,44,97,50,5,2,0,0,Watch
2023-07-19,Wednesday,3,29,7,Monsoon,0,0,0,1,0,0,1,9.5,33.0,24.8,70.4,Malaria,2,0,4,100,39,7,12,10,158,156.0,139.0,146.0,137.14,12.36,151.0,137.64,2,2,1,1,1,2,6,1,1,2,1,6,4,6,19,8,34,69,36,2,1,37,9,7,17,19,45,79,41,8,2,1,0,Watch
2023-07-20,Thursday,4,29,7,Monsoon,0,0,0,0,0,1,0,54.7,32.5,25.0,95.3,Malaria,2,0,3,89,53,12,7,10,161,158.0,156.0,146.0,138.86,14.17,141.0,138.14,2,2,1,1,1,2,6,1,2,2,1,6,4,7,24,10,46,89,46,2,1,41,11,8,31,18,61,95,36,8,2,1,0,Watch
2023-07-21,Friday,5,29,7,Monsoon,0,0,0,0,0,0,0,12.1,32.5,25.2,72.1,Malaria,2,0,4,84,42,6,5,8,137,161.0,158.0,128.0,141.0,16.09,137.0,139.57,2,2,1,1,1,2,5,1,1,2,1,5,3,5,18,8,36,72,37,2,1,45,10,12,17,18,47,66,38,7,3,2,0,Watch
2023-07-22,Saturday,6,29,7,Monsoon,1,0,0,0,0,0,0,27.2,34.9,26.4,77.2,Malaria,2,0,3,76,48,7,10,9,141,137.0,161.0,127.0,142.29,15.34,126.0,139.57,2,2,1,1,1,2,6,1,1,2,1,5,4,6,22,9,41,80,42,2,1,33,9,8,26,17,43,100,52,8,2,0,0,Watch
2023-07-23,Sunday,7,29,7,Monsoon,1,0,0,0,0,0,0,15.5,32.1,25.9,72.5,Malaria,2,0,3,73,48,6,11,9,138,141.0,137.0,118.0,144.29,14.08,125.0,140.64,2,2,1,1,1,2,5,1,1,2,1,5,4,6,22,9,41,80,41,2,1,47,11,9,22,16,32,88,49,9,2,1,0,Watch
2023-07-24,Monday,1,30,7,Monsoon,0,0,0,0,0,0,0,26.4,31.9,22.2,75.5,Malaria,2,0,2,92,42,6,7,9,147,138.0,141.0,139.0,147.14,9.85,140.0,141.57,2,2,1,1,1,2,6,1,1,2,1,5,4,6,19,8,36,73,38,2,1,37,12,8,25,18,47,89,37,9,2,1,0,Watch
2023-07-25,Tuesday,2,30,7,Monsoon,0,0,0,0,0,1,0,44.4,34.2,25.1,91.2,Malaria,2,0,3,90,47,9,6,11,152,147.0,138.0,156.0,148.29,9.28,147.0,142.07,2,2,1,1,1,2,6,1,1,2,1,7,4,6,21,9,40,80,41,2,1,47,13,9,25,20,35,111,54,9,2,1,0,Watch
2023-07-26,Wednesday,3,30,7,Monsoon,0,0,0,1,0,0,1,13.2,32.9,25.7,78.8,Malaria,2,0,3,107,45,7,12,10,171,152.0,147.0,158.0,147.71,8.91,146.0,142.43,2,2,1,1,1,2,7,1,1,2,1,6,4,6,22,9,39,79,41,2,1,43,8,11,19,17,44,88,56,5,2,1,0,Watch
2023-07-27,Thursday,4,30,7,Monsoon,0,0,0,0,0,1,0,32.9,31.4,25.0,87.2,Malaria,2,0,4,87,46,11,7,10,151,171.0,152.0,161.0,149.57,11.76,146.0,144.21,2,2,1,1,1,2,6,1,1,2,1,6,4,6,21,9,40,78,41,2,1,40,13,11,27,18,50,106,39,9,2,1,0,Watch
2023-07-28,Friday,5,30,7,Monsoon,0,0,0,0,0,0,0,47.7,31.6,22.8,91.6,Malaria,2,0,3,90,53,6,7,9,156,151.0,171.0,137.0,148.14,10.86,128.0,144.57,2,2,1,1,1,2,6,1,2,2,1,5,4,6,23,10,46,89,46,2,1,37,13,9,23,20,55,123,44,8,2,1,0,Watch
2023-07-29,Saturday,6,30,7,Monsoon,1,0,0,0,0,0,0,10.3,30.7,21.1,77.7,Malaria,2,0,3,77,41,7,11,8,136,156.0,151.0,141.0,150.86,10.08,127.0,146.57,2,2,1,1,1,2,5,1,1,2,1,5,4,5,20,8,35,70,36,2,1,35,11,8,26,19,33,90,39,9,2,1,0,Watch
2023-07-30,Sunday,7,30,7,Monsoon,1,0,0,0,0,0,0,10.2,36.0,28.9,76.8,Malaria,2,0,3,78,40,7,10,10,135,136.0,156.0,138.0,150.14,10.89,118.0,147.21,2,2,1,1,1,2,5,1,1,2,1,6,4,6,19,8,34,68,35,2,1,42,12,4,17,16,45,75,43,9,3,2,0,Watch
2023-07-31,Monday,1,31,7,Monsoon,0,0,0,0,0,0,0,15.5,32.8,25.7,76.9,Malaria,2,0,3,95,40,6,8,8,149,135.0,136.0,147.0,149.71,11.41,139.0,148.43,2,2,1,1,1,2,6,1,1,2,1,5,3,5,18,8,34,70,36,2,1,40,11,8,16,17,41,69,45,9,2,2,0,Watch
2023-08-01,Tuesday,2,31,8,Monsoon,0,0,0,0,0,1,0,16.1,33.7,25.6,68.8,Malaria,2,0,4,98,47,11,8,11,164,149.0,135.0,152.0,150.0,11.36,156.0,149.14,2,2,1,1,1,2,6,1,1,2,1,7,4,6,22,9,40,81,41,2,1,41,12,10,27,20,38,105,59,9,2,1,0,Watch
2023-08-02,Wednesday,3,31,8,Monsoon,0,0,0,1,1,0,1,31.8,34.6,26.2,82.5,Malaria,2,0,1,101,44,7,12,10,164,164.0,149.0,171.0,151.71,12.39,158.0,149.71,2,2,1,1,1,2,6,1,1,2,1,6,4,6,21,8,38,77,39,2,1,38,11,8,25,19,33,84,41,9,2,1,0,Watch
2023-08-03,Thursday,4,31,8,Monsoon,0,0,0,0,0,1,0,20.3,32.6,23.9,74.4,Malaria,2,0,2,87,43,10,6,9,146,164.0,164.0,151.0,150.71,11.0,161.0,150.14,2,2,1,1,1,2,6,1,1,2,1,5,3,6,20,8,37,74,39,2,1,52,12,9,26,19,29,81,33,8,2,2,0,Watch
2023-08-04,Friday,5,31,8,Monsoon,0,0,0,0,0,0,0,23.0,31.8,23.0,84.4,Malaria,2,0,2,87,45,7,6,7,145,146.0,164.0,156.0,150.0,11.12,137.0,149.07,2,2,1,1,1,2,6,1,1,2,1,4,3,5,20,9,39,77,40,2,1,43,11,7,18,20,38,85,57,7,2,2,0,Watch
2023-08-05,Saturday,6,31,8,Monsoon,1,0,0,0,0,0,0,23.1,34.8,28.3,81.7,Malaria,2,0,1,80,45,8,12,9,145,145.0,146.0,136.0,148.43,10.94,141.0,149.64,2,2,1,1,1,2,6,1,1,2,1,5,4,6,22,9,39,76,40,2,1,42,7,9,23,16,33,100,39,12,2,2,0,Watch
2023-08-06,Sunday,7,31,8,Monsoon,1,0,0,0,0,0,0,14.4,32.3,24.5,77.8,Malaria,2,0,2,72,41,5,6,7,124,145.0,145.0,135.0,149.71,9.88,138.0,149.93,2,2,1,1,1,2,5,1,1,2,1,4,3,5,18,8,35,69,36,2,1,42,14,7,20,18,39,92,31,10,2,1,0,Watch
2023-08-07,Monday,1,32,8,Monsoon,0,0,1,0,0,0,3,21.8,31.8,24.6,81.3,Malaria,2,0,4,101,47,5,16,11,169,124.0,145.0,149.0,148.14,12.6,147.0,148.93,2,2,1,1,1,2,7,1,1,2,1,7,5,6,23,9,40,81,42,2,1,46,11,9,24,16,50,88,46,9,2,0,0,Watch
2023-08-08,Tuesday,2,32,8,Monsoon,0,0,0,0,0,1,0,10.1,29.5,22.8,77.8,Malaria,2,0,3,90,43,10,6,8,149,169.0,124.0,164.0,151.0,14.58,152.0,150.5,2,2,1,1,1,2,6,1,1,2,1,5,3,5,20,8,37,74,39,2,1,43,11,8,18,16,47,70,34,6,2,3,0,High
2023-08-09,Wednesday,3,32,8,Monsoon,0,0,0,1,0,0,1,7.2,32.4,22.6,73.3,Malaria,2,0,3,98,40,7,15,9,160,149.0,169.0,164.0,148.86,13.58,171.0,150.29,2,2,1,1,1,2,6,1,1,2,1,5,5,5,21,8,34,70,36,2,1,42,12,8,28,15,39,93,34,12,2,1,0,Watch
2023-08-10,Thursday,4,32,8,Monsoon,0,0,0,0,0,1,0,5.5,31.0,24.1,74.1,Malaria,2,0,4,85,41,13,8,10,147,160.0,149.0,146.0,148.29,13.0,151.0,149.5,2,2,1,1,1,2,6,1,1,2,1,6,4,6,20,8,35,70,37,2,1,41,11,7,23,14,38,65,34,8,2,2,0,Watch
2023-08-11,Friday,5,32,8,Monsoon,0,0,0,0,0,0,0,23.2,30.9,22.8,80.0,Malaria,2,0,4,83,47,7,7,10,144,147.0,160.0,145.0,148.43,12.98,156.0,149.21,2,2,1,1,1,2,6,1,1,2,1,6,4,6,21,9,40,79,41,2,1,42,9,11,27,16,38,98,48,9,2,1,0,Watch
2023-08-12,Saturday,6,32,8,Monsoon,1,0,0,0,0,0,0,5.1,32.6,24.8,75.8,Dengue,4,1,5,82,66,3,12,11,163,144.0,147.0,145.0,148.29,13.02,136.0,148.36,2,2,1,1,1,2,6,1,2,2,1,7,5,9,28,12,57,108,68,3,1,43,13,8,25,22,55,145,94,9,2,3,0,High
2023-08-13,Sunday,7,32,8,Monsoon,1,0,0,0,0,0,0,14.0,31.8,25.3,79.6,Dengue,4,1,5,80,74,7,9,13,170,163.0,144.0,124.0,150.86,13.87,135.0,150.29,2,3,1,1,1,2,7,1,2,2,1,8,5,11,31,14,63,119,76,3,1,47,10,8,30,22,52,126,61,10,2,4,0,High
2023-08-14,Monday,1,33,8,Monsoon,0,0,0,0,0,0,0,18.2,33.6,25.1,69.9,Dengue,4,1,6,105,70,5,6,12,186,170.0,163.0,169.0,157.43,9.93,149.0,152.79,2,2,1,1,1,3,7,1,2,2,1,7,4,10,28,13,60,116,73,2,1,38,11,12,37,21,51,137,65,9,2,2,0,High
2023-08-15,Tuesday,2,33,8,Monsoon,0,1,0,0,0,1,1,8.2,31.1,23.8,82.0,Dengue,4,1,7,101,72,11,8,13,192,186.0,170.0,149.0,159.86,13.79,164.0,155.43,2,3,1,1,1,3,7,1,2,2,1,8,5,10,31,13,62,119,75,3,1,41,7,10,35,19,55,141,75,11,2,1,0,High
2023-08-16,Wednesday,3,33,8,Monsoon,0,0,0,1,0,0,1,32.5,29.6,22.5,86.5,Dengue,4,1,7,112,73,4,12,12,201,192.0,186.0,160.0,166.0,16.83,164.0,157.43,3,3,1,1,1,3,8,1,2,2,1,7,5,10,31,14,63,121,77,3,1,45,13,8,38,25,55,148,96,9,2,2,0,High
2023-08-17,Thursday,4,33,8,Monsoon,0,0,0,0,0,1,0,16.6,31.3,23.1,75.0,Dengue,4,1,5,94,74,11,9,14,188,201.0,192.0,147.0,171.86,20.46,146.0,160.07,2,3,1,1,1,3,7,1,2,2,1,8,5,11,32,14,63,121,77,3,1,41,11,4,41,19,83,162,97,7,2,1,0,High
2023-08-18,Friday,5,33,8,Monsoon,0,0,0,0,0,0,0,13.4,33.4,24.6,74.0,Dengue,4,1,6,94,72,6,8,10,180,188.0,201.0,144.0,177.71,18.26,145.0,163.07,2,3,1,1,1,2,7,1,2,2,1,6,4,9,30,13,62,118,74,3,1,39,12,6,38,23,74,116,70,12,2,3,0,High
2023-08-19,Saturday,6,33,8,Monsoon,1,0,0,0,0,0,0,11.6,29.1,24.1,74.2,Dengue,4,1,5,80,76,6,9,11,171,180.0,188.0,163.0,182.86,12.05,145.0,165.57,2,3,1,1,1,2,7,1,2,2,1,7,4,10,31,14,65,122,78,3,1,40,9,6,31,22,84,118,81,7,2,2,0,High
2023-08-20,Sunday,7,33,8,Monsoon,1,0,0,0,0,0,0,33.6,30.7,22.9,91.6,Dengue,4,1,6,82,80,6,11,12,179,171.0,180.0,170.0,184.0,10.38,124.0,167.43,2,3,1,1,1,2,7,1,2,2,1,7,5,11,33,15,68,129,81,3,1,39,11,10,43,29,77,163,105,9,1,1,0,High
2023-08-21,Monday,1,34,8,Monsoon,0,0,0,0,1,0,0,29.1,26.7,18.9,85.5,Dengue,4,1,6,101,74,7,8,12,190,179.0,171.0,186.0,185.29,9.04,169.0,171.36,2,3,1,1,1,3,7,1,2,2,1,7,4,10,31,14,63,122,77,3,1,45,11,8,29,20,56,140,73,9,2,4,0,High
2023-08-22,Tuesday,2,34,8,Monsoon,0,0,0,0,0,1,0,11.6,31.9,24.4,77.1,Dengue,4,1,5,99,69,12,5,12,185,190.0,179.0,192.0,185.86,9.19,149.0,172.86,2,2,1,1,1,3,7,1,2,2,1,7,4,10,29,13,59,114,73,2,1,43,11,8,27,19,49,143,92,8,2,3,0,High
2023-08-23,Wednesday,3,34,8,Monsoon,0,0,0,1,0,0,1,15.5,28.9,21.6,79.3,Dengue,4,1,7,109,70,5,13,13,197,185.0,190.0,201.0,184.86,8.84,160.0,175.43,2,2,1,1,1,3,8,1,2,2,1,8,5,10,30,13,60,116,74,3,1,42,9,10,37,27,58,108,95,5,2,2,0,High
2023-08-24,Thursday,4,34,8,Monsoon,0,0,0,0,0,1,0,17.9,31.7,23.4,73.6,Dengue,4,1,6,100,65,12,6,12,183,197.0,185.0,188.0,184.29,7.85,147.0,178.07,2,2,1,1,1,3,7,1,2,2,1,7,4,10,28,12,56,108,69,2,1,36,9,6,31,19,44,119,57,6,2,3,0,High
2023-08-25,Friday,5,34,8,Monsoon,0,0,0,0,0,0,0,35.5,26.8,19.1,86.6,Dengue,4,1,6,95,75,5,7,10,182,183.0,197.0,180.0,183.57,7.71,144.0,180.64,2,3,1,1,1,3,7,1,2,2,1,6,4,10,30,14,64,122,78,3,1,42,11,7,31,27,49,139,76,9,2,3,0,High
2023-08-26,Saturday,6,34,8,Monsoon,1,0,0,0,0,0,0,14.9,31.2,23.7,71.0,Dengue,4,1,5,85,69,6,11,12,171,182.0,183.0,171.0,183.86,7.61,163.0,183.36,2,2,1,1,1,2,7,1,2,2,1,7,5,10,29,13,59,112,72,3,1,36,11,10,32,24,76,114,67,9,2,1,0,High
2023-08-27,Sunday,7,34,8,Monsoon,1,0,0,0,0,0,0,14.6,29.6,20.4,72.5,Dengue,4,1,5,80,75,6,13,12,174,171.0,182.0,179.0,183.86,7.61,170.0,183.93,2,3,1,1,1,2,7,1,2,2,1,7,5,10,32,14,64,121,77,3,1,42,10,8,42,20,81,166,101,7,2,1,0,High
2023-08-28,Monday,1,35,8,Monsoon,0,0,1,0,0,0,3,15.4,32.1,24.1,76.7,Dengue,4,1,6,104,73,5,19,13,201,174.0,171.0,190.0,183.14,8.24,186.0,184.21,2,3,2,1,1,3,8,1,2,2,1,8,6,10,33,14,63,120,77,3,1,45,6,9,28,28,72,127,90,6,2,2,0,High
2023-08-29,Tuesday,2,35,8,Monsoon,0,0,0,0,0,1,0,20.7,31.1,23.9,77.2,Dengue,4,1,6,100,69,10,8,13,187,201.0,174.0,185.0,184.71,10.21,192.0,185.29,2,2,1,1,1,3,7,1,2,2,1,8,5,10,30,13,59,114,73,3,1,40,11,9,27,26,65,130,65,8,2,3,0,High
2023-08-30,Wednesday,3,35,8,Monsoon,0,0,0,1,0,0,1,13.7,30.1,22.4,73.0,Dengue,4,1,6,102,71,6,13,12,192,187.0,201.0,197.0,185.0,10.24,201.0,184.93,2,3,1,1,1,3,7,1,2,2,1,7,5,10,31,13,61,117,74,3,1,38,11,10,27,21,52,160,70,9,2,3,0,High
2023-08-31,Thursday,4,35,8,Monsoon,0,0,0,0,0,1,0,7.3,30.1,21.5,72.3,Dengue,4,1,6,98,71,11,7,12,187,192.0,187.0,183.0,184.29,9.53,188.0,184.29,2,3,1,1,1,3,7,1,2,2,1,7,4,10,30,13,61,117,74,3,1,43,12,8,38,24,48,124,76,9,2,2,0,High
2023-09-01,Friday,5,35,9,Monsoon,0,0,0,0,0,0,0,8.1,26.8,20.4,84.0,Dengue,4,1,7,91,72,5,8,12,176,187.0,192.0,182.0,184.86,9.55,180.0,184.21,2,3,1,1,1,2,7,1,2,2,1,7,4,10,29,13,62,118,74,3,1,40,11,11,25,22,50,155,72,9,2,3,0,High
2023-09-02,Saturday,6,35,9,Monsoon,1,0,0,0,0,0,0,24.9,31.9,24.5,85.4,Dengue,4,1,6,82,69,5,13,11,169,176.0,187.0,171.0,184.0,10.03,171.0,183.93,2,2,1,1,1,2,7,1,2,2,1,7,5,10,30,13,59,112,72,3,1,39,13,8,37,22,61,134,77,10,2,1,0,High
2023-09-03,Sunday,7,35,9,Monsoon,1,0,0,0,0,0,0,25.7,30.9,22.9,77.5,Dengue,4,1,5,83,74,5,14,13,176,169.0,176.0,174.0,183.71,10.42,179.0,183.79,2,3,1,1,1,2,7,1,2,2,1,8,5,11,32,14,63,120,76,3,1,41,12,7,34,26,62,136,70,6,2,3,0,High
2023-09-04,Monday,1,36,9,Monsoon,0,0,0,0,0,0,0,19.7,31.0,22.6,70.4,Dengue,4,1,7,99,69,5,5,9,178,176.0,169.0,201.0,184.0,10.17,190.0,183.57,2,2,1,1,1,2,7,1,2,2,1,5,3,9,27,13,59,114,72,2,1,38,12,9,25,20,66,105,81,12,2,2,0,High
2023-09-05,Tuesday,2,36,9,Monsoon,0,0,0,0,0,1,0,0.0,31.6,23.1,75.2,Dengue,4,1,6,103,70,9,7,11,189,178.0,176.0,187.0,180.71,7.52,185.0,182.71,2,2,1,1,1,3,7,1,2,2,1,7,4,10,29,13,60,116,73,3,1,41,12,9,28,20,50,160,91,8,2,3,0,High
2023-09-06,Wednesday,3,36,9,Monsoon,0,0,0,1,0,0,1,1.7,27.0,20.8,77.1,Dengue,4,1,7,108,70,5,13,12,196,189.0,178.0,192.0,181.0,7.78,197.0,183.0,2,2,1,1,1,3,7,1,2,2,1,7,5,10,30,13,60,116,73,3,1,45,14,8,27,26,75,147,81,9,2,2,0,High
2023-09-07,Thursday,4,36,9,Monsoon,0,0,0,0,0,1,0,0.0,28.5,18.3,69.2,Dengue,4,1,6,94,63,10,6,12,173,196.0,189.0,187.0,181.57,8.67,183.0,182.93,2,2,1,1,1,2,7,1,2,2,1,7,4,9,27,12,54,104,66,2,1,35,11,7,25,18,46,120,89,9,3,3,0,High
2023-09-08,Friday,5,36,9,Monsoon,0,0,0,0,0,0,0,0.0,31.3,21.3,66.3,Dengue,4,1,6,94,66,6,7,10,173,173.0,196.0,176.0,179.57,8.8,182.0,182.21,2,2,1,1,1,2,7,1,2,2,1,6,4,9,27,12,57,109,69,2,1,31,11,6,33,20,74,104,83,9,2,2,0,High
2023-09-09,Saturday,6,36,9,Monsoon,1,0,0,0,0,0,0,0.0,30.0,22.2,71.3,Dengue,4,1,6,83,69,6,10,11,168,173.0,173.0,169.0,179.14,9.03,171.0,181.57,2,2,1,1,1,2,6,1,2,2,1,7,4,10,29,13,59,112,71,3,1,41,11,8,29,22,74,133,96,9,2,1,0,High
2023-09-10,Sunday,7,36,9,Monsoon,1,0,0,0,0,0,0,24.6,29.6,21.0,84.6,Dengue,4,1,8,78,73,6,11,12,168,168.0,173.0,176.0,179.0,9.2,174.0,181.36,2,3,1,1,1,2,6,1,2,2,1,7,5,10,31,14,63,118,74,3,1,41,11,7,39,24,55,128,85,9,2,2,0,High
2023-09-11,Monday,1,37,9,Monsoon,0,0,0,0,0,0,0,2.5,25.9,18.3,77.7,Dengue,4,1,8,99,69,6,4,10,178,168.0,168.0,178.0,177.86,9.96,201.0,180.93,2,2,1,1,1,2,7,1,2,2,1,6,3,9,27,13,59,114,72,2,1,36,13,9,29,18,54,132,91,9,2,1,0,High
2023-09-12,Tuesday,2,37,9,Monsoon,0,0,0,0,0,1,0,28.1,30.5,21.8,87.5,Dengue,4,1,6,101,75,8,8,12,192,178.0,168.0,189.0,177.86,9.96,187.0,179.29,2,3,1,1,1,3,7,1,2,2,1,7,4,10,31,14,64,123,78,3,1,36,9,11,36,21,76,131,65,9,1,1,0,High
2023-09-13,Wednesday,3,37,9,Monsoon,0,0,0,1,0,0,1,36.9,28.0,21.8,93.8,Dengue,4,1,6,101,81,4,12,12,198,192.0,178.0,196.0,178.29,10.48,192.0,179.64,2,3,1,1,1,3,8,1,2,2,1,7,5,11,33,15,69,132,84,3,1,40,12,7,38,25,73,126,103,10,2,2,0,High
2023-09-14,Thursday,4,37,9,Monsoon,0,0,0,0,1,1,0,0.0,27.8,19.3,73.1,Dengue,4,1,7,102,66,13,11,13,192,198.0,192.0,173.0,178.57,10.98,187.0,180.07,2,2,1,1,1,3,7,1,2,2,1,8,5,10,30,12,57,110,70,3,1,39,10,8,32,20,59,143,65,9,2,2,0,High
2023-09-15,Friday,5,37,9,Monsoon,0,0,0,0,0,0,0,6.1,28.2,20.6,80.3,Dengue,4,1,5,95,72,6,8,12,181,192.0,198.0,173.0,181.29,11.6,176.0,180.43,2,3,1,1,1,3,7,1,2,2,1,7,4,10,30,13,62,118,75,3,1,40,12,8,30,18,51,158,67,7,2,3,0,High
2023-09-16,Saturday,6,37,9,Monsoon,1,0,0,0,0,0,0,3.9,26.5,15.5,72.3,Dengue,4,1,6,86,73,5,12,12,176,181.0,192.0,168.0,182.43,11.11,169.0,180.79,2,3,1,1,1,2,7,1,2,2,1,7,5,10,31,14,63,119,75,3,1,40,11,10,36,19,57,114,82,9,2,2,0,High
2023-09-17,Sunday,7,37,9,Monsoon,1,0,0,0,0,0,0,34.7,30.0,19.3,87.3,Dengue,4,1,6,77,73,4,13,13,167,176.0,181.0,168.0,183.57,9.91,176.0,181.29,2,3,1,1,1,2,6,1,2,2,1,8,5,10,31,14,63,118,74,3,1,36,11,10,33,27,59,147,79,12,2,1,0,High
2023-09-18,Monday,1,38,9,Monsoon,0,0,0,0,0,0,0,27.9,27.8,19.5,82.7,Dengue,4,1,6,99,71,5,9,9,184,167.0,176.0,178.0,183.43,10.14,178.0,180.64,2,3,1,1,1,3,7,1,2,2,1,5,4,9,29,13,61,117,74,3,1,39,14,7,38,24,60,163,69,9,2,3,0,High
2023-09-19,Tuesday,2,38,9,Monsoon,0,0,0,0,0,1,0,0.0,28.4,20.8,73.8,Dengue,4,1,5,97,64,9,6,11,176,184.0,167.0,192.0,184.29,9.9,189.0,181.07,2,2,1,1,1,2,7,1,2,2,1,7,4,9,27,12,55,106,67,2,1,42,12,7,27,22,71,97,95,9,2,2,0,High
2023-09-20,Wednesday,3,38,9,Monsoon,0,0,0,1,0,0,1,0.4,28.4,20.4,77.4,Dengue,4,1,5,105,61,5,12,11,183,176.0,184.0,198.0,182.0,9.7,196.0,180.14,2,2,1,1,1,3,7,1,2,2,1,7,5,9,27,11,52,102,65,3,1,47,9,8,28,22,70,130,92,8,2,1,0,High
2023-09-21,Thursday,4,38,9,Monsoon,0,0,0,0,0,1,0,9.2,27.2,18.2,72.5,Dengue,4,1,4,88,67,9,9,12,173,183.0,176.0,192.0,179.86,7.28,173.0,179.21,2,2,1,1,1,2,7,1,2,2,1,7,5,10,29,13,57,110,70,3,1,48,12,8,27,20,68,142,93,8,2,2,0,High
2023-09-22,Friday,5,38,9,Monsoon,0,0,0,0,0,0,0,0.8,29.5,22.0,74.8,,0,0,0,85,22,5,7,8,119,173.0,183.0,181.0,177.14,5.59,173.0,179.21,2,1,1,1,1,2,5,1,1,1,1,5,3,3,12,4,10,42,18,1,1,43,11,6,15,11,12,51,25,8,2,0,0,Normal
2023-09-23,Saturday,6,38,9,Monsoon,1,0,0,0,0,0,0,11.3,29.7,21.4,79.1,,0,0,0,72,28,5,12,9,117,119.0,173.0,176.0,168.29,20.82,168.0,175.36,2,1,1,1,1,2,5,1,1,1,1,5,4,4,15,6,13,50,21,2,1,44,11,8,18,16,11,66,19,9,2,2,0,Watch
2023-09-24,Sunday,7,38,9,Monsoon,1,0,0,0,0,0,0,86.5,28.4,20.0,98.0,,0,0,0,69,40,2,13,8,124,117.0,119.0,167.0,159.86,27.02,168.0,171.71,2,2,1,1,1,2,5,1,1,2,1,5,4,4,19,8,18,67,27,2,1,42,10,9,17,19,24,82,29,9,2,1,0,Watch
2023-09-25,Monday,1,39,9,Monsoon,0,0,0,0,0,0,0,3.5,27.3,18.0,70.8,,0,0,0,92,21,4,7,7,124,124.0,117.0,184.0,153.71,29.47,178.0,168.57,2,1,1,1,1,2,5,1,1,2,1,4,3,3,11,4,10,41,18,1,1,42,12,10,10,13,11,51,15,12,2,2,0,Watch
2023-09-26,Tuesday,2,39,9,Monsoon,0,0,0,0,0,1,0,0.5,25.9,18.7,77.8,,0,0,0,90,24,11,8,8,133,124.0,124.0,176.0,145.14,28.11,192.0,164.71,2,1,1,1,1,2,5,1,1,2,1,5,3,3,14,5,11,45,19,1,1,51,14,8,14,15,11,42,16,9,2,2,0,Watch
2023-09-27,Wednesday,3,39,9,Monsoon,0,0,0,1,0,0,1,13.7,31.2,23.2,78.2,,0,0,0,95,28,5,14,9,142,133.0,124.0,183.0,139.0,25.25,198.0,160.5,2,1,1,1,1,2,6,1,1,2,1,5,4,4,16,6,13,52,22,2,1,43,9,9,20,13,15,49,22,9,2,1,0,Watch
2023-09-28,Thursday,4,39,9,Monsoon,0,0,0,0,0,1,0,15.5,26.5,17.7,86.6,,0,0,0,84,27,10,8,7,129,142.0,133.0,173.0,133.14,18.11,192.0,156.5,2,1,1,1,1,2,5,1,1,2,1,4,3,3,15,5,13,49,21,1,1,48,11,9,19,14,10,59,28,11,2,1,0,Watch
2023-09-29,Friday,5,39,9,Monsoon,0,0,0,0,0,0,0,0.0,27.7,18.9,77.6,,0,0,0,86,23,4,4,7,117,129.0,142.0,119.0,126.86,7.99,181.0,152.0,2,1,1,1,1,2,5,1,1,1,1,4,3,3,11,5,11,44,19,1,1,45,11,11,13,12,11,56,17,11,2,1,0,Watch
2023-09-30,Saturday,6,39,9,Monsoon,1,0,0,0,0,0,0,4.5,28.1,18.7,70.1,,0,0,0,75,24,7,11,7,117,117.0,129.0,117.0,126.57,8.3,176.0,147.43,2,1,1,1,1,2,5,1,1,1,1,4,4,3,14,5,11,44,19,2,1,41,12,8,17,15,12,56,16,7,2,1,0,Watch
2023-10-01,Sunday,7,39,10,Post_Monsoon,1,0,0,0,0,0,0,2.3,25.3,18.1,57.0,,0,0,0,72,15,5,10,6,102,117.0,117.0,124.0,126.57,8.3,167.0,143.21,2,1,1,1,1,2,4,1,1,1,1,4,3,2,10,3,7,30,14,1,1,47,11,8,11,10,8,41,17,10,2,0,0,Normal
2023-10-02,Monday,1,40,10,Post_Monsoon,0,1,0,0,0,0,1,1.0,26.8,19.8,50.2,,0,0,0,90,14,6,7,8,117,102.0,117.0,124.0,123.43,12.01,184.0,138.57,2,1,1,1,1,2,5,1,1,1,1,5,3,3,9,3,7,30,14,1,1,43,8,8,9,10,9,30,14,9,2,0,0,Normal
2023-10-03,Tuesday,2,40,10,Post_Monsoon,0,0,0,0,0,1,0,0.0,26.5,18.0,50.3,,0,0,0,89,15,10,7,6,121,117.0,102.0,133.0,122.43,12.21,176.0,133.79,2,1,1,1,1,2,5,1,1,2,1,4,3,2,10,3,7,32,15,1,1,39,12,8,8,11,7,41,20,11,2,1,0,Watch
2023-10-04,Wednesday,3,40,10,Post_Monsoon,0,0,0,1,0,0,1,1.5,25.2,17.8,55.5,,0,0,0,97,11,5,12,6,125,121.0,117.0,142.0,120.71,11.42,183.0,129.86,2,1,1,1,1,2,5,1,1,2,1,4,3,2,9,2,5,27,13,1,1,39,11,8,11,10,4,24,15,7,2,2,0,Watch
2023-10-05,Thursday,4,40,10,Post_Monsoon,0,0,0,0,0,1,0,0.0,25.5,17.3,57.8,,0,0,0,82,14,10,6,7,112,125.0,121.0,129.0,118.29,7.91,173.0,125.71,2,1,1,1,1,2,4,1,1,1,1,4,3,3,10,3,7,30,13,1,1,45,10,9,10,11,5,37,13,8,2,1,0,Watch
2023-10-06,Friday,5,40,10,Post_Monsoon,0,0,1,0,0,0,1,0.8,28.6,19.6,48.4,,0,0,0,92,16,8,15,8,131,112.0,125.0,117.0,115.86,6.77,119.0,121.36,2,1,1,1,1,2,5,1,1,2,1,5,4,3,13,3,8,34,15,1,1,46,12,8,14,11,10,42,12,12,2,1,0,Watch
2023-10-07,Saturday,6,40,10,Post_Monsoon,1,0,0,0,0,0,0,1.6,26.5,19.6,55.1,,0,0,0,80,16,5,9,6,110,131.0,112.0,117.0,117.86,8.63,117.0,122.21,2,1,1,1,1,2,4,1,1,1,1,4,3,2,10,3,8,32,14,1,1,42,9,9,10,12,8,35,13,7,2,1,0,Watch
2023-10-08,Sunday,7,40,10,Post_Monsoon,1,0,0,0,0,0,0,0.0,27.9,19.7,43.9,,0,0,0,73,12,7,9,5,101,110.0,131.0,102.0,116.86,9.06,124.0,121.71,2,1,1,1,1,2,4,1,1,1,1,3,3,2,9,3,6,26,12,1,1,42,10,8,9,12,4,27,15,9,1,1,0,Watch
2023-10-09,Monday,1,41,10,Post_Monsoon,0,0,0,0,0,0,0,1.4,29.2,20.5,45.9,,0,0,0,91,11,5,6,5,113,101.0,110.0,117.0,116.71,9.3,124.0,120.07,2,1,1,1,1,2,5,1,1,1,1,3,2,2,7,2,5,26,13,1,1,33,10,5,9,10,6,30,14,8,2,0,0,Normal
2023-10-10,Tuesday,2,41,10,Post_Monsoon,0,0,1,0,0,1,2,12.0,28.1,17.5,52.7,,0,0,0,93,20,8,16,10,137,113.0,101.0,121.0,116.14,9.39,133.0,119.29,2,1,1,1,1,2,5,1,1,2,1,6,5,3,14,4,9,40,17,2,1,38,12,10,18,11,7,55,17,9,2,1,0,Watch
2023-10-11,Wednesday,3,41,10,Post_Monsoon,0,0,0,1,0,0,1,0.3,24.4,16.7,47.4,,0,0,0,93,10,4,14,7,121,137.0,113.0,125.0,118.43,11.9,142.0,119.57,2,1,1,1,1,2,5,1,1,2,1,4,4,2,9,2,5,25,12,1,1,36,11,8,8,9,6,27,11,8,2,2,0,Watch
2023-10-12,Thursday,4,41,10,Post_Monsoon,0,0,0,0,0,1,0,0.0,25.8,18.9,47.8,,0,0,0,85,15,11,10,8,121,121.0,137.0,112.0,117.86,11.67,129.0,118.07,2,1,1,1,1,2,5,1,1,2,1,5,4,3,11,3,7,31,15,1,1,41,11,7,10,12,8,32,17,6,2,1,0,Watch
2023-10-13,Friday,5,41,10,Post_Monsoon,0,0,0,0,0,0,0,0.8,26.6,19.1,51.5,Mass_Casualty,3,1,4,90,15,5,55,17,165,121.0,121.0,131.0,119.14,11.44,117.0,117.5,2,1,4,1,1,2,6,1,1,2,3,10,11,7,23,3,7,32,20,3,2,45,10,9,24,10,9,35,24,9,2,1,0,Watch
2023-10-14,Saturday,6,41,10,Post_Monsoon,1,0,1,0,0,0,1,0.0,25.1,16.9,50.9,Mass_Casualty,3,1,4,84,16,6,67,18,173,165.0,121.0,110.0,124.0,19.69,117.0,120.93,2,1,4,1,1,2,7,1,1,2,3,10,13,7,28,3,8,33,22,4,3,45,11,7,32,10,8,35,25,10,2,2,0,Watch
2023-10-15,Sunday,7,41,10,Post_Monsoon,1,0,0,0,0,0,0,0.0,24.2,14.2,48.9,,0,0,0,67,12,5,12,6,96,173.0,165.0,101.0,133.0,24.93,102.0,124.93,2,1,1,1,1,2,4,1,1,1,1,4,3,2,10,3,6,25,12,1,1,31,10,8,12,11,4,23,12,7,2,2,0,Watch
2023-10-16,Monday,1,42,10,Post_Monsoon,0,0,1,0,0,0,3,0.0,23.5,15.5,56.5,,0,0,0,102,15,4,18,8,139,96.0,173.0,113.0,132.29,25.89,117.0,124.5,2,1,1,1,1,2,5,1,1,2,1,5,5,3,12,3,7,33,15,2,1,44,11,8,13,12,8,33,19,14,2,0,0,Normal
2023-10-17,Tuesday,2,42,10,Post_Monsoon,0,0,0,0,0,1,0,0.0,24.9,17.6,55.7,,0,0,0,90,15,8,8,5,121,139.0,96.0,137.0,136.0,24.7,121.0,126.07,2,1,1,1,1,2,5,1,1,2,1,3,3,2,10,3,7,32,15,1,1,48,12,7,12,11,6,31,12,9,2,3,0,High
2023-10-18,Wednesday,3,42,10,Post_Monsoon,0,0,0,1,0,0,1,0.0,21.9,14.1,60.6,,0,0,0,101,20,6,11,7,138,121.0,139.0,121.0,133.71,25.23,125.0,126.07,2,1,1,1,1,2,5,1,1,2,1,4,4,3,12,4,9,41,17,1,1,38,10,9,12,13,9,51,19,10,2,0,0,Normal
2023-10-19,Thursday,4,42,10,Post_Monsoon,0,0,0,0,0,1,0,0.0,22.6,14.7,48.8,,0,0,0,84,13,9,5,5,111,138.0,121.0,121.0,136.14,24.71,112.0,127.0,2,1,1,1,1,2,4,1,1,1,1,3,2,2,9,3,6,28,13,1,1,45,14,5,7,11,5,37,17,9,2,2,0,Watch
2023-10-20,Friday,5,42,10,Post_Monsoon,0,0,0,0,0,0,0,0.1,24.6,17.0,55.0,,0,0,0,87,16,4,7,7,114,111.0,138.0,165.0,134.71,25.81,131.0,126.93,2,1,1,1,1,2,5,1,1,1,1,4,3,3,9,3,8,33,15,1,1,40,11,7,11,11,7,40,12,7,2,2,0,Watch
2023-10-21,Saturday,6,42,10,Post_Monsoon,1,0,0,0,0,0,0,1.8,27.9,19.6,50.2,,0,0,0,78,15,4,9,7,106,114.0,111.0,173.0,127.43,23.3,110.0,125.71,2,1,1,1,1,2,4,1,1,1,1,4,3,3,9,3,7,31,14,1,1,42,11,7,10,11,7,37,16,11,2,0,0,Normal
2023-10-22,Sunday,7,42,10,Post_Monsoon,1,0,0,0,0,0,0,0.0,25.7,17.2,47.5,,0,0,0,69,12,2,10,5,93,106.0,114.0,96.0,117.86,14.85,101.0,125.43,2,1,1,1,1,2,4,1,1,1,1,3,3,2,8,3,6,25,12,1,1,44,11,11,9,11,5,22,12,9,2,2,0,Watch
2023-10-23,Monday,1,43,10,Post_Monsoon,0,0,0,0,0,0,0,0.0,24.4,16.4,53.8,,0,0,0,92,16,6,3,7,117,93.0,106.0,139.0,117.43,15.5,113.0,124.86,2,1,1,1,1,2,5,1,1,1,1,4,3,3,8,3,8,34,15,1,1,39,10,6,7,11,10,46,21,6,2,1,0,Watch
2023-10-24,Tuesday,2,43,10,Post_Monsoon,0,0,0,0,0,1,0,2.5,27.4,19.1,53.1,,0,0,0,85,15,8,7,6,115,117.0,93.0,121.0,114.29,12.8,137.0,125.14,2,1,1,1,1,2,5,1,1,1,1,4,3,2,10,3,7,31,15,1,1,42,12,7,12,11,8,33,14,9,2,1,0,Watch
2023-10-25,Wednesday,3,43,10,Post_Monsoon,0,0,0,1,0,0,1,1.1,26.5,19.0,50.1,,0,0,0,98,16,5,13,7,132,115.0,117.0,138.0,113.43,12.52,121.0,123.57,2,1,1,1,1,2,5,1,1,2,1,4,4,3,11,3,8,34,15,1,1,42,10,7,13,11,9,34,17,11,2,0,0,Normal
2023-10-26,Thursday,4,43,10,Post_Monsoon,0,0,0,0,0,1,0,0.9,25.1,15.2,53.9,,0,0,0,81,19,11,6,7,117,132.0,115.0,111.0,112.57,10.91,121.0,124.36,2,1,1,1,1,2,5,1,1,1,1,4,3,3,12,4,9,37,17,1,1,42,8,7,10,12,7,44,18,8,2,2,0,Watch
2023-10-27,Friday,5,43,10,Post_Monsoon,0,0,0,0,0,0,0,0.0,26.4,17.2,55.0,,0,0,0,85,17,6,10,8,118,117.0,132.0,114.0,113.43,10.99,165.0,124.07,2,1,1,1,1,2,5,1,1,1,1,5,4,3,11,4,8,34,16,1,1,40,6,6,14,13,7,47,21,7,2,1,0,Watch
2023-10-28,Saturday,6,43,10,Post_Monsoon,1,0,0,0,0,0,0,0.0,27.3,17.6,45.0,,0,0,0,77,12,6,7,5,102,118.0,117.0,106.0,114.0,11.11,173.0,120.71,2,1,1,1,1,2,4,1,1,1,1,3,3,2,8,3,6,26,12,1,1,38,13,8,9,11,5,29,11,13,1,2,0,Watch
2023-10-29,Sunday,7,43,10,Post_Monsoon,1,0,1,0,0,0,1,0.0,24.1,15.5,55.4,,0,0,0,75,12,7,20,9,114,102.0,118.0,93.0,113.43,11.6,96.0,115.64,2,1,2,1,1,2,5,1,1,1,1,5,5,3,12,3,6,26,13,2,1,40,8,5,13,11,8,35,16,9,2,0,0,Normal
2023-10-30,Monday,1,44,10,Post_Monsoon,0,0,1,0,0,0,3,0.4,21.4,14.5,48.0,,0,0,0,99,10,7,18,8,134,114.0,102.0,117.0,116.43,8.12,139.0,116.93,2,1,1,1,1,2,5,1,1,2,1,5,5,3,11,2,5,25,12,1,1,48,14,6,10,9,6,33,15,9,2,1,0,Watch
2023-10-31,Tuesday,2,44,10,Post_Monsoon,0,0,0,0,0,1,0,0.6,25.8,17.3,52.6,,0,0,0,91,13,8,7,7,119,134.0,114.0,115.0,118.86,10.2,121.0,116.57,2,1,1,1,1,2,5,1,1,1,1,4,3,3,9,3,6,29,14,1,1,37,7,8,9,11,5,33,11,9,2,2,0,Watch
2023-11-01,Wednesday,3,44,11,Post_Monsoon,0,0,0,1,0,0,1,0.6,23.8,17.6,49.6,,0,0,0,99,15,4,13,8,131,119.0,134.0,132.0,119.43,10.08,138.0,116.43,2,1,1,1,1,2,5,1,1,2,1,5,4,3,11,3,7,33,15,1,1,37,12,6,10,11,6,45,12,9,2,3,0,High
2023-11-02,Thursday,4,44,11,Post_Monsoon,0,0,0,0,0,1,0,0.0,21.9,13.9,59.1,,0,0,0,84,19,10,3,6,116,131.0,119.0,117.0,119.29,9.91,111.0,115.93,2,1,1,1,1,2,5,1,1,1,1,4,2,3,11,4,9,37,17,1,1,38,11,8,13,13,8,34,23,10,2,2,0,Watch
2023-11-03,Friday,5,44,11,Post_Monsoon,0,0,0,0,0,0,0,4.7,24.7,15.8,57.8,,0,0,0,86,16,6,5,6,113,116.0,131.0,118.0,119.14,9.95,114.0,116.29,2,1,1,1,1,2,5,1,1,1,1,4,3,2,9,3,8,33,15,1,1,38,11,8,9,12,7,39,14,9,2,2,0,Watch
2023-11-04,Saturday,6,44,11,Post_Monsoon,1,0,0,0,0,0,0,0.0,24.6,16.7,58.4,,0,0,0,77,17,5,12,8,111,113.0,116.0,102.0,118.43,10.18,106.0,116.21,2,1,1,1,1,2,4,1,1,1,1,5,4,3,11,4,8,34,15,1,1,40,9,8,14,12,9,31,18,10,2,1,0,Watch
2023-11-05,Sunday,7,44,11,Post_Monsoon,1,0,0,0,0,0,0,0.9,23.8,13.6,61.4,,0,0,0,72,15,4,13,5,104,111.0,113.0,114.0,119.71,8.45,93.0,116.57,2,1,1,1,1,2,4,1,1,1,1,3,3,2,11,3,7,30,14,1,1,51,15,4,13,11,5,36,19,11,2,1,0,Watch
2023-11-06,Monday,1,45,11,Post_Monsoon,0,0,0,0,1,0,0,0.0,26.3,17.5,52.8,,0,0,0,98,18,8,6,8,130,104.0,111.0,134.0,118.29,10.0,117.0,117.36,2,1,1,1,1,2,5,1,1,2,1,5,3,3,11,4,9,37,16,1,1,38,13,7,10,11,8,45,16,6,2,2,0,Watch
2023-11-07,Tuesday,2,45,11,Post_Monsoon,0,0,1,0,0,1,2,0.0,20.1,11.6,59.8,,0,0,0,92,18,8,16,9,134,130.0,104.0,119.0,117.71,9.16,115.0,118.29,2,1,1,1,1,2,5,1,1,2,1,5,5,3,14,4,9,37,16,2,1,34,16,8,16,12,8,43,20,7,2,1,0,Watch
2023-11-08,Wednesday,3,45,11,Post_Monsoon,0,0,0,1,0,0,1,0.0,22.6,14.1,56.2,,0,0,0,96,15,6,12,8,129,134.0,130.0,131.0,119.86,10.82,132.0,119.64,2,1,1,1,1,2,5,1,1,2,1,5,4,3,11,3,7,33,15,1,1,49,11,8,10,10,8,39,20,7,1,1,0,Watch
2023-11-09,Thursday,4,45,11,Post_Monsoon,0,0,0,0,0,1,0,0.0,23.6,15.1,50.8,,0,0,0,87,17,11,7,7,122,129.0,134.0,116.0,119.57,10.54,117.0,119.43,2,1,1,1,1,2,5,1,1,2,1,4,3,3,11,4,8,35,16,1,1,45,11,7,13,12,7,33,16,10,2,2,0,Watch
2023-11-10,Friday,5,45,11,Post_Monsoon,0,0,0,0,0,0,0,0.0,24.7,15.3,51.5,,0,0,0,78,14,5,8,6,105,122.0,129.0,113.0,120.43,10.46,118.0,119.79,2,1,1,1,1,2,4,1,1,1,1,4,3,2,9,3,7,29,13,1,1,40,10,8,10,11,8,30,13,8,2,0,0,Normal
2023-11-11,Saturday,6,45,11,Post_Monsoon,1,0,0,0,1,0,0,0.0,24.7,16.7,57.9,,0,0,0,77,18,8,11,7,114,105.0,122.0,111.0,119.29,11.58,102.0,118.86,2,1,1,1,1,2,5,1,1,1,1,4,4,3,12,4,9,35,16,1,1,45,10,6,14,11,9,42,21,10,2,0,0,Normal
2023-11-12,Sunday,7,45,11,Post_Monsoon,1,0,0,0,0,0,0,0.0,25.6,17.6,51.6,,0,0,0,68,15,5,11,7,99,114.0,105.0,104.0,119.71,11.32,114.0,119.71,2,1,1,1,1,2,4,1,1,1,1,4,4,3,10,3,7,30,14,1,1,40,11,8,8,11,6,30,11,9,2,3,0,High
2023-11-13,Monday,1,46,11,Post_Monsoon,0,0,0,0,0,0,0,0.4,23.9,15.7,63.5,,0,0,0,89,21,5,8,6,123,99.0,114.0,130.0,119.0,12.4,134.0,118.64,2,1,1,1,1,2,5,1,1,2,1,4,3,3,11,4,10,41,18,1,1,51,9,7,13,11,13,45,19,9,2,0,0,Normal
2023-11-14,Tuesday,2,46,11,Post_Monsoon,0,0,0,0,0,1,0,0.4,23.9,16.2,59.2,,0,0,0,92,14,11,8,8,125,123.0,99.0,134.0,118.0,11.74,119.0,117.86,2,1,1,1,1,2,5,1,1,2,1,5,3,3,11,3,7,31,14,1,1,45,13,8,11,12,8,41,13,12,2,1,0,Watch
2023-11-15,Wednesday,3,46,11,Post_Monsoon,0,0,0,1,0,0,1,3.3,26.2,19.2,49.6,,0,0,0,98,12,6,10,8,126,125.0,123.0,129.0,116.71,10.32,131.0,118.29,2,1,1,1,1,2,5,1,1,2,1,5,4,3,9,3,6,28,13,1,1,38,10,8,8,12,6,33,12,8,2,2,0,Watch
2023-11-16,Thursday,4,46,11,Post_Monsoon,0,0,0,0,1,1,0,0.2,23.9,13.6,49.8,,0,0,0,92,12,15,9,8,128,126.0,125.0,122.0,116.29,9.85,116.0,117.93,2,1,1,1,1,2,5,1,1,2,1,5,4,3,11,3,6,28,13,1,1,39,8,6,11,11,6,31,10,9,2,1,0,Watch
2023-11-17,Friday,5,46,11,Post_Monsoon,0,0,0,0,0,0,0,0.0,26.0,18.9,58.6,,0,0,0,81,20,6,7,7,114,128.0,126.0,105.0,117.14,10.55,113.0,118.79,2,1,1,1,1,2,5,1,1,1,1,4,3,3,11,4,9,39,17,1,1,40,12,7,12,11,6,41,22,9,2,1,0,Watch
2023-11-18,Saturday,6,46,11,Post_Monsoon,1,0,0,0,0,0,0,0.0,22.7,14.2,50.8,,0,0,0,75,17,5,11,7,108,114.0,128.0,114.0,118.43,9.48,111.0,118.86,2,1,1,1,1,2,4,1,1,1,1,4,4,3,11,4,8,33,15,1,1,44,11,7,10,12,7,31,19,9,1,3,0,High
2023-11-19,Sunday,7,46,11,Post_Monsoon,1,0,0,0,0,0,0,0.0,23.3,13.4,56.4,,0,0,0,63,19,6,11,7,99,108.0,114.0,99.0,117.57,10.1,104.0,118.64,2,1,1,1,1,2,4,1,1,1,1,4,4,3,12,4,9,35,16,1,1,44,11,4,15,11,10,34,13,10,2,2,0,Watch
2023-11-20,Monday,1,47,11,Post_Monsoon,0,0,0,0,0,0,0,0.9,26.1,16.4,48.4,,0,0,0,94,17,6,7,6,124,99.0,108.0,123.0,117.57,10.1,130.0,118.29,2,1,1,1,1,2,5,1,1,2,1,4,3,3,10,4,8,35,16,1,1,44,10,8,13,13,9,47,21,10,2,0,0,Normal
2023-11-21,Tuesday,2,47,11,Post_Monsoon,0,0,0,0,0,1,0,3.9,21.3,13.5,51.1,,0,0,0,90,16,10,6,7,122,124.0,99.0,125.0,117.71,10.18,134.0,117.86,2,1,1,1,1,2,5,1,1,2,1,4,3,3,10,3,8,33,15,1,1,42,13,8,11,12,7,44,12,8,2,2,0,Watch
2023-11-22,Wednesday,3,47,11,Post_Monsoon,0,0,0,1,0,0,1,0.0,21.8,13.9,56.7,,0,0,0,97,22,5,13,7,137,122.0,124.0,126.0,117.29,9.92,129.0,117.0,2,1,1,1,1,2,5,1,1,2,1,4,4,3,13,4,10,43,18,2,1,47,12,8,16,12,12,50,21,8,2,0,0,Normal
2023-11-23,Thursday,4,47,11,Post_Monsoon,0,0,1,0,0,1,1,0.4,17.9,10.9,64.3,,0,0,0,88,19,11,14,8,132,137.0,122.0,128.0,118.86,11.86,122.0,117.57,2,1,1,1,1,2,5,1,1,2,1,5,4,3,14,4,9,38,17,2,1,46,8,8,14,11,10,45,21,10,2,0,0,Normal
2023-11-24,Friday,5,47,11,Post_Monsoon,0,0,0,0,0,0,0,0.0,24.2,16.8,51.2,,0,0,0,89,18,7,6,5,120,132.0,137.0,114.0,119.43,12.37,105.0,118.29,2,1,1,1,1,2,5,1,1,1,1,3,2,2,10,4,9,36,16,1,1,37,9,11,11,11,11,40,12,9,1,1,0,Watch
2023-11-25,Saturday,6,47,11,Post_Monsoon,1,0,0,0,0,0,0,0.6,24.4,15.3,46.8,,0,0,0,73,12,7,10,8,102,120.0,132.0,108.0,120.29,12.17,114.0,119.36,2,1,1,1,1,2,4,1,1,1,1,5,4,3,9,3,6,26,12,1,1,36,11,8,7,11,6,35,16,8,2,1,0,Watch
2023-11-26,Sunday,7,47,11,Post_Monsoon,1,0,0,0,0,0,0,0.0,22.3,14.8,55.8,,0,0,0,66,18,7,11,6,102,102.0,120.0,99.0,119.43,13.18,99.0,118.5,2,1,1,1,1,2,4,1,1,1,1,4,3,3,12,4,9,34,15,1,1,37,10,5,10,13,6,37,13,9,1,3,0,High
2023-11-27,Monday,1,48,11,Post_Monsoon,0,0,0,0,0,0,0,0.0,22.4,15.0,53.7,,0,0,0,92,15,7,6,6,120,102.0,102.0,124.0,119.86,12.54,123.0,118.71,2,1,1,1,1,2,5,1,1,1,1,4,3,2,9,3,7,32,15,1,1,43,9,8,9,12,8,37,16,9,2,0,0,Normal
2023-11-28,Tuesday,2,48,11,Post_Monsoon,0,0,0,0,0,1,0,0.0,22.0,15.6,52.1,,0,0,0,88,14,10,7,7,119,120.0,102.0,122.0,119.29,12.43,125.0,118.5,2,1,1,1,1,2,5,1,1,1,1,4,3,3,10,3,7,30,14,1,1,41,12,7,12,12,8,39,20,10,2,0,0,Normal
2023-11-29,Wednesday,3,48,11,Post_Monsoon,0,0,0,1,0,0,1,0.0,22.5,11.6,56.9,,0,0,0,98,17,5,12,7,132,119.0,120.0,137.0,118.86,12.38,126.0,118.07,2,1,1,1,1,2,5,1,1,2,1,4,4,3,11,4,8,36,16,1,1,39,12,8,11,11,10,38,18,5,3,0,0,Normal
2023-11-30,Thursday,4,48,11,Post_Monsoon,0,0,0,0,0,1,0,0.0,19.0,9.2,61.1,,0,0,0,85,23,10,8,7,126,132.0,119.0,132.0,118.14,11.42,128.0,118.5,2,1,1,1,1,2,5,1,1,2,1,4,3,3,13,5,11,43,19,1,1,42,11,8,17,13,14,51,16,9,2,1,0,Watch
2023-12-01,Friday,5,48,12,Winter,0,0,0,0,0,0,0,0.0,26.0,18.7,52.8,,0,0,0,82,9,7,6,6,104,126.0,132.0,120.0,117.29,10.54,114.0,118.36,2,1,1,1,1,2,4,1,1,1,1,4,3,2,7,2,5,22,11,1,1,40,15,7,8,10,5,25,11,9,2,0,0,Normal
2023-12-02,Saturday,6,48,12,Winter,1,0,0,0,0,0,0,0.0,22.9,13.4,56.2,,0,0,0,78,18,6,11,6,113,104.0,126.0,102.0,115.0,11.4,108.0,117.64,2,1,1,1,1,2,5,1,1,1,1,4,3,3,12,4,9,35,16,1,1,51,15,5,12,12,10,43,21,7,1,0,0,Normal
2023-12-03,Sunday,7,48,12,Winter,1,0,0,0,0,0,0,0.0,21.5,15.7,49.0,,0,0,0,72,15,5,10,6,102,113.0,104.0,102.0,116.57,10.2,99.0,118.0,2,1,1,1,1,2,4,1,1,1,1,4,3,2,10,3,7,30,14,1,1,48,12,8,10,12,8,27,19,9,2,1,0,Watch
2023-12-04,Monday,1,49,12,Winter,0,0,0,0,0,0,0,1.2,20.8,12.9,47.5,,0,0,0,95,16,8,10,8,129,102.0,113.0,120.0,116.57,10.2,124.0,118.21,2,1,1,1,1,2,5,1,1,2,1,5,4,3,11,3,8,34,15,1,1,43,11,9,11,12,7,33,20,7,2,2,0,Watch
2023-12-05,Tuesday,2,49,12,Winter,0,0,0,0,0,1,0,0.0,21.8,14.9,52.2,,0,0,0,91,20,12,7,8,130,129.0,102.0,119.0,117.86,11.08,122.0,118.57,2,1,1,1,1,2,5,1,1,2,1,5,3,3,13,4,9,40,17,1,1,34,12,7,13,12,6,36,16,9,2,3,0,High
2023-12-06,Wednesday,3,49,12,Winter,0,0,0,1,0,0,1,0.5,22.8,14.8,56.6,,0,0,0,96,15,6,13,7,130,130.0,129.0,132.0,119.43,11.88,137.0,119.14,2,1,1,1,1,2,5,1,1,2,1,4,4,3,11,3,7,33,15,1,1,42,7,9,10,12,7,37,16,7,2,1,0,Watch
2023-12-07,Thursday,4,49,12,Winter,0,0,0,0,0,1,0,0.0,20.2,10.7,61.2,,0,0,0,87,20,12,9,8,128,130.0,130.0,126.0,119.14,11.59,132.0,118.64,2,1,1,1,1,2,5,1,1,2,1,5,4,3,13,4,9,39,17,1,1,42,8,8,12,13,10,39,23,8,2,1,0,Watch
2023-12-08,Friday,5,49,12,Winter,0,0,0,0,0,0,0,0.0,19.8,14.2,52.9,,0,0,0,83,14,7,7,6,111,128.0,130.0,104.0,119.43,11.78,120.0,118.36,2,1,1,1,1,2,4,1,1,1,1,4,3,2,9,3,7,30,13,1,1,43,12,7,11,11,6,37,12,13,2,2,0,Watch
2023-12-09,Saturday,6,49,12,Winter,1,0,0,0,0,0,0,0.2,26.6,20.3,50.1,,0,0,0,78,15,5,11,6,109,111.0,128.0,113.0,120.43,10.68,102.0,117.71,2,1,1,1,1,2,4,1,1,1,1,4,3,2,10,3,7,31,14,1,1,42,8,9,12,11,5,29,13,5,2,3,0,High
2023-12-10,Sunday,7,49,12,Winter,1,0,0,0,1,0,0,0.0,23.2,14.8,55.2,,0,0,0,74,19,10,13,8,116,109.0,111.0,102.0,119.86,11.15,102.0,118.21,2,1,1,1,1,2,5,1,1,1,1,5,4,3,14,4,9,36,17,1,1,50,11,8,18,12,8,34,23,10,2,2,0,Watch
2023-12-11,Monday,1,50,12,Winter,0,0,0,0,1,0,0,0.0,24.4,16.9,55.9,,0,0,0,92,16,8,10,8,126,116.0,109.0,129.0,121.86,8.77,120.0,119.21,2,1,1,1,1,2,5,1,1,2,1,5,4,3,11,3,8,34,15,1,1,42,9,6,13,10,9,45,12,9,2,1,0,Watch
2023-12-12,Tuesday,2,50,12,Winter,0,0,0,0,0,1,0,0.0,20.8,14.0,54.7,,0,0,0,88,22,10,5,8,125,126.0,116.0,130.0,121.43,8.48,119.0,119.64,2,1,1,1,1,2,5,1,1,2,1,5,3,3,12,4,10,42,18,1,1,39,13,7,13,13,12,45,17,10,2,1,0,Watch
2023-12-13,Wednesday,3,50,12,Winter,0,0,0,1,0,0,1,0.0,24.3,16.5,42.6,,0,0,0,103,18,6,11,8,138,125.0,126.0,130.0,120.71,7.92,132.0,120.07,2,1,1,1,1,2,5,1,1,2,1,5,4,3,12,4,9,38,16,1,1,51,12,8,10,11,10,45,13,7,2,2,0,Watch
2023-12-14,Thursday,4,50,12,Winter,0,0,0,0,0,1,0,0.0,22.8,14.1,53.0,,0,0,0,89,17,11,8,7,125,138.0,125.0,128.0,121.86,9.58,126.0,120.5,2,1,1,1,1,2,5,1,1,2,1,4,3,3,12,4,8,35,16,1,1,47,11,4,12,12,8,39,20,11,2,0,0,Normal
2023-12-15,Friday,5,50,12,Winter,0,0,0,0,0,0,0,0.0,22.7,13.8,59.4,,0,0,0,82,17,5,6,7,110,125.0,138.0,111.0,121.43,9.36,104.0,120.43,2,1,1,1,1,2,4,1,1,1,1,4,3,3,9,4,8,34,15,1,1,44,11,6,10,12,8,33,18,11,2,1,0,Watch
2023-12-16,Saturday,6,50,12,Winter,1,0,0,0,0,0,0,0.0,21.8,16.0,54.8,,0,0,0,77,16,5,10,6,108,110.0,125.0,109.0,121.29,9.53,113.0,120.86,2,1,1,1,1,2,4,1,1,1,1,4,3,2,10,3,8,32,14,1,1,47,8,8,8,11,9,32,15,10,2,1,0,Watch
2023-12-17,Sunday,7,50,12,Winter,1,0,0,0,0,0,0,0.7,21.5,12.7,53.5,,0,0,0,73,17,7,10,5,107,108.0,110.0,116.0,121.14,9.72,102.0,120.5,2,1,1,1,1,2,4,1,1,1,1,3,3,2,11,4,8,33,15,1,1,46,14,7,14,11,6,33,19,9,2,1,0,Watch
2023-12-18,Monday,1,51,12,Winter,0,0,0,0,0,0,0,0.5,21.0,12.1,52.0,,0,0,0,97,16,6,6,7,125,107.0,108.0,126.0,119.86,10.84,129.0,120.86,2,1,1,1,1,2,5,1,1,2,1,4,3,3,9,3,8,34,15,1,1,39,12,8,9,12,10,30,17,9,2,1,0,Watch
2023-12-19,Tuesday,2,51,12,Winter,0,0,0,0,0,1,0,0.0,23.5,16.7,50.8,,0,0,0,89,13,12,7,8,121,125.0,107.0,125.0,119.71,10.77,130.0,120.57,2,1,1,1,1,2,5,1,1,2,1,5,3,3,10,3,6,29,14,1,1,46,10,8,12,10,6,29,18,9,2,0,0,Normal
2023-12-20,Wednesday,3,51,12,Winter,0,0,0,1,0,0,1,0.0,22.5,13.8,56.3,,0,0,0,100,14,6,15,9,135,121.0,125.0,138.0,119.14,10.58,130.0,119.93,2,1,1,1,1,2,5,1,1,2,1,5,5,3,11,3,7,31,14,1,1,37,14,8,11,10,5,40,13,9,2,2,0,Watch
2023-12-21,Thursday,4,51,12,Winter,0,0,0,0,0,1,0,0.0,18.9,9.8,58.8,,0,0,0,88,21,11,9,7,129,135.0,121.0,125.0,118.71,9.84,128.0,120.29,2,1,1,1,1,2,5,1,1,2,1,4,3,3,13,4,10,41,18,1,1,49,12,11,16,11,11,51,21,8,3,0,0,Normal
2023-12-22,Friday,5,51,12,Winter,0,0,0,0,0,0,0,0.0,22.6,17.6,52.4,,0,0,0,84,17,6,7,7,114,129.0,135.0,110.0,119.29,10.29,111.0,120.36,2,1,1,1,1,2,5,1,1,1,1,4,3,3,10,4,8,34,16,1,1,41,12,9,9,11,7,37,14,11,2,3,0,High
2023-12-23,Saturday,6,51,12,Winter,1,0,0,0,0,0,0,0.0,21.4,11.8,59.3,,0,0,0,75,18,7,13,6,113,114.0,129.0,108.0,119.86,9.86,109.0,120.57,2,1,1,1,1,2,5,1,1,1,1,4,4,3,12,4,9,35,16,1,1,36,10,9,15,12,7,37,21,8,2,1,0,Watch
2023-12-24,Sunday,7,51,12,Winter,1,0,0,0,0,0,0,0.0,22.8,17.3,48.1,,0,0,0,73,19,7,8,5,107,113.0,114.0,107.0,120.57,9.13,116.0,120.86,2,1,1,1,1,2,4,1,1,1,1,3,3,2,11,4,9,36,16,1,1,41,12,8,9,13,7,33,20,9,2,3,0,High
2023-12-25,Monday,1,52,12,Winter,0,1,0,0,0,0,1,0.0,22.2,15.6,52.3,,0,0,0,95,19,7,8,7,129,107.0,113.0,125.0,120.57,9.13,126.0,120.21,2,1,1,1,1,2,5,1,1,2,1,4,3,3,11,4,9,38,17,1,1,42,10,9,10,11,6,46,23,7,2,2,0,Watch
2023-12-26,Tuesday,2,52,12,Winter,0,0,0,0,0,1,0,0.0,21.5,12.7,51.8,,0,0,0,91,15,13,6,7,125,129.0,107.0,121.0,121.14,9.51,125.0,120.43,2,1,1,1,1,2,5,1,1,2,1,4,3,3,11,3,7,32,15,1,1,51,11,8,9,11,7,42,14,8,2,2,0,Watch
2023-12-27,Wednesday,3,52,12,Winter,0,0,0,1,0,0,1,0.0,20.9,12.9,53.6,,0,0,0,102,17,6,12,7,137,125.0,129.0,135.0,121.71,9.6,138.0,120.43,2,1,1,1,1,2,5,1,1,2,1,4,4,3,12,4,8,36,16,1,1,42,12,4,11,11,8,33,22,8,2,2,0,Watch
2023-12-28,Thursday,4,52,12,Winter,0,0,0,0,0,1,0,1.4,20.5,14.4,54.4,,0,0,0,86,20,10,7,7,123,137.0,125.0,129.0,122.0,10.01,125.0,120.36,2,1,1,1,1,2,5,1,1,2,1,4,3,3,12,4,9,39,17,1,1,34,11,7,13,12,10,35,16,7,2,2,0,Watch
2023-12-29,Friday,5,52,12,Winter,0,0,0,0,0,0,0,0.0,22.2,13.9,54.1,,0,0,0,86,13,7,8,6,114,123.0,137.0,114.0,121.14,9.63,110.0,120.21,2,1,1,1,1,2,5,1,1,1,1,4,3,2,9,3,6,29,14,1,1,34,13,10,11,10,7,35,17,8,2,0,0,Normal
2023-12-30,Saturday,6,52,12,Winter,1,0,0,0,0,0,0,0.0,21.6,16.2,52.3,,0,0,0,72,14,7,11,7,104,114.0,123.0,113.0,121.14,9.63,108.0,120.5,2,1,1,1,1,2,4,1,1,1,1,4,4,3,10,3,7,29,13,1,1,42,11,8,8,12,8,33,16,9,2,1,0,Watch
2023-12-31,Sunday,7,52,12,Winter,1,0,0,0,0,0,0,0.0,22.1,14.3,59.9,,0,0,0,70,15,6,12,7,103,104.0,114.0,107.0,119.86,11.12,107.0,120.21,2,1,1,1,1,2,4,1,1,1,1,4,4,3,11,3,7,30,14,1,1,37,15,5,9,12,8,38,16,9,2,1,0,Watch
2024-01-01,Monday,1,1,1,Winter,0,0,0,0,0,0,0,0.0,23.0,15.0,51.5,,0,0,0,99,18,4,7,6,128,103.0,104.0,129.0,119.29,11.84,125.0,119.93,2,1,1,1,1,2,5,1,1,2,1,4,3,3,10,4,9,37,16,1,1,47,14,8,12,12,8,43,22,9,2,1,0,Watch
2024-01-02,Tuesday,2,1,1,Winter,0,0,0,0,0,1,0,0.0,22.2,15.5,58.9,,0,0,0,90,19,13,7,8,129,128.0,103.0,125.0,119.14,11.73,121.0,120.14,2,1,1,1,1,2,5,1,1,2,1,5,3,3,12,4,9,38,17,1,1,36,10,10,15,13,6,48,15,8,2,2,0,Watch
2024-01-03,Wednesday,3,1,1,Winter,0,0,0,1,0,0,1,0.0,21.8,14.4,56.2,,0,0,0,102,19,6,11,8,138,129.0,128.0,137.0,119.71,12.09,135.0,120.71,2,1,1,1,1,2,5,1,1,2,1,5,4,3,12,4,9,39,17,1,1,48,9,8,14,11,7,53,23,10,2,1,0,Watch
2024-01-04,Thursday,4,1,1,Winter,0,0,0,0,0,1,0,0.5,22.2,14.8,59.2,,0,0,0,93,15,10,7,7,125,138.0,129.0,123.0,119.86,12.3,129.0,120.93,2,1,1,1,1,2,5,1,1,2,1,4,3,3,10,3,7,32,15,1,1,42,11,5,12,11,6,39,12,9,3,2,0,Watch
2024-01-05,Friday,5,1,1,Winter,0,0,0,0,0,0,0,0.0,21.8,14.5,49.2,,0,0,0,87,19,6,8,7,120,125.0,138.0,114.0,120.14,12.39,114.0,120.64,2,1,1,1,1,2,5,1,1,1,1,4,3,3,11,4,9,38,17,1,1,38,9,9,12,13,8,39,22,9,2,1,0,Watch
2024-01-06,Saturday,6,1,1,Winter,1,0,0,0,0,0,0,0.0,23.7,16.0,56.8,,0,0,0,75,22,8,8,7,113,120.0,125.0,104.0,121.0,12.14,113.0,121.07,2,1,1,1,1,2,5,1,1,1,1,4,3,3,13,4,10,41,18,1,1,41,9,8,14,11,9,42,22,12,2,1,0,Watch
2024-01-07,Sunday,7,1,1,Winter,1,0,0,0,0,0,0,0.0,23.5,15.0,54.3,,0,0,0,77,16,6,13,7,112,113.0,120.0,103.0,122.29,10.66,107.0,121.07,2,1,1,1,1,2,4,1,1,1,1,4,4,3,11,3,8,32,14,1,1,43,11,8,11,11,8,32,16,8,2,0,0,Normal
2024-01-08,Monday,1,2,1,Winter,0,0,0,0,0,0,0,0.0,21.6,13.9,49.4,,0,0,0,94,21,7,9,8,131,112.0,113.0,128.0,123.57,8.6,129.0,121.43,2,1,1,1,1,2,5,1,1,2,1,5,4,3,12,4,10,41,18,1,1,36,10,11,10,11,9,50,14,10,2,3,0,High
2024-01-09,Tuesday,2,2,1,Winter,0,0,0,0,0,1,0,0.0,24.6,15.9,62.3,,0,0,0,96,19,12,7,6,134,131.0,112.0,129.0,124.0,8.88,125.0,121.57,2,1,1,1,1,2,5,1,1,2,1,4,3,3,12,4,9,39,17,1,1,45,10,8,14,12,11,38,22,8,2,1,0,Watch
2024-01-10,Wednesday,3,2,1,Winter,0,0,0,1,0,0,1,1.0,22.1,12.9,55.4,,0,0,0,104,19,7,14,9,144,134.0,131.0,138.0,124.71,9.44,137.0,122.21,2,1,1,1,1,2,6,1,1,2,1,5,4,3,13,4,9,39,18,2,1,39,11,9,13,12,10,39,25,8,1,0,0,Normal
2024-01-11,Thursday,4,2,1,Winter,0,0,0,0,0,1,0,0.0,19.6,12.1,59.9,,0,0,0,91,21,10,7,6,129,144.0,134.0,125.0,125.57,10.78,123.0,122.71,2,1,1,1,1,2,5,1,1,2,1,4,3,3,12,4,10,41,18,1,1,44,12,8,12,11,7,38,16,11,2,3,0,High
2024-01-12,Friday,5,2,1,Winter,0,0,0,0,0,0,0,0.0,21.9,11.9,53.8,,0,0,0,88,20,7,5,6,120,129.0,144.0,120.0,126.14,10.84,114.0,123.14,2,1,1,1,1,2,5,1,1,1,1,4,3,3,11,4,9,39,17,1,1,36,12,7,14,13,12,37,18,7,2,1,0,Watch
2024-01-13,Saturday,6,2,1,Winter,1,0,0,0,0,0,0,0.0,19.3,10.3,59.9,Respiratory,2,0,2,89,38,7,10,9,144,120.0,129.0,113.0,126.14,10.84,104.0,123.57,2,2,1,1,1,2,6,1,1,2,1,5,4,5,19,7,33,66,35,8,1,39,7,6,18,18,28,81,34,8,2,3,0,High
2024-01-14,Sunday,7,2,1,Winter,1,0,0,0,0,0,0,0.5,22.1,12.6,48.7,Respiratory,2,0,3,85,28,7,12,8,132,144.0,120.0,112.0,130.57,10.9,103.0,126.43,2,1,1,1,1,2,5,1,1,2,1,5,4,4,16,6,24,51,27,6,1,39,12,7,21,12,21,52,33,10,2,1,0,Watch
2024-01-15,Monday,1,3,1,Winter,0,0,0,0,0,0,0,0.0,20.2,12.5,56.2,Respiratory,2,0,3,105,32,8,7,9,152,132.0,144.0,131.0,133.43,7.85,128.0,128.5,2,1,1,1,1,2,6,1,1,2,1,5,4,5,16,6,28,59,31,7,1,40,10,5,16,14,29,69,37,10,2,0,0,Watch
2024-01-16,Tuesday,2,3,1,Winter,0,0,0,0,0,1,0,0.1,24.6,14.8,47.8,Respiratory,2,0,3,107,33,11,8,9,159,152.0,132.0,134.0,136.43,10.05,129.0,130.21,2,1,1,1,1,2,6,1,1,2,1,5,4,5,17,6,29,61,32,7,1,39,11,9,18,16,28,67,42,7,2,1,0,Watch
2024-01-17,Wednesday,3,3,1,Winter,0,0,0,1,0,0,1,0.0,25.8,19.5,51.9,Respiratory,2,0,3,112,31,7,12,10,162,159.0,152.0,144.0,140.0,12.66,138.0,132.36,3,1,1,1,1,2,6,1,1,2,1,6,4,5,17,6,27,58,30,7,1,32,11,8,22,14,34,75,25,10,2,1,0,Watch
2024-01-18,Thursday,4,3,1,Winter,0,0,0,0,0,1,0,0.0,23.4,16.4,57.0,Respiratory,2,0,3,101,33,13,6,8,153,162.0,159.0,129.0,142.57,14.85,125.0,134.07,2,1,1,1,1,2,6,1,1,2,1,5,3,5,17,6,29,60,32,7,1,38,11,12,22,15,27,71,40,10,2,1,0,Watch
2024-01-19,Friday,5,3,1,Winter,0,0,0,0,0,0,0,0.0,22.6,16.1,51.4,Respiratory,2,0,3,104,29,6,7,8,146,153.0,162.0,120.0,146.0,14.07,120.0,136.07,2,1,1,1,1,2,6,1,1,2,1,5,3,4,14,6,25,54,29,6,1,48,11,8,18,14,32,69,29,10,2,0,0,Watch
2024-01-20,Saturday,6,3,1,Winter,1,0,0,0,0,0,0,0.0,24.0,13.6,59.2,Respiratory,2,0,4,92,31,8,12,9,143,146.0,153.0,144.0,149.71,9.36,113.0,137.93,2,1,1,1,1,2,6,1,1,2,1,5,4,5,17,6,27,56,30,7,1,51,11,8,22,13,28,71,25,8,2,1,0,Watch
2024-01-21,Sunday,7,3,1,Winter,1,0,0,0,0,0,0,0.1,21.9,13.8,52.9,Respiratory,2,0,2,88,32,7,11,9,138,143.0,146.0,132.0,149.57,9.45,112.0,140.07,2,1,1,1,1,2,5,1,1,2,1,5,4,5,17,6,28,57,30,7,1,46,11,4,16,14,25,52,40,8,2,4,0,High
2024-01-22,Monday,1,4,1,Winter,0,0,0,0,0,0,0,0.2,20.1,10.8,57.4,Respiratory,2,0,3,108,33,7,9,9,157,138.0,143.0,152.0,150.43,7.98,131.0,141.93,2,1,1,1,1,2,6,1,1,2,1,5,4,5,16,6,29,61,32,7,1,44,11,8,18,15,22,61,33,9,2,1,0,Watch
2024-01-23,Tuesday,2,4,1,Winter,0,0,0,0,0,1,0,1.1,23.5,14.7,49.2,Respiratory,2,0,5,104,30,12,6,10,152,157.0,138.0,159.0,151.14,8.31,134.0,143.79,2,1,1,1,1,2,6,1,1,2,1,6,4,5,16,6,26,56,29,6,1,46,12,12,16,16,34,57,35,5,2,1,0,Watch
2024-01-24,Wednesday,3,4,1,Winter,0,0,0,1,1,0,1,0.0,21.0,11.8,57.3,Respiratory,2,0,3,113,30,11,13,10,167,152.0,157.0,162.0,150.14,7.7,144.0,145.07,3,1,1,1,1,2,6,1,1,2,1,6,5,5,18,6,26,57,29,6,1,43,12,7,20,14,29,55,33,11,2,1,0,Watch
2024-01-25,Thursday,4,4,1,Winter,0,0,0,0,0,1,0,0.0,22.5,14.7,54.3,Respiratory,2,0,4,103,33,12,10,9,158,167.0,152.0,153.0,150.86,8.9,129.0,146.71,2,1,1,1,1,2,6,1,1,2,1,5,4,5,18,6,29,60,32,7,1,45,9,10,19,15,27,65,27,5,2,3,0,High
2024-01-26,Friday,5,4,1,Winter,0,1,0,0,1,0,1,0.6,22.1,13.9,57.0,Respiratory,2,0,3,96,32,9,8,7,145,158.0,167.0,146.0,151.57,9.24,120.0,148.79,2,1,1,1,1,2,6,1,1,2,1,4,3,4,16,6,28,58,31,7,1,45,14,8,14,12,35,65,42,7,2,1,0,Watch
2024-01-27,Saturday,6,4,1,Winter,1,0,0,0,0,0,0,0.0,24.0,13.9,54.0,Respiratory,2,0,3,87,33,8,10,7,138,145.0,158.0,143.0,151.43,9.33,144.0,150.57,2,1,1,1,1,2,5,1,1,2,1,4,3,4,17,6,29,59,31,7,1,44,10,9,21,12,22,68,44,6,2,2,0,Watch
2024-01-28,Sunday,7,4,1,Winter,1,0,0,0,0,0,0,0.0,19.9,12.7,53.3,Respiratory,2,0,3,87,32,8,10,8,137,138.0,145.0,138.0,150.71,10.11,132.0,150.14,2,1,1,1,1,2,5,1,1,2,1,5,4,5,17,6,28,57,30,7,1,42,11,8,14,16,34,68,25,6,2,3,0,High
2024-01-29,Monday,1,5,1,Winter,0,0,0,0,0,0,0,0.0,22.5,15.2,58.4,Respiratory,2,0,3,109,33,9,5,7,156,137.0,138.0,157.0,150.57,10.29,152.0,150.5,2,1,1,1,1,2,6,1,1,2,1,4,3,4,16,6,29,61,32,7,1,36,11,10,16,16,37,55,30,9,2,2,0,Watch
2024-01-30,Tuesday,2,5,1,Winter,0,0,0,0,0,1,0,0.0,25.4,17.3,50.0,Respiratory,2,0,2,103,32,13,9,9,157,156.0,137.0,152.0,150.43,10.21,159.0,150.79,2,1,1,1,1,2,6,1,1,2,1,5,4,5,18,6,28,59,31,7,1,53,11,10,20,16,25,54,38,10,2,2,0,Watch
2024-01-31,Wednesday,3,5,1,Winter,0,0,0,1,0,0,1,0.0,23.0,13.3,47.4,Respiratory,2,0,3,110,31,7,15,9,163,157.0,156.0,167.0,151.14,10.47,162.0,150.64,2,1,1,1,1,2,6,1,1,2,1,5,5,5,18,6,27,58,30,7,1,48,11,9,21,13,24,61,26,9,2,2,0,Watch
2024-02-01,Thursday,4,5,2,Winter,0,0,0,0,0,1,0,0.3,21.6,13.3,47.9,Respiratory,2,0,2,105,35,12,7,9,159,163.0,157.0,158.0,150.57,9.66,153.0,150.71,2,1,1,1,1,2,6,1,1,2,1,5,4,5,18,7,30,63,33,7,1,48,11,12,20,17,38,66,40,11,2,0,0,Watch
2024-02-02,Friday,5,5,2,Winter,0,0,0,0,0,0,0,0.0,24.7,14.9,48.9,Respiratory,2,0,4,103,30,6,6,7,145,159.0,163.0,145.0,150.71,9.78,146.0,151.14,2,1,1,1,1,2,6,1,1,2,1,4,3,4,14,6,26,56,29,6,1,40,11,8,14,14,31,58,29,9,2,0,0,Watch
2024-02-03,Saturday,6,5,2,Winter,1,0,0,0,1,0,0,0.0,20.6,12.4,50.2,Respiratory,2,0,4,96,32,9,9,9,146,145.0,159.0,138.0,150.71,9.78,143.0,151.07,2,1,1,1,1,2,6,1,1,2,1,5,4,5,17,6,28,58,31,7,1,40,11,8,22,15,22,75,25,9,2,2,0,Watch
2024-02-04,Sunday,7,5,2,Winter,1,0,0,0,0,0,0,0.1,24.0,16.6,45.3,Respiratory,2,0,3,88,31,8,13,8,140,146.0,145.0,137.0,151.86,8.63,138.0,151.29,2,1,1,1,1,2,5,1,1,2,1,5,4,5,17,6,27,56,29,7,1,45,12,8,18,14,26,72,23,7,2,2,0,Watch
2024-02-05,Monday,1,6,2,Winter,0,0,0,0,0,0,0,0.0,23.2,13.3,56.1,Respiratory,2,0,3,105,36,6,5,8,152,140.0,146.0,156.0,152.29,7.92,157.0,151.43,2,2,1,1,1,2,6,1,1,2,1,5,3,5,16,7,31,65,34,7,1,45,13,6,17,17,40,66,37,13,2,0,0,Watch
2024-02-06,Tuesday,2,6,2,Winter,0,0,0,0,0,1,0,0.0,23.1,14.9,55.2,Respiratory,2,0,3,108,30,13,7,9,158,152.0,140.0,157.0,151.71,7.78,152.0,151.07,2,1,1,1,1,2,6,1,1,2,1,5,4,5,16,6,26,56,29,6,1,31,10,10,13,12,33,74,33,9,2,1,0,Watch
2024-02-07,Wednesday,3,6,2,Winter,0,0,0,1,1,0,1,0.0,21.0,15.7,50.6,Respiratory,2,0,3,115,31,11,15,11,172,158.0,152.0,163.0,151.86,7.88,167.0,151.5,3,1,1,1,1,2,7,1,1,2,1,7,5,5,19,6,27,58,31,7,1,39,9,7,19,14,23,73,31,10,2,1,0,Watch
2024-02-08,Thursday,4,6,2,Winter,0,0,0,0,0,1,0,2.2,24.8,15.2,52.3,,0,0,0,89,16,12,8,7,125,172.0,158.0,159.0,153.14,10.03,158.0,151.86,2,1,1,1,1,2,5,1,1,2,1,4,3,3,11,3,8,33,15,1,1,39,11,7,12,10,6,31,16,9,3,2,0,Watch
2024-02-09,Friday,5,6,2,Winter,0,0,0,0,0,0,0,0.0,24.9,16.3,51.1,,0,0,0,88,22,6,10,8,126,125.0,172.0,145.0,148.29,13.61,145.0,149.5,2,1,1,1,1,2,5,1,1,2,1,5,4,3,13,4,10,42,18,1,1,43,13,8,14,12,13,47,21,9,2,0,0,Normal
2024-02-10,Saturday,6,6,2,Winter,1,0,0,0,0,0,0,0.2,25.9,16.9,47.0,,0,0,0,79,13,7,14,7,113,126.0,125.0,146.0,145.57,15.73,138.0,148.14,2,1,1,1,1,2,5,1,1,1,1,4,4,3,11,3,6,28,14,1,1,43,11,10,14,11,7,25,15,11,2,1,0,Watch
2024-02-11,Sunday,7,6,2,Winter,1,0,0,0,0,0,0,0.0,27.7,17.2,57.4,,0,0,0,78,19,8,11,8,116,113.0,126.0,140.0,140.86,19.41,137.0,146.36,2,1,1,1,1,2,5,1,1,1,1,5,4,3,12,4,9,37,17,1,1,38,11,8,12,11,8,34,20,10,2,2,0,Watch
2024-02-12,Monday,1,7,2,Winter,0,0,0,0,0,0,0,0.0,25.7,18.3,48.7,,0,0,0,98,16,9,7,8,130,116.0,113.0,152.0,137.43,21.29,156.0,144.86,2,1,1,1,1,2,5,1,1,2,1,5,3,3,10,3,8,34,15,1,1,46,9,12,12,12,9,41,12,10,2,1,0,Watch
2024-02-13,Tuesday,2,7,2,Winter,0,0,0,0,0,1,0,0.0,24.9,17.0,53.5,,0,0,0,99,15,11,6,8,131,130.0,116.0,158.0,134.29,20.51,157.0,143.0,2,1,1,1,1,2,5,1,1,2,1,5,3,3,10,3,7,33,15,1,1,40,11,8,9,12,6,32,12,9,1,4,0,High
2024-02-14,Wednesday,3,7,2,Winter,0,0,0,1,0,0,1,0.0,25.0,17.9,49.0,,0,0,0,107,15,9,13,7,144,131.0,130.0,172.0,130.43,18.09,163.0,141.14,2,1,1,1,1,2,6,1,1,2,1,4,4,3,12,3,7,34,16,1,1,39,12,9,12,10,6,38,18,8,2,1,0,Watch
2024-02-15,Thursday,4,7,2,Winter,0,0,0,0,0,1,0,0.0,24.5,16.1,52.9,,0,0,0,97,16,12,7,8,132,144.0,131.0,125.0,126.43,9.51,159.0,139.79,2,1,1,1,1,2,5,1,1,2,1,5,3,3,11,3,8,34,15,1,1,51,10,8,13,11,10,37,13,7,2,1,0,Watch
2024-02-16,Friday,5,7,2,Winter,0,0,0,0,0,0,0,0.0,24.9,16.2,49.1,,0,0,0,96,14,8,5,6,123,132.0,144.0,126.0,127.43,9.68,145.0,137.86,2,1,1,1,1,2,5,1,1,2,1,4,3,2,9,3,7,31,14,1,1,44,12,7,12,12,9,40,15,9,2,0,0,Normal
2024-02-17,Saturday,6,7,2,Winter,1,0,0,0,0,0,0,0.0,26.6,18.4,52.0,,0,0,0,84,11,8,9,6,112,123.0,132.0,113.0,127.0,9.8,146.0,136.29,2,1,1,1,1,2,4,1,1,1,1,4,3,2,9,2,5,25,12,1,1,44,13,9,9,9,6,34,12,9,2,0,0,Normal
2024-02-18,Sunday,7,7,2,Winter,1,0,0,0,0,0,0,0.0,27.5,19.9,45.7,,0,0,0,77,17,8,11,7,113,112.0,123.0,116.0,126.86,10.01,140.0,133.86,2,1,1,1,1,2,5,1,1,1,1,4,4,3,12,4,8,34,16,1,1,44,10,9,14,12,9,38,15,9,1,1,0,Watch
2024-02-19,Monday,1,8,2,Winter,0,0,0,0,0,0,0,0.0,25.3,16.6,50.1,,0,0,0,103,19,6,4,5,132,113.0,112.0,130.0,126.43,10.51,152.0,131.93,2,1,1,1,1,2,5,1,1,2,1,3,2,2,10,4,9,39,17,1,1,39,13,9,11,11,9,42,21,9,2,0,0,Normal
2024-02-20,Tuesday,2,8,2,Winter,0,0,0,0,0,1,0,0.0,25.5,17.6,57.2,,0,0,0,97,22,11,7,8,137,132.0,113.0,131.0,126.71,10.63,158.0,130.5,2,1,1,1,1,2,5,1,1,2,1,5,3,3,13,4,10,43,18,1,1,49,12,8,16,13,9,47,14,9,2,2,0,Watch
2024-02-21,Wednesday,3,8,2,Winter,0,0,0,1,0,0,1,0.0,26.2,20.3,52.9,,0,0,0,107,18,9,12,9,146,137.0,132.0,144.0,127.57,11.17,172.0,129.0,2,1,1,1,1,2,6,1,1,2,1,5,4,3,13,4,9,38,17,1,1,41,11,11,13,11,7,49,20,10,1,1,0,Watch
2024-02-22,Thursday,4,8,2,Winter,0,0,0,0,0,1,0,0.0,26.7,18.7,60.0,,0,0,0,92,21,13,8,9,134,146.0,137.0,132.0,127.86,11.61,125.0,127.14,2,1,1,1,1,2,5,1,1,2,1,5,4,3,13,4,10,41,18,1,1,46,13,12,11,12,10,38,24,9,2,2,0,Watch
2024-02-23,Friday,5,8,2,Winter,0,0,0,0,0,0,0,0.0,22.5,12.7,56.3,,0,0,0,91,21,9,8,8,129,134.0,146.0,123.0,128.14,11.73,126.0,127.79,2,1,1,1,1,2,5,1,1,2,1,5,3,3,12,4,10,41,18,1,1,36,12,8,15,12,9,38,25,9,2,2,0,Watch
2024-02-24,Saturday,6,8,2,Winter,1,0,0,0,0,0,0,0.2,27.0,18.1,56.4,,0,0,0,82,17,9,13,8,121,129.0,134.0,112.0,129.0,11.54,113.0,128.0,2,1,1,1,1,2,5,1,1,2,1,5,4,3,13,4,8,34,16,1,1,44,11,6,12,13,10,36,15,6,2,2,0,Watch
2024-02-25,Sunday,7,8,2,Winter,1,0,0,0,0,0,0,0.0,27.6,17.6,52.9,,0,0,0,79,23,8,12,8,122,121.0,129.0,113.0,130.29,9.97,116.0,128.57,2,1,1,1,1,2,5,1,1,2,1,5,4,3,14,5,11,43,19,2,1,50,10,8,14,12,14,41,20,8,2,1,0,Watch
2024-02-26,Monday,1,9,2,Winter,0,0,0,0,0,0,0,0.0,25.4,17.1,54.5,,0,0,0,99,16,10,7,8,132,122.0,121.0,132.0,131.57,8.05,130.0,129.0,2,1,1,1,1,2,5,1,1,2,1,5,3,3,11,3,8,34,15,1,1,42,7,10,14,10,6,46,18,10,2,1,0,Watch
2024-02-27,Tuesday,2,9,2,Winter,0,0,0,0,0,1,0,0.0,24.5,16.0,49.8,,0,0,0,97,12,12,8,8,129,132.0,122.0,137.0,131.57,8.05,131.0,129.14,2,1,1,1,1,2,5,1,1,2,1,5,3,3,10,3,6,28,13,1,1,41,15,8,12,11,7,29,11,12,2,1,0,Watch
2024-02-28,Wednesday,3,9,2,Winter,0,0,0,1,0,0,1,0.0,24.1,15.4,52.3,,0,0,0,105,24,7,13,9,149,129.0,132.0,146.0,130.43,7.76,144.0,129.0,2,1,1,1,1,2,6,1,1,2,1,5,4,3,15,5,11,47,20,2,1,45,9,12,17,14,11,59,19,9,2,1,0,Watch
2024-02-29,Thursday,4,9,2,Winter,0,0,0,0,0,1,0,0.0,24.3,18.3,51.2,,0,0,0,96,16,13,5,7,130,149.0,129.0,134.0,130.86,8.64,132.0,129.36,2,1,1,1,1,2,5,1,1,2,1,4,3,3,11,3,8,34,15,1,1,45,12,8,9,10,8,37,20,8,2,1,0,Watch
2024-03-01,Friday,5,9,3,Summer,0,0,0,0,0,0,0,0.0,26.5,17.5,56.8,,0,0,0,90,15,7,8,5,120,130.0,149.0,129.0,130.29,8.55,123.0,129.21,2,1,1,1,1,2,5,1,1,1,1,3,3,2,10,3,7,32,15,1,1,41,11,9,11,10,8,44,19,9,2,0,0,Normal
2024-03-02,Saturday,6,9,3,Summer,1,0,0,0,0,0,0,0.0,26.7,18.7,46.9,,0,0,0,82,16,9,12,6,119,120.0,130.0,121.0,129.0,9.29,112.0,129.0,2,1,1,1,1,2,5,1,1,1,1,4,3,2,12,3,8,33,15,1,1,42,9,7,14,10,9,34,12,8,3,1,0,Watch
2024-03-03,Sunday,7,9,3,Summer,1,0,0,0,0,0,0,0.5,26.7,20.8,49.4,,0,0,0,77,16,8,9,6,110,119.0,120.0,122.0,128.71,9.56,113.0,129.5,2,1,1,1,1,2,4,1,1,1,1,4,3,2,11,3,8,32,14,1,1,45,11,7,12,10,9,44,15,7,2,0,0,Normal
2024-03-04,Monday,1,10,3,Summer,0,0,0,0,0,0,0,0.0,28.7,22.5,57.1,,0,0,0,97,19,9,6,8,131,110.0,119.0,132.0,127.0,11.49,132.0,129.29,2,1,1,1,1,2,5,1,1,2,1,5,3,3,11,4,9,39,17,1,1,43,11,11,14,11,6,42,15,8,2,2,0,Watch
2024-03-05,Tuesday,2,10,3,Summer,0,0,0,0,1,1,0,0.0,26.9,17.9,49.6,,0,0,0,101,17,16,7,9,141,131.0,110.0,129.0,126.86,11.43,137.0,129.21,2,1,1,1,1,2,6,2,1,2,1,5,4,3,13,4,8,36,17,1,1,50,10,8,14,13,9,48,22,9,2,0,0,Normal
2024-03-06,Wednesday,3,10,3,Summer,0,0,1,1,0,0,4,0.0,25.4,17.3,44.8,,0,0,0,110,16,7,22,9,155,141.0,131.0,149.0,128.57,12.48,146.0,129.5,2,1,2,1,1,2,6,1,1,2,1,5,5,3,14,3,8,35,16,2,1,38,11,8,13,10,10,38,14,9,2,2,0,Watch
2024-03-07,Thursday,4,10,3,Summer,0,0,0,0,0,1,0,0.0,28.0,19.4,41.5,,0,0,0,95,18,14,9,8,136,155.0,141.0,130.0,129.43,13.97,134.0,130.14,2,1,1,1,1,2,5,1,1,2,1,5,4,3,13,4,9,37,16,1,1,42,16,7,17,11,12,47,21,10,2,0,0,Normal
2024-03-08,Friday,5,10,3,Summer,0,0,0,0,1,0,0,0.5,25.7,16.5,59.0,,0,0,0,93,23,12,7,9,135,136.0,155.0,120.0,130.29,14.16,129.0,130.29,2,1,1,1,1,2,5,1,1,2,1,5,4,3,14,5,11,44,19,1,1,42,11,9,12,12,14,59,22,9,2,1,0,Watch
2024-03-09,Saturday,6,10,3,Summer,1,0,0,0,0,0,0,1.2,28.4,19.7,52.0,,0,0,0,80,19,7,11,7,117,135.0,136.0,119.0,132.43,13.56,121.0,130.71,2,1,1,1,1,2,5,1,1,1,1,4,4,3,12,4,9,37,17,1,1,37,10,12,15,11,10,43,19,12,2,0,0,Normal
2024-03-10,Sunday,7,10,3,Summer,1,0,1,0,0,0,2,0.0,27.2,18.8,46.8,,0,0,0,86,20,8,19,9,133,117.0,135.0,110.0,132.14,13.86,122.0,130.43,2,1,2,1,1,2,5,1,1,2,1,5,5,3,15,4,9,39,17,2,1,39,12,11,19,11,7,53,14,8,2,2,0,Watch
2024-03-11,Monday,1,11,3,Summer,0,0,0,0,0,0,0,0.0,26.5,16.9,45.4,,0,0,0,100,13,8,8,7,129,133.0,117.0,131.0,135.43,10.55,132.0,131.21,2,1,1,1,1,2,5,1,1,2,1,4,3,3,9,3,6,30,14,1,1,36,11,8,8,11,5,41,16,8,2,2,0,Watch
2024-03-12,Tuesday,2,11,3,Summer,0,0,0,0,0,1,0,0.0,27.0,20.9,53.9,,0,0,0,98,21,15,5,9,139,129.0,133.0,141.0,135.14,10.7,129.0,131.0,2,1,1,1,1,2,5,1,1,2,1,5,3,3,13,4,10,42,18,1,1,37,13,8,15,12,7,52,22,10,2,1,0,Watch
2024-03-13,Wednesday,3,11,3,Summer,0,0,0,1,1,0,1,0.0,29.5,22.7,47.9,,0,0,0,112,13,10,14,9,149,139.0,129.0,155.0,134.86,10.56,149.0,131.71,3,1,1,1,1,2,6,1,1,2,1,5,4,3,12,3,6,31,15,1,1,42,8,9,14,11,5,35,14,7,3,2,0,Watch
2024-03-14,Thursday,4,11,3,Summer,0,0,0,0,0,1,0,0.0,25.6,16.9,51.7,,0,0,0,90,19,12,5,6,126,149.0,139.0,136.0,134.0,9.02,130.0,131.71,2,1,1,1,1,2,5,1,1,2,1,4,3,3,12,4,9,38,17,1,1,42,12,9,10,12,7,52,19,7,2,2,0,Watch
2024-03-15,Friday,5,11,3,Summer,0,0,0,0,0,0,0,0.0,29.5,22.5,49.0,,0,0,0,93,16,8,7,7,124,126.0,149.0,135.0,132.57,9.38,120.0,131.43,2,1,1,1,1,2,5,1,1,2,1,4,3,3,10,3,8,34,15,1,1,40,13,4,9,11,10,31,16,10,2,2,0,Watch
2024-03-16,Saturday,6,11,3,Summer,1,0,1,0,0,0,3,0.0,28.3,19.0,40.6,,0,0,0,91,16,10,22,12,139,124.0,126.0,117.0,131.0,9.75,119.0,131.71,2,1,2,1,1,2,5,1,1,2,1,7,6,4,15,3,8,34,15,2,1,52,12,8,15,12,6,36,19,3,1,1,0,Watch
2024-03-17,Sunday,7,11,3,Summer,1,0,0,0,0,0,0,0.0,28.9,19.6,47.1,,0,0,0,77,18,7,9,6,111,139.0,124.0,133.0,134.14,8.15,110.0,133.14,2,1,1,1,1,2,4,1,1,1,1,4,3,3,11,4,9,35,15,1,1,42,11,8,9,13,9,37,16,9,2,1,0,Watch
2024-03-18,Monday,1,12,3,Summer,0,0,0,0,0,0,0,0.0,27.4,20.6,52.4,,0,0,0,99,20,9,8,9,136,111.0,139.0,129.0,131.0,11.53,131.0,133.21,2,1,1,1,1,2,5,1,1,2,1,5,4,3,12,4,9,40,17,1,1,36,12,5,13,12,11,55,24,6,2,0,0,Normal
2024-03-19,Tuesday,2,12,3,Summer,0,0,0,0,0,1,0,0.0,30.8,23.4,51.4,,0,0,0,96,15,12,8,9,131,136.0,111.0,139.0,132.0,11.61,141.0,133.57,2,1,1,1,1,2,5,1,1,2,1,5,4,3,11,3,7,33,15,1,1,40,13,9,10,10,8,35,19,9,2,1,0,Watch
2024-03-20,Wednesday,3,12,3,Summer,0,0,1,1,0,0,4,0.3,27.6,18.5,49.9,,0,0,0,116,19,9,23,10,167,131.0,136.0,149.0,130.86,11.26,155.0,132.86,3,1,2,1,1,2,6,1,1,2,1,6,6,3,16,4,9,41,18,2,1,34,9,7,14,12,8,43,25,9,2,2,0,Watch
2024-03-21,Thursday,4,12,3,Summer,0,0,0,0,0,1,0,0.0,29.6,23.2,56.8,,0,0,0,97,17,12,8,7,134,167.0,131.0,126.0,133.43,16.11,136.0,133.71,2,1,1,1,1,2,5,1,1,2,1,4,3,3,12,4,8,36,16,1,1,45,14,12,11,13,9,42,22,9,2,1,0,Watch
2024-03-22,Friday,5,12,3,Summer,0,0,0,0,0,0,0,0.6,28.8,21.7,54.9,,0,0,0,91,17,9,6,8,123,134.0,167.0,124.0,134.57,15.83,135.0,133.57,2,1,1,1,1,2,5,1,1,2,1,5,3,3,10,4,8,35,16,1,1,38,7,7,11,13,6,32,16,12,2,2,0,Watch
2024-03-23,Saturday,6,12,3,Summer,1,0,0,0,0,0,0,0.0,28.0,21.5,48.9,,0,0,0,82,12,8,11,7,113,123.0,134.0,139.0,134.43,15.93,117.0,132.71,2,1,1,1,1,2,5,1,1,1,1,4,4,2,10,3,6,27,13,1,1,42,14,8,10,10,7,36,16,4,2,0,0,Normal
2024-03-24,Sunday,7,12,3,Summer,1,0,1,0,0,0,3,0.0,25.8,16.5,53.1,,0,0,0,90,20,9,19,10,138,113.0,123.0,111.0,130.71,17.39,133.0,132.43,2,1,2,1,1,2,5,1,1,2,1,6,5,3,15,4,9,39,17,2,1,39,11,8,18,12,6,49,20,9,2,1,0,Watch
2024-03-25,Monday,1,13,3,Summer,0,0,0,0,0,0,0,0.0,26.9,17.4,50.3,,0,0,0,97,13,9,3,6,122,138.0,113.0,136.0,134.57,15.48,129.0,132.79,2,1,1,1,1,2,5,1,1,2,1,4,2,2,8,3,6,30,14,1,1,42,10,10,6,12,5,34,19,10,2,2,0,Watch
2024-03-26,Tuesday,2,13,3,Summer,0,0,0,0,0,1,0,0.0,29.6,20.1,50.9,,0,0,0,100,17,14,7,9,138,122.0,138.0,131.0,132.57,16.06,139.0,132.29,2,1,1,1,1,2,5,1,1,2,1,5,4,3,12,4,8,36,16,1,1,46,11,6,12,12,6,49,22,9,2,1,0,Watch
2024-03-27,Wednesday,3,13,3,Summer,0,0,0,1,0,0,1,0.0,28.1,19.8,50.2,,0,0,0,109,16,9,11,7,145,138.0,122.0,167.0,133.57,16.15,149.0,132.21,2,1,1,1,1,2,6,1,1,2,1,4,4,3,12,3,8,35,16,1,1,42,11,9,15,11,8,47,13,9,2,1,0,Watch
2024-03-28,Thursday,4,13,3,Summer,0,0,0,0,0,1,0,0.0,27.8,19.9,53.4,,0,0,0,100,14,13,5,7,132,145.0,138.0,134.0,130.43,10.49,126.0,131.93,2,1,1,1,1,2,5,1,1,2,1,4,3,3,10,3,7,31,14,1,1,39,14,8,12,10,7,31,18,9,2,0,0,Normal
2024-03-29,Friday,5,13,3,Summer,0,0,1,0,0,0,1,0.0,28.2,19.5,47.1,,0,0,0,106,19,8,14,9,147,132.0,145.0,123.0,130.14,10.41,124.0,132.36,2,1,1,1,1,2,6,1,1,2,1,5,4,3,13,4,9,40,18,2,1,43,8,10,17,13,7,54,15,7,2,2,0,Watch
2024-03-30,Saturday,6,13,3,Summer,1,0,0,0,0,0,0,0.0,28.1,19.6,47.6,,0,0,0,81,18,9,11,6,119,147.0,132.0,113.0,133.57,11.4,139.0,134.0,2,1,1,1,1,2,5,1,1,1,1,4,3,3,12,4,9,36,16,1,1,47,11,8,12,12,10,41,18,10,2,0,0,Normal
2024-03-31,Sunday,7,13,3,Summer,1,0,0,0,1,0,0,0.0,31.4,23.7,45.3,,0,0,0,82,19,12,13,9,126,119.0,147.0,138.0,134.43,9.96,111.0,132.57,2,1,1,1,1,2,5,1,1,2,1,5,4,3,14,4,9,37,17,1,1,49,11,6,18,12,7,36,18,9,2,2,0,Watch
2024-04-01,Monday,1,14,4,Summer,0,0,0,0,0,0,0,0.0,27.9,21.6,46.9,,0,0,0,106,14,8,7,6,135,126.0,119.0,122.0,132.71,10.22,136.0,133.64,2,1,1,1,1,2,5,1,1,2,1,4,3,2,9,3,7,32,14,1,1,45,14,8,10,10,6,43,18,9,2,1,0,Watch
2024-04-02,Tuesday,2,14,4,Summer,0,0,0,0,0,1,0,0.0,29.2,20.3,53.3,,0,0,0,100,17,15,5,8,137,135.0,126.0,138.0,134.57,9.24,131.0,133.57,2,1,1,1,1,2,5,1,1,2,1,5,3,3,12,4,8,36,16,1,1,48,10,8,10,13,6,40,15,7,2,3,0,High
2024-04-03,Wednesday,3,14,4,Summer,0,0,0,1,0,0,1,0.0,29.5,20.1,46.1,,0,0,0,104,18,8,11,7,141,137.0,135.0,145.0,134.43,9.19,167.0,134.0,2,1,1,1,1,2,6,1,1,2,1,4,4,3,12,4,9,38,17,1,1,43,11,8,15,13,10,40,21,8,2,0,0,Normal
2024-04-04,Thursday,4,14,4,Summer,0,0,0,0,0,1,0,0.0,30.4,23.8,47.0,,0,0,0,95,17,14,9,9,135,141.0,137.0,132.0,133.86,8.63,134.0,132.14,2,1,1,1,1,2,5,1,1,2,1,5,4,3,13,4,8,35,16,1,1,41,11,6,14,13,8,36,18,9,2,0,0,Normal
2024-04-05,Friday,5,14,4,Summer,0,0,0,0,0,0,0,0.0,31.6,24.3,52.2,,0,0,0,94,20,9,7,7,130,135.0,141.0,147.0,134.29,8.6,123.0,132.21,2,1,1,1,1,2,5,1,1,2,1,4,3,3,12,4,9,40,17,1,1,45,10,8,12,13,7,54,19,9,2,1,0,Watch
2024-04-06,Saturday,6,14,4,Summer,1,0,0,0,0,0,0,1.3,29.9,22.8,42.1,,0,0,0,85,18,10,13,9,126,130.0,135.0,119.0,131.86,6.9,113.0,132.71,2,1,1,1,1,2,5,1,1,2,1,5,4,3,13,4,9,36,16,1,1,40,14,9,14,11,11,48,19,7,2,0,0,Normal
2024-04-07,Sunday,7,14,4,Summer,1,0,0,0,0,0,0,0.0,28.5,22.3,55.4,,0,0,0,75,20,9,13,9,117,126.0,130.0,126.0,132.86,5.28,138.0,133.64,2,1,1,1,1,2,5,1,1,1,1,5,4,3,14,4,9,38,17,2,1,38,12,9,16,12,7,45,23,11,2,1,0,Watch
2024-04-08,Monday,1,15,4,Summer,0,0,0,0,0,0,0,0.0,31.5,24.2,43.7,,0,0,0,97,18,9,7,6,131,117.0,126.0,135.0,131.57,7.44,122.0,132.14,2,1,1,1,1,2,5,1,1,2,1,4,3,3,11,4,9,37,16,1,1,42,11,8,9,13,6,36,19,9,2,3,0,High
2024-04-09,Tuesday,2,15,4,Summer,0,0,0,0,0,1,0,0.0,26.5,19.2,47.7,,0,0,0,96,19,12,10,8,137,131.0,117.0,137.0,131.0,7.31,138.0,132.79,2,1,1,1,1,2,5,1,1,2,1,5,4,3,13,4,9,39,17,1,1,41,11,9,15,11,11,46,18,9,2,0,0,Normal
2024-04-10,Wednesday,3,15,4,Summer,0,0,0,1,0,0,1,0.0,25.4,18.2,50.2,,0,0,0,106,15,10,14,9,145,137.0,131.0,141.0,131.0,7.31,145.0,132.71,2,1,1,1,1,2,6,1,1,2,1,5,4,3,12,3,7,34,16,1,1,44,12,7,14,10,7,41,16,8,2,0,0,Normal
2024-04-11,Thursday,4,15,4,Summer,0,0,0,0,0,1,0,0.0,30.2,23.5,47.0,,0,0,0,97,15,15,7,9,134,145.0,137.0,135.0,131.57,8.17,132.0,132.71,2,1,1,1,1,2,5,1,1,2,1,5,4,3,12,3,7,33,15,1,1,42,12,8,15,11,9,32,20,9,2,1,0,Watch
2024-04-12,Friday,5,15,4,Summer,0,0,0,0,0,0,0,0.0,31.0,20.7,47.8,,0,0,0,96,18,10,6,8,130,134.0,145.0,130.0,131.43,8.12,147.0,132.86,2,1,1,1,1,2,5,1,1,2,1,5,3,3,11,4,9,37,16,1,1,42,11,8,13,13,8,51,21,7,2,1,0,Watch
2024-04-13,Saturday,6,15,4,Summer,1,0,0,0,0,0,0,0.1,31.3,21.8,46.4,,0,0,0,84,19,8,8,6,119,130.0,134.0,126.0,131.43,8.12,119.0,131.64,2,1,1,1,1,2,5,1,1,1,1,4,3,3,12,4,9,37,17,1,1,35,9,6,12,11,7,40,20,8,2,1,0,Watch
2024-04-14,Sunday,7,15,4,Summer,1,0,0,0,0,0,0,0.0,31.2,22.4,42.4,,0,0,0,82,15,9,11,7,117,119.0,130.0,117.0,130.43,9.1,126.0,131.64,2,1,1,1,1,2,5,1,1,1,1,4,4,3,11,3,7,31,15,1,1,41,12,4,13,12,5,32,20,7,2,1,0,Watch
2024-04-15,Monday,1,16,4,Summer,0,0,0,0,0,0,0,0.0,31.4,23.3,52.5,,0,0,0,103,19,7,10,8,139,117.0,119.0,131.0,130.43,9.1,135.0,131.0,2,1,1,1,1,2,5,1,1,2,1,5,4,3,12,4,9,39,17,1,1,53,9,6,14,13,8,46,15,9,1,2,0,Watch
2024-04-16,Tuesday,2,16,4,Summer,0,0,0,0,0,1,0,0.4,32.0,26.7,49.3,,0,0,0,100,19,13,6,8,138,139.0,117.0,137.0,131.57,9.59,137.0,131.29,2,1,1,1,1,2,5,1,1,2,1,5,3,3,12,4,9,39,17,1,1,47,7,6,11,13,8,39,16,9,2,3,0,High
2024-04-17,Wednesday,3,16,4,Summer,0,0,0,1,0,0,1,0.0,33.1,24.1,51.5,,0,0,0,114,23,9,14,9,160,138.0,139.0,145.0,131.71,9.68,141.0,131.36,3,1,1,1,1,2,6,1,1,2,1,5,4,3,15,5,11,46,20,2,1,39,12,8,18,12,11,44,16,10,2,2,0,Watch
2024-04-18,Thursday,4,16,4,Summer,0,0,0,0,0,1,0,0.0,30.5,23.2,49.3,,0,0,0,97,14,15,5,7,131,160.0,138.0,134.0,133.86,13.35,135.0,132.71,2,1,1,1,1,2,5,1,1,2,1,4,3,3,11,3,7,31,14,1,1,41,13,9,12,10,6,34,13,8,2,2,0,Watch
2024-04-19,Friday,5,16,4,Summer,0,0,0,0,0,0,0,0.0,31.4,22.9,51.6,,0,0,0,97,20,8,4,6,129,131.0,160.0,130.0,133.43,13.38,130.0,132.43,2,1,1,1,1,2,5,1,1,2,1,4,2,3,11,4,9,40,17,1,1,45,12,8,13,12,11,48,21,6,2,0,0,Normal
2024-04-20,Saturday,6,16,4,Summer,1,0,0,0,0,0,0,0.0,30.0,20.2,48.6,,0,0,0,87,15,8,12,9,122,129.0,131.0,119.0,133.29,13.42,126.0,132.36,2,1,1,1,1,2,5,1,1,2,1,5,4,3,11,3,7,32,15,1,1,44,14,8,9,11,5,31,16,9,2,3,0,High
2024-04-21,Sunday,7,16,4,Summer,1,0,0,0,0,0,0,0.0,34.9,28.1,48.8,,0,0,0,82,16,7,9,6,114,122.0,129.0,117.0,133.71,13.0,117.0,132.07,2,1,1,1,1,2,5,1,1,1,1,4,3,2,11,3,8,33,15,1,1,42,8,10,12,12,8,32,12,9,2,2,0,Watch
2024-04-22,Monday,1,17,4,Summer,0,0,0,0,0,0,0,0.0,31.3,22.1,47.0,,0,0,0,102,19,10,7,7,138,114.0,122.0,139.0,133.29,13.58,131.0,131.86,2,1,1,1,1,2,5,1,1,2,1,4,3,3,12,4,9,39,17,1,1,46,14,6,14,12,8,53,17,9,2,1,0,Watch
2024-04-23,Tuesday,2,17,4,Summer,0,0,0,0,0,1,0,0.0,31.9,23.3,43.8,,0,0,0,99,16,15,5,9,135,138.0,114.0,138.0,133.14,13.53,137.0,132.36,2,1,1,1,1,2,5,1,1,2,1,5,3,3,11,3,8,34,15,1,1,45,10,7,14,10,10,43,15,13,2,0,0,Normal
2024-04-24,Wednesday,3,17,4,Summer,0,0,0,1,0,0,1,0.0,30.4,21.3,46.7,,0,0,0,107,16,11,13,8,147,135.0,138.0,160.0,132.71,13.41,145.0,132.21,2,1,1,1,1,2,6,1,1,2,1,5,4,3,13,3,8,35,16,1,1,42,8,7,16,11,9,44,17,7,2,0,0,Normal
2024-04-25,Thursday,4,17,4,Summer,0,0,0,0,0,1,0,0.0,28.9,18.7,49.5,,0,0,0,90,18,14,7,8,129,147.0,135.0,131.0,130.86,9.96,134.0,132.36,2,1,1,1,1,2,5,1,1,2,1,5,3,3,12,4,9,36,16,1,1,42,11,8,12,12,6,42,22,12,2,1,0,Watch
2024-04-26,Friday,5,17,4,Summer,0,0,0,0,0,0,0,0.4,31.1,22.9,48.8,,0,0,0,93,22,10,8,8,133,129.0,147.0,129.0,130.57,9.98,130.0,132.0,2,1,1,1,1,2,5,1,1,2,1,5,3,3,13,4,10,43,18,1,1,35,13,10,16,13,10,42,22,12,2,1,0,Watch
2024-04-27,Saturday,6,17,4,Summer,1,0,0,0,0,0,0,0.0,31.7,22.3,44.4,,0,0,0,87,19,9,10,9,125,133.0,129.0,122.0,131.14,9.99,119.0,132.21,2,1,1,1,1,2,5,1,1,2,1,5,4,3,12,4,9,38,17,1,1,30,11,7,10,11,10,36,17,9,1,2,0,Watch
2024-04-28,Sunday,7,17,4,Summer,1,0,0,0,0,0,0,0.0,29.9,23.0,53.1,,0,0,0,81,20,9,9,9,119,125.0,133.0,114.0,131.57,9.65,117.0,132.64,2,1,1,1,1,2,5,1,1,1,1,5,4,3,12,4,9,39,17,1,1,44,11,6,13,13,6,51,14,7,1,2,0,Watch
2024-04-29,Monday,1,18,4,Summer,0,0,0,0,0,0,0,0.0,34.1,25.7,41.9,,0,0,0,103,15,7,10,8,135,119.0,125.0,138.0,132.29,8.43,139.0,132.79,2,1,1,1,1,2,5,1,1,2,1,5,4,3,10,3,7,33,15,1,1,42,12,8,9,12,5,38,16,8,3,2,0,Watch
2024-04-30,Tuesday,2,18,4,Summer,0,0,0,0,0,1,0,0.3,32.7,25.2,44.7,,0,0,0,103,19,15,10,9,147,135.0,119.0,135.0,131.86,8.2,138.0,132.5,2,1,1,1,1,2,6,1,1,2,1,5,4,3,14,4,9,39,18,1,1,40,12,8,18,11,10,45,18,9,2,0,0,Normal
2024-05-01,Wednesday,3,18,5,Summer,0,1,0,1,0,0,2,0.0,33.8,25.2,41.8,,0,0,0,111,19,10,11,8,151,147.0,135.0,147.0,133.57,9.78,160.0,133.14,3,1,1,1,1,2,6,1,1,2,1,5,4,3,13,4,9,40,18,1,1,42,10,8,14,11,10,38,18,9,2,1,0,Watch
2024-05-02,Thursday,4,18,5,Summer,0,0,0,0,0,1,0,0.5,37.0,27.8,42.3,,0,0,0,94,16,13,6,9,129,151.0,147.0,129.0,134.14,10.63,131.0,132.5,2,1,1,1,1,2,5,1,1,2,1,5,3,3,11,3,8,34,15,1,1,38,12,9,10,10,7,31,17,10,2,3,0,High
2024-05-03,Friday,5,18,5,Summer,0,0,0,0,0,0,0,0.0,31.7,23.4,44.7,,0,0,0,96,14,9,7,7,126,129.0,151.0,133.0,134.14,10.63,129.0,132.36,2,1,1,1,1,2,5,1,1,2,1,4,3,3,10,3,7,31,14,1,1,43,11,8,11,10,7,41,16,8,2,0,0,Normal
2024-05-04,Saturday,6,18,5,Summer,1,0,0,0,0,0,0,0.0,33.1,24.3,45.9,,0,0,0,88,18,8,11,8,125,126.0,129.0,125.0,133.14,11.01,122.0,132.14,2,1,1,1,1,2,5,1,1,2,1,5,4,3,12,4,9,36,16,1,1,43,11,5,10,13,9,49,21,7,2,1,0,Watch
2024-05-05,Sunday,7,18,5,Summer,1,0,0,0,0,0,0,0.0,34.3,25.6,43.4,,0,0,0,80,19,7,12,8,118,125.0,126.0,119.0,133.14,11.01,114.0,132.36,2,1,1,1,1,2,5,1,1,1,1,5,4,3,12,4,9,37,17,1,1,42,9,7,13,12,11,50,15,10,2,1,0,Watch
2024-05-06,Monday,1,19,5,Summer,0,0,0,0,0,0,0,0.0,34.0,26.9,45.2,,0,0,0,104,14,9,4,6,131,118.0,125.0,135.0,133.0,11.2,138.0,132.64,2,1,1,1,1,2,5,1,1,2,1,4,2,2,9,3,7,32,14,1,1,46,12,8,9,12,8,36,14,7,3,0,0,Normal
2024-05-07,Tuesday,2,19,5,Summer,0,0,0,0,0,1,0,0.8,29.8,20.8,54.4,,0,0,0,102,19,14,9,10,144,131.0,118.0,147.0,132.43,11.18,135.0,132.14,2,1,1,1,1,2,6,1,1,2,1,6,4,3,13,4,9,39,18,1,1,44,10,12,17,12,10,53,23,9,2,0,0,Normal
2024-05-08,Wednesday,3,19,5,Summer,0,0,0,1,0,0,1,0.0,31.7,22.7,47.6,,0,0,0,98,21,8,12,8,139,144.0,131.0,151.0,132.0,10.66,147.0,132.79,2,1,1,1,1,2,5,1,1,2,1,5,4,3,13,4,10,42,18,2,1,46,11,4,16,13,9,50,22,8,2,1,0,Watch
2024-05-09,Thursday,4,19,5,Summer,0,0,0,0,0,1,0,0.0,31.2,22.9,47.6,,0,0,0,99,14,13,8,7,134,139.0,144.0,129.0,130.29,8.14,129.0,132.21,2,1,1,1,1,2,5,1,1,2,1,4,3,3,11,3,7,31,14,1,1,34,12,8,12,10,8,41,17,9,3,0,0,Normal
2024-05-10,Friday,5,19,5,Summer,0,0,0,0,0,0,0,0.5,31.1,23.8,46.5,Diarrheal,2,0,2,105,30,7,5,8,147,134.0,139.0,126.0,131.0,8.21,133.0,132.57,2,1,1,1,1,2,6,1,1,2,1,5,3,5,14,21,26,56,29,1,1,35,12,8,14,26,30,51,27,11,2,2,0,Watch
2024-05-11,Saturday,6,19,5,Summer,1,0,0,0,0,0,0,0.0,35.3,29.9,40.3,Diarrheal,2,0,3,93,26,8,13,10,140,147.0,134.0,125.0,134.0,9.56,125.0,133.57,2,1,1,1,1,2,5,1,1,2,1,6,5,5,15,19,23,49,26,2,1,44,10,7,14,23,18,54,27,9,2,2,0,Watch
2024-05-12,Sunday,7,19,5,Summer,1,0,0,0,0,0,0,0.0,35.7,25.9,48.9,Diarrheal,2,0,1,87,24,7,10,9,128,140.0,147.0,118.0,136.14,8.97,119.0,134.64,2,1,1,1,1,2,5,1,1,2,1,5,4,4,14,17,21,45,24,1,1,43,11,3,14,28,24,46,21,8,2,2,0,Watch
2024-05-13,Monday,1,20,5,Summer,0,0,0,0,0,0,0,0.0,33.6,26.4,48.3,Diarrheal,2,0,2,111,28,8,9,8,156,128.0,140.0,131.0,137.57,6.39,135.0,135.29,3,1,1,1,1,2,6,1,1,2,1,5,4,4,15,20,24,54,28,2,1,42,11,8,15,27,31,49,25,9,2,2,0,Watch
2024-05-14,Tuesday,2,20,5,Summer,0,0,0,0,0,1,0,0.4,31.2,22.2,42.5,Diarrheal,2,0,4,114,23,14,6,11,157,156.0,128.0,144.0,141.14,8.39,147.0,136.79,3,1,1,1,1,2,6,1,1,2,1,7,4,5,14,17,20,46,25,1,1,37,12,8,12,22,26,57,30,10,2,1,0,Watch
2024-05-15,Wednesday,3,20,5,Summer,0,0,0,1,0,0,1,0.0,35.0,26.7,47.0,Diarrheal,2,0,4,113,27,9,13,9,162,157.0,156.0,139.0,143.0,10.09,151.0,137.5,3,1,1,1,1,2,6,1,1,2,1,5,4,5,16,19,23,52,27,2,1,43,10,9,18,27,20,69,37,10,2,1,0,Watch
2024-05-16,Thursday,4,20,5,Summer,0,0,0,0,0,1,0,0.0,34.5,27.6,42.5,Diarrheal,2,0,2,100,21,13,7,7,141,162.0,157.0,134.0,146.29,11.84,129.0,138.29,2,1,1,1,1,2,6,1,1,2,1,4,3,4,13,15,18,42,23,1,1,47,11,6,11,21,14,56,26,11,2,2,0,Watch
2024-05-17,Friday,5,20,5,Summer,0,0,0,0,0,0,0,1.2,31.6,21.7,45.4,Diarrheal,2,0,2,100,25,8,9,9,142,141.0,162.0,147.0,147.29,11.03,126.0,139.14,2,1,1,1,1,2,6,1,1,2,1,5,4,4,14,18,22,48,26,1,1,53,11,9,18,28,29,50,31,8,2,0,0,Watch
2024-05-18,Saturday,6,20,5,Summer,1,0,0,0,0,0,0,0.4,31.8,23.3,45.5,Diarrheal,2,0,1,96,30,8,10,9,144,142.0,141.0,140.0,146.57,11.18,125.0,140.29,2,1,1,1,1,2,6,1,1,2,1,5,4,5,16,21,26,55,29,2,1,44,11,8,19,36,32,61,31,10,1,0,0,Watch
2024-05-19,Sunday,7,20,5,Summer,1,0,0,0,1,0,0,0.0,35.2,28.6,40.7,Diarrheal,2,0,3,90,24,11,9,7,134,144.0,142.0,128.0,147.14,10.93,118.0,141.64,2,1,1,1,1,2,5,1,1,2,1,4,3,4,14,17,21,45,24,1,1,41,11,9,12,26,24,41,24,9,2,2,0,Watch
2024-05-20,Monday,1,21,5,Summer,0,0,0,0,0,0,0,0.3,34.8,27.7,48.0,Diarrheal,2,0,5,103,29,9,8,8,149,134.0,144.0,156.0,148.0,9.55,131.0,142.79,2,1,1,1,1,2,6,1,1,2,1,5,3,4,15,21,25,54,29,2,1,46,13,7,13,24,33,65,31,11,2,1,0,Watch
2024-05-21,Tuesday,2,21,5,Summer,0,0,0,0,0,1,0,0.0,31.3,23.8,45.5,Diarrheal,2,0,3,108,24,14,6,8,152,149.0,134.0,157.0,147.0,9.01,144.0,144.07,2,1,1,1,1,2,6,1,1,2,1,5,3,4,14,17,21,47,25,1,1,54,10,10,13,26,19,61,32,10,2,2,0,Watch
2024-05-22,Wednesday,3,21,5,Summer,0,0,0,1,0,0,1,0.0,37.0,29.3,35.3,Diarrheal,2,0,3,119,26,5,12,8,162,152.0,149.0,162.0,146.29,8.36,139.0,144.64,3,1,1,1,1,2,6,1,1,2,1,5,4,4,14,19,23,51,27,2,1,46,13,10,18,28,24,66,34,9,2,0,0,Watch
2024-05-23,Thursday,4,21,5,Summer,0,0,0,0,0,1,0,0.0,35.3,26.0,49.8,Diarrheal,2,0,3,109,28,14,6,10,157,162.0,152.0,141.0,146.29,8.36,134.0,146.29,2,1,1,1,1,2,6,1,1,2,1,6,4,5,16,20,24,53,28,1,1,42,11,12,19,25,28,49,35,11,2,1,0,Watch
2024-05-24,Friday,5,21,5,Summer,0,0,0,0,0,0,0,0.0,34.4,24.7,46.8,Diarrheal,2,0,2,105,27,7,8,7,147,157.0,162.0,142.0,148.57,8.78,147.0,147.93,2,1,1,1,1,2,6,1,1,2,1,4,3,4,14,19,23,51,27,1,1,42,13,8,14,29,31,49,28,9,2,1,0,Watch
2024-05-25,Saturday,6,21,5,Summer,1,0,0,0,0,0,0,0.0,33.5,25.6,48.3,Diarrheal,2,0,3,95,25,9,12,10,141,147.0,157.0,144.0,149.29,8.41,140.0,147.93,2,1,1,1,1,2,6,1,1,2,1,6,4,5,15,18,22,47,26,2,1,41,11,6,16,33,17,49,30,8,2,1,0,Watch
2024-05-26,Sunday,7,21,5,Summer,1,0,0,0,1,0,0,0.0,35.5,30.9,42.5,Diarrheal,2,0,3,90,26,11,10,9,137,141.0,147.0,134.0,148.86,8.74,128.0,148.0,2,1,1,1,1,2,5,1,1,2,1,5,4,5,15,19,23,48,26,2,1,42,11,6,15,23,29,56,30,10,2,0,0,Watch
2024-05-27,Monday,1,22,5,Summer,0,0,0,0,0,0,0,0.0,34.1,26.7,44.5,Diarrheal,2,0,3,107,26,10,6,8,149,137.0,141.0,149.0,149.29,8.05,156.0,148.64,2,1,1,1,1,2,6,1,1,2,1,5,3,4,14,19,23,50,27,1,1,47,10,9,17,35,22,67,27,9,2,1,0,Watch
2024-05-28,Tuesday,2,22,5,Summer,0,0,0,0,0,1,0,0.0,33.7,23.3,48.0,Diarrheal,2,0,4,107,24,14,7,8,152,149.0,137.0,152.0,149.29,8.05,157.0,148.14,2,1,1,1,1,2,6,1,1,2,1,5,3,4,14,17,21,47,25,1,1,49,14,9,17,30,28,55,34,9,2,0,0,Watch
2024-05-29,Wednesday,3,22,5,Summer,0,0,0,1,0,0,1,0.0,34.0,26.8,48.6,Diarrheal,2,0,3,118,27,7,11,8,163,152.0,149.0,162.0,149.29,8.05,162.0,147.79,3,1,1,1,1,2,6,1,1,2,1,5,4,4,15,19,23,53,27,2,1,43,10,7,15,23,18,63,23,9,2,2,0,Watch
2024-05-30,Thursday,4,22,5,Summer,0,0,0,0,0,1,0,0.0,36.0,26.7,41.6,Diarrheal,2,0,4,102,29,13,7,9,151,163.0,152.0,157.0,149.43,8.28,141.0,147.86,2,1,1,1,1,2,6,1,1,2,1,5,4,5,16,21,25,54,29,2,1,24,10,9,16,30,27,59,38,9,2,0,0,Watch
2024-05-31,Friday,5,22,5,Summer,0,0,0,0,0,0,0,0.0,31.9,23.8,41.9,Diarrheal,2,0,2,102,28,9,8,7,147,151.0,163.0,147.0,148.57,7.74,142.0,148.57,2,1,1,1,1,2,6,1,1,2,1,4,3,4,15,20,24,53,28,2,1,45,7,7,13,33,23,50,31,9,2,3,0,High
2024-06-01,Saturday,6,22,6,Monsoon,1,0,0,0,0,0,0,9.9,32.7,27.4,79.6,Diarrheal,2,0,4,92,35,8,14,10,149,147.0,151.0,141.0,148.57,7.74,144.0,148.93,2,1,1,1,1,2,6,1,1,2,1,6,5,5,19,25,30,62,33,2,1,41,8,8,24,38,39,64,35,8,2,0,0,Watch
2024-06-02,Sunday,7,22,6,Monsoon,1,0,0,0,0,0,0,3.7,35.8,28.3,62.0,,0,0,0,81,26,8,9,9,124,149.0,147.0,137.0,149.71,7.11,134.0,149.29,2,1,1,1,1,2,5,1,1,2,1,5,4,4,14,5,12,48,20,2,1,37,11,7,12,14,13,49,19,8,2,2,0,Watch
2024-06-03,Monday,1,23,6,Monsoon,0,0,0,0,0,0,0,17.8,31.9,23.4,74.6,,0,0,0,98,31,8,7,8,144,124.0,149.0,149.0,147.86,10.88,149.0,148.57,2,1,1,1,1,2,6,1,1,2,1,5,3,4,15,6,14,57,24,2,1,41,12,8,16,13,16,56,26,9,2,1,0,Watch
2024-06-04,Tuesday,2,23,6,Monsoon,0,0,0,0,0,1,0,0.5,37.4,30.9,66.3,,0,0,0,101,24,14,8,11,147,144.0,124.0,152.0,147.14,10.95,152.0,148.21,2,1,1,1,1,2,6,1,1,2,1,7,4,4,15,5,11,47,20,1,1,38,12,7,15,13,11,64,26,7,2,0,0,Normal
2024-06-05,Wednesday,3,23,6,Monsoon,0,0,0,1,0,0,1,15.0,34.2,27.1,74.7,,0,0,0,108,29,8,14,11,159,147.0,144.0,163.0,146.43,10.77,162.0,147.86,2,1,1,1,1,2,6,1,1,2,1,7,5,4,17,6,14,55,23,2,1,36,9,11,19,15,10,64,23,9,2,1,0,Watch
2024-06-06,Thursday,4,23,6,Monsoon,0,0,0,0,1,1,0,0.0,34.6,27.0,71.4,,0,0,0,97,27,16,7,9,147,159.0,147.0,151.0,145.86,9.95,157.0,147.64,2,1,1,1,1,2,6,2,1,2,1,5,4,4,16,5,13,51,22,1,1,39,8,7,14,13,11,46,18,6,2,4,0,High
2024-06-07,Friday,5,23,6,Monsoon,0,0,0,0,0,0,0,20.7,34.6,28.0,73.8,,0,0,0,89,31,8,5,8,133,147.0,159.0,147.0,145.29,9.75,147.0,146.93,2,1,1,1,1,2,5,1,1,2,1,5,3,4,15,6,14,56,23,1,1,45,13,4,18,13,11,66,30,9,2,1,0,Watch
2024-06-08,Saturday,6,23,6,Monsoon,1,0,0,0,0,0,0,28.5,34.4,25.9,80.2,,0,0,0,84,31,6,11,9,132,133.0,147.0,149.0,143.29,10.59,141.0,145.93,2,1,1,1,1,2,5,1,1,2,1,5,4,4,16,6,14,55,23,2,1,50,7,7,14,14,15,55,24,9,2,1,0,Watch
2024-06-09,Sunday,7,23,6,Monsoon,1,0,0,0,0,0,0,30.5,34.9,28.2,71.4,,0,0,0,76,35,8,11,9,130,132.0,133.0,124.0,140.86,10.95,137.0,145.29,2,1,1,1,1,2,5,1,1,2,1,5,4,4,18,7,16,61,25,2,1,34,11,7,18,18,14,70,35,9,3,1,0,Watch
2024-06-10,Monday,1,24,6,Monsoon,0,0,0,0,0,0,0,17.0,38.0,28.8,73.0,,0,0,0,98,24,7,7,8,136,130.0,132.0,144.0,141.71,9.76,149.0,144.79,2,1,1,1,1,2,5,1,1,2,1,5,3,3,13,5,11,46,19,1,1,42,11,9,12,14,9,57,22,9,2,2,0,Watch
2024-06-11,Tuesday,2,24,6,Monsoon,0,0,0,0,0,1,0,6.6,31.5,22.7,77.8,,0,0,0,96,31,14,7,10,148,136.0,130.0,147.0,140.57,9.9,152.0,143.86,2,1,1,1,1,2,6,1,1,2,1,6,4,4,17,6,14,57,24,2,1,46,9,8,22,13,14,77,33,9,2,0,0,Normal
2024-06-12,Wednesday,3,24,6,Monsoon,0,0,0,1,0,0,1,5.8,34.1,26.8,74.8,,0,0,0,107,30,8,11,8,156,148.0,136.0,159.0,140.71,10.0,163.0,143.57,2,1,1,1,1,2,6,1,1,2,1,5,4,4,16,6,14,56,23,2,1,53,8,7,15,14,11,62,24,10,2,2,0,Watch
2024-06-13,Thursday,4,24,6,Monsoon,0,0,0,0,0,1,0,52.6,33.1,26.6,88.5,,0,0,0,88,37,14,7,11,146,156.0,148.0,147.0,140.29,9.24,151.0,143.07,2,2,1,1,1,2,6,1,1,2,1,7,4,5,19,7,17,65,27,2,1,44,10,11,20,13,18,68,26,7,2,1,0,Watch
2024-06-14,Friday,5,24,6,Monsoon,0,0,0,0,0,0,0,36.8,35.3,25.7,79.7,,0,0,0,88,33,7,10,9,138,146.0,156.0,133.0,140.14,9.14,147.0,142.71,2,1,1,1,1,2,5,1,1,2,1,5,4,4,17,6,15,59,24,2,1,39,11,9,15,13,14,56,19,9,1,4,0,High
2024-06-15,Saturday,6,24,6,Monsoon,1,0,0,0,0,0,0,5.5,38.0,32.6,74.5,,0,0,0,80,26,7,9,9,122,138.0,146.0,132.0,140.86,8.74,149.0,142.07,2,1,1,1,1,2,5,1,1,2,1,5,4,4,14,5,12,47,20,2,1,42,10,10,15,12,15,58,22,9,2,0,0,Normal
2024-06-16,Sunday,7,24,6,Monsoon,1,0,0,0,0,0,0,14.9,33.4,25.2,72.1,,0,0,0,80,31,9,9,9,129,122.0,138.0,130.0,139.43,10.68,124.0,140.14,2,1,1,1,1,2,5,1,1,2,1,5,4,4,16,6,14,55,23,2,1,52,10,10,17,13,16,72,27,9,2,0,0,Normal
2024-06-17,Monday,1,25,6,Monsoon,0,0,0,0,0,0,0,18.5,34.8,27.6,75.8,,0,0,0,97,34,6,8,8,145,129.0,122.0,136.0,139.29,10.81,144.0,140.5,2,1,1,1,1,2,6,1,1,2,1,5,3,4,16,7,16,61,25,2,1,38,11,8,17,17,13,56,29,9,2,2,0,Watch
2024-06-18,Tuesday,2,25,6,Monsoon,0,0,0,0,0,1,0,34.7,35.1,27.9,76.3,,0,0,0,97,28,14,9,11,148,145.0,129.0,148.0,140.57,10.87,147.0,140.57,2,1,1,1,1,2,6,1,1,2,1,7,4,4,16,6,13,52,22,2,1,35,10,8,16,14,15,64,29,8,2,0,0,Normal
2024-06-19,Wednesday,3,25,6,Monsoon,0,0,0,1,0,0,1,8.9,36.9,29.3,68.9,,0,0,0,104,25,7,13,10,149,148.0,145.0,156.0,140.57,10.87,159.0,140.64,2,1,1,1,1,2,6,1,1,2,1,6,5,4,15,5,12,48,21,2,1,44,11,8,19,13,13,47,24,8,2,1,0,Watch
2024-06-20,Thursday,4,25,6,Monsoon,0,0,0,0,0,1,0,41.9,31.4,25.0,85.5,,0,0,0,88,37,12,8,7,145,149.0,148.0,146.0,139.57,9.66,147.0,139.93,2,2,1,1,1,2,6,1,1,2,1,4,3,4,19,7,17,65,27,2,1,38,9,8,24,17,18,59,38,12,2,1,0,Watch
2024-06-21,Friday,5,25,6,Monsoon,0,0,0,0,0,0,0,16.7,33.6,24.7,80.9,,0,0,0,94,27,7,8,7,136,145.0,149.0,138.0,139.43,9.57,133.0,139.79,2,1,1,1,1,2,5,1,1,2,1,4,3,3,14,5,13,50,21,1,1,51,11,9,17,13,14,52,25,9,2,0,0,Normal
2024-06-22,Saturday,6,25,6,Monsoon,1,0,0,0,0,0,0,11.9,35.3,27.9,69.6,,0,0,0,86,27,6,12,8,131,136.0,145.0,122.0,139.14,9.64,132.0,140.0,2,1,1,1,1,2,5,1,1,2,1,5,4,3,15,5,13,50,21,2,1,48,10,7,19,14,12,50,25,9,3,1,0,Watch
2024-06-23,Sunday,7,25,6,Monsoon,1,0,0,0,1,0,0,31.1,31.6,26.6,77.6,,0,0,0,83,30,11,14,11,138,131.0,136.0,129.0,140.43,7.67,130.0,139.93,2,1,1,1,1,2,5,1,1,2,1,7,5,4,18,6,14,54,22,2,1,45,14,8,20,12,10,52,23,10,2,2,0,Watch
2024-06-24,Monday,1,26,6,Monsoon,0,0,0,0,0,0,0,13.7,36.0,27.6,74.7,,0,0,0,97,24,8,7,7,136,138.0,131.0,145.0,141.71,6.27,136.0,140.5,2,1,1,1,1,2,5,1,1,2,1,4,3,3,13,5,11,46,19,1,1,38,9,8,16,13,9,58,24,9,2,1,0,Watch
2024-06-25,Tuesday,2,26,6,Monsoon,0,0,0,0,0,1,0,11.9,35.4,28.6,76.6,,0,0,0,98,26,12,7,9,143,136.0,138.0,148.0,140.43,6.39,148.0,140.5,2,1,1,1,1,2,6,1,1,2,1,5,4,4,15,5,12,49,21,1,1,40,14,7,18,12,11,52,18,5,2,2,0,Watch
2024-06-26,Wednesday,3,26,6,Monsoon,0,0,0,1,0,0,1,9.4,34.5,26.2,74.9,,0,0,0,104,29,6,12,9,151,143.0,136.0,149.0,139.71,5.75,156.0,140.14,2,1,1,1,1,2,6,1,1,2,1,5,4,4,16,6,14,54,23,2,1,43,12,5,17,14,17,58,26,9,2,0,0,Normal
2024-06-27,Thursday,4,26,6,Monsoon,0,0,0,0,0,1,0,21.7,31.8,24.2,77.6,,0,0,0,98,30,12,7,9,147,151.0,143.0,145.0,140.0,6.23,146.0,139.79,2,1,1,1,1,2,6,1,1,2,1,5,4,4,16,6,14,55,23,2,1,35,11,8,19,15,13,56,20,9,2,2,0,Watch
2024-06-28,Friday,5,26,6,Monsoon,0,0,0,0,1,0,0,40.2,35.6,29.5,82.3,,0,0,0,84,31,10,9,9,134,147.0,151.0,136.0,140.29,6.5,138.0,139.86,2,1,1,1,1,2,5,1,1,2,1,5,4,4,17,6,14,55,23,2,1,44,9,8,20,14,13,51,32,9,2,2,0,Watch
2024-06-29,Saturday,6,26,6,Monsoon,1,0,0,0,0,0,0,34.4,33.8,23.5,90.7,,0,0,0,77,33,6,10,9,126,134.0,147.0,131.0,140.0,6.72,122.0,139.57,2,1,1,1,1,2,5,1,1,2,1,5,4,4,17,6,15,58,24,2,1,42,11,7,22,13,18,76,27,9,2,0,0,Normal
2024-06-30,Sunday,7,26,6,Monsoon,1,0,0,0,0,0,0,20.4,33.8,25.9,71.0,,0,0,0,75,27,8,11,7,121,126.0,134.0,138.0,139.29,7.81,129.0,139.86,2,1,1,1,1,2,5,1,1,2,1,4,4,3,15,5,13,48,21,2,1,42,11,9,14,13,10,50,21,7,2,2,0,Watch
2024-07-01,Monday,1,27,7,Monsoon,0,0,0,0,0,0,0,45.6,32.5,22.5,80.7,,0,0,0,98,34,6,6,7,144,121.0,126.0,136.0,136.86,10.13,145.0,139.29,2,1,1,1,1,2,6,1,1,2,1,4,3,4,16,7,16,61,25,2,1,46,11,8,17,14,14,64,20,9,2,2,0,Watch
2024-07-02,Tuesday,2,27,7,Monsoon,0,0,0,0,0,1,0,32.8,31.9,22.3,84.4,,0,0,0,102,35,12,7,9,156,144.0,121.0,143.0,138.0,10.42,148.0,139.21,2,1,1,1,1,2,6,1,1,2,1,5,4,4,18,7,16,63,26,2,1,44,12,10,15,16,18,67,24,9,3,2,0,Watch
2024-07-03,Wednesday,3,27,7,Monsoon,0,0,0,1,0,0,1,12.5,36.2,27.4,75.8,,0,0,0,102,28,5,10,8,145,156.0,144.0,151.0,139.86,12.16,149.0,139.79,2,1,1,1,1,2,6,1,1,2,1,5,4,3,15,6,13,53,22,2,1,43,11,9,18,16,11,61,22,11,2,1,0,Watch
2024-07-04,Thursday,4,27,7,Monsoon,0,0,0,0,0,1,0,47.3,34.6,26.0,84.3,,0,0,0,89,37,12,7,10,145,145.0,156.0,147.0,139.0,11.54,145.0,139.5,2,2,1,1,1,2,6,1,1,2,1,6,4,4,19,7,17,65,27,2,1,42,11,8,21,17,21,81,22,6,2,1,0,Watch
2024-07-05,Friday,5,27,7,Monsoon,0,0,0,0,0,0,0,42.6,36.0,27.9,82.9,,0,0,0,91,32,6,4,7,133,145.0,145.0,134.0,138.71,11.36,136.0,139.5,2,1,1,1,1,2,5,1,1,2,1,4,3,3,14,6,15,58,23,1,1,42,11,9,17,16,11,71,30,11,2,1,0,Watch
2024-07-06,Saturday,6,27,7,Monsoon,1,0,0,0,0,0,0,32.2,35.9,26.8,82.4,,0,0,0,82,31,6,11,8,130,133.0,145.0,126.0,138.57,11.42,131.0,139.29,2,1,1,1,1,2,5,1,1,2,1,5,4,4,16,6,14,55,23,2,1,40,10,5,14,16,12,61,26,10,2,2,0,Watch
2024-07-07,Sunday,7,27,7,Monsoon,1,0,0,0,0,0,0,23.5,31.1,24.5,80.4,,0,0,0,75,28,7,13,9,123,130.0,133.0,121.0,139.14,10.87,138.0,139.21,2,1,1,1,1,2,5,1,1,2,1,5,4,4,16,6,13,50,21,2,1,42,14,5,17,14,10,53,17,9,2,2,0,Watch
2024-07-08,Monday,1,28,7,Monsoon,0,0,0,0,0,0,0,21.4,34.8,25.5,81.8,,0,0,0,99,26,8,7,9,140,123.0,130.0,144.0,139.43,10.4,136.0,138.14,2,1,1,1,1,2,5,1,1,2,1,5,4,4,14,5,12,49,20,1,1,40,11,8,13,14,9,52,21,7,2,2,0,Watch
2024-07-09,Tuesday,2,28,7,Monsoon,0,0,0,0,0,1,0,77.1,33.5,27.7,93.2,,0,0,0,98,42,10,7,8,157,140.0,123.0,156.0,138.86,10.25,143.0,138.43,2,2,1,1,1,2,6,1,1,2,1,5,3,4,20,8,19,73,29,2,1,42,10,6,24,15,17,91,31,9,2,1,0,Watch
2024-07-10,Wednesday,3,28,7,Monsoon,0,0,0,1,0,0,1,19.4,32.4,22.3,76.0,,0,0,0,98,29,9,16,11,152,157.0,140.0,145.0,139.0,10.49,151.0,139.43,2,1,1,1,1,2,6,1,1,2,1,7,5,4,18,6,14,54,23,2,1,38,11,8,23,15,11,49,29,9,2,2,0,Watch
2024-07-11,Thursday,4,28,7,Monsoon,0,0,0,0,0,1,0,19.6,35.8,26.3,82.3,,0,0,0,93,30,12,7,9,142,152.0,157.0,145.0,140.0,11.31,147.0,139.5,2,1,1,1,1,2,6,1,1,2,1,5,4,4,16,6,14,55,23,2,1,40,11,8,17,14,18,68,31,9,2,0,0,Normal
2024-07-12,Friday,5,28,7,Monsoon,0,0,0,0,0,0,0,27.2,34.1,24.7,75.9,,0,0,0,90,28,7,8,9,133,142.0,152.0,133.0,139.57,11.17,134.0,139.14,2,1,1,1,1,2,5,1,1,2,1,5,4,4,14,6,13,51,21,2,1,44,12,8,17,13,16,60,22,11,2,0,0,Normal
2024-07-13,Saturday,6,28,7,Monsoon,1,0,0,0,0,0,0,38.5,32.4,25.4,83.7,,0,0,0,81,30,7,10,9,128,133.0,142.0,130.0,139.57,11.17,126.0,139.07,2,1,1,1,1,2,5,1,1,2,1,5,4,4,16,6,14,54,22,2,1,48,11,8,15,14,18,64,23,13,2,1,0,Watch
2024-07-14,Sunday,7,28,7,Monsoon,1,0,0,0,0,0,0,18.9,31.2,22.8,81.3,,0,0,0,76,32,6,10,9,124,128.0,133.0,123.0,139.29,11.44,121.0,139.21,2,1,1,1,1,2,5,1,1,2,1,5,4,4,16,6,15,56,23,2,1,37,10,7,17,16,14,60,21,9,2,2,0,Watch
2024-07-15,Monday,1,29,7,Monsoon,0,0,0,0,0,0,0,41.2,33.0,25.5,83.2,,0,0,0,93,38,6,8,9,145,124.0,128.0,140.0,139.43,11.24,144.0,139.43,2,2,1,1,1,2,6,1,1,2,1,5,4,4,18,7,18,67,27,2,1,51,11,8,18,15,22,87,33,10,2,0,0,Normal
2024-07-16,Tuesday,2,29,7,Monsoon,0,0,0,0,0,1,0,20.4,33.1,25.7,73.7,,0,0,0,100,26,12,7,8,145,145.0,124.0,157.0,140.14,11.41,156.0,139.5,2,1,1,1,1,2,6,1,1,2,1,5,3,3,15,5,12,49,21,1,1,42,12,7,14,15,14,55,17,6,2,2,0,Watch
2024-07-17,Wednesday,3,29,7,Monsoon,0,0,0,1,0,0,1,17.1,35.8,27.9,72.4,,0,0,0,102,31,7,12,10,152,145.0,145.0,152.0,138.43,9.48,145.0,138.71,2,1,1,1,1,2,6,1,1,2,1,6,4,4,17,6,14,57,24,2,1,39,12,8,15,13,12,67,33,10,2,2,0,Watch
2024-07-18,Thursday,4,29,7,Monsoon,0,0,0,0,0,1,0,35.9,30.6,20.9,90.3,,0,0,0,89,34,12,6,8,141,152.0,145.0,142.0,138.43,9.48,145.0,139.21,2,1,1,1,1,2,6,1,1,2,1,5,3,4,17,7,16,60,25,2,1,47,8,8,21,17,20,69,30,7,2,0,0,Normal
2024-07-19,Friday,5,29,7,Monsoon,0,0,0,0,0,0,0,13.9,33.6,24.8,80.4,,0,0,0,91,28,8,7,8,134,141.0,152.0,133.0,138.29,9.44,133.0,138.93,2,1,1,1,1,2,5,1,1,2,1,5,3,3,14,6,13,52,21,1,1,38,9,11,12,14,15,51,21,7,2,2,0,Watch
2024-07-20,Saturday,6,29,7,Monsoon,1,0,0,0,0,0,0,11.7,36.5,27.5,70.7,,0,0,0,82,31,7,11,7,131,134.0,141.0,128.0,138.43,9.36,130.0,139.0,2,1,1,1,1,2,5,1,1,2,1,4,4,3,16,6,14,55,23,2,1,44,11,13,13,16,14,64,28,10,2,1,0,Watch
2024-07-21,Sunday,7,29,7,Monsoon,1,0,0,0,0,0,0,8.9,35.1,27.1,68.0,,0,0,0,77,22,6,10,7,115,131.0,134.0,124.0,138.86,8.94,123.0,139.07,2,1,1,1,1,2,5,1,1,1,1,4,3,3,13,4,10,41,18,1,1,48,10,9,13,12,12,49,25,10,2,0,0,Normal
2024-07-22,Monday,1,30,7,Monsoon,0,0,0,0,0,0,0,12.2,31.4,23.9,77.0,,0,0,0,103,28,7,8,8,146,115.0,131.0,145.0,137.57,11.31,140.0,138.5,2,1,1,1,1,2,6,1,1,2,1,5,3,3,14,6,13,53,22,2,1,45,13,8,12,15,12,48,28,9,2,3,0,High
2024-07-23,Tuesday,2,30,7,Monsoon,0,0,0,0,0,1,0,11.2,33.1,25.1,74.3,,0,0,0,98,25,13,3,9,139,146.0,115.0,145.0,137.71,11.41,157.0,138.93,2,1,1,1,1,2,5,1,1,2,1,5,3,4,13,5,12,48,20,1,1,45,10,10,17,14,15,43,23,9,2,1,0,Watch
2024-07-24,Wednesday,3,30,7,Monsoon,0,0,0,1,0,0,1,25.6,30.7,22.1,80.1,,0,0,0,101,29,4,13,8,147,139.0,146.0,152.0,136.86,11.05,152.0,137.64,2,1,1,1,1,2,6,1,1,2,1,5,4,4,16,6,14,54,23,2,1,39,10,6,21,14,18,66,20,9,2,1,0,Watch
2024-07-25,Thursday,4,30,7,Monsoon,0,0,0,0,0,1,0,56.1,34.0,26.3,91.2,,0,0,0,84,37,11,8,9,140,147.0,139.0,141.0,136.14,10.18,142.0,137.29,2,2,1,1,1,2,5,1,1,2,1,5,4,4,19,7,17,64,26,2,1,47,11,9,25,16,14,68,24,7,2,2,0,Watch
2024-07-26,Friday,5,30,7,Monsoon,0,0,0,0,0,0,0,25.1,30.4,21.6,80.4,,0,0,0,90,30,7,7,8,134,140.0,147.0,134.0,136.0,10.11,133.0,137.14,2,1,1,1,1,2,5,1,1,2,1,5,3,4,15,6,14,54,22,2,1,42,10,6,14,14,15,55,23,10,2,1,0,Watch
2024-07-27,Saturday,6,30,7,Monsoon,1,0,0,0,0,0,0,13.1,33.5,26.2,71.1,,0,0,0,85,28,7,13,8,133,134.0,140.0,131.0,136.0,10.11,128.0,137.21,2,1,1,1,1,2,5,1,1,2,1,5,4,3,16,6,13,51,21,2,1,40,12,6,14,15,14,66,19,8,2,2,0,Watch
2024-07-28,Sunday,7,30,7,Monsoon,1,0,0,0,1,0,0,56.6,37.0,29.5,80.3,Malaria,4,1,5,75,66,9,9,11,159,133.0,134.0,115.0,136.29,10.0,124.0,137.57,2,2,1,1,1,2,6,1,2,2,1,7,4,9,29,12,57,107,68,3,1,35,13,8,26,25,56,104,79,9,2,4,0,High
2024-07-29,Monday,1,31,7,Monsoon,0,0,0,0,0,0,0,40.5,31.1,22.8,84.9,Malaria,4,1,7,91,63,5,8,11,167,159.0,133.0,146.0,142.57,8.33,145.0,140.07,2,2,1,1,1,2,6,1,2,2,1,7,4,9,26,12,54,104,65,2,1,41,13,12,28,25,53,143,92,5,2,1,0,High
2024-07-30,Tuesday,2,31,7,Monsoon,0,0,0,0,0,1,0,11.4,33.5,25.5,71.4,Malaria,4,1,6,95,59,11,9,12,174,167.0,159.0,139.0,145.57,12.0,145.0,141.64,2,2,1,1,1,2,7,1,2,2,1,7,5,9,27,11,51,98,63,2,1,51,13,8,26,23,45,119,86,7,2,3,0,High
2024-07-31,Wednesday,3,31,7,Monsoon,0,0,0,1,0,0,1,14.0,34.2,26.0,70.6,Malaria,4,1,7,104,57,6,12,12,179,174.0,167.0,147.0,150.57,15.11,152.0,143.71,2,2,1,1,1,2,7,1,2,2,1,7,5,9,26,11,49,96,61,2,1,42,11,9,29,17,38,87,67,8,2,2,0,High
2024-08-01,Thursday,4,31,8,Monsoon,0,0,0,0,1,1,0,20.9,33.0,21.8,85.3,Malaria,4,1,6,88,63,15,6,13,172,179.0,174.0,140.0,155.14,17.92,141.0,145.64,2,2,1,1,1,2,7,1,2,2,1,8,4,10,28,12,54,104,66,2,1,46,11,8,25,21,66,138,82,9,3,2,0,High
2024-08-02,Friday,5,31,8,Monsoon,0,0,0,0,0,0,0,19.4,31.2,23.6,75.4,Malaria,4,1,7,91,61,7,8,10,167,172.0,179.0,134.0,159.71,17.55,134.0,147.86,2,2,1,1,1,2,6,1,2,2,1,6,4,9,26,11,52,101,63,2,1,44,11,8,26,18,52,107,65,8,3,1,0,High
2024-08-03,Saturday,6,31,8,Monsoon,1,0,0,0,0,0,0,15.1,35.2,27.3,71.6,Malaria,4,1,6,86,63,6,12,11,167,167.0,172.0,133.0,164.43,14.1,131.0,150.21,2,2,1,1,1,2,6,1,2,2,1,7,5,9,28,12,54,104,65,3,1,47,11,7,31,18,60,115,67,9,2,1,0,High
2024-08-04,Sunday,7,31,8,Monsoon,1,0,0,0,1,0,0,17.0,31.6,23.5,78.7,Malaria,4,1,6,78,59,10,12,13,159,167.0,167.0,159.0,169.29,5.92,115.0,152.79,2,2,1,1,1,2,6,1,2,2,1,8,5,9,27,11,51,97,62,2,1,42,9,10,32,18,60,90,61,4,2,2,0,High
2024-08-05,Monday,1,32,8,Monsoon,0,0,0,0,0,0,0,25.5,33.0,25.2,87.9,Malaria,4,1,7,93,60,6,8,11,167,159.0,167.0,167.0,169.29,5.92,146.0,155.93,2,2,1,1,1,2,6,1,2,2,1,7,4,9,25,11,51,100,62,2,1,44,10,9,25,21,49,117,79,9,2,1,0,High
2024-08-06,Tuesday,2,32,8,Monsoon,0,0,0,0,0,1,0,5.4,32.4,25.2,67.8,Malaria,4,1,6,96,60,12,9,12,177,167.0,159.0,174.0,169.29,5.92,139.0,157.43,2,2,1,1,1,2,7,1,2,2,1,7,5,9,27,11,51,100,63,2,1,46,10,8,30,17,49,127,56,9,2,3,0,High
2024-08-07,Wednesday,3,32,8,Monsoon,0,0,0,1,0,0,1,5.8,32.6,21.6,71.6,Malaria,4,1,5,105,58,7,14,13,184,177.0,167.0,179.0,169.71,6.34,147.0,160.14,2,2,1,1,1,3,7,1,2,2,1,8,5,9,27,11,50,98,63,3,1,40,12,10,36,21,40,135,65,5,2,1,0,High
2024-08-08,Thursday,4,32,8,Monsoon,0,0,0,0,0,1,0,9.2,31.9,23.2,81.8,Malaria,4,1,6,92,62,10,8,11,172,184.0,177.0,172.0,170.43,7.52,140.0,162.79,2,2,1,1,1,2,7,1,2,2,1,7,4,9,27,12,53,103,65,2,1,45,12,8,24,22,44,115,78,9,2,3,0,High
2024-08-09,Friday,5,32,8,Monsoon,0,0,0,0,0,0,0,31.5,30.8,23.1,82.8,Malaria,4,1,6,89,60,5,11,11,165,172.0,184.0,167.0,170.43,7.52,134.0,165.07,2,2,1,1,1,2,6,1,2,2,1,7,5,9,26,11,51,99,62,2,1,37,12,8,33,20,68,92,60,9,2,3,0,High
2024-08-10,Saturday,6,32,8,Monsoon,1,0,0,0,0,0,0,5.4,33.0,26.3,71.3,Malaria,4,1,5,89,55,7,10,11,161,165.0,172.0,167.0,170.14,7.68,133.0,167.29,2,2,1,1,1,2,6,1,2,2,1,7,4,8,24,10,47,92,58,2,1,52,11,8,22,17,37,91,48,8,2,4,0,High
2024-08-11,Sunday,7,32,8,Monsoon,1,0,0,0,0,0,0,12.9,32.6,25.7,80.8,Malaria,4,1,7,80,59,6,13,10,158,161.0,165.0,159.0,169.29,8.29,159.0,169.29,2,2,1,1,1,2,6,1,2,2,1,6,5,8,27,11,51,97,62,2,1,42,10,8,26,23,64,123,73,8,2,1,0,High
2024-08-12,Monday,1,33,8,Monsoon,0,0,0,0,0,0,0,35.8,30.2,22.5,88.7,Malaria,4,1,6,94,66,6,10,11,176,158.0,161.0,167.0,169.14,8.48,167.0,169.21,2,2,1,1,1,2,7,1,2,2,1,7,4,9,28,12,57,109,69,3,1,37,12,11,33,25,43,112,90,11,3,1,0,High
2024-08-13,Tuesday,2,33,8,Monsoon,0,0,0,0,0,1,0,39.1,31.1,21.4,81.8,Malaria,4,1,7,87,64,10,5,11,166,176.0,158.0,177.0,170.43,8.73,174.0,169.86,2,2,1,1,1,2,6,1,2,2,1,7,4,9,27,12,55,105,66,2,1,35,13,7,31,19,48,128,80,10,2,2,0,High
2024-08-14,Wednesday,3,33,8,Monsoon,0,0,0,1,0,0,1,52.6,31.9,24.5,94.4,Malaria,4,1,4,100,73,4,13,11,190,166.0,176.0,184.0,168.86,8.39,179.0,169.29,2,3,1,1,1,3,7,1,2,2,1,7,5,10,31,14,63,120,76,3,1,44,13,7,35,25,77,132,98,8,2,1,0,High
2024-08-15,Thursday,4,33,8,Monsoon,0,1,0,0,0,1,1,9.0,30.1,21.9,70.7,Malaria,4,1,5,91,58,10,10,12,169,190.0,166.0,172.0,169.71,10.04,172.0,170.07,2,2,1,1,1,2,7,1,2,2,1,7,5,9,26,11,50,97,62,2,1,44,11,9,31,21,49,129,55,8,2,2,0,High
2024-08-16,Friday,5,33,8,Monsoon,0,0,0,0,0,0,0,7.4,31.3,23.5,81.0,Malaria,4,1,5,89,55,7,6,10,157,169.0,190.0,165.0,169.29,10.0,167.0,169.86,2,2,1,1,1,2,6,1,2,2,1,6,4,8,23,10,47,92,58,2,1,42,10,8,22,19,49,94,61,9,2,1,0,High
2024-08-17,Saturday,6,33,8,Monsoon,1,0,0,0,0,0,0,79.5,36.2,28.9,92.8,Malaria,4,1,5,75,72,4,12,11,163,157.0,169.0,161.0,168.14,10.84,167.0,169.14,2,3,1,1,1,2,6,1,2,2,1,7,5,10,30,13,62,116,73,3,1,39,12,10,30,22,81,139,103,9,2,0,0,High
2024-08-18,Sunday,7,33,8,Monsoon,1,0,1,0,0,0,3,3.5,31.7,21.6,72.6,Malaria,4,1,6,74,56,6,19,11,155,163.0,157.0,158.0,168.43,10.68,159.0,168.86,2,2,2,1,1,2,6,1,2,2,1,7,6,8,27,11,48,92,59,3,1,36,12,4,32,23,56,86,71,11,2,2,0,High
2024-08-19,Monday,1,34,8,Monsoon,0,0,0,0,0,0,0,13.1,34.3,25.7,78.2,Malaria,4,1,6,92,60,6,9,9,167,155.0,163.0,176.0,168.0,11.14,167.0,168.57,2,2,1,1,1,2,6,1,2,2,1,5,4,8,26,11,51,100,62,2,1,45,10,8,22,23,67,108,89,8,2,1,0,High
2024-08-20,Tuesday,2,34,8,Monsoon,0,0,0,0,0,1,0,26.3,32.1,22.9,82.6,Malaria,4,1,6,89,60,10,6,10,165,167.0,155.0,166.0,166.71,10.65,177.0,168.57,2,2,1,1,1,2,6,1,2,2,1,6,4,8,26,11,51,99,62,2,1,48,11,8,26,18,51,98,50,8,2,2,0,High
2024-08-21,Wednesday,3,34,8,Monsoon,0,0,0,1,0,0,1,7.2,28.6,18.3,69.6,Malaria,4,1,6,100,55,7,8,10,170,165.0,167.0,190.0,166.57,10.66,184.0,167.71,2,2,1,1,1,2,7,1,2,2,1,6,4,8,24,10,47,93,59,2,1,36,8,5,27,19,62,95,56,9,2,2,0,High
2024-08-22,Thursday,4,34,8,Monsoon,0,0,0,0,0,1,0,64.0,30.5,22.7,98.0,Malaria,4,1,6,83,68,10,9,12,170,170.0,165.0,169.0,163.71,5.36,172.0,166.71,2,2,1,1,1,2,7,1,2,2,1,7,5,10,29,13,58,111,71,3,1,47,12,9,24,24,54,113,84,9,2,3,0,High
2024-08-23,Friday,5,34,8,Monsoon,0,0,0,0,1,0,0,23.7,32.7,21.6,79.3,Malaria,4,1,5,93,60,9,6,10,168,170.0,170.0,157.0,163.86,5.51,165.0,166.57,2,2,1,1,1,2,6,1,2,2,1,6,4,8,26,11,51,100,62,2,1,28,14,10,28,20,68,91,56,7,2,2,0,High
2024-08-24,Saturday,6,34,8,Monsoon,1,0,1,0,0,0,2,6.9,30.9,24.9,73.1,Malaria,4,1,7,87,58,5,20,11,170,168.0,170.0,163.0,165.43,4.87,161.0,166.79,2,2,2,1,1,2,7,1,2,2,1,7,6,9,28,11,50,96,62,3,1,47,11,5,31,16,64,111,49,6,2,2,0,High
2024-08-25,Sunday,7,34,8,Monsoon,1,0,0,0,0,0,0,26.0,30.2,21.4,86.9,Malaria,4,1,7,75,65,5,12,11,157,170.0,168.0,155.0,166.43,4.98,158.0,167.43,2,2,1,1,1,2,6,1,2,2,1,7,5,9,28,12,56,105,67,3,1,45,12,8,36,22,52,99,86,6,2,3,0,High
2024-08-26,Monday,1,35,8,Monsoon,0,0,0,0,0,0,0,0.4,27.0,18.4,69.4,Dengue,5,1,7,109,76,5,8,12,198,157.0,170.0,167.0,166.71,4.33,176.0,167.36,2,3,1,1,1,3,8,1,2,2,1,7,4,11,31,14,65,125,87,3,1,32,11,8,31,28,81,152,97,11,2,1,0,High
2024-08-27,Tuesday,2,35,8,Monsoon,0,0,0,0,0,1,0,13.3,31.6,24.8,75.4,Dengue,5,1,7,100,82,10,8,13,200,198.0,157.0,165.0,171.14,11.79,166.0,168.93,2,3,1,1,1,3,8,1,2,2,1,8,5,12,34,15,70,133,93,3,1,36,13,10,35,30,59,124,96,11,2,3,0,High
2024-08-28,Wednesday,3,35,8,Monsoon,0,0,0,1,0,0,1,0.2,27.9,18.7,75.6,Dengue,5,1,7,112,79,7,14,14,212,200.0,198.0,170.0,176.14,15.08,190.0,171.36,3,3,1,1,1,3,8,1,2,2,1,8,6,12,34,15,68,130,90,3,1,45,11,7,34,27,86,160,77,9,2,2,0,High
2024-08-29,Thursday,4,35,8,Monsoon,0,0,0,0,0,1,0,42.1,31.8,22.2,86.9,Dengue,5,1,7,96,89,10,8,12,203,212.0,200.0,170.0,182.14,19.23,169.0,172.93,2,3,1,1,1,3,8,1,2,2,1,7,4,12,37,17,76,144,100,3,1,41,13,8,38,23,78,155,144,9,2,1,0,High
2024-08-30,Friday,5,35,8,Monsoon,0,0,0,0,0,0,0,24.9,29.7,19.3,83.6,Dengue,5,1,7,97,79,5,7,11,188,203.0,212.0,168.0,186.86,19.72,157.0,175.36,2,3,1,1,1,3,7,1,2,2,1,7,4,11,31,15,68,129,89,3,1,42,11,3,39,24,74,148,121,8,2,1,0,High
2024-08-31,Saturday,6,35,8,Monsoon,1,0,0,0,0,0,0,25.5,33.6,23.4,86.7,Dengue,5,1,8,86,87,4,11,13,188,188.0,203.0,170.0,189.71,18.16,163.0,177.57,2,3,1,1,1,3,7,1,2,2,1,8,5,13,35,16,74,140,97,3,1,43,12,8,34,27,92,164,106,8,2,2,0,High
2024-09-01,Sunday,7,35,9,Monsoon,1,0,0,0,0,0,0,0.8,27.9,20.2,71.3,Dengue,5,1,8,80,75,5,11,12,171,188.0,188.0,157.0,192.29,16.38,155.0,179.36,2,3,1,1,1,2,7,1,2,2,1,7,5,11,31,14,64,121,84,3,1,39,11,10,40,22,69,156,68,6,2,2,0,High
2024-09-02,Monday,1,36,9,Monsoon,0,0,0,0,0,0,0,7.8,30.3,24.4,77.6,Dengue,5,1,7,104,78,7,5,11,194,171.0,188.0,198.0,194.29,12.29,167.0,180.5,2,3,1,1,1,3,7,1,2,2,1,7,4,11,31,15,67,128,88,3,1,45,11,6,31,29,70,136,96,9,1,1,0,High
2024-09-03,Tuesday,2,36,9,Monsoon,0,0,0,0,0,1,0,2.3,29.8,22.1,71.2,Dengue,5,1,8,107,83,11,5,13,206,194.0,171.0,200.0,193.71,12.2,165.0,182.43,2,3,1,1,1,3,8,1,2,2,1,8,4,12,34,15,71,136,94,3,1,42,11,10,35,28,78,136,85,9,2,2,0,High
2024-09-04,Wednesday,3,36,9,Monsoon,0,0,0,1,0,0,1,3.2,27.8,20.5,74.4,Dengue,5,1,8,109,81,6,13,12,209,206.0,194.0,212.0,194.57,12.8,170.0,185.36,2,3,1,1,1,3,8,1,2,2,1,7,5,12,34,15,69,133,92,3,1,39,13,8,34,26,67,177,133,12,2,2,0,High
2024-09-05,Thursday,4,36,9,Monsoon,0,0,0,0,0,1,0,26.5,31.0,23.8,79.2,Dengue,5,1,7,103,86,11,10,14,210,209.0,206.0,203.0,194.14,12.25,170.0,188.14,2,3,1,1,1,3,8,1,2,2,1,8,5,13,36,16,74,140,97,3,1,42,14,6,43,27,79,153,91,10,1,2,0,High
2024-09-06,Friday,5,36,9,Monsoon,0,0,0,0,0,0,0,19.5,31.6,24.2,76.5,Dengue,5,1,7,92,83,5,4,11,184,210.0,209.0,188.0,195.14,13.18,168.0,191.0,2,3,1,1,1,3,7,1,2,2,1,7,4,12,32,15,71,134,93,3,1,56,11,10,34,21,59,126,92,9,2,4,0,High
2024-09-07,Saturday,6,36,9,Monsoon,1,0,0,0,0,0,0,12.7,28.6,19.6,80.6,Dengue,5,1,8,87,81,6,11,12,185,184.0,210.0,188.0,194.57,13.56,170.0,192.14,2,3,1,1,1,3,7,1,2,2,1,7,5,12,34,15,69,131,91,3,1,50,11,12,37,29,59,135,92,11,2,1,0,High
2024-09-08,Sunday,7,36,9,Monsoon,1,0,0,0,0,0,0,0.2,29.1,20.6,67.5,Dengue,5,1,8,85,81,5,13,14,184,185.0,184.0,171.0,194.14,13.81,157.0,193.21,2,3,1,1,1,3,7,1,2,2,1,8,6,12,34,15,69,130,91,3,1,48,12,7,38,22,76,144,105,9,2,1,0,High
2024-09-09,Monday,1,37,9,Monsoon,0,0,0,0,0,0,0,0.0,28.7,21.1,71.1,Dengue,5,1,6,109,74,6,8,12,197,184.0,185.0,194.0,196.0,11.2,198.0,195.14,2,3,1,1,1,3,8,1,2,2,1,7,4,11,30,14,63,122,85,3,1,47,11,8,27,23,59,142,94,9,2,3,0,High
2024-09-10,Tuesday,2,37,9,Monsoon,0,0,0,0,0,1,0,4.4,29.6,20.5,73.7,Dengue,5,1,7,108,76,8,8,13,200,197.0,184.0,206.0,196.43,11.17,200.0,195.07,2,3,1,1,1,3,8,1,2,2,1,8,5,12,31,14,65,125,87,3,1,45,11,6,27,27,62,128,82,8,2,4,0,High
2024-09-11,Wednesday,3,37,9,Monsoon,0,0,0,1,0,0,1,31.8,32.1,23.2,88.3,Dengue,5,1,8,105,86,5,12,13,208,200.0,197.0,209.0,195.57,10.62,212.0,195.07,2,3,1,1,1,3,8,1,2,2,1,8,5,13,35,16,74,140,97,3,1,40,11,8,32,31,75,174,134,8,2,2,0,High
2024-09-12,Thursday,4,37,9,Monsoon,0,0,0,0,0,1,0,20.3,31.3,24.3,75.6,Dengue,5,1,7,92,83,10,6,11,191,208.0,200.0,210.0,195.43,10.45,203.0,194.79,2,3,1,1,1,3,7,1,2,2,1,7,4,12,34,15,71,134,93,3,1,42,14,8,37,20,53,147,83,10,2,3,0,High
2024-09-13,Friday,5,37,9,Monsoon,0,0,0,0,0,0,0,2.2,29.3,21.5,73.4,Dengue,5,1,8,95,75,5,9,12,184,191.0,208.0,184.0,192.71,8.61,188.0,193.93,2,3,1,1,1,3,7,1,2,2,1,7,5,11,31,14,64,122,85,3,1,46,13,7,33,20,84,150,83,9,3,2,0,High
2024-09-14,Saturday,6,37,9,Monsoon,1,0,0,0,0,0,0,0.9,28.6,21.0,67.8,Dengue,5,1,6,88,77,6,12,12,183,184.0,191.0,185.0,192.71,8.61,188.0,193.64,2,3,1,1,1,3,7,1,2,2,1,7,5,11,33,14,66,125,87,3,1,42,11,6,44,22,71,127,114,6,2,1,0,High
2024-09-15,Sunday,7,37,9,Monsoon,1,0,0,0,0,0,0,61.3,27.8,20.4,96.9,Dengue,5,1,9,82,90,3,11,13,186,183.0,184.0,184.0,192.43,8.89,171.0,193.29,2,3,1,1,1,3,7,1,2,2,1,8,5,13,36,17,77,144,100,3,1,42,11,6,41,25,69,168,114,10,2,2,0,High
2024-09-16,Monday,1,38,9,Monsoon,0,0,0,0,0,0,0,4.5,27.9,20.0,70.5,Dengue,5,1,8,99,75,6,8,11,188,186.0,183.0,197.0,192.71,8.65,194.0,194.36,2,3,1,1,1,3,7,1,2,2,1,7,4,11,31,14,64,123,85,3,1,45,12,7,33,23,85,167,71,9,2,2,0,High
2024-09-17,Tuesday,2,38,9,Monsoon,0,0,0,0,0,1,0,8.5,30.1,20.5,74.1,Dengue,5,1,7,98,84,11,5,12,198,188.0,186.0,200.0,191.43,8.58,206.0,193.93,2,3,1,1,1,3,8,1,2,2,1,7,4,12,34,16,72,136,95,3,1,42,15,7,34,30,66,126,100,8,2,3,0,High
2024-09-18,Wednesday,3,38,9,Monsoon,0,0,0,1,0,0,1,16.7,28.8,21.2,85.9,Dengue,5,1,8,116,85,4,16,15,221,198.0,188.0,208.0,191.14,8.32,209.0,193.36,3,3,1,1,1,3,8,1,2,2,1,9,6,13,36,16,73,140,96,3,1,49,11,8,37,21,61,176,127,9,2,2,0,High
2024-09-19,Thursday,4,38,9,Monsoon,0,0,0,0,0,1,0,0.0,28.6,19.8,73.9,Dengue,5,1,6,99,82,12,7,14,200,221.0,198.0,191.0,193.0,12.35,210.0,194.21,2,3,1,1,1,3,8,1,2,2,1,8,5,13,34,15,70,133,93,3,1,37,11,10,36,24,52,182,84,12,2,3,0,High
2024-09-20,Friday,5,38,9,Monsoon,0,0,0,0,0,0,0,7.3,30.4,22.5,65.6,Dengue,5,1,7,97,78,6,7,10,188,200.0,221.0,184.0,194.29,12.54,184.0,193.5,2,3,1,1,1,3,7,1,2,2,1,6,4,11,31,15,67,127,88,3,1,40,11,8,34,24,51,131,92,7,2,2,0,High
2024-09-21,Saturday,6,38,9,Monsoon,1,0,0,0,0,0,0,3.7,30.6,23.0,77.7,Dengue,5,1,7,89,76,5,13,12,183,188.0,200.0,183.0,194.86,12.15,185.0,193.79,2,3,1,1,1,3,7,1,2,2,1,7,5,11,32,14,65,123,86,3,1,40,11,7,42,21,66,155,100,9,2,1,0,High
2024-09-22,Sunday,7,38,9,Monsoon,1,0,0,0,0,0,0,11.2,26.0,17.9,74.6,Dengue,5,1,7,85,77,4,8,12,174,183.0,188.0,186.0,194.86,12.15,184.0,193.64,2,3,1,1,1,2,7,1,2,2,1,7,4,11,31,14,66,124,86,3,1,47,11,6,29,19,53,147,85,9,2,4,0,High
2024-09-23,Monday,1,39,9,Monsoon,0,0,0,0,0,0,0,14.0,28.1,19.8,75.4,Dengue,5,1,8,101,80,5,9,11,195,174.0,183.0,188.0,193.14,13.98,197.0,192.93,2,3,1,1,1,3,7,1,2,2,1,7,4,11,32,15,68,131,90,3,1,32,11,9,40,27,71,171,122,9,2,1,0,High
2024-09-24,Tuesday,2,39,9,Monsoon,0,0,0,0,0,1,0,2.0,27.4,18.6,77.6,Dengue,5,1,9,103,79,10,5,12,197,195.0,174.0,198.0,194.14,13.83,200.0,192.79,2,3,1,1,1,3,8,1,2,2,1,7,4,12,32,15,68,129,90,3,1,34,11,9,27,25,58,150,122,10,2,3,0,High
2024-09-25,Wednesday,3,39,9,Monsoon,0,0,0,1,0,0,1,18.4,27.5,20.7,78.8,,0,0,0,96,23,7,12,8,138,197.0,195.0,221.0,194.0,13.79,208.0,192.57,2,1,1,1,1,2,5,1,1,2,1,5,4,3,14,5,11,45,19,2,1,47,10,7,16,15,9,43,17,7,2,3,0,High
2024-09-26,Thursday,4,39,9,Monsoon,0,0,0,0,0,1,0,4.0,25.3,17.8,73.2,,0,0,0,89,23,10,8,8,130,138.0,197.0,200.0,182.14,19.84,191.0,187.57,2,1,1,1,1,2,5,1,1,2,1,5,3,3,13,5,11,44,19,1,1,40,13,7,15,13,9,53,27,9,2,1,0,Watch
2024-09-27,Friday,5,39,9,Monsoon,0,0,0,0,0,0,0,0.0,27.1,20.7,71.0,,0,0,0,80,21,5,7,7,113,130.0,138.0,188.0,172.14,25.23,184.0,183.21,2,1,1,1,1,2,5,1,1,1,1,4,3,3,11,4,10,40,18,1,1,46,11,8,13,11,13,50,15,9,1,1,0,Watch
2024-09-28,Saturday,6,39,9,Monsoon,1,0,0,0,0,0,0,30.8,26.5,19.3,92.3,,0,0,0,74,32,5,10,8,121,113.0,130.0,183.0,161.43,31.39,183.0,178.14,2,1,1,1,1,2,5,1,1,2,1,5,4,4,16,6,15,56,23,2,1,45,12,8,15,15,12,73,21,5,2,3,0,High
2024-09-29,Sunday,7,39,9,Monsoon,1,0,0,0,0,0,0,27.4,29.5,20.3,78.2,,0,0,0,73,27,4,13,8,117,121.0,113.0,174.0,152.57,32.77,186.0,173.71,2,1,1,1,1,2,5,1,1,1,1,5,4,3,15,5,13,48,21,2,1,44,12,8,16,14,16,51,19,6,2,1,0,Watch
2024-09-30,Monday,1,40,9,Monsoon,0,0,0,0,0,0,0,6.5,28.6,21.2,75.3,,0,0,0,90,23,6,5,7,124,117.0,121.0,195.0,144.43,33.51,188.0,168.79,2,1,1,1,1,2,5,1,1,2,1,4,3,3,12,5,11,44,19,1,1,45,10,9,15,13,8,40,18,4,2,3,0,High
2024-10-01,Tuesday,2,40,10,Post_Monsoon,0,0,0,0,0,1,0,0.0,25.5,17.8,50.4,,0,0,0,95,14,10,6,6,125,124.0,117.0,197.0,134.29,26.72,198.0,164.21,2,1,1,1,1,2,5,1,1,2,1,4,3,2,10,3,7,31,14,1,1,42,10,11,9,12,7,28,16,11,2,2,0,Watch
2024-10-02,Wednesday,3,40,10,Post_Monsoon,0,1,0,1,0,0,2,0.0,25.5,16.6,51.8,,0,0,0,102,8,7,16,8,133,125.0,124.0,138.0,124.0,7.67,221.0,159.0,2,1,1,1,1,2,5,1,1,2,1,5,4,2,10,2,4,23,11,1,1,40,14,8,8,10,5,28,14,10,2,1,0,Watch
2024-10-03,Thursday,4,40,10,Post_Monsoon,0,0,0,0,0,1,0,1.7,25.8,17.2,45.5,,0,0,0,88,14,11,8,5,121,133.0,125.0,130.0,123.29,6.47,200.0,152.71,2,1,1,1,1,2,5,1,1,2,1,3,3,2,11,3,7,30,14,1,1,45,11,7,12,10,6,28,13,9,1,3,0,High
2024-10-04,Friday,5,40,10,Post_Monsoon,0,0,0,0,0,0,0,0.0,25.8,18.4,44.2,,0,0,0,86,15,7,7,7,115,121.0,133.0,113.0,122.0,5.88,188.0,147.07,2,1,1,1,1,2,5,1,1,1,1,4,3,3,10,3,7,32,15,1,1,35,12,5,8,12,8,36,15,10,2,1,0,Watch
2024-10-05,Saturday,6,40,10,Post_Monsoon,1,0,0,0,0,0,0,1.3,27.5,18.9,46.2,,0,0,0,76,12,6,11,6,105,115.0,121.0,121.0,122.29,5.47,183.0,141.86,2,1,1,1,1,2,4,1,1,1,1,4,3,2,9,3,6,26,12,1,1,38,13,8,11,11,6,24,10,9,2,2,0,Watch
2024-10-06,Sunday,7,40,10,Post_Monsoon,1,0,1,0,0,0,1,0.3,25.8,16.8,51.3,,0,0,0,78,11,6,18,7,113,105.0,115.0,117.0,120.0,8.19,174.0,136.29,2,1,1,1,1,2,5,1,1,1,1,4,4,2,11,2,5,25,13,1,1,37,11,8,10,10,5,24,17,9,2,2,0,Watch
2024-10-07,Monday,1,41,10,Post_Monsoon,0,0,0,0,0,0,0,0.0,28.1,21.3,54.8,,0,0,0,91,15,5,7,6,118,113.0,105.0,124.0,119.43,8.52,195.0,131.93,2,1,1,1,1,2,5,1,1,1,1,4,3,2,9,3,7,32,15,1,1,42,10,8,10,11,5,31,19,9,2,2,0,Watch
2024-10-08,Tuesday,2,41,10,Post_Monsoon,0,0,0,0,0,1,0,0.1,26.7,19.9,49.0,,0,0,0,90,16,10,7,7,123,118.0,113.0,125.0,118.57,8.31,197.0,126.43,2,1,1,1,1,2,5,1,1,2,1,4,3,3,11,3,8,33,15,1,1,41,11,2,10,10,6,43,15,9,2,3,0,High
2024-10-09,Wednesday,3,41,10,Post_Monsoon,0,0,1,1,0,0,2,1.6,22.3,16.7,53.8,,0,0,0,104,17,6,19,9,146,123.0,118.0,133.0,118.29,8.12,138.0,121.14,2,1,2,1,1,2,6,1,1,2,1,5,5,3,14,4,8,36,17,2,1,48,14,8,13,13,9,47,22,9,1,1,0,Watch
2024-10-10,Thursday,4,41,10,Post_Monsoon,0,0,0,0,0,1,0,0.0,26.3,17.8,55.6,,0,0,0,81,16,11,3,6,111,146.0,123.0,121.0,120.14,11.89,130.0,121.71,2,1,1,1,1,2,4,1,1,1,1,4,2,2,10,3,8,33,14,1,1,47,11,9,10,11,7,44,13,10,2,2,0,Watch
2024-10-11,Friday,5,41,10,Post_Monsoon,0,0,0,0,0,0,0,0.3,26.8,18.1,50.7,,0,0,0,86,17,5,7,7,115,111.0,146.0,115.0,118.71,12.29,113.0,120.36,2,1,1,1,1,2,5,1,1,1,1,4,3,3,10,4,8,35,16,1,1,39,15,8,11,11,6,38,17,10,2,1,0,Watch
2024-10-12,Saturday,6,41,10,Post_Monsoon,1,0,1,0,0,0,3,0.0,25.4,18.8,56.8,,0,0,0,80,16,7,20,11,123,115.0,111.0,105.0,118.71,12.29,121.0,120.5,2,1,2,1,1,2,5,1,1,2,1,7,6,3,14,3,8,32,15,2,1,34,12,8,13,12,10,44,14,9,2,2,0,Watch
2024-10-13,Sunday,7,41,10,Post_Monsoon,1,0,0,0,0,0,0,0.0,24.9,17.8,54.7,,0,0,0,69,13,5,10,7,97,123.0,115.0,113.0,121.29,10.96,117.0,120.64,2,1,1,1,1,2,4,1,1,1,1,4,3,3,9,3,6,27,13,1,1,40,11,9,10,11,5,32,11,8,2,2,0,Watch
2024-10-14,Monday,1,42,10,Post_Monsoon,0,0,0,0,0,0,0,2.1,24.5,16.7,50.5,,0,0,0,92,15,5,8,6,120,97.0,123.0,118.0,119.0,13.76,124.0,119.21,2,1,1,1,1,2,5,1,1,1,1,4,3,2,9,3,7,32,15,1,1,42,11,8,11,11,8,29,18,10,2,1,0,Watch
2024-10-15,Tuesday,2,42,10,Post_Monsoon,0,0,0,0,0,1,0,0.0,24.7,16.6,56.1,,0,0,0,88,14,12,7,7,121,120.0,97.0,123.0,119.29,13.76,125.0,118.93,2,1,1,1,1,2,5,1,1,2,1,4,3,3,10,3,7,30,14,1,1,42,7,9,12,11,8,38,15,11,2,0,0,Normal
2024-10-16,Wednesday,3,42,10,Post_Monsoon,0,0,0,1,0,0,1,0.0,23.6,17.5,51.4,,0,0,0,101,14,5,12,9,132,121.0,120.0,146.0,119.0,13.7,133.0,118.64,2,1,1,1,1,2,5,1,1,2,1,5,4,3,10,3,7,32,14,1,1,49,12,8,8,11,7,41,18,7,2,1,0,Watch
2024-10-17,Thursday,4,42,10,Post_Monsoon,0,0,0,0,0,1,0,0.0,27.3,17.5,47.6,,0,0,0,88,12,10,8,7,118,132.0,121.0,111.0,117.0,10.18,121.0,118.57,2,1,1,1,1,2,5,1,1,1,1,4,3,2,10,3,6,27,13,1,1,38,14,9,12,10,5,28,17,8,2,1,0,Watch
2024-10-18,Friday,5,42,10,Post_Monsoon,0,0,0,0,0,0,0,0.0,25.3,17.2,58.8,,0,0,0,85,16,5,6,5,112,118.0,132.0,115.0,118.0,9.89,115.0,118.36,2,1,1,1,1,2,4,1,1,1,1,3,2,2,9,3,8,33,14,1,1,41,11,8,11,10,10,42,17,9,2,0,0,Normal
2024-10-19,Saturday,6,42,10,Post_Monsoon,1,0,0,0,0,0,0,0.0,25.9,18.8,54.5,,0,0,0,75,16,6,9,8,106,112.0,118.0,123.0,117.57,10.07,105.0,118.14,2,1,1,1,1,2,4,1,1,1,1,5,4,3,10,3,8,32,14,1,1,43,9,8,11,11,7,31,16,8,2,2,0,Watch
2024-10-20,Sunday,7,42,10,Post_Monsoon,1,0,0,0,0,0,0,0.5,28.8,19.6,47.9,,0,0,0,69,11,5,12,6,97,106.0,112.0,97.0,115.14,10.51,113.0,118.21,2,1,1,1,1,2,4,1,1,1,1,4,3,2,9,2,5,24,12,1,1,47,10,5,10,10,5,24,15,9,2,0,0,Normal
2024-10-21,Monday,1,43,10,Post_Monsoon,0,0,0,0,0,0,0,2.5,24.4,16.6,49.2,,0,0,0,94,16,4,6,6,120,97.0,106.0,120.0,115.14,10.51,118.0,117.07,2,1,1,1,1,2,5,1,1,1,1,4,3,2,9,3,8,34,15,1,1,41,11,8,8,10,7,40,17,9,2,2,0,Watch
2024-10-22,Tuesday,2,43,10,Post_Monsoon,0,0,0,0,0,1,0,0.0,24.4,15.3,50.6,,0,0,0,91,15,9,8,8,123,120.0,97.0,121.0,115.14,10.51,123.0,117.21,2,1,1,1,1,2,5,1,1,2,1,5,3,3,10,3,7,32,15,1,1,41,10,7,11,10,6,38,18,12,2,1,0,Watch
2024-10-23,Wednesday,3,43,10,Post_Monsoon,0,0,1,1,0,0,2,0.0,23.8,15.1,56.2,,0,0,0,107,18,5,20,8,150,123.0,120.0,132.0,115.43,10.69,146.0,117.21,2,1,2,1,1,2,6,1,1,2,1,5,5,3,14,4,9,38,17,2,1,38,13,8,16,13,9,52,18,9,2,0,0,Normal
2024-10-24,Thursday,4,43,10,Post_Monsoon,0,0,1,0,0,1,3,0.1,25.6,16.1,50.7,,0,0,0,92,12,11,18,9,133,150.0,123.0,118.0,118.0,15.46,111.0,117.5,2,1,1,1,1,2,5,1,1,2,1,5,5,3,13,3,6,28,13,2,1,39,11,8,14,11,4,34,17,11,2,1,0,Watch
2024-10-25,Friday,5,43,10,Post_Monsoon,0,0,0,0,0,0,0,0.3,24.5,16.8,55.0,,0,0,0,88,18,7,7,8,120,133.0,150.0,112.0,120.14,16.33,115.0,119.07,2,1,1,1,1,2,5,1,1,1,1,5,3,3,11,4,9,36,16,1,1,38,13,4,9,11,7,40,20,9,2,2,0,Watch
2024-10-26,Saturday,6,43,10,Post_Monsoon,1,0,0,0,0,0,0,1.8,27.2,20.5,55.1,,0,0,0,73,11,5,9,4,98,120.0,133.0,106.0,121.29,16.0,123.0,119.43,2,1,1,1,1,2,4,1,1,1,1,3,3,2,8,2,5,24,12,1,1,39,11,9,9,9,4,25,16,10,2,1,0,Watch
2024-10-27,Sunday,7,43,10,Post_Monsoon,1,0,0,0,0,0,0,0.5,24.2,16.2,51.5,,0,0,0,71,11,5,11,6,98,98.0,120.0,97.0,120.14,17.28,97.0,117.64,2,1,1,1,1,2,4,1,1,1,1,4,3,2,9,2,5,24,12,1,1,38,14,4,9,10,5,33,13,9,2,0,0,Normal
2024-10-28,Monday,1,44,10,Post_Monsoon,0,0,0,0,0,0,0,0.0,25.3,14.6,57.9,,0,0,0,95,19,7,7,5,128,98.0,98.0,120.0,120.29,17.09,120.0,117.71,2,1,1,1,1,2,5,1,1,2,1,3,3,2,11,4,9,38,17,1,1,34,14,9,12,11,11,45,15,10,2,1,0,Watch
2024-10-29,Tuesday,2,44,10,Post_Monsoon,0,0,0,0,0,1,0,0.0,23.0,12.3,43.6,,0,0,0,91,12,9,4,6,116,128.0,98.0,123.0,121.43,17.3,121.0,118.29,2,1,1,1,1,2,5,1,1,1,1,4,2,2,8,3,6,28,13,1,1,37,13,8,9,12,5,30,18,10,2,1,0,Watch
2024-10-30,Wednesday,3,44,10,Post_Monsoon,0,0,0,1,0,0,1,0.0,23.6,17.4,52.3,,0,0,0,97,15,6,14,8,132,116.0,128.0,150.0,120.43,17.39,132.0,117.93,2,1,1,1,1,2,5,1,1,2,1,5,4,3,11,3,7,33,15,1,1,42,11,8,13,11,8,29,14,10,2,2,0,Watch
2024-10-31,Thursday,4,44,10,Post_Monsoon,0,0,0,0,0,1,0,0.2,22.9,14.1,51.9,,0,0,0,82,19,11,7,7,119,132.0,116.0,133.0,117.86,13.78,118.0,117.93,2,1,1,1,1,2,5,1,1,1,1,4,3,3,12,4,9,37,17,1,1,47,10,8,16,13,7,42,23,11,1,1,0,Watch
2024-11-01,Friday,5,44,11,Post_Monsoon,0,0,0,0,0,0,0,1.6,24.6,17.4,45.9,,0,0,0,85,14,4,7,6,110,119.0,132.0,120.0,115.86,12.38,112.0,118.0,2,1,1,1,1,2,4,1,1,1,1,4,3,2,8,3,7,30,13,1,1,42,13,9,8,11,7,39,12,9,2,1,0,Watch
2024-11-02,Saturday,6,44,11,Post_Monsoon,1,0,0,0,0,0,0,0.1,23.5,16.4,54.8,,0,0,0,75,19,4,8,6,106,110.0,119.0,98.0,114.43,12.4,106.0,117.86,2,1,1,1,1,2,4,1,1,1,1,4,3,3,11,4,9,36,16,1,1,44,11,9,14,13,7,33,14,9,2,3,0,High
2024-11-03,Sunday,7,44,11,Post_Monsoon,1,0,0,0,0,0,0,2.3,22.7,16.0,49.6,,0,0,0,71,10,5,10,6,96,106.0,110.0,98.0,115.57,11.13,97.0,117.86,2,1,1,1,1,2,4,1,1,1,1,4,3,2,8,2,5,23,11,1,1,49,9,9,10,10,5,31,9,4,2,1,0,Watch
2024-11-04,Monday,1,45,11,Post_Monsoon,0,0,1,0,0,0,3,0.0,23.7,14.1,54.0,,0,0,0,96,13,7,19,9,135,96.0,106.0,128.0,115.29,11.6,120.0,117.79,2,1,2,1,1,2,5,1,1,2,1,5,5,3,12,3,6,30,14,2,1,37,11,7,16,10,5,35,19,9,2,1,0,Watch
2024-11-05,Tuesday,2,45,11,Post_Monsoon,0,0,1,0,0,1,3,0.9,24.4,18.9,52.6,,0,0,0,98,16,12,19,12,145,135.0,96.0,116.0,116.29,12.88,123.0,118.86,2,1,2,1,1,2,6,1,1,2,1,7,6,4,15,3,8,34,16,2,1,37,13,8,16,10,8,37,18,10,2,0,0,Normal
2024-11-06,Wednesday,3,45,11,Post_Monsoon,0,0,0,1,0,0,1,0.8,22.4,16.3,60.2,,0,0,0,100,17,5,13,9,135,145.0,135.0,132.0,120.43,16.33,150.0,120.43,2,1,1,1,1,2,5,1,1,2,1,5,4,3,12,4,8,36,16,1,1,47,14,5,10,12,8,34,21,5,2,2,0,Watch
2024-11-07,Thursday,4,45,11,Post_Monsoon,0,0,0,0,0,1,0,0.0,26.1,18.1,46.8,,0,0,0,91,15,8,5,6,119,135.0,145.0,119.0,120.86,16.66,133.0,119.36,2,1,1,1,1,2,5,1,1,1,1,4,3,2,9,3,7,32,15,1,1,41,11,12,7,10,7,30,15,10,2,2,0,Watch
2024-11-08,Friday,5,45,11,Post_Monsoon,0,0,0,0,0,0,0,0.0,22.3,14.7,49.3,,0,0,0,84,16,5,9,6,114,119.0,135.0,110.0,120.86,16.66,120.0,118.36,2,1,1,1,1,2,5,1,1,1,1,4,3,2,10,3,8,33,15,1,1,39,11,8,8,10,7,45,18,10,2,2,0,Watch
2024-11-09,Saturday,6,45,11,Post_Monsoon,1,0,0,0,0,0,0,0.0,25.6,19.9,48.1,,0,0,0,70,16,6,10,6,102,114.0,119.0,106.0,121.43,16.34,98.0,117.93,2,1,1,1,1,2,4,1,1,1,1,4,3,2,11,3,8,31,14,1,1,49,12,8,13,11,7,38,14,7,3,1,0,Watch
2024-11-10,Sunday,7,45,11,Post_Monsoon,1,0,0,0,0,0,0,0.0,20.6,13.0,56.6,,0,0,0,71,14,4,12,7,101,102.0,114.0,96.0,120.86,16.93,98.0,118.21,2,1,1,1,1,2,4,1,1,1,1,4,4,3,10,3,7,29,13,1,1,42,13,8,11,11,9,28,13,9,2,1,0,Watch
2024-11-11,Monday,1,46,11,Post_Monsoon,0,0,1,0,0,0,3,0.1,24.2,17.1,48.8,,0,0,0,94,12,5,19,8,130,101.0,102.0,135.0,121.57,15.95,128.0,118.43,2,1,2,1,1,2,5,1,1,2,1,5,5,3,12,3,6,28,13,2,1,44,11,7,12,11,6,37,15,7,2,0,0,Normal
2024-11-12,Tuesday,2,46,11,Post_Monsoon,0,0,0,0,0,1,0,1.5,23.4,15.1,48.4,,0,0,0,95,16,11,4,6,126,130.0,101.0,145.0,120.86,15.43,116.0,118.57,2,1,1,1,1,2,5,1,1,2,1,4,2,2,10,3,8,34,15,1,1,43,12,7,10,11,6,40,18,8,2,1,0,Watch
2024-11-13,Wednesday,3,46,11,Post_Monsoon,0,0,0,1,0,0,1,0.0,22.6,11.7,55.4,,0,0,0,100,16,4,8,7,128,126.0,130.0,135.0,118.14,12.3,132.0,119.29,2,1,1,1,1,2,5,1,1,2,1,4,3,3,9,3,8,34,15,1,1,41,10,9,10,11,10,38,12,9,2,1,0,Watch
2024-11-14,Thursday,4,46,11,Post_Monsoon,0,0,0,0,0,1,0,0.3,22.0,16.2,50.8,,0,0,0,89,10,10,8,7,117,128.0,126.0,119.0,117.14,11.12,119.0,119.0,2,1,1,1,1,2,5,1,1,1,1,4,3,2,9,2,5,24,12,1,1,47,9,6,9,10,5,31,11,8,2,1,0,Watch
2024-11-15,Friday,5,46,11,Post_Monsoon,0,0,0,0,0,0,0,0.0,24.2,14.9,54.0,,0,0,0,80,20,4,7,6,111,117.0,128.0,114.0,116.86,11.09,110.0,118.86,2,1,1,1,1,2,4,1,1,1,1,4,3,3,11,4,9,38,16,1,1,48,11,7,10,12,8,35,20,7,2,3,0,High
2024-11-16,Saturday,6,46,11,Post_Monsoon,1,0,0,0,0,0,0,0.0,24.3,15.0,55.4,,0,0,0,80,10,6,10,7,106,111.0,117.0,102.0,116.43,11.25,106.0,118.93,2,1,1,1,1,2,4,1,1,1,1,4,3,2,8,2,5,23,11,1,1,44,11,4,7,9,5,23,15,10,2,1,0,Watch
2024-11-17,Sunday,7,46,11,Post_Monsoon,1,0,0,0,0,0,0,0.1,23.8,15.8,55.9,,0,0,0,63,15,5,10,5,93,106.0,111.0,101.0,117.0,10.58,96.0,118.93,2,1,1,1,1,2,4,1,1,1,1,3,3,2,10,3,7,29,14,1,1,45,9,8,13,11,8,37,12,10,2,1,0,Watch
2024-11-18,Monday,1,47,11,Post_Monsoon,0,0,0,0,0,0,0,1.4,24.3,18.0,54.3,,0,0,0,93,15,6,8,7,122,93.0,106.0,130.0,115.86,12.51,135.0,118.71,2,1,1,1,1,2,5,1,1,2,1,4,3,3,10,3,7,32,15,1,1,32,12,11,9,12,8,43,18,11,2,1,0,Watch
2024-11-19,Tuesday,2,47,11,Post_Monsoon,0,0,0,0,0,1,0,2.4,19.9,12.1,54.0,,0,0,0,95,20,11,7,9,133,122.0,93.0,126.0,114.71,11.49,145.0,117.79,2,1,1,1,1,2,5,1,1,2,1,5,4,3,12,4,9,40,17,1,1,40,12,8,15,13,6,38,17,8,2,2,0,Watch
2024-11-20,Wednesday,3,47,11,Post_Monsoon,0,0,0,1,0,0,1,0.0,23.1,15.7,53.5,,0,0,0,98,16,6,12,8,132,133.0,122.0,128.0,115.71,12.67,135.0,116.93,2,1,1,1,1,2,5,1,1,2,1,5,4,3,11,3,8,34,15,1,1,42,12,8,9,11,9,35,13,8,2,2,0,Watch
2024-11-21,Thursday,4,47,11,Post_Monsoon,0,0,0,0,0,1,0,0.7,20.6,13.7,54.8,,0,0,0,87,13,10,7,7,117,132.0,133.0,117.0,116.29,13.28,119.0,116.71,2,1,1,1,1,2,5,1,1,1,1,4,3,3,10,3,6,29,14,1,1,48,12,10,13,10,6,28,17,11,2,1,0,Watch
2024-11-22,Friday,5,47,11,Post_Monsoon,0,0,0,0,0,0,0,0.0,23.6,15.1,61.3,,0,0,0,81,16,6,6,7,109,117.0,132.0,111.0,116.29,13.28,114.0,116.57,2,1,1,1,1,2,4,1,1,1,1,4,3,3,9,3,8,33,14,1,1,45,15,5,10,11,10,41,18,9,2,0,0,Normal
2024-11-23,Saturday,6,47,11,Post_Monsoon,1,0,0,0,0,0,0,1.2,22.6,13.2,54.7,,0,0,0,77,17,4,10,6,108,109.0,117.0,106.0,116.0,13.42,102.0,116.21,2,1,1,1,1,2,4,1,1,1,1,4,3,3,10,4,8,34,15,1,1,42,11,8,12,12,10,36,14,12,2,1,0,Watch
2024-11-24,Sunday,7,47,11,Post_Monsoon,1,0,0,0,0,0,0,0.2,21.7,13.3,53.7,,0,0,0,75,10,5,12,5,102,108.0,109.0,93.0,116.29,13.22,101.0,116.64,2,1,1,1,1,2,4,1,1,1,1,3,3,2,9,2,5,23,11,1,1,40,12,10,8,10,5,26,11,10,2,1,0,Watch
2024-11-25,Monday,1,48,11,Post_Monsoon,0,0,0,0,0,0,0,1.5,23.8,14.6,44.2,,0,0,0,98,14,4,8,6,124,102.0,108.0,122.0,117.57,11.17,130.0,116.71,2,1,1,1,1,2,5,1,1,2,1,4,3,2,9,3,7,31,14,1,1,44,12,8,9,12,8,43,16,9,2,0,0,Normal
2024-11-26,Tuesday,2,48,11,Post_Monsoon,0,0,0,0,0,1,0,0.0,23.3,14.9,57.7,,0,0,0,84,16,9,8,7,117,124.0,102.0,133.0,117.86,11.31,126.0,116.29,2,1,1,1,1,2,5,1,1,1,1,4,3,3,11,3,8,33,15,1,1,42,11,12,11,12,6,30,18,9,2,2,0,Watch
2024-11-27,Wednesday,3,48,11,Post_Monsoon,0,0,0,1,0,0,1,1.0,22.0,13.1,53.1,,0,0,0,100,13,6,14,9,133,117.0,124.0,132.0,115.57,9.48,128.0,115.64,2,1,1,1,1,2,5,1,1,2,1,5,4,3,11,3,6,30,14,1,1,38,11,6,11,10,7,32,17,8,2,0,0,Normal
2024-11-28,Thursday,4,48,11,Post_Monsoon,0,0,0,0,0,1,0,1.1,25.0,14.5,55.8,,0,0,0,87,18,11,4,6,120,133.0,117.0,117.0,115.71,9.74,117.0,116.0,2,1,1,1,1,2,5,1,1,1,1,4,2,3,11,4,9,36,16,1,1,45,11,7,14,13,10,42,19,12,2,0,0,Normal
2024-11-29,Friday,5,48,11,Post_Monsoon,0,0,0,0,0,0,0,0.0,23.4,16.7,57.7,,0,0,0,86,17,6,8,8,117,120.0,133.0,109.0,116.14,9.85,111.0,116.21,2,1,1,1,1,2,5,1,1,1,1,5,3,3,10,4,8,35,16,1,1,49,13,10,12,12,7,38,20,9,3,1,0,Watch
2024-11-30,Saturday,6,48,11,Post_Monsoon,1,0,0,0,0,0,0,0.8,18.4,9.9,48.6,,0,0,0,81,16,5,8,7,110,117.0,120.0,108.0,117.29,9.41,106.0,116.64,2,1,1,1,1,2,4,1,1,1,1,4,3,3,10,3,8,33,14,1,1,45,12,6,11,12,8,41,13,11,2,1,0,Watch
2024-12-01,Sunday,7,48,12,Winter,1,0,0,0,0,0,0,0.0,23.5,15.7,46.7,,0,0,0,78,17,4,9,6,108,110.0,117.0,102.0,117.57,9.15,93.0,116.93,2,1,1,1,1,2,4,1,1,1,1,4,3,3,10,4,8,34,15,1,1,45,15,11,10,12,8,34,14,9,2,1,0,Watch
2024-12-02,Monday,1,49,12,Winter,0,0,0,0,0,0,0,0.4,20.3,12.7,60.4,,0,0,0,92,15,6,9,6,122,108.0,110.0,124.0,118.43,7.84,122.0,118.0,2,1,1,1,1,2,5,1,1,2,1,4,3,2,10,3,7,32,15,1,1,47,8,10,12,10,7,31,21,9,2,1,0,Watch
2024-12-03,Tuesday,2,49,12,Winter,0,0,0,0,0,1,0,0.0,23.7,16.7,53.1,,0,0,0,93,20,10,4,7,127,122.0,108.0,117.0,118.14,7.66,133.0,118.0,2,1,1,1,1,2,5,1,1,2,1,4,3,3,11,4,9,40,17,1,1,45,11,5,13,12,7,38,16,8,2,3,0,High
2024-12-04,Wednesday,3,49,12,Winter,0,0,0,1,0,0,1,0.0,22.7,14.5,54.4,Mass_Casualty,4,1,6,106,12,6,77,21,201,127.0,122.0,133.0,119.57,8.23,132.0,117.57,2,1,5,1,1,3,8,1,1,2,4,12,15,8,29,3,6,29,22,4,3,42,9,8,33,11,5,32,26,11,1,3,0,High
2024-12-05,Thursday,4,49,12,Winter,0,0,0,0,1,1,0,0.1,22.1,14.3,56.0,,0,0,0,89,14,14,8,8,125,201.0,127.0,120.0,129.29,29.91,117.0,122.5,2,1,1,1,1,2,5,1,1,2,1,5,3,3,11,3,7,30,14,1,1,43,9,10,12,11,5,39,19,5,2,1,0,Watch
2024-12-06,Friday,5,49,12,Winter,0,0,0,0,1,0,0,0.0,21.7,13.4,55.6,,0,0,0,88,17,8,5,6,118,125.0,201.0,117.0,130.0,29.74,109.0,123.07,2,1,1,1,1,2,5,1,1,1,1,4,3,3,10,4,8,35,16,1,1,45,9,9,13,13,8,45,20,4,2,0,0,Normal
2024-12-07,Saturday,6,49,12,Winter,1,0,0,0,0,0,0,0.0,22.7,15.1,46.7,,0,0,0,73,15,5,12,7,105,118.0,125.0,110.0,130.14,29.68,108.0,123.71,2,1,1,1,1,2,4,1,1,1,1,4,4,3,11,3,7,30,14,1,1,42,7,9,10,11,6,31,11,9,2,3,0,High
2024-12-08,Sunday,7,49,12,Winter,1,0,0,0,0,0,0,0.0,20.5,13.5,47.5,,0,0,0,67,13,7,16,7,103,105.0,118.0,108.0,129.43,30.21,102.0,123.5,2,1,1,1,1,2,4,1,1,1,1,4,4,3,12,3,6,27,13,1,1,46,11,5,12,10,8,32,17,8,2,0,0,Normal
2024-12-09,Monday,1,50,12,Winter,0,0,0,0,0,0,0,0.0,20.0,12.6,52.3,,0,0,0,95,15,5,6,6,121,103.0,105.0,122.0,128.71,30.77,124.0,123.57,2,1,1,1,1,2,5,1,1,2,1,4,3,2,9,3,7,32,15,1,1,43,13,11,11,11,6,31,19,9,2,2,0,Watch
2024-12-10,Tuesday,2,50,12,Winter,0,0,0,0,0,1,0,0.0,20.4,13.2,48.7,,0,0,0,93,12,10,6,7,121,121.0,103.0,127.0,128.57,30.8,117.0,123.36,2,1,1,1,1,2,5,1,1,2,1,4,3,2,9,3,6,28,13,1,1,37,9,8,10,12,4,26,10,8,2,3,0,High
2024-12-11,Wednesday,3,50,12,Winter,0,0,0,1,0,0,1,0.0,21.4,13.5,60.5,,0,0,0,98,18,7,13,9,136,121.0,121.0,201.0,127.71,30.91,133.0,123.64,2,1,1,1,1,2,5,1,1,2,1,5,4,3,12,4,9,37,16,1,1,54,11,5,14,12,10,38,17,8,2,0,0,Normal
2024-12-12,Thursday,4,50,12,Winter,0,0,0,0,0,1,0,0.0,27.0,19.2,41.5,,0,0,0,87,16,12,5,6,120,136.0,121.0,125.0,118.43,10.58,120.0,123.86,2,1,1,1,1,2,5,1,1,1,1,4,3,2,11,3,8,33,15,1,1,41,10,10,11,11,6,43,19,9,2,1,0,Watch
2024-12-13,Friday,5,50,12,Winter,0,0,0,0,0,0,0,0.0,25.0,17.1,51.4,,0,0,0,88,16,8,9,7,121,120.0,136.0,118.0,117.71,10.28,117.0,123.86,2,1,1,1,1,2,5,1,1,2,1,4,3,3,11,3,8,33,15,1,1,43,14,8,13,10,7,45,21,8,2,1,0,Watch
2024-12-14,Saturday,6,50,12,Winter,1,0,0,0,0,0,0,0.0,26.7,19.0,54.2,,0,0,0,79,22,7,12,7,120,121.0,120.0,105.0,118.14,10.34,110.0,124.14,2,1,1,1,1,2,5,1,1,1,1,4,4,3,14,4,10,41,18,2,1,34,12,6,12,13,8,42,16,10,2,3,0,High
2024-12-15,Sunday,7,50,12,Winter,1,0,0,0,0,0,0,0.3,22.3,15.5,53.5,,0,0,0,78,17,7,10,7,112,120.0,121.0,103.0,120.29,8.84,108.0,124.86,2,1,1,1,1,2,4,1,1,1,1,4,3,3,11,4,8,34,15,1,1,42,11,8,11,11,8,47,19,8,1,0,0,Normal
2024-12-16,Monday,1,51,12,Winter,0,0,0,0,0,0,0,0.0,20.2,12.7,58.2,,0,0,0,94,11,6,5,5,116,112.0,120.0,121.0,121.57,6.61,122.0,125.14,2,1,1,1,1,2,5,1,1,1,1,3,2,2,7,2,5,26,13,1,1,48,9,8,8,10,4,25,17,8,2,2,0,Watch
2024-12-17,Tuesday,2,51,12,Winter,0,0,0,0,0,1,0,1.6,24.5,19.4,61.1,,0,0,0,95,19,11,9,9,134,116.0,112.0,121.0,120.86,6.9,127.0,124.71,2,1,1,1,1,2,5,1,1,2,1,5,4,3,13,4,9,38,17,1,1,41,12,8,13,11,7,43,19,3,2,1,0,Watch
2024-12-18,Wednesday,3,51,12,Winter,0,0,0,1,0,0,1,0.4,19.1,11.2,60.8,,0,0,0,106,20,7,11,7,144,134.0,116.0,136.0,122.71,8.29,201.0,125.21,2,1,1,1,1,2,6,1,1,2,1,4,4,3,13,4,9,41,18,1,1,40,9,8,13,13,9,45,19,9,2,0,0,Normal
2024-12-19,Thursday,4,51,12,Winter,0,0,0,0,0,1,0,0.0,20.8,11.2,54.8,,0,0,0,85,19,9,6,6,119,144.0,134.0,120.0,123.86,10.34,125.0,121.14,2,1,1,1,1,2,5,1,1,1,1,4,3,3,11,4,9,37,17,1,1,34,11,8,14,13,8,45,23,12,2,1,0,Watch
2024-12-20,Friday,5,51,12,Winter,0,0,0,0,0,0,0,0.1,22.4,15.3,51.4,,0,0,0,86,15,7,3,6,111,119.0,144.0,121.0,123.71,10.4,118.0,120.71,2,1,1,1,1,2,4,1,1,1,1,4,2,2,8,3,7,32,14,1,1,35,10,9,10,11,7,38,17,8,2,0,0,Normal
2024-12-21,Saturday,6,51,12,Winter,1,0,0,0,0,0,0,0.0,20.8,13.6,59.2,,0,0,0,79,17,6,13,8,115,111.0,119.0,120.0,122.29,11.32,105.0,120.21,2,1,1,1,1,2,5,1,1,1,1,5,4,3,12,4,8,34,16,1,1,36,8,14,15,12,8,40,17,7,2,0,0,Normal
2024-12-22,Sunday,7,51,12,Winter,1,0,0,0,0,0,0,0.0,21.2,14.4,59.8,,0,0,0,69,19,7,11,9,106,115.0,111.0,112.0,121.57,11.6,103.0,120.93,2,1,1,1,1,2,4,1,1,1,1,5,4,3,12,4,9,36,16,1,1,33,8,7,15,12,9,43,17,9,2,0,0,Normal
2024-12-23,Monday,1,52,12,Winter,0,0,0,0,0,0,0,0.0,19.8,10.9,58.6,,0,0,0,96,17,6,7,6,126,106.0,115.0,116.0,120.71,12.46,121.0,121.14,2,1,1,1,1,2,5,1,1,2,1,4,3,3,10,4,8,36,16,1,1,43,9,9,11,13,8,44,21,9,2,0,0,Normal
2024-12-24,Tuesday,2,52,12,Winter,0,0,0,0,0,1,0,0.0,24.3,14.8,54.3,,0,0,0,95,20,10,7,7,132,126.0,106.0,134.0,122.14,12.41,121.0,121.5,2,1,1,1,1,2,5,1,1,2,1,4,3,3,12,4,9,40,17,1,1,38,14,8,15,13,8,40,24,10,2,1,0,Watch
2024-12-25,Wednesday,3,52,12,Winter,0,1,0,1,0,0,2,0.0,22.4,14.0,56.8,,0,0,0,97,18,8,14,7,137,132.0,126.0,144.0,121.86,12.16,136.0,122.29,2,1,1,1,1,2,5,1,1,2,1,4,4,3,13,4,9,37,16,2,1,43,11,7,13,13,10,44,22,6,2,0,0,Normal
2024-12-26,Thursday,4,52,12,Winter,0,0,0,0,0,1,0,0.0,25.6,17.0,51.6,,0,0,0,91,15,11,6,8,123,137.0,132.0,119.0,120.86,10.47,120.0,122.36,2,1,1,1,1,2,5,1,1,2,1,5,3,3,10,3,7,32,15,1,1,34,11,6,8,12,8,31,13,8,2,3,0,High
2024-12-27,Friday,5,52,12,Winter,0,0,0,0,1,0,0,0.0,23.6,16.2,51.2,,0,0,0,87,14,9,7,9,117,123.0,137.0,111.0,121.43,10.46,121.0,122.57,2,1,1,1,1,2,5,1,1,1,1,5,4,3,10,3,7,30,14,1,1,43,12,7,10,11,7,31,20,9,2,0,0,Normal
2024-12-28,Saturday,6,52,12,Winter,1,0,0,0,0,0,0,0.8,23.1,16.5,54.9,,0,0,0,75,15,7,9,7,106,117.0,123.0,115.0,122.29,9.79,120.0,122.29,2,1,1,1,1,2,4,1,1,1,1,4,3,3,10,3,7,30,14,1,1,41,11,7,10,11,8,39,11,9,3,1,0,Watch
2024-12-29,Sunday,7,52,12,Winter,1,0,0,0,0,0,0,0.7,19.8,11.8,57.4,,0,0,0,79,17,7,10,7,113,106.0,117.0,106.0,121.0,11.16,112.0,121.29,2,1,1,1,1,2,5,1,1,1,1,4,3,3,11,4,8,34,16,1,1,35,11,8,11,13,6,32,15,9,2,3,0,High
2024-12-30,Monday,1,1,12,Winter,0,0,0,0,0,0,0,0.0,20.7,12.4,53.2,,0,0,0,93,13,7,7,6,120,113.0,106.0,126.0,122.0,10.03,116.0,121.36,2,1,1,1,1,2,5,1,1,1,1,4,3,2,9,3,6,29,14,1,1,41,11,10,8,11,6,28,14,9,2,2,0,Watch
2024-12-31,Tuesday,2,1,12,Winter,0,0,0,0,0,1,0,0.0,23.0,14.2,51.0,,0,0,0,94,15,11,8,7,128,120.0,113.0,132.0,121.14,9.91,134.0,121.64,2,1,1,1,1,2,5,1,1,2,1,4,3,3,11,3,7,32,15,1,1,41,14,8,10,12,5,44,14,7,2,3,0,High
2025-01-01,Wednesday,3,1,1,Winter,0,0,0,1,0,0,1,0.0,23.4,14.4,53.8,,0,0,0,96,14,6,12,7,128,128.0,120.0,137.0,120.57,9.36,144.0,121.21,2,1,1,1,1,2,5,1,1,2,1,4,4,3,10,3,7,31,14,1,1,35,11,8,10,11,7,37,12,8,2,1,0,Watch
2025-01-02,Thursday,4,1,1,Winter,0,0,0,0,0,1,0,0.0,22.4,14.1,61.3,,0,0,0,89,17,12,6,6,124,128.0,128.0,123.0,119.29,7.44,119.0,120.07,2,1,1,1,1,2,5,1,1,2,1,4,3,3,11,4,8,35,16,1,1,37,9,8,11,13,9,40,16,8,2,0,0,Normal
2025-01-03,Friday,5,1,1,Winter,0,0,0,0,0,0,0,0.0,19.7,10.5,57.1,,0,0,0,88,14,5,7,6,114,124.0,128.0,117.0,119.43,7.52,111.0,120.43,2,1,1,1,1,2,5,1,1,1,1,4,3,2,9,3,7,30,14,1,1,43,12,8,10,11,5,39,16,8,2,1,0,Watch
2025-01-04,Saturday,6,1,1,Winter,1,0,0,0,0,0,0,2.6,25.5,17.6,51.4,,0,0,0,81,14,7,12,8,114,114.0,124.0,106.0,119.0,7.73,115.0,120.64,2,1,1,1,1,2,5,1,1,1,1,5,4,3,11,3,7,30,14,1,1,39,11,8,10,10,6,36,12,9,2,3,0,High
2025-01-05,Sunday,7,1,1,Winter,1,0,0,0,0,0,0,0.0,22.8,13.5,59.2,,0,0,0,75,21,6,11,7,113,114.0,114.0,113.0,120.14,6.15,106.0,120.57,2,1,1,1,1,2,5,1,1,1,1,4,4,3,13,4,10,39,18,1,1,40,11,11,16,12,12,44,16,7,2,1,0,Watch
2025-01-06,Monday,1,2,1,Winter,0,0,0,0,1,0,0,0.0,22.5,13.2,58.4,,0,0,0,102,15,11,7,5,135,113.0,114.0,120.0,120.14,6.15,126.0,121.07,2,1,1,1,1,2,5,1,1,2,1,3,3,2,11,3,7,33,15,1,1,40,11,12,13,11,7,31,19,9,2,1,0,Watch
2025-01-07,Tuesday,2,2,1,Winter,0,0,0,0,0,1,0,0.0,25.1,17.1,53.7,,0,0,0,93,16,11,6,8,126,135.0,113.0,128.0,122.29,8.05,132.0,121.71,2,1,1,1,1,2,5,1,1,2,1,5,3,3,11,3,8,34,15,1,1,37,11,8,13,10,6,44,13,8,2,2,0,Watch
2025-01-08,Wednesday,3,2,1,Winter,0,0,0,1,0,0,1,1.1,22.8,14.3,50.1,,0,0,0,106,20,8,12,7,146,126.0,135.0,128.0,122.0,7.87,137.0,121.29,2,1,1,1,1,2,6,1,1,2,1,4,4,3,13,4,9,41,18,1,1,40,11,10,13,12,8,53,23,12,2,1,0,Watch
2025-01-09,Thursday,4,2,1,Winter,0,0,0,0,0,1,0,0.0,20.3,11.5,45.8,,0,0,0,88,14,13,5,6,120,146.0,126.0,124.0,124.57,11.51,123.0,121.93,2,1,1,1,1,2,5,1,1,1,1,4,3,2,10,3,7,30,14,1,1,45,8,9,10,11,7,30,16,8,2,0,0,Normal
2025-01-10,Friday,5,2,1,Winter,0,0,0,0,0,0,0,0.0,22.7,13.7,48.7,,0,0,0,85,12,7,6,5,110,120.0,146.0,114.0,124.0,11.63,117.0,121.71,2,1,1,1,1,2,4,1,1,1,1,3,2,2,8,3,6,27,12,1,1,42,11,9,7,12,5,37,9,11,2,3,0,High
2025-01-11,Saturday,6,2,1,Winter,1,0,0,0,0,0,0,0.9,23.1,14.1,50.2,,0,0,0,82,15,7,9,6,113,110.0,120.0,114.0,123.43,12.19,106.0,121.21,2,1,1,1,1,2,5,1,1,1,1,4,3,2,10,3,7,31,15,1,1,44,11,9,11,11,7,29,20,9,2,1,0,Watch
2025-01-12,Sunday,7,2,1,Winter,1,0,0,0,0,0,0,0.4,23.1,13.3,50.3,,0,0,0,78,19,7,13,8,117,113.0,110.0,113.0,123.29,12.3,113.0,121.71,2,1,1,1,1,2,5,1,1,1,1,5,4,3,13,4,9,37,17,1,1,43,11,10,11,13,11,46,23,8,2,1,0,Watch
2025-01-13,Monday,1,3,1,Winter,0,0,0,0,0,0,0,0.0,20.8,12.9,53.9,,0,0,0,100,15,8,5,7,128,117.0,113.0,135.0,123.86,11.9,120.0,122.0,2,1,1,1,1,2,5,1,1,2,1,4,3,3,9,3,7,33,15,1,1,44,11,5,8,11,6,37,14,9,2,3,0,High
2025-01-14,Tuesday,2,3,1,Winter,0,0,0,0,0,1,0,0.0,22.4,13.4,57.1,Respiratory,4,1,5,115,44,13,7,11,179,128.0,117.0,126.0,122.86,11.19,128.0,122.57,3,2,1,1,1,2,7,1,1,2,1,7,4,8,21,8,38,78,49,11,1,36,11,8,27,15,35,101,48,9,2,3,0,High
2025-01-15,Wednesday,3,3,1,Winter,0,0,0,1,0,0,1,0.0,20.6,12.0,50.0,Respiratory,4,1,6,127,45,6,13,11,191,179.0,128.0,146.0,130.43,22.73,128.0,126.21,3,2,1,1,1,3,7,1,1,2,1,7,5,8,22,9,39,81,51,12,1,36,11,8,28,16,42,89,58,9,2,1,0,High
2025-01-16,Thursday,4,3,1,Winter,0,0,0,0,0,1,0,0.0,22.8,14.5,46.8,Respiratory,4,1,7,109,47,9,10,9,175,191.0,179.0,120.0,136.86,31.06,124.0,130.71,2,2,1,1,1,2,7,1,1,2,1,5,4,7,22,9,40,82,52,12,1,37,11,8,25,16,44,79,67,11,2,2,0,High
2025-01-17,Friday,5,3,1,Winter,0,0,0,0,0,0,0,0.0,20.7,12.3,59.0,Respiratory,4,1,5,109,46,6,4,9,165,175.0,191.0,110.0,144.71,32.72,114.0,134.36,2,2,1,1,1,2,6,1,1,2,1,5,3,7,19,9,40,80,50,12,1,39,10,8,24,15,46,88,61,9,2,1,0,High
2025-01-18,Saturday,6,3,1,Winter,1,0,0,0,0,0,0,0.2,22.6,13.3,58.8,Respiratory,4,1,5,103,47,7,14,11,171,165.0,175.0,113.0,152.57,29.92,114.0,138.0,2,2,1,1,1,2,7,1,1,2,1,7,5,8,23,9,40,81,52,12,1,45,12,8,21,19,47,103,45,11,2,3,0,High
2025-01-19,Sunday,7,3,1,Winter,1,0,0,0,0,0,0,0.0,21.1,12.3,56.6,Respiratory,4,1,6,96,47,6,12,9,161,171.0,165.0,117.0,160.86,25.53,113.0,142.07,2,2,1,1,1,2,6,1,1,2,1,5,4,7,22,9,40,81,51,12,1,37,11,6,23,20,33,89,49,9,2,4,0,High
2025-01-20,Monday,1,4,1,Winter,0,0,0,0,0,0,0,0.0,21.2,10.9,60.5,Respiratory,4,1,6,118,46,5,7,9,176,161.0,171.0,128.0,167.14,18.36,135.0,145.5,3,2,1,1,1,2,7,1,1,2,1,5,4,7,20,9,40,81,51,12,1,48,11,7,21,17,32,96,67,8,2,2,0,High
2025-01-21,Tuesday,2,4,1,Winter,0,0,0,0,1,1,0,0.0,23.3,12.3,58.0,Respiratory,4,1,7,119,46,15,8,11,188,176.0,161.0,179.0,174.0,9.09,126.0,148.43,3,2,1,1,1,3,7,1,1,2,1,7,4,8,23,9,40,81,52,12,1,45,11,9,21,16,52,78,75,8,3,3,0,High
2025-01-22,Wednesday,3,4,1,Winter,0,0,0,1,0,0,1,0.0,24.0,17.2,51.9,Respiratory,4,1,6,125,45,7,12,9,189,188.0,176.0,191.0,175.29,10.26,146.0,152.86,3,2,1,1,1,3,7,1,1,2,1,5,4,7,22,9,39,80,51,12,1,38,8,9,23,15,29,101,47,8,2,3,0,High
2025-01-23,Thursday,4,4,1,Winter,0,0,0,0,0,1,0,0.0,24.5,13.9,52.2,Respiratory,4,1,5,108,44,12,8,11,172,189.0,188.0,175.0,175.0,9.84,120.0,155.93,2,2,1,1,1,2,7,1,1,2,1,7,4,8,21,8,38,77,49,11,1,47,10,11,26,15,41,101,64,10,2,1,0,High
2025-01-24,Friday,5,4,1,Winter,0,0,0,0,0,0,0,0.0,20.4,14.2,59.3,Respiratory,4,1,6,110,47,8,5,8,170,172.0,189.0,165.0,174.57,9.9,110.0,159.64,2,2,1,1,1,2,7,1,1,2,1,5,3,7,20,9,40,82,52,12,1,42,10,8,26,15,49,90,66,8,2,1,0,High
2025-01-25,Saturday,6,4,1,Winter,1,0,0,0,0,0,0,0.0,23.4,14.8,53.0,Respiratory,4,1,6,103,42,7,12,10,164,170.0,172.0,171.0,175.29,9.35,113.0,163.93,2,2,1,1,1,2,6,1,1,2,1,6,4,7,21,8,36,74,46,11,1,37,8,9,24,19,34,98,40,10,2,3,0,High
2025-01-26,Sunday,7,4,1,Winter,1,1,0,0,0,0,1,0.0,22.7,12.4,53.7,Respiratory,4,1,7,98,44,7,12,10,161,164.0,170.0,161.0,174.29,10.1,117.0,167.57,2,2,1,1,1,2,6,1,1,2,1,6,4,7,21,8,38,76,48,12,1,46,11,6,27,18,45,89,50,11,2,2,0,High
2025-01-27,Monday,1,5,1,Winter,0,0,0,0,0,0,0,0.0,22.7,17.4,46.4,Respiratory,4,1,5,118,47,7,8,11,180,161.0,164.0,176.0,174.29,10.1,128.0,170.71,3,2,1,1,1,2,7,1,1,2,1,7,4,8,21,9,40,83,52,12,1,42,9,7,24,20,39,92,43,8,2,4,0,High
2025-01-28,Tuesday,2,5,1,Winter,0,0,0,0,1,1,0,0.0,22.3,14.3,55.7,Respiratory,4,1,5,122,46,13,6,10,187,180.0,161.0,188.0,174.86,10.29,179.0,174.43,3,2,1,1,1,3,7,1,1,2,1,6,4,7,22,9,40,82,52,12,1,40,11,8,28,15,33,104,42,8,2,3,0,High
2025-01-29,Wednesday,3,5,1,Winter,0,0,0,1,1,0,1,0.0,23.6,16.7,48.1,Respiratory,4,1,6,130,47,9,11,13,197,187.0,180.0,189.0,174.71,10.11,191.0,175.0,3,2,1,1,1,3,8,1,1,2,1,8,5,8,22,9,40,84,54,12,1,42,10,7,29,20,47,83,58,7,2,3,0,High
2025-01-30,Thursday,4,5,1,Winter,0,0,0,0,0,1,0,0.0,23.4,15.3,60.1,Respiratory,4,1,7,116,47,11,6,9,180,197.0,187.0,172.0,175.86,11.95,175.0,175.43,3,2,1,1,1,2,7,1,1,2,1,5,3,7,21,9,40,83,52,12,1,45,13,8,19,17,40,92,64,8,2,2,0,High
2025-01-31,Friday,5,5,1,Winter,0,0,0,0,0,0,0,0.0,23.9,14.4,49.7,Respiratory,4,1,6,108,42,8,7,9,165,180.0,197.0,170.0,177.0,11.9,165.0,175.79,2,2,1,1,1,2,6,1,1,2,1,5,4,7,19,8,36,74,46,11,1,42,11,8,24,14,44,78,58,9,2,1,0,High
2025-02-01,Saturday,6,5,2,Winter,1,0,0,0,0,0,0,0.0,23.3,14.4,50.5,Respiratory,4,1,5,103,45,7,11,10,166,165.0,180.0,164.0,176.29,12.44,171.0,175.79,2,2,1,1,1,2,6,1,1,2,1,6,4,7,21,9,39,78,49,12,1,46,11,8,21,18,44,73,42,7,2,3,0,High
2025-02-02,Sunday,7,5,2,Winter,1,0,0,0,0,0,0,0.8,22.3,13.0,46.2,Respiratory,4,1,6,95,42,10,11,11,158,166.0,165.0,161.0,176.57,12.18,161.0,175.43,2,2,1,1,1,2,6,1,1,2,1,7,5,7,21,8,36,73,46,11,1,41,11,6,27,18,44,87,47,12,2,1,0,High
2025-02-03,Monday,1,6,2,Winter,0,0,0,0,1,0,0,0.0,25.2,16.0,55.2,Respiratory,4,1,5,123,46,10,7,11,186,158.0,166.0,180.0,176.14,12.76,176.0,175.21,3,2,1,1,1,3,7,1,1,2,1,7,4,8,21,9,40,82,52,12,1,36,11,6,28,20,50,107,56,9,2,2,0,High
2025-02-04,Tuesday,2,6,2,Winter,0,0,0,0,0,1,0,0.0,26.8,20.2,55.7,Respiratory,4,1,6,119,46,11,10,10,186,186.0,158.0,187.0,177.0,13.18,188.0,175.93,3,2,1,1,1,3,7,1,1,2,1,6,4,7,22,9,40,81,52,12,1,45,12,8,28,19,31,99,67,13,2,1,0,High
2025-02-05,Wednesday,3,6,2,Winter,0,0,0,1,0,0,1,0.2,24.0,17.3,50.5,Respiratory,4,1,5,125,42,8,12,9,187,186.0,186.0,197.0,176.86,13.08,189.0,175.79,3,2,1,1,1,3,7,1,1,2,1,5,4,7,21,8,36,76,48,11,1,42,11,10,27,14,33,72,50,9,2,3,0,High
2025-02-06,Thursday,4,6,2,Winter,0,0,0,0,0,1,0,0.0,23.1,14.5,55.3,Respiratory,4,1,6,114,48,12,7,12,181,187.0,186.0,180.0,175.43,11.21,172.0,175.64,3,2,1,1,1,3,7,1,1,2,1,7,4,8,22,9,41,84,54,12,1,38,11,6,26,17,50,102,50,9,2,3,0,High
2025-02-07,Friday,5,6,2,Winter,0,0,0,0,0,0,0,0.0,22.6,14.0,55.7,Respiratory,4,1,5,110,47,8,6,9,171,181.0,187.0,165.0,175.57,11.27,170.0,176.29,2,2,1,1,1,2,7,1,1,2,1,5,3,7,21,9,40,82,52,12,1,44,13,8,27,19,49,84,69,9,2,1,0,High
2025-02-08,Saturday,6,6,2,Winter,1,0,0,0,0,0,0,0.0,25.2,17.6,49.5,,0,0,0,87,20,7,15,9,129,171.0,181.0,166.0,176.43,10.65,164.0,176.36,2,1,1,1,1,2,5,1,1,2,1,5,5,3,14,4,9,39,17,2,1,43,12,9,18,11,8,47,13,7,2,2,0,Watch
2025-02-09,Sunday,7,6,2,Winter,1,0,0,0,0,0,0,0.0,24.6,16.6,50.0,,0,0,0,82,19,7,10,5,118,129.0,171.0,158.0,171.14,19.78,161.0,173.86,2,1,1,1,1,2,5,1,1,1,1,3,3,2,12,4,9,37,17,1,1,44,8,7,13,12,12,34,22,16,2,1,0,Watch
2025-02-10,Monday,1,7,2,Winter,0,0,0,0,0,0,0,0.7,24.1,15.1,51.8,,0,0,0,100,22,7,7,7,136,118.0,129.0,186.0,165.43,27.15,180.0,170.79,2,1,1,1,1,2,5,1,1,2,1,4,3,3,12,4,10,43,18,1,1,34,9,6,15,11,10,54,19,9,2,0,0,Normal
2025-02-11,Tuesday,2,7,2,Winter,0,0,0,0,0,1,0,0.0,27.9,19.7,55.8,,0,0,0,100,16,13,5,8,134,136.0,118.0,186.0,158.29,27.38,187.0,167.64,2,1,1,1,1,2,5,1,1,2,1,5,3,3,11,3,8,34,15,1,1,37,10,9,12,10,8,38,17,9,2,0,0,Normal
2025-02-12,Wednesday,3,7,2,Winter,0,0,0,1,0,0,1,0.0,21.9,14.0,49.6,,0,0,0,108,21,7,16,9,152,134.0,136.0,187.0,150.86,25.86,197.0,163.86,2,1,1,1,1,2,6,1,1,2,1,5,5,3,14,4,10,43,19,2,1,44,10,10,14,12,12,53,15,9,2,1,0,Watch
2025-02-13,Thursday,4,7,2,Winter,0,0,0,0,0,1,0,0.0,21.2,15.1,61.0,,0,0,0,95,20,13,6,7,134,152.0,134.0,181.0,145.86,21.39,180.0,160.64,2,1,1,1,1,2,5,1,1,2,1,4,3,3,13,4,9,40,17,1,1,48,14,8,11,12,9,53,19,12,2,1,0,Watch
2025-02-14,Friday,5,7,2,Winter,0,0,0,0,0,0,0,0.0,24.9,16.5,47.3,,0,0,0,95,15,7,6,6,123,134.0,152.0,171.0,139.14,16.0,165.0,157.36,2,1,1,1,1,2,5,1,1,2,1,4,3,2,9,3,7,32,15,1,1,42,11,9,8,10,7,32,21,7,2,1,0,Watch
2025-02-15,Saturday,6,7,2,Winter,1,0,0,0,0,0,0,0.0,22.2,14.9,56.3,,0,0,0,86,17,6,11,8,120,123.0,134.0,129.0,132.29,10.07,166.0,154.36,2,1,1,1,1,2,5,1,1,1,1,5,4,3,11,4,8,35,16,1,1,46,11,8,9,12,6,41,18,9,2,2,0,Watch
2025-02-16,Sunday,7,7,2,Winter,1,0,0,0,0,0,0,0.0,23.8,14.4,59.9,,0,0,0,79,19,9,12,10,119,120.0,123.0,118.0,131.0,10.94,158.0,151.07,2,1,1,1,1,2,5,1,1,1,1,6,4,3,13,4,9,37,17,1,1,49,8,8,15,11,11,37,15,9,2,1,0,Watch
2025-02-17,Monday,1,8,2,Winter,0,0,0,0,0,0,0,0.0,25.3,18.1,59.5,,0,0,0,95,17,8,7,8,127,119.0,120.0,136.0,131.14,10.78,186.0,148.29,2,1,1,1,1,2,5,1,1,2,1,5,3,3,11,4,8,35,16,1,1,44,11,6,11,11,7,44,20,8,2,1,0,Watch
2025-02-18,Tuesday,2,8,2,Winter,0,0,0,0,0,1,0,0.0,26.6,17.5,47.2,,0,0,0,98,13,13,9,8,133,127.0,119.0,134.0,129.86,10.66,186.0,144.07,2,1,1,1,1,2,5,1,1,2,1,5,4,3,11,3,6,30,14,1,1,42,13,10,12,10,7,33,12,9,2,1,0,Watch
2025-02-19,Wednesday,3,8,2,Winter,0,0,0,1,0,0,1,1.1,27.7,21.7,48.7,,0,0,0,107,16,7,13,8,143,133.0,127.0,152.0,129.71,10.61,187.0,140.29,2,1,1,1,1,2,6,1,1,2,1,5,4,3,12,3,8,35,16,1,1,50,11,9,13,12,6,42,18,9,2,1,0,Watch
2025-02-20,Thursday,4,8,2,Winter,0,0,0,0,0,1,0,0.0,24.9,17.7,58.9,,0,0,0,96,18,13,9,6,136,143.0,133.0,134.0,128.43,8.07,181.0,137.14,2,1,1,1,1,2,5,1,1,2,1,4,3,3,13,4,9,37,16,1,1,44,11,10,12,13,11,46,21,9,2,1,0,Watch
2025-02-21,Friday,5,8,2,Winter,0,0,0,0,0,0,0,0.0,24.6,15.7,52.7,,0,0,0,94,20,8,7,7,129,136.0,143.0,123.0,128.71,8.29,171.0,133.93,2,1,1,1,1,2,5,1,1,2,1,4,3,3,12,4,9,40,17,1,1,41,11,7,14,13,8,46,23,7,3,1,0,Watch
2025-02-22,Saturday,6,8,2,Winter,1,0,0,0,0,0,0,0.0,23.3,15.3,56.1,,0,0,0,89,18,7,10,6,124,129.0,136.0,120.0,129.57,7.96,129.0,130.93,2,1,1,1,1,2,5,1,1,2,1,4,3,3,12,4,9,36,16,1,1,47,13,6,10,13,9,37,13,8,2,2,0,Watch
2025-02-23,Sunday,7,8,2,Winter,1,0,0,0,0,0,0,0.0,22.8,14.1,53.3,,0,0,0,83,18,7,12,8,120,124.0,129.0,119.0,130.14,7.38,118.0,130.57,2,1,1,1,1,2,5,1,1,1,1,5,4,3,12,4,9,36,16,1,1,39,11,8,12,11,8,39,20,11,2,1,0,Watch
2025-02-24,Monday,1,9,2,Winter,0,0,0,0,0,0,0,0.0,23.1,14.8,61.0,,0,0,0,101,20,9,6,7,136,120.0,124.0,127.0,130.29,7.17,136.0,130.71,2,1,1,1,1,2,5,1,1,2,1,4,3,3,12,4,9,41,17,1,1,43,11,7,12,11,11,43,18,7,2,0,0,Normal
2025-02-25,Tuesday,2,9,2,Winter,0,0,0,0,0,1,0,0.1,26.7,20.5,49.7,,0,0,0,96,21,14,9,8,140,136.0,120.0,133.0,131.57,7.27,134.0,130.71,2,1,1,1,1,2,5,1,1,2,1,5,4,3,14,4,10,42,18,1,1,53,14,8,12,13,9,44,19,8,3,2,0,Watch
2025-02-26,Wednesday,3,9,2,Winter,0,0,0,1,0,0,1,0.0,23.9,15.5,50.6,,0,0,0,112,17,8,13,9,150,140.0,136.0,143.0,132.57,7.85,152.0,131.14,3,1,1,1,1,2,6,1,1,2,1,5,4,3,12,4,8,37,17,1,1,40,13,8,16,13,8,46,21,8,2,0,0,Normal
2025-02-27,Thursday,4,9,2,Winter,0,0,0,0,0,1,0,0.0,24.2,14.8,45.8,,0,0,0,100,19,14,5,7,138,150.0,140.0,136.0,133.57,9.41,134.0,131.0,2,1,1,1,1,2,5,1,1,2,1,4,3,3,12,4,9,39,17,1,1,51,11,8,13,12,10,49,20,8,2,0,0,Normal
2025-02-28,Friday,5,9,2,Winter,0,0,0,0,0,0,0,0.0,28.2,19.6,48.3,,0,0,0,94,17,7,8,7,126,138.0,150.0,129.0,133.86,9.51,123.0,131.29,2,1,1,1,1,2,5,1,1,2,1,4,3,3,11,4,8,35,16,1,1,42,10,7,14,11,9,39,14,9,2,1,0,Watch
2025-03-01,Saturday,6,9,3,Summer,1,0,0,0,0,0,0,0.0,24.9,15.5,55.6,,0,0,0,84,24,7,12,8,127,126.0,138.0,124.0,133.43,9.78,120.0,131.5,2,1,1,1,1,2,5,1,1,2,1,5,4,3,14,5,11,45,19,2,1,45,11,9,14,13,8,48,20,7,2,1,0,Watch
2025-03-02,Sunday,7,9,3,Summer,1,0,0,0,0,0,0,0.0,26.8,17.4,51.6,,0,0,0,83,17,9,10,7,119,127.0,126.0,120.0,133.86,9.42,119.0,132.0,2,1,1,1,1,2,5,1,1,1,1,4,3,3,12,4,8,34,16,1,1,40,13,9,12,12,8,33,16,10,2,1,0,Watch
2025-03-03,Monday,1,10,3,Summer,0,0,0,0,0,0,0,0.0,25.4,16.5,54.0,,0,0,0,100,15,9,4,7,128,119.0,127.0,136.0,133.71,9.63,127.0,132.0,2,1,1,1,1,2,5,1,1,2,1,4,3,3,9,3,7,33,15,1,1,37,10,9,11,12,9,30,20,9,2,1,0,Watch
2025-03-04,Tuesday,2,10,3,Summer,0,0,0,0,0,1,0,0.0,26.4,20.2,52.4,,0,0,0,99,17,14,8,9,138,128.0,119.0,140.0,132.57,9.77,133.0,132.07,2,1,1,1,1,2,5,1,1,2,1,5,4,3,12,4,8,36,16,1,1,42,11,8,11,13,8,43,18,9,2,1,0,Watch
2025-03-05,Wednesday,3,10,3,Summer,0,0,0,1,0,0,1,0.0,25.3,17.3,50.1,,0,0,0,109,18,8,13,8,148,138.0,128.0,150.0,132.29,9.57,143.0,132.43,2,1,1,1,1,2,6,1,1,2,1,5,4,3,13,4,9,38,17,1,1,42,10,8,14,12,9,47,20,10,2,0,0,Normal
2025-03-06,Thursday,4,10,3,Summer,0,0,0,0,0,1,0,0.0,27.4,19.8,56.5,,0,0,0,94,21,13,5,7,133,148.0,138.0,138.0,132.0,9.06,136.0,132.79,2,1,1,1,1,2,5,1,1,2,1,4,3,3,13,4,10,41,18,1,1,42,12,11,13,12,8,46,24,8,2,1,0,Watch
2025-03-07,Friday,5,10,3,Summer,0,0,1,0,0,0,2,0.0,26.9,19.9,49.7,,0,0,0,106,18,9,16,8,149,133.0,148.0,126.0,131.29,8.75,129.0,132.57,2,1,1,1,1,2,6,1,1,2,1,5,4,3,14,4,9,38,17,2,1,39,11,9,16,13,10,50,20,9,2,0,0,Normal
2025-03-08,Saturday,6,10,3,Summer,1,0,0,0,0,0,0,0.0,24.9,17.5,48.7,,0,0,0,86,15,7,12,8,120,149.0,133.0,127.0,134.57,10.32,124.0,134.0,2,1,1,1,1,2,5,1,1,1,1,5,4,3,11,3,7,32,15,1,1,49,8,4,14,10,7,40,12,11,2,1,0,Watch
2025-03-09,Sunday,7,10,3,Summer,1,0,0,0,0,0,0,0.0,26.2,19.6,50.1,,0,0,0,82,13,8,10,6,113,120.0,149.0,119.0,133.57,11.3,120.0,133.71,2,1,1,1,1,2,5,1,1,1,1,4,3,2,10,3,6,28,14,1,1,40,10,8,12,10,5,25,15,10,2,2,0,Watch
2025-03-10,Monday,1,11,3,Summer,0,0,0,0,0,0,0,2.3,27.2,18.9,51.1,,0,0,0,100,22,8,9,7,139,113.0,120.0,128.0,132.71,12.53,136.0,133.21,2,1,1,1,1,2,5,1,1,2,1,4,3,3,13,4,10,43,18,1,1,41,10,8,13,12,7,54,20,11,2,1,0,Watch
2025-03-11,Tuesday,2,11,3,Summer,0,0,0,0,0,1,0,0.0,29.4,22.5,52.7,,0,0,0,100,16,11,11,8,138,139.0,113.0,138.0,134.29,12.53,140.0,133.43,2,1,1,1,1,2,5,1,1,2,1,5,4,3,12,3,8,34,15,1,1,42,12,9,11,12,9,39,18,10,2,1,0,Watch
2025-03-12,Wednesday,3,11,3,Summer,0,0,1,1,0,0,3,0.0,22.1,13.7,51.5,,0,0,0,115,22,10,21,10,168,138.0,139.0,148.0,134.29,12.53,150.0,133.29,3,1,2,1,1,2,6,1,1,2,1,6,6,4,17,4,10,45,19,2,1,46,11,6,18,12,9,56,16,5,2,2,0,Watch
2025-03-13,Thursday,4,11,3,Summer,0,0,0,0,0,1,0,0.0,26.8,18.2,54.0,,0,0,0,98,24,12,8,10,142,168.0,138.0,133.0,137.14,16.86,138.0,134.57,2,1,1,1,1,2,6,1,1,2,1,6,4,4,14,5,11,46,20,1,1,42,11,12,14,12,12,57,18,9,2,1,0,Watch
2025-03-14,Friday,5,11,3,Summer,0,0,1,0,0,0,1,0.0,25.3,16.1,54.6,,0,0,0,104,19,8,14,8,145,142.0,168.0,149.0,138.43,16.84,126.0,134.86,2,1,1,1,1,2,6,1,1,2,1,5,4,3,13,4,9,39,18,2,1,42,10,8,16,13,11,51,23,8,2,0,0,Normal
2025-03-15,Saturday,6,11,3,Summer,1,0,0,0,0,0,0,0.0,25.5,18.1,56.4,,0,0,0,83,20,8,11,8,122,145.0,142.0,120.0,137.86,16.54,127.0,136.21,2,1,1,1,1,2,5,1,1,2,1,5,4,3,13,4,9,39,17,1,1,42,9,10,12,11,8,44,20,6,1,2,0,Watch
2025-03-16,Sunday,7,11,3,Summer,1,0,1,0,0,0,3,0.0,28.4,20.0,46.9,,0,0,0,84,20,8,22,10,134,122.0,145.0,113.0,138.14,16.24,119.0,135.86,2,1,2,1,1,2,5,1,1,2,1,6,6,3,16,4,9,39,17,2,1,38,10,5,14,12,6,48,22,9,2,2,0,Watch
2025-03-17,Monday,1,12,3,Summer,0,0,1,0,0,0,1,0.0,27.6,22.6,53.1,,0,0,0,106,20,9,15,9,150,134.0,122.0,139.0,141.14,12.92,128.0,136.93,2,1,1,1,1,2,6,1,1,2,1,5,5,3,14,4,9,41,18,2,1,45,13,6,13,11,8,55,17,10,2,3,0,High
2025-03-18,Tuesday,2,12,3,Summer,0,0,0,0,0,1,0,0.0,30.0,22.0,48.9,,0,0,0,107,17,14,8,8,146,150.0,134.0,138.0,142.71,13.23,138.0,138.5,2,1,1,1,1,2,6,1,1,2,1,5,3,3,12,4,8,37,17,1,1,42,11,8,15,11,7,36,15,9,2,3,0,High
2025-03-19,Wednesday,3,12,3,Summer,0,0,0,1,0,0,1,0.0,29.2,24.7,48.1,,0,0,0,107,18,8,13,10,146,146.0,150.0,168.0,143.86,13.12,148.0,139.07,2,1,1,1,1,2,6,1,1,2,1,6,5,3,13,4,9,38,17,1,1,46,13,8,13,12,10,34,17,8,2,1,0,Watch
2025-03-20,Thursday,4,12,3,Summer,0,0,0,0,0,1,0,0.0,28.2,19.2,48.9,,0,0,0,97,16,13,5,7,131,146.0,146.0,142.0,140.71,8.92,133.0,138.93,2,1,1,1,1,2,5,1,1,2,1,4,3,3,11,3,8,34,15,1,1,44,12,8,13,11,7,31,12,6,2,3,0,High
2025-03-21,Friday,5,12,3,Summer,0,0,0,0,0,0,0,0.0,28.0,17.8,50.4,,0,0,0,94,17,10,6,7,127,131.0,146.0,145.0,139.14,9.51,149.0,138.79,2,1,1,1,1,2,5,1,1,2,1,4,3,3,11,4,8,35,16,1,1,45,11,10,10,12,10,46,18,12,2,1,0,Watch
2025-03-22,Saturday,6,12,3,Summer,1,0,0,0,0,0,0,0.0,23.8,14.8,50.9,,0,0,0,87,17,10,10,10,124,127.0,131.0,122.0,136.57,10.0,120.0,137.21,2,1,1,1,1,2,5,1,1,2,1,6,4,3,12,4,8,35,16,1,1,42,11,7,13,13,8,35,21,6,2,0,0,Normal
2025-03-23,Sunday,7,12,3,Summer,1,0,0,0,0,0,0,0.0,30.3,21.3,50.2,,0,0,0,83,18,8,13,7,122,124.0,127.0,134.0,136.86,9.6,113.0,137.5,2,1,1,1,1,2,5,1,1,2,1,4,4,3,13,4,9,36,16,1,1,35,8,3,16,12,8,48,16,9,2,1,0,Watch
2025-03-24,Monday,1,13,3,Summer,0,0,0,0,0,0,0,1.4,27.5,20.3,48.5,,0,0,0,105,20,8,8,7,141,122.0,124.0,150.0,135.14,10.93,139.0,138.14,2,1,1,1,1,2,6,1,1,2,1,4,3,3,12,4,9,41,18,1,1,38,10,6,13,12,7,52,15,9,2,2,0,Watch
2025-03-25,Tuesday,2,13,3,Summer,0,0,0,0,1,1,0,0.0,30.7,22.9,45.6,,0,0,0,100,17,17,8,8,142,141.0,122.0,146.0,133.86,9.55,138.0,138.29,2,1,1,1,1,2,6,2,1,2,1,5,3,3,13,4,8,36,17,1,1,49,11,9,16,13,8,37,24,7,2,0,0,Normal
2025-03-26,Wednesday,3,13,3,Summer,0,0,1,1,0,0,4,1.6,30.2,23.4,49.6,,0,0,0,116,18,9,24,12,167,142.0,141.0,146.0,133.29,8.91,168.0,138.57,3,1,2,1,1,2,6,1,1,2,1,7,6,4,16,4,9,39,17,2,1,55,10,8,18,13,7,42,17,12,2,1,0,Watch
2025-03-27,Thursday,4,13,3,Summer,0,0,0,0,0,1,0,0.0,25.5,16.2,49.9,,0,0,0,95,19,15,7,7,136,167.0,142.0,131.0,136.29,14.48,142.0,138.5,2,1,1,1,1,2,5,1,1,2,1,4,3,3,13,4,9,38,17,1,1,38,11,9,16,13,7,47,18,12,2,1,0,Watch
2025-03-28,Friday,5,13,3,Summer,0,0,0,0,0,0,0,0.0,27.4,17.8,57.6,,0,0,0,94,20,10,6,6,130,136.0,167.0,127.0,137.0,14.32,145.0,138.07,2,1,1,1,1,2,5,1,1,2,1,4,3,3,12,4,9,40,17,1,1,41,11,7,12,12,8,41,16,7,2,2,0,Watch
2025-03-29,Saturday,6,13,3,Summer,1,0,0,0,0,0,0,0.0,28.3,21.3,49.7,,0,0,0,87,19,8,13,9,127,130.0,136.0,124.0,137.43,14.06,122.0,137.0,2,1,1,1,1,2,5,1,1,2,1,5,4,3,13,4,9,38,17,1,1,37,11,8,17,12,10,52,22,7,2,0,0,Normal
2025-03-30,Sunday,7,13,3,Summer,1,0,0,0,0,0,0,0.0,25.7,15.6,51.7,,0,0,0,80,20,8,9,6,117,127.0,130.0,122.0,137.86,13.68,134.0,137.36,2,1,1,1,1,2,5,1,1,1,1,4,3,3,12,4,9,38,17,1,1,45,10,8,11,12,9,47,16,10,2,2,0,Watch
2025-03-31,Monday,1,14,3,Summer,0,0,0,0,0,0,0,0.0,26.8,19.5,54.4,,0,0,0,104,22,7,9,8,142,117.0,127.0,141.0,137.14,14.59,150.0,136.14,2,1,1,1,1,2,6,1,1,2,1,5,4,3,13,4,10,44,19,1,1,47,11,9,14,13,8,44,26,15,2,1,0,Watch
2025-04-01,Tuesday,2,14,4,Summer,0,0,0,0,0,1,0,0.0,29.1,19.7,46.6,,0,0,0,100,17,14,9,8,140,142.0,117.0,142.0,137.29,14.64,146.0,135.57,2,1,1,1,1,2,5,1,1,2,1,5,4,3,13,4,8,36,16,1,1,38,8,10,16,11,8,38,18,11,2,0,0,Normal
2025-04-02,Wednesday,3,14,4,Summer,0,0,0,1,0,0,1,0.0,30.5,23.7,50.9,,0,0,0,108,18,9,13,7,148,140.0,142.0,167.0,137.0,14.56,146.0,135.14,2,1,1,1,1,2,6,1,1,2,1,4,4,3,13,4,9,38,17,1,1,36,13,8,13,13,8,53,20,9,2,1,0,Watch
2025-04-03,Thursday,4,14,4,Summer,0,0,0,0,0,1,0,0.0,29.2,21.0,48.7,,0,0,0,96,17,14,9,7,136,148.0,140.0,136.0,134.29,9.66,131.0,135.29,2,1,1,1,1,2,5,1,1,2,1,4,3,3,13,4,8,36,16,1,1,44,12,7,11,13,9,47,22,9,2,1,0,Watch
2025-04-04,Friday,5,14,4,Summer,0,0,0,0,0,0,0,0.1,30.5,22.6,44.6,,0,0,0,92,17,8,7,6,124,136.0,148.0,130.0,134.29,9.66,127.0,135.64,2,1,1,1,1,2,5,1,1,2,1,4,3,3,11,4,8,35,16,1,1,48,11,8,10,13,8,45,17,11,2,1,0,Watch
2025-04-05,Saturday,6,14,4,Summer,1,0,0,0,1,0,0,0.0,30.3,20.4,51.2,,0,0,0,93,17,12,10,8,132,124.0,136.0,127.0,133.43,10.25,124.0,135.43,2,1,1,1,1,2,5,1,1,2,1,5,4,3,12,4,8,35,16,1,1,36,9,11,11,12,9,41,17,11,2,1,0,Watch
2025-04-06,Sunday,7,14,4,Summer,1,0,0,0,0,0,0,1.8,29.6,20.9,50.8,,0,0,0,84,23,9,12,9,128,132.0,124.0,117.0,134.14,9.95,122.0,136.0,2,1,1,1,1,2,5,1,1,2,1,5,4,3,14,5,11,43,19,2,1,41,11,8,13,12,14,57,26,9,2,1,0,Watch
2025-04-07,Monday,1,15,4,Summer,0,0,0,0,0,0,0,0.0,32.3,22.8,47.3,,0,0,0,99,14,8,5,6,126,128.0,132.0,142.0,135.71,7.74,141.0,136.43,2,1,1,1,1,2,5,1,1,2,1,4,3,2,9,3,7,31,14,1,1,42,11,5,8,10,5,29,17,9,2,3,0,High
2025-04-08,Tuesday,2,15,4,Summer,0,0,0,0,0,1,0,0.0,31.0,23.7,48.4,,0,0,0,98,16,12,8,8,134,126.0,128.0,140.0,133.43,7.91,142.0,135.36,2,1,1,1,1,2,5,1,1,2,1,5,3,3,11,3,8,34,15,1,1,53,11,10,11,11,6,43,18,13,2,1,0,Watch
2025-04-09,Wednesday,3,15,4,Summer,0,0,0,1,0,0,1,0.0,29.8,22.0,46.1,,0,0,0,110,17,11,12,9,150,134.0,126.0,148.0,132.57,7.46,167.0,134.79,2,1,1,1,1,2,6,1,1,2,1,5,4,3,13,4,8,37,17,1,1,41,14,8,13,13,7,49,21,8,2,1,0,Watch
2025-04-10,Thursday,4,15,4,Summer,0,0,0,0,0,1,0,0.0,30.8,21.1,46.8,,0,0,0,99,14,14,9,8,136,150.0,134.0,136.0,132.86,8.06,136.0,133.57,2,1,1,1,1,2,5,1,1,2,1,5,4,3,12,3,7,31,14,1,1,41,13,10,15,11,7,43,17,3,2,0,0,Normal
2025-04-11,Friday,5,15,4,Summer,0,0,0,0,0,0,0,0.0,30.0,21.2,44.2,,0,0,0,92,17,9,7,6,125,136.0,150.0,124.0,132.86,8.06,130.0,133.57,2,1,1,1,1,2,5,1,1,2,1,4,3,3,11,4,8,35,16,1,1,42,11,9,14,13,10,38,20,9,2,0,0,Normal
2025-04-12,Saturday,6,15,4,Summer,1,0,0,0,0,0,0,0.0,28.5,19.9,50.7,,0,0,0,89,18,9,11,7,127,125.0,136.0,132.0,133.0,7.91,127.0,133.21,2,1,1,1,1,2,5,1,1,2,1,4,4,3,12,4,9,36,16,1,1,40,12,8,14,13,8,44,22,11,2,1,0,Watch
2025-04-13,Sunday,7,15,4,Summer,1,0,0,0,0,0,0,0.0,28.9,21.2,47.6,,0,0,0,81,18,8,12,8,119,127.0,125.0,128.0,132.29,8.19,117.0,133.21,2,1,1,1,1,2,5,1,1,1,1,5,4,3,12,4,9,36,16,1,1,47,10,7,12,13,9,35,15,8,2,2,0,Watch
2025-04-14,Monday,1,16,4,Summer,0,0,0,0,0,0,0,0.0,34.5,25.1,43.3,,0,0,0,101,15,8,6,6,130,119.0,127.0,126.0,131.0,9.38,142.0,133.36,2,1,1,1,1,2,5,1,1,2,1,4,3,2,10,3,7,33,15,1,1,43,11,7,8,10,6,43,19,10,2,2,0,Watch
2025-04-15,Tuesday,2,16,4,Summer,0,0,0,0,0,1,0,0.0,30.0,23.4,41.8,,0,0,0,107,16,13,6,7,142,130.0,119.0,134.0,131.57,9.18,140.0,132.5,2,1,1,1,1,2,6,1,1,2,1,4,3,3,11,3,8,35,16,1,1,40,11,8,12,10,9,44,21,10,2,0,0,Normal
2025-04-16,Wednesday,3,16,4,Summer,0,0,0,1,0,0,1,0.0,30.4,20.8,48.4,,0,0,0,108,18,8,13,9,147,142.0,130.0,150.0,132.71,9.88,148.0,132.64,2,1,1,1,1,2,6,1,1,2,1,5,4,3,13,4,9,38,17,1,1,42,9,7,16,13,8,44,21,12,2,1,0,Watch
2025-04-17,Thursday,4,16,4,Summer,0,0,0,0,0,1,0,0.0,31.6,23.0,40.4,,0,0,0,100,17,13,5,8,135,147.0,142.0,136.0,132.29,9.16,136.0,132.57,2,1,1,1,1,2,5,1,1,2,1,5,3,3,11,4,8,36,16,1,1,42,14,11,11,13,9,37,12,9,2,1,0,Watch
2025-04-18,Friday,5,16,4,Summer,0,0,0,0,0,0,0,0.0,31.6,25.0,49.2,,0,0,0,96,18,10,7,7,131,135.0,147.0,125.0,132.14,9.11,124.0,132.5,2,1,1,1,1,2,5,1,1,2,1,4,3,3,11,4,9,37,16,1,1,43,13,7,11,13,11,47,15,9,2,1,0,Watch
2025-04-19,Saturday,6,16,4,Summer,1,0,0,0,0,0,0,0.2,31.5,20.9,43.5,,0,0,0,89,15,9,13,8,126,131.0,135.0,127.0,133.0,8.67,132.0,133.0,2,1,1,1,1,2,5,1,1,2,1,5,4,3,12,3,7,32,15,1,1,50,10,9,15,11,9,42,16,11,1,0,0,Normal
2025-04-20,Sunday,7,16,4,Summer,1,0,0,0,0,0,0,0.0,29.1,18.5,53.8,,0,0,0,85,18,7,15,7,125,126.0,131.0,119.0,132.86,8.77,128.0,132.57,2,1,1,1,1,2,5,1,1,2,1,4,4,3,13,4,9,36,16,2,1,36,11,7,13,12,8,40,19,8,3,1,0,Watch
2025-04-21,Monday,1,17,4,Summer,0,0,0,0,0,0,0,0.0,31.6,23.2,46.4,,0,0,0,105,17,9,5,8,136,125.0,126.0,130.0,133.71,7.59,126.0,132.36,2,1,1,1,1,2,5,1,1,2,1,5,3,3,10,4,8,36,16,1,1,41,8,8,11,11,9,48,13,11,2,1,0,Watch
2025-04-22,Tuesday,2,17,4,Summer,0,0,0,0,0,1,0,0.0,32.0,23.8,49.8,,0,0,0,104,15,15,8,8,142,136.0,125.0,142.0,134.57,7.46,134.0,133.07,2,1,1,1,1,2,6,1,1,2,1,5,3,3,12,3,7,33,16,1,1,48,11,6,10,12,6,44,14,6,2,3,0,High
2025-04-23,Wednesday,3,17,4,Summer,0,0,0,1,0,0,1,0.0,32.0,23.1,48.3,,0,0,0,107,20,9,13,9,149,142.0,136.0,147.0,134.57,7.46,150.0,133.64,2,1,1,1,1,2,6,1,1,2,1,5,4,3,14,4,9,41,18,2,1,39,11,8,16,11,11,37,24,10,2,1,0,Watch
2025-04-24,Thursday,4,17,4,Summer,0,0,0,0,0,1,0,0.0,29.6,21.0,57.8,,0,0,0,101,26,14,7,8,148,149.0,142.0,135.0,134.86,7.95,136.0,133.57,2,1,1,1,1,2,6,1,1,2,1,5,3,3,15,5,12,50,21,1,1,46,7,8,18,14,16,56,20,9,2,1,0,Watch
2025-04-25,Friday,5,17,4,Summer,0,0,0,0,0,0,0,0.0,30.6,25.1,51.1,,0,0,0,97,18,10,9,8,134,148.0,149.0,131.0,136.71,9.19,125.0,134.43,2,1,1,1,1,2,5,1,1,2,1,5,4,3,12,4,9,37,16,1,1,47,9,7,13,12,11,34,13,10,2,2,0,Watch
2025-04-26,Saturday,6,17,4,Summer,1,0,0,0,0,0,0,0.0,30.0,20.8,50.0,,0,0,0,86,19,8,12,9,125,134.0,148.0,126.0,137.14,8.98,127.0,135.07,2,1,1,1,1,2,5,1,1,2,1,5,4,3,13,4,9,38,17,1,1,42,9,8,17,13,11,50,23,8,2,0,0,Normal
2025-04-27,Sunday,7,17,4,Summer,1,0,0,0,0,0,0,0.2,31.1,24.4,42.6,,0,0,0,85,15,9,12,7,121,125.0,134.0,125.0,137.0,9.17,119.0,134.93,2,1,1,1,1,2,5,1,1,2,1,4,4,3,12,3,7,31,15,1,1,40,12,8,13,10,8,42,17,10,2,0,0,Normal
2025-04-28,Monday,1,18,4,Summer,0,0,0,0,0,0,0,1.0,30.1,22.4,47.9,,0,0,0,107,14,9,7,8,137,121.0,125.0,136.0,136.43,9.98,130.0,135.07,2,1,1,1,1,2,5,1,1,2,1,5,3,3,10,3,7,32,14,1,1,41,11,6,10,11,8,42,12,8,2,1,0,Watch
2025-04-29,Tuesday,2,18,4,Summer,0,0,0,0,0,1,0,0.0,34.1,27.2,43.5,,0,0,0,101,17,15,9,9,142,137.0,121.0,142.0,136.57,9.98,142.0,135.57,2,1,1,1,1,2,6,1,1,2,1,5,4,3,13,4,8,36,17,1,1,47,11,7,15,11,9,42,14,6,3,1,0,Watch
2025-04-30,Wednesday,3,18,4,Summer,0,0,0,1,0,0,1,0.0,32.0,25.3,47.8,,0,0,0,113,21,9,15,10,158,142.0,137.0,149.0,136.57,9.98,147.0,135.57,3,1,1,1,1,2,6,1,1,2,1,6,5,4,15,4,10,43,19,2,1,38,11,8,13,11,7,54,23,9,2,2,0,Watch
2025-05-01,Thursday,4,18,5,Summer,0,1,0,0,0,1,1,0.0,31.8,25.8,43.5,,0,0,0,99,19,13,7,8,138,158.0,142.0,148.0,137.86,11.9,135.0,136.36,2,1,1,1,1,2,5,1,1,2,1,5,3,3,12,4,9,39,17,1,1,40,7,5,14,13,10,47,22,9,2,0,0,Normal
2025-05-02,Friday,5,18,5,Summer,0,0,0,0,0,0,0,0.0,30.7,24.9,55.0,,0,0,0,98,20,9,8,7,135,138.0,158.0,134.0,136.43,11.17,131.0,136.57,2,1,1,1,1,2,5,1,1,2,1,4,3,3,12,4,9,40,17,1,1,42,11,12,12,12,10,46,19,8,2,0,0,Normal
2025-05-03,Saturday,6,18,5,Summer,1,0,0,0,0,0,0,0.0,30.2,22.6,43.0,,0,0,0,86,17,10,12,8,125,135.0,138.0,125.0,136.57,11.15,126.0,136.86,2,1,1,1,1,2,5,1,1,2,1,5,4,3,13,4,8,35,16,1,1,51,11,7,14,13,6,36,13,11,2,2,0,Watch
2025-05-04,Sunday,7,18,5,Summer,1,0,0,0,0,0,0,0.0,34.3,25.4,44.5,,0,0,0,82,13,10,12,6,117,125.0,135.0,121.0,136.57,11.15,125.0,136.79,2,1,1,1,1,2,5,1,1,1,1,4,3,2,11,3,6,28,14,1,1,46,11,10,11,11,7,32,12,9,2,1,0,Watch
2025-05-05,Monday,1,19,5,Summer,0,0,0,0,0,0,0,0.0,33.1,23.0,44.8,,0,0,0,107,15,9,10,7,141,117.0,125.0,137.0,136.0,12.0,136.0,136.21,2,1,1,1,1,2,6,1,1,2,1,4,3,3,11,3,7,34,16,1,1,42,11,5,10,10,9,37,14,8,2,2,0,Watch
2025-05-06,Tuesday,2,19,5,Summer,0,0,0,0,0,1,0,0.0,32.2,23.6,44.3,,0,0,0,101,18,13,7,8,139,141.0,117.0,142.0,136.57,12.13,142.0,136.57,2,1,1,1,1,2,5,1,1,2,1,5,3,3,12,4,9,38,16,1,1,49,11,7,14,13,10,45,22,10,3,0,0,Normal
2025-05-07,Wednesday,3,19,5,Summer,0,0,0,1,0,0,1,0.0,30.3,23.0,45.6,,0,0,0,109,19,9,12,9,149,139.0,141.0,158.0,136.14,11.98,149.0,136.36,2,1,1,1,1,2,6,1,1,2,1,5,4,3,13,4,9,40,18,1,1,36,15,9,14,13,9,44,15,9,2,1,0,Watch
2025-05-08,Thursday,4,19,5,Summer,0,0,0,0,0,1,0,0.0,31.7,23.2,45.3,,0,0,0,96,14,13,8,8,131,149.0,139.0,138.0,134.86,9.86,148.0,136.36,2,1,1,1,1,2,5,1,1,2,1,5,3,3,11,3,7,31,14,1,1,45,11,7,9,11,5,42,13,8,2,3,0,High
2025-05-09,Friday,5,19,5,Summer,0,0,0,0,0,0,0,1.4,33.0,25.3,43.9,,0,0,0,100,21,7,7,7,135,131.0,149.0,135.0,133.86,9.85,134.0,135.14,2,1,1,1,1,2,5,1,1,2,1,4,3,3,12,4,10,42,18,1,1,37,11,9,13,13,7,47,17,9,2,2,0,Watch
2025-05-10,Saturday,6,19,5,Summer,1,0,0,0,0,0,0,0.0,32.9,25.6,49.8,,0,0,0,83,19,8,13,6,123,135.0,131.0,125.0,133.86,9.85,125.0,135.21,2,1,1,1,1,2,5,1,1,2,1,4,4,3,13,4,9,37,17,1,1,41,11,5,15,12,9,51,14,9,2,1,0,Watch
2025-05-11,Sunday,7,19,5,Summer,1,0,0,0,0,0,0,0.0,31.8,24.6,48.1,,0,0,0,85,17,11,13,8,126,123.0,135.0,117.0,133.57,10.13,121.0,135.07,2,1,1,1,1,2,5,1,1,2,1,5,4,3,13,4,8,34,16,1,1,46,12,9,15,11,7,34,19,9,2,1,0,Watch
2025-05-12,Monday,1,20,5,Summer,0,0,0,0,0,0,0,0.9,32.4,24.8,43.2,,0,0,0,103,19,9,7,8,138,126.0,123.0,141.0,134.86,8.36,137.0,135.43,2,1,1,1,1,2,5,1,1,2,1,5,3,3,11,4,9,39,17,1,1,40,12,6,14,13,8,52,22,5,2,1,0,Watch
2025-05-13,Tuesday,2,20,5,Summer,0,0,0,0,0,1,0,0.0,31.0,23.0,45.8,,0,0,0,103,17,13,7,8,140,138.0,126.0,139.0,134.43,8.1,142.0,135.5,2,1,1,1,1,2,5,1,1,2,1,5,3,3,12,4,8,36,16,1,1,42,10,8,13,12,9,41,17,9,2,0,0,Normal
2025-05-14,Wednesday,3,20,5,Summer,0,0,0,1,0,0,1,0.0,32.8,25.5,48.4,,0,0,0,111,14,9,14,8,148,140.0,138.0,149.0,134.57,8.19,158.0,135.36,3,1,1,1,1,2,6,1,1,2,1,5,4,3,12,3,7,33,15,1,1,41,11,8,12,11,6,35,20,8,2,1,0,Watch
2025-05-15,Thursday,4,20,5,Summer,0,0,0,0,0,1,0,0.0,34.5,25.9,47.9,,0,0,0,98,19,14,9,8,140,148.0,140.0,131.0,134.43,7.94,138.0,134.64,2,1,1,1,1,2,5,1,1,2,1,5,4,3,13,4,9,39,17,1,1,51,11,11,12,12,10,43,21,9,2,1,0,Watch
2025-05-16,Friday,5,20,5,Summer,0,0,0,0,0,0,0,0.0,32.0,26.0,49.4,,0,0,0,99,15,9,6,7,129,140.0,148.0,135.0,135.71,8.01,135.0,134.79,2,1,1,1,1,2,5,1,1,2,1,4,3,3,10,3,7,33,15,1,1,40,12,8,10,10,8,34,21,9,2,0,0,Normal
2025-05-17,Saturday,6,20,5,Summer,1,0,0,0,0,0,0,0.0,33.1,24.3,43.2,,0,0,0,93,18,10,9,8,130,129.0,140.0,123.0,134.86,8.36,125.0,134.36,2,1,1,1,1,2,5,1,1,2,1,5,4,3,12,4,9,37,16,1,1,41,11,8,11,11,10,49,17,9,2,1,0,Watch
2025-05-18,Sunday,7,20,5,Summer,1,0,0,0,0,0,0,0.0,32.6,25.4,43.4,,0,0,0,83,18,9,12,9,122,130.0,129.0,126.0,135.86,7.22,117.0,134.71,2,1,1,1,1,2,5,1,1,2,1,5,4,3,13,4,9,36,16,1,1,35,9,10,12,11,8,42,21,12,2,2,0,Watch
2025-05-19,Monday,1,21,5,Summer,0,0,0,0,1,0,0,0.0,34.0,26.0,41.1,,0,0,0,108,19,13,6,7,146,122.0,130.0,138.0,135.29,8.08,141.0,135.07,2,1,1,1,1,2,6,1,1,2,1,4,3,3,12,4,9,40,18,1,1,46,13,4,12,11,7,55,20,10,2,1,0,Watch
2025-05-20,Tuesday,2,21,5,Summer,0,0,0,0,0,1,0,0.3,33.7,25.4,47.5,,0,0,0,99,15,13,8,8,135,146.0,122.0,140.0,136.43,8.91,139.0,135.43,2,1,1,1,1,2,5,1,1,2,1,5,3,3,11,3,7,33,15,1,1,44,8,8,14,10,6,36,19,12,2,1,0,Watch
2025-05-21,Wednesday,3,21,5,Summer,0,0,0,1,0,0,1,0.0,33.3,22.6,48.1,,0,0,0,111,21,9,10,8,151,135.0,146.0,148.0,135.71,8.79,149.0,135.14,3,1,1,1,1,2,6,1,1,2,1,5,4,3,13,4,10,43,19,1,1,48,13,9,11,13,9,53,17,8,2,3,0,High
2025-05-22,Thursday,4,21,5,Summer,0,0,0,0,0,1,0,0.0,32.3,22.6,51.6,,0,0,0,97,17,15,4,8,133,151.0,135.0,140.0,136.14,9.43,131.0,135.29,2,1,1,1,1,2,5,1,1,2,1,5,3,3,11,4,8,36,16,1,1,37,12,11,12,12,9,43,17,9,2,0,0,Normal
2025-05-23,Friday,5,21,5,Summer,0,0,0,0,0,0,0,3.0,35.2,27.3,41.8,Diarrheal,3,1,5,110,30,7,7,8,154,133.0,151.0,129.0,135.14,9.34,135.0,135.43,2,1,1,1,1,2,6,1,1,2,1,5,3,5,15,21,26,56,32,2,1,45,8,8,20,29,29,62,33,9,3,0,0,Watch
2025-05-24,Saturday,6,21,5,Summer,1,0,0,0,0,0,0,0.2,31.3,23.2,42.7,Diarrheal,3,1,4,102,36,10,9,10,157,154.0,133.0,130.0,138.71,10.95,123.0,136.79,2,2,1,1,1,2,6,1,1,2,1,6,4,6,18,26,31,65,37,2,1,39,11,9,20,32,27,77,43,9,2,1,0,Watch
2025-05-25,Sunday,7,21,5,Summer,1,0,0,0,0,0,0,0.0,33.8,27.2,49.7,Diarrheal,3,1,6,95,33,7,8,8,143,157.0,154.0,122.0,142.57,11.91,126.0,139.21,2,1,1,1,1,2,6,1,1,2,1,5,3,5,16,24,29,59,35,2,1,42,14,7,15,34,25,67,28,12,2,3,0,High
2025-05-26,Monday,1,22,5,Summer,0,0,0,0,0,0,0,0.0,33.7,27.9,44.1,Diarrheal,3,1,4,117,32,7,6,8,162,143.0,157.0,146.0,145.57,8.52,138.0,140.43,3,1,1,1,1,2,6,1,1,2,1,5,3,5,15,23,28,60,34,2,1,36,11,10,17,42,24,69,43,11,2,1,0,Watch
2025-05-27,Tuesday,2,22,5,Summer,0,0,0,0,0,1,0,0.0,32.0,22.3,45.5,Diarrheal,3,1,5,112,33,15,9,10,169,162.0,143.0,135.0,147.86,10.29,140.0,142.14,3,1,1,1,1,2,7,1,1,2,1,6,4,6,18,24,29,61,36,2,1,41,7,8,17,27,23,78,40,6,2,2,0,Watch
2025-05-28,Wednesday,3,22,5,Summer,0,0,0,1,0,0,1,0.0,35.7,28.3,48.1,Diarrheal,3,1,5,123,33,8,11,10,175,169.0,162.0,151.0,152.71,11.07,148.0,144.21,3,1,1,1,1,2,7,1,1,2,1,6,4,6,17,24,29,62,36,2,1,37,12,6,20,43,37,59,36,10,2,1,0,Watch
2025-05-29,Thursday,4,22,5,Summer,0,0,0,0,0,1,0,0.0,35.4,29.6,38.7,Diarrheal,3,1,4,107,28,13,10,9,158,175.0,169.0,133.0,156.14,13.46,140.0,146.14,2,1,1,1,1,2,6,1,1,2,1,5,4,5,17,20,24,53,31,2,1,46,14,8,17,27,30,70,43,8,2,0,0,Watch
2025-05-30,Friday,5,22,5,Summer,0,0,0,0,0,0,0,0.0,30.7,24.3,52.2,Diarrheal,3,1,5,108,33,8,7,8,156,158.0,175.0,154.0,159.71,9.62,129.0,147.43,2,1,1,1,1,2,6,1,1,2,1,5,3,5,16,24,29,61,35,2,1,41,12,8,19,29,30,81,45,9,2,0,0,Watch
2025-05-31,Saturday,6,22,5,Summer,1,0,0,0,0,0,0,0.0,35.9,29.2,41.1,Diarrheal,3,1,4,107,30,8,10,8,155,156.0,158.0,157.0,160.0,9.47,130.0,149.36,2,1,1,1,1,2,6,1,1,2,1,5,4,5,16,21,26,56,32,2,1,43,15,11,17,28,30,61,42,9,2,0,0,Watch
2025-06-01,Sunday,7,22,6,Monsoon,1,0,0,0,0,0,0,15.5,33.4,23.2,72.1,Diarrheal,3,1,4,94,41,8,12,10,155,155.0,156.0,143.0,159.71,9.59,122.0,151.14,2,2,1,1,1,2,6,1,1,2,1,6,4,6,20,29,35,71,41,2,1,40,11,4,21,46,29,72,35,9,2,3,0,High
2025-06-02,Monday,1,23,6,Monsoon,0,0,0,0,0,0,0,8.7,33.4,24.1,79.0,Diarrheal,3,1,6,110,41,8,9,9,168,155.0,155.0,162.0,161.43,7.23,146.0,153.5,2,2,1,1,1,2,6,1,1,2,1,5,4,6,20,29,35,73,41,2,1,44,10,10,21,48,41,71,46,7,2,1,0,Watch
2025-06-03,Tuesday,2,23,6,Monsoon,0,0,0,0,0,1,0,10.4,36.8,28.8,79.0,Diarrheal,3,1,4,109,50,13,8,12,180,168.0,155.0,169.0,162.29,7.59,135.0,155.07,2,2,1,1,1,2,7,1,1,2,1,7,4,8,24,35,43,86,49,2,1,40,11,8,23,42,46,90,63,10,1,1,0,Watch
2025-06-04,Wednesday,3,23,6,Monsoon,0,0,0,1,0,0,1,12.6,34.8,25.6,73.4,Diarrheal,3,1,3,121,42,8,13,12,184,180.0,168.0,175.0,163.86,9.67,151.0,158.29,3,2,1,1,1,3,7,1,1,2,1,7,5,7,21,30,36,76,44,2,1,41,10,8,21,34,39,92,46,7,2,0,0,Watch
2025-06-05,Thursday,4,23,6,Monsoon,0,0,0,0,0,1,0,28.1,34.9,24.5,80.8,Diarrheal,3,1,6,105,52,12,8,11,177,184.0,180.0,158.0,165.14,11.49,133.0,160.64,2,2,1,1,1,2,7,1,2,2,1,7,4,7,24,37,45,89,51,2,1,40,10,5,29,56,43,97,60,9,2,2,0,Watch
2025-06-06,Friday,5,23,6,Monsoon,0,0,0,0,0,0,0,25.8,33.7,27.3,73.3,Diarrheal,3,1,7,111,44,9,8,10,172,177.0,184.0,156.0,167.86,11.73,154.0,163.79,3,2,1,1,1,2,7,1,1,2,1,6,4,7,21,31,38,78,45,2,1,42,12,8,24,44,29,96,37,10,2,2,0,Watch
2025-06-07,Saturday,6,23,6,Monsoon,1,0,0,0,0,0,0,19.7,36.1,28.3,70.2,Diarrheal,3,1,4,99,43,10,14,11,166,172.0,177.0,155.0,170.14,10.71,157.0,165.07,2,2,1,1,1,2,6,1,1,2,1,7,5,7,22,31,37,75,43,2,1,45,9,8,27,37,43,95,56,8,2,0,0,Watch
2025-06-08,Sunday,7,23,6,Monsoon,1,0,0,0,0,0,0,5.4,31.4,23.5,70.0,Diarrheal,3,1,3,88,41,6,11,10,146,166.0,172.0,155.0,171.71,9.05,143.0,165.71,2,2,1,1,1,2,6,1,1,2,1,6,4,6,20,29,35,71,41,2,1,42,10,8,18,51,46,75,33,9,2,2,0,Watch
2025-06-09,Monday,1,24,6,Monsoon,0,0,0,0,0,0,0,12.7,32.7,26.0,76.1,Diarrheal,3,1,4,114,42,8,9,10,173,146.0,166.0,168.0,170.43,11.61,162.0,165.93,3,2,1,1,1,2,7,1,1,2,1,6,4,6,20,30,36,75,43,2,1,42,13,12,20,32,40,70,59,11,1,1,0,Watch
2025-06-10,Tuesday,2,24,6,Monsoon,0,0,0,0,0,1,0,16.5,34.8,27.5,75.1,Diarrheal,3,1,4,111,43,12,6,10,172,173.0,146.0,180.0,171.14,11.59,169.0,166.71,3,2,1,1,1,2,7,1,1,2,1,6,4,7,20,31,37,76,44,2,1,42,13,8,26,51,48,94,35,8,2,1,0,Watch
2025-06-11,Wednesday,3,24,6,Monsoon,0,0,0,1,0,0,1,71.7,33.3,23.5,96.6,Diarrheal,3,1,4,115,56,8,14,12,193,172.0,173.0,184.0,170.0,11.05,175.0,166.93,3,2,1,1,1,3,7,1,2,2,1,7,5,8,26,40,48,96,55,2,1,37,9,9,30,63,62,124,76,7,2,0,0,Watch
2025-06-12,Thursday,4,24,6,Monsoon,0,0,0,0,0,1,0,13.8,36.4,27.5,70.7,Diarrheal,3,1,4,110,42,14,7,11,173,193.0,172.0,177.0,171.29,12.96,158.0,168.21,2,2,1,1,1,2,7,1,1,2,1,7,4,7,21,30,36,74,43,2,1,40,11,7,23,40,34,93,59,8,2,1,0,Watch
2025-06-13,Friday,5,24,6,Monsoon,0,0,0,0,0,0,0,25.2,34.3,24.0,77.7,Diarrheal,3,1,5,103,42,8,6,8,159,173.0,193.0,172.0,170.71,12.78,156.0,169.29,2,2,1,1,1,2,6,1,1,2,1,5,3,6,19,30,36,74,42,2,1,40,12,8,24,38,44,99,38,9,2,1,0,Watch
2025-06-14,Saturday,6,24,6,Monsoon,1,0,0,0,0,0,0,15.1,33.8,25.8,77.9,Diarrheal,3,1,5,96,46,7,10,11,159,159.0,173.0,166.0,168.86,13.39,155.0,169.5,2,2,1,1,1,2,6,1,1,2,1,7,4,7,21,33,40,79,45,2,1,42,11,8,23,44,34,84,61,4,3,1,0,Watch
2025-06-15,Sunday,7,24,6,Monsoon,1,0,0,0,0,0,0,8.5,32.7,27.3,70.0,,0,0,0,81,21,9,8,7,119,159.0,159.0,146.0,167.86,13.82,155.0,169.79,2,1,1,1,1,2,5,1,1,1,1,4,3,3,12,4,10,40,18,1,1,38,11,5,13,11,8,50,24,9,2,1,0,Watch
2025-06-16,Monday,1,25,6,Monsoon,0,0,0,0,0,0,0,20.1,33.4,24.4,75.8,,0,0,0,103,32,8,7,8,150,119.0,159.0,173.0,164.0,21.19,168.0,167.21,2,1,1,1,1,2,6,1,1,2,1,5,3,4,16,6,15,59,24,2,1,42,12,8,20,16,12,59,30,9,2,1,0,Watch
2025-06-17,Tuesday,2,25,6,Monsoon,0,0,0,0,0,1,0,54.2,33.9,25.4,87.4,,0,0,0,98,33,11,8,9,150,150.0,119.0,172.0,160.71,21.32,180.0,165.93,2,1,1,1,1,2,6,1,1,2,1,5,4,4,17,6,15,60,25,2,1,37,11,8,19,14,18,79,32,11,2,0,0,Normal
2025-06-18,Wednesday,3,25,6,Monsoon,0,0,0,1,0,0,1,20.4,34.3,23.8,71.1,,0,0,0,105,29,7,14,9,155,150.0,150.0,193.0,157.57,21.04,184.0,163.79,2,1,1,1,1,2,6,1,1,2,1,5,4,4,17,6,14,54,23,2,1,42,13,11,17,14,11,54,19,11,2,2,0,Watch
2025-06-19,Thursday,4,25,6,Monsoon,0,0,0,0,1,1,0,20.9,33.6,25.4,67.7,,0,0,0,98,30,16,7,10,151,155.0,150.0,173.0,152.14,15.33,177.0,161.71,2,1,1,1,1,2,6,2,1,2,1,6,4,4,17,6,14,55,23,2,1,38,17,6,17,16,16,69,29,6,3,0,0,Normal
2025-06-20,Friday,5,25,6,Monsoon,0,0,0,0,0,0,0,20.3,36.3,26.9,72.5,,0,0,0,93,28,5,6,7,132,151.0,155.0,159.0,149.0,12.77,172.0,159.86,2,1,1,1,1,2,5,1,1,2,1,4,3,3,13,6,13,52,21,1,1,39,11,8,11,14,15,64,24,13,2,1,0,Watch
2025-06-21,Saturday,6,25,6,Monsoon,1,0,0,0,0,0,0,17.6,33.9,26.8,78.9,,0,0,0,87,27,7,14,8,135,132.0,151.0,159.0,145.14,13.24,166.0,157.0,2,1,1,1,1,2,5,1,1,2,1,5,4,3,16,5,13,50,21,2,1,46,11,6,19,14,11,58,29,11,2,1,0,Watch
2025-06-22,Sunday,7,25,6,Monsoon,1,0,0,0,0,0,0,9.7,32.9,26.4,76.9,,0,0,0,80,24,7,9,8,120,135.0,132.0,119.0,141.71,12.28,146.0,154.79,2,1,1,1,1,2,5,1,1,1,1,5,4,3,13,5,11,44,19,1,1,41,9,8,12,12,9,43,20,9,2,3,0,High
2025-06-23,Monday,1,26,6,Monsoon,0,0,0,0,0,0,0,23.5,35.4,27.4,77.3,,0,0,0,98,29,7,8,7,142,120.0,135.0,150.0,141.86,12.02,173.0,152.93,2,1,1,1,1,2,6,1,1,2,1,4,3,3,15,6,14,54,23,2,1,42,11,7,19,16,11,67,28,10,2,1,0,Watch
2025-06-24,Tuesday,2,26,6,Monsoon,0,0,0,0,0,1,0,48.9,36.4,27.8,82.8,,0,0,0,100,34,9,4,8,147,142.0,120.0,150.0,140.71,11.56,172.0,150.71,2,1,1,1,1,2,6,1,1,2,1,5,3,4,16,7,16,61,25,2,1,47,11,9,16,16,13,59,31,10,2,2,0,Watch
2025-06-25,Wednesday,3,26,6,Monsoon,0,0,0,1,0,0,1,15.3,36.6,30.2,80.8,,0,0,0,108,31,8,11,10,158,147.0,142.0,155.0,140.29,11.26,193.0,148.93,2,1,1,1,1,2,6,1,1,2,1,6,4,4,17,6,14,58,24,2,1,43,10,8,20,16,11,68,20,10,2,2,0,Watch
2025-06-26,Thursday,4,26,6,Monsoon,0,0,0,0,0,1,0,36.0,32.2,24.4,88.2,,0,0,0,89,29,13,9,9,140,158.0,147.0,151.0,140.71,11.85,173.0,146.43,2,1,1,1,1,2,5,1,1,2,1,5,4,4,17,6,14,53,22,2,1,32,11,8,17,16,15,62,29,10,2,0,0,Normal
2025-06-27,Friday,5,26,6,Monsoon,0,0,0,0,0,0,0,31.4,34.6,25.6,84.1,,0,0,0,93,33,6,6,9,138,140.0,158.0,132.0,139.14,11.09,159.0,144.07,2,1,1,1,1,2,5,1,1,2,1,5,3,4,15,6,15,59,24,2,1,36,13,7,16,14,19,70,24,9,2,0,0,Normal
2025-06-28,Saturday,6,26,6,Monsoon,1,0,0,0,0,0,0,26.8,32.4,24.0,83.1,,0,0,0,81,33,6,14,9,134,138.0,140.0,135.0,140.0,10.73,159.0,142.57,2,1,1,1,1,2,5,1,1,2,1,5,4,4,18,6,15,58,24,2,1,48,11,9,18,13,14,56,28,10,2,2,0,Watch
2025-06-29,Sunday,7,26,6,Monsoon,1,0,0,0,0,0,0,10.9,32.7,24.3,73.7,,0,0,0,78,33,7,10,8,128,134.0,138.0,120.0,139.86,10.8,119.0,140.79,2,1,1,1,1,2,5,1,1,2,1,5,4,4,17,6,15,58,24,2,1,46,11,6,20,15,20,71,33,13,2,0,0,Normal
2025-06-30,Monday,1,27,6,Monsoon,0,0,0,0,0,0,0,10.0,34.7,27.5,72.6,,0,0,0,99,25,7,6,7,137,128.0,134.0,142.0,141.0,8.9,150.0,141.43,2,1,1,1,1,2,5,1,1,2,1,4,3,3,13,5,12,48,20,1,1,47,10,6,17,15,15,53,26,9,2,0,0,Normal
2025-07-01,Tuesday,2,27,7,Monsoon,0,0,0,0,0,1,0,55.4,37.7,28.1,93.0,,0,0,0,99,40,11,8,10,158,137.0,128.0,147.0,140.29,8.99,150.0,140.5,2,2,1,1,1,2,6,1,1,2,1,6,4,4,20,8,18,70,28,2,1,41,11,5,20,16,20,70,34,9,2,0,0,Normal
2025-07-02,Wednesday,3,27,7,Monsoon,0,0,0,1,0,0,1,32.4,30.9,23.0,85.5,,0,0,0,106,33,6,11,10,156,158.0,137.0,158.0,141.86,10.8,155.0,141.07,2,1,1,1,1,2,6,1,1,2,1,6,4,4,17,6,15,61,25,2,1,43,13,7,20,15,17,75,33,10,2,0,0,Normal
2025-07-03,Thursday,4,27,7,Monsoon,0,0,0,0,0,1,0,58.7,34.4,26.2,94.8,,0,0,0,91,37,11,3,8,142,156.0,158.0,140.0,141.57,10.39,151.0,141.14,2,2,1,1,1,2,6,1,1,2,1,5,3,4,17,7,17,65,27,2,1,51,11,9,22,15,22,60,33,9,2,1,0,Watch
2025-07-04,Friday,5,27,7,Monsoon,0,0,0,0,0,0,0,19.1,34.4,26.6,81.7,,0,0,0,90,31,7,6,7,134,142.0,156.0,138.0,141.86,10.37,132.0,140.5,2,1,1,1,1,2,5,1,1,2,1,4,3,3,15,6,14,56,23,2,1,44,15,9,16,14,13,68,26,5,2,1,0,Watch
2025-07-05,Saturday,6,27,7,Monsoon,1,0,0,0,0,0,0,26.5,33.8,24.2,82.6,,0,0,0,84,32,7,10,7,133,134.0,142.0,134.0,141.29,10.67,135.0,140.64,2,1,1,1,1,2,5,1,1,2,1,4,3,3,16,6,15,57,23,2,1,42,9,7,17,13,13,74,20,11,2,2,0,Watch
2025-07-06,Sunday,7,27,7,Monsoon,1,0,0,0,0,0,0,11.0,35.3,25.5,70.8,,0,0,0,80,34,7,13,10,134,133.0,134.0,128.0,141.14,10.78,120.0,140.5,2,1,1,1,1,2,5,1,1,2,1,6,5,4,18,7,16,59,24,2,1,38,11,8,23,17,16,61,28,9,2,0,0,Normal
2025-07-07,Monday,1,28,7,Monsoon,0,0,0,0,0,0,0,21.7,34.7,26.6,81.4,,0,0,0,99,29,5,8,8,141,134.0,133.0,137.0,142.0,9.9,142.0,141.5,2,1,1,1,1,2,6,1,1,2,1,5,3,4,14,6,14,54,23,2,1,36,9,8,15,16,10,65,24,9,2,1,0,Watch
2025-07-08,Tuesday,2,28,7,Monsoon,0,0,0,0,0,1,0,8.8,32.6,23.4,73.5,,0,0,0,99,26,12,7,9,144,141.0,134.0,158.0,142.57,9.71,147.0,141.43,2,1,1,1,1,2,6,1,1,2,1,5,4,4,15,5,12,49,21,1,1,39,9,10,18,12,11,47,19,10,2,3,0,High
2025-07-09,Wednesday,3,28,7,Monsoon,0,0,0,1,0,0,1,14.6,32.7,22.0,78.2,,0,0,0,110,29,7,15,9,161,144.0,141.0,156.0,140.57,7.52,158.0,141.21,2,1,1,1,1,2,6,1,1,2,1,5,5,4,17,6,14,55,23,2,1,40,14,9,22,16,15,62,32,8,2,0,0,Normal
2025-07-10,Thursday,4,28,7,Monsoon,0,0,0,0,0,1,0,32.2,32.7,24.0,81.6,,0,0,0,96,32,11,6,10,145,161.0,144.0,142.0,141.29,9.04,140.0,141.43,2,1,1,1,1,2,6,1,1,2,1,6,4,4,16,6,15,58,24,2,1,38,11,6,15,13,17,76,33,10,2,1,0,Watch
2025-07-11,Friday,5,28,7,Monsoon,0,0,0,0,0,0,0,42.7,32.4,24.1,83.0,,0,0,0,95,31,5,8,7,139,145.0,161.0,134.0,141.71,9.13,138.0,141.79,2,1,1,1,1,2,5,1,1,2,1,4,3,3,15,6,14,56,23,2,1,41,10,9,19,16,12,61,32,9,2,1,0,Watch
2025-07-12,Saturday,6,28,7,Monsoon,1,0,0,0,0,0,0,18.7,34.6,28.3,78.6,,0,0,0,80,29,5,13,8,127,139.0,145.0,133.0,142.43,8.68,134.0,141.86,2,1,1,1,1,2,5,1,1,2,1,5,4,4,16,6,14,52,22,2,1,38,11,7,19,14,14,55,22,9,1,0,0,Normal
2025-07-13,Sunday,7,28,7,Monsoon,1,0,0,0,1,0,0,14.8,32.4,25.6,78.3,,0,0,0,83,29,11,11,10,134,127.0,139.0,134.0,141.57,9.8,128.0,141.36,2,1,1,1,1,2,5,1,1,2,1,6,4,4,17,6,14,52,22,2,1,35,12,5,17,15,18,47,19,8,2,2,0,Watch
2025-07-14,Monday,1,29,7,Monsoon,0,0,0,0,0,0,0,25.0,35.9,27.6,73.1,,0,0,0,101,30,6,9,8,146,134.0,127.0,141.0,141.57,9.8,137.0,141.79,2,1,1,1,1,2,6,1,1,2,1,5,4,4,15,6,14,56,23,2,1,44,12,10,13,15,16,61,22,10,2,2,0,Watch
2025-07-15,Tuesday,2,29,7,Monsoon,0,0,0,0,0,1,0,47.7,32.1,24.8,85.0,,0,0,0,98,33,10,4,8,145,146.0,134.0,144.0,142.29,9.91,158.0,142.43,2,1,1,1,1,2,6,1,1,2,1,5,3,4,16,6,15,60,25,1,1,42,11,9,16,13,11,78,33,9,2,1,0,Watch
2025-07-16,Wednesday,3,29,7,Monsoon,0,0,0,1,0,0,1,8.0,34.7,24.8,71.6,,0,0,0,109,26,6,9,8,150,145.0,146.0,161.0,142.43,9.94,156.0,141.5,2,1,1,1,1,2,6,1,1,2,1,5,4,3,14,5,12,50,21,2,1,38,12,8,18,12,15,69,20,9,2,1,0,Watch
2025-07-17,Thursday,4,29,7,Monsoon,0,0,0,0,0,1,0,16.9,33.2,25.5,72.4,,0,0,0,91,26,12,8,8,137,150.0,145.0,145.0,140.86,7.43,142.0,141.07,2,1,1,1,1,2,5,1,1,2,1,5,3,3,15,5,12,49,20,1,1,43,17,8,16,12,13,67,16,8,2,1,0,Watch
2025-07-18,Friday,5,29,7,Monsoon,0,0,0,0,0,0,0,19.1,35.0,27.7,71.8,,0,0,0,94,28,6,10,8,138,137.0,150.0,139.0,139.71,7.32,134.0,140.71,2,1,1,1,1,2,5,1,1,2,1,5,4,3,15,6,13,52,21,2,1,46,15,10,17,13,15,51,29,9,2,1,0,Watch
2025-07-19,Saturday,6,29,7,Monsoon,1,0,0,0,0,0,0,22.6,33.6,26.0,76.9,,0,0,0,83,26,7,11,9,127,138.0,137.0,127.0,139.57,7.35,133.0,141.0,2,1,1,1,1,2,5,1,1,2,1,5,4,4,15,5,12,48,20,2,1,46,11,7,16,13,14,48,24,8,2,0,0,Normal
2025-07-20,Sunday,7,29,7,Monsoon,1,0,0,0,0,0,0,17.1,31.6,24.3,82.1,,0,0,0,81,30,6,12,9,129,127.0,138.0,134.0,139.57,7.35,134.0,140.57,2,1,1,1,1,2,5,1,1,2,1,5,4,4,16,6,14,54,22,2,1,42,10,8,19,15,15,62,19,6,2,1,0,Watch
2025-07-21,Monday,1,30,7,Monsoon,0,0,0,0,0,0,0,30.8,32.5,24.1,83.2,,0,0,0,93,33,6,6,7,138,129.0,127.0,146.0,138.86,8.06,141.0,140.21,2,1,1,1,1,2,5,1,1,2,1,4,3,4,15,6,15,59,24,2,1,44,13,5,18,14,15,79,27,9,2,0,0,Normal
2025-07-22,Tuesday,2,30,7,Monsoon,0,0,0,0,1,1,0,8.4,32.5,25.6,76.9,,0,0,0,103,25,15,7,9,150,138.0,129.0,145.0,137.71,7.52,144.0,140.0,2,1,1,1,1,2,6,1,1,2,1,5,4,4,15,5,12,48,21,1,1,44,11,1,15,12,9,52,20,8,2,3,0,High
2025-07-23,Wednesday,3,30,7,Monsoon,0,0,0,1,0,0,1,10.1,33.2,25.8,80.3,,0,0,0,104,25,6,12,8,147,150.0,138.0,150.0,138.43,8.36,161.0,140.43,2,1,1,1,1,2,6,1,1,2,1,5,4,3,14,5,12,48,21,2,1,45,8,10,13,14,11,54,25,9,2,2,0,Watch
2025-07-24,Thursday,4,30,7,Monsoon,0,0,0,0,1,1,0,20.8,31.3,25.1,77.8,,0,0,0,95,26,15,9,10,145,147.0,150.0,137.0,138.0,7.82,145.0,139.43,2,1,1,1,1,2,6,1,1,2,1,6,4,4,16,5,12,49,21,2,1,42,11,8,16,12,9,54,23,6,2,1,0,Watch
2025-07-25,Friday,5,30,7,Monsoon,0,0,0,0,0,0,0,12.4,32.4,25.7,68.9,Malaria,4,1,7,90,58,5,6,8,159,145.0,147.0,138.0,139.14,8.17,139.0,139.43,2,2,1,1,1,2,6,1,2,2,1,5,3,8,24,11,50,96,61,2,1,48,10,7,30,23,67,119,85,8,2,1,0,High
2025-07-26,Saturday,6,30,7,Monsoon,1,0,0,0,0,0,0,27.5,34.6,26.8,80.8,Malaria,4,1,8,80,62,6,12,13,160,159.0,145.0,127.0,142.14,10.67,127.0,140.86,2,2,1,1,1,2,6,1,2,2,1,8,5,10,27,12,53,101,64,3,1,43,11,5,30,17,56,135,81,7,2,1,0,High
2025-07-27,Sunday,7,30,7,Monsoon,1,0,0,0,0,0,0,18.1,35.7,29.8,79.9,Malaria,4,1,6,79,55,5,14,11,153,160.0,159.0,129.0,146.86,10.22,134.0,143.21,2,2,1,1,1,2,6,1,2,2,1,7,5,8,25,10,47,91,58,2,1,52,11,8,30,22,40,82,49,9,2,3,0,High
2025-07-28,Monday,1,31,7,Monsoon,0,0,0,0,0,0,0,10.2,31.1,22.8,69.9,Malaria,4,1,6,98,60,7,8,11,173,153.0,160.0,138.0,150.29,7.24,146.0,144.57,2,2,1,1,1,2,7,1,2,2,1,7,4,9,26,11,51,100,63,2,1,34,11,8,31,19,63,94,79,9,2,2,0,High
2025-07-29,Tuesday,2,31,7,Monsoon,0,0,0,0,0,1,0,12.2,34.1,27.2,72.9,Malaria,4,1,6,96,61,13,6,10,176,173.0,153.0,150.0,155.29,8.92,145.0,146.5,2,2,1,1,1,2,7,1,2,2,1,6,4,9,27,11,52,102,64,2,1,38,11,8,30,18,62,120,68,7,2,1,0,High
2025-07-30,Wednesday,3,31,7,Monsoon,0,0,0,1,0,0,1,30.9,31.4,24.5,78.5,Malaria,4,1,6,99,63,6,14,12,182,176.0,173.0,147.0,159.0,11.1,150.0,148.71,2,2,1,1,1,3,7,1,2,2,1,7,5,9,28,12,54,105,67,3,1,46,11,6,36,20,47,113,70,11,2,2,0,High
2025-07-31,Thursday,4,31,7,Monsoon,0,0,0,0,0,1,0,12.6,33.6,27.5,72.4,Malaria,4,1,5,95,56,12,7,11,170,182.0,176.0,145.0,164.0,12.38,137.0,151.0,2,2,1,1,1,2,7,1,2,2,1,7,4,8,25,11,48,94,60,2,1,40,11,7,29,22,41,131,51,11,3,3,0,High
2025-08-01,Friday,5,31,8,Monsoon,0,0,0,0,0,0,0,42.1,34.8,28.4,84.5,Malaria,4,1,6,86,65,4,10,10,165,170.0,182.0,159.0,167.57,9.69,138.0,153.36,2,2,1,1,1,2,6,1,2,2,1,6,4,9,27,12,56,107,67,3,1,42,10,10,30,25,66,146,81,10,2,0,0,High
2025-08-02,Saturday,6,31,8,Monsoon,1,0,0,0,0,0,0,22.9,34.4,25.2,78.2,Malaria,4,1,6,76,56,7,7,10,146,165.0,170.0,160.0,168.43,9.15,127.0,155.29,2,2,1,1,1,2,6,1,2,2,1,6,4,8,24,11,48,92,59,2,1,44,11,9,22,24,55,103,84,11,2,1,0,High
2025-08-03,Sunday,7,31,8,Monsoon,1,0,0,0,0,0,0,8.3,32.0,23.8,75.1,Malaria,4,1,7,81,54,7,11,11,153,146.0,165.0,153.0,166.43,11.89,129.0,156.64,2,2,1,1,1,2,6,1,2,2,1,7,5,8,24,10,46,90,57,2,1,43,11,8,27,16,60,95,57,9,2,0,0,High
2025-08-04,Monday,1,32,8,Monsoon,0,0,0,0,0,0,0,20.9,32.8,22.7,75.6,Malaria,4,1,6,93,61,5,8,10,167,153.0,146.0,173.0,166.43,11.89,138.0,158.36,2,2,1,1,1,2,6,1,2,2,1,6,4,9,25,11,52,101,63,2,1,49,9,7,23,17,56,96,54,17,2,4,0,High
2025-08-05,Tuesday,2,32,8,Monsoon,0,0,0,0,0,1,0,42.9,31.8,24.4,91.7,Malaria,4,1,7,98,65,12,6,11,181,167.0,153.0,176.0,165.57,11.6,150.0,160.43,2,2,1,1,1,3,7,1,2,2,1,7,4,9,28,12,56,108,69,2,1,56,13,8,27,21,53,135,76,9,2,3,0,High
2025-08-06,Wednesday,3,32,8,Monsoon,0,0,0,1,0,0,1,6.7,33.1,24.2,75.3,Malaria,4,1,5,104,57,7,13,12,181,181.0,167.0,182.0,166.29,12.35,147.0,162.64,2,2,1,1,1,3,7,1,2,2,1,7,5,9,26,11,49,96,62,2,1,44,11,7,29,21,63,116,74,11,2,1,0,High
2025-08-07,Thursday,4,32,8,Monsoon,0,0,0,0,0,1,0,30.4,30.8,23.3,81.4,Malaria,4,1,6,92,58,10,5,11,165,181.0,181.0,170.0,166.14,12.17,145.0,165.07,2,2,1,1,1,2,6,1,2,2,1,7,4,9,25,11,50,97,61,2,1,44,10,9,29,17,58,101,81,7,2,0,0,High
2025-08-08,Friday,5,32,8,Monsoon,0,0,1,0,0,0,3,26.5,28.8,20.9,81.5,Malaria,4,1,6,89,65,6,17,11,177,165.0,181.0,165.0,165.43,12.07,159.0,166.5,2,2,1,1,1,2,7,1,2,2,1,7,5,9,30,12,56,107,68,3,1,37,12,6,26,17,49,108,79,7,2,3,0,High
2025-08-09,Saturday,6,32,8,Monsoon,1,0,1,0,0,0,1,6.1,31.4,24.5,71.8,Malaria,4,1,5,88,55,6,18,12,167,177.0,165.0,146.0,167.14,12.72,160.0,167.79,2,2,1,1,1,2,6,1,2,2,1,7,6,9,27,10,47,92,58,3,1,38,10,12,32,17,45,84,62,9,2,2,0,High
2025-08-10,Sunday,7,32,8,Monsoon,1,0,0,0,0,0,0,40.1,32.9,26.1,73.8,Malaria,4,1,6,76,62,5,11,11,154,167.0,177.0,153.0,170.14,9.43,153.0,168.29,2,2,1,1,1,2,6,1,2,2,1,7,5,9,27,12,53,101,64,2,1,42,14,8,30,25,51,116,53,6,2,3,0,High
2025-08-11,Monday,1,33,8,Monsoon,0,0,0,0,0,0,0,43.9,29.4,22.1,95.0,Malaria,4,1,7,92,67,6,9,13,174,154.0,167.0,167.0,170.29,9.18,173.0,168.36,2,2,1,1,1,2,7,1,2,2,1,8,5,10,28,13,57,110,70,3,1,42,12,8,25,20,47,133,68,10,2,4,0,High
2025-08-12,Tuesday,2,33,8,Monsoon,0,0,0,0,0,1,0,8.5,31.6,23.1,74.5,Malaria,4,1,6,91,55,11,8,11,165,174.0,154.0,181.0,171.29,9.15,176.0,168.43,2,2,1,1,1,2,6,1,2,2,1,7,4,8,25,10,47,92,58,2,1,34,13,8,27,21,49,119,67,10,2,0,0,High
2025-08-13,Wednesday,3,33,8,Monsoon,0,0,0,1,0,0,1,8.4,34.8,24.9,79.1,Malaria,4,1,5,104,56,6,14,12,180,165.0,174.0,181.0,169.0,8.4,182.0,167.64,2,2,1,1,1,2,7,1,2,2,1,7,5,9,26,11,48,95,60,2,1,44,13,8,31,17,62,101,66,9,2,1,0,High
2025-08-14,Thursday,4,33,8,Monsoon,0,0,0,0,0,1,0,7.5,30.6,23.7,78.8,Malaria,4,1,6,92,58,12,8,10,170,180.0,165.0,165.0,168.86,8.2,170.0,167.5,2,2,1,1,1,2,7,1,2,2,1,6,4,8,26,11,50,97,62,2,1,46,15,7,31,19,66,102,72,8,2,1,0,High
2025-08-15,Friday,5,33,8,Monsoon,0,1,0,0,0,0,1,18.9,29.6,21.9,80.2,Malaria,4,1,5,87,59,5,10,8,161,170.0,180.0,177.0,169.57,8.05,165.0,167.5,2,2,1,1,1,2,6,1,2,2,1,5,4,8,25,11,51,98,62,2,1,48,8,6,27,16,61,96,66,9,2,2,0,High
2025-08-16,Saturday,6,33,8,Monsoon,1,0,0,0,0,0,0,10.7,30.5,21.1,85.1,Malaria,4,1,6,87,61,6,12,12,166,161.0,170.0,167.0,167.29,7.89,146.0,167.21,2,2,1,1,1,2,6,1,2,2,1,7,5,9,27,11,52,101,63,3,1,43,10,8,31,17,53,133,54,7,2,2,0,High
2025-08-17,Sunday,7,33,8,Monsoon,1,0,0,0,0,0,0,43.9,31.2,23.8,92.2,,0,0,0,72,33,6,9,8,120,166.0,161.0,154.0,167.14,7.9,153.0,168.64,2,1,1,1,1,2,5,1,1,1,1,5,4,4,16,6,15,57,24,2,1,42,10,8,21,15,16,78,23,9,2,1,0,Watch
2025-08-18,Monday,1,34,8,Monsoon,0,0,0,0,0,0,0,18.6,33.8,28.0,76.4,,0,0,0,94,27,5,6,7,132,120.0,166.0,174.0,162.29,18.21,167.0,166.29,2,1,1,1,1,2,5,1,1,2,1,4,3,3,13,5,13,50,21,1,1,45,10,8,12,13,16,51,27,8,2,1,0,Watch
2025-08-19,Tuesday,2,34,8,Monsoon,0,0,0,0,0,1,0,34.8,33.8,25.4,79.8,,0,0,0,89,32,9,8,7,138,132.0,120.0,165.0,156.29,20.18,181.0,163.79,2,1,1,1,1,2,5,1,1,2,1,4,3,3,16,6,15,57,23,2,1,37,8,10,16,12,12,65,30,9,2,1,0,Watch
2025-08-20,Wednesday,3,34,8,Monsoon,0,0,0,1,0,0,1,22.1,31.3,25.2,77.7,Dengue,4,1,5,111,72,6,14,14,203,138.0,132.0,180.0,152.43,20.71,181.0,160.71,3,3,1,1,1,3,8,1,2,2,1,8,6,11,31,13,62,120,76,3,1,40,10,8,41,22,64,157,75,9,2,2,0,High
2025-08-21,Thursday,4,34,8,Monsoon,0,0,0,0,0,1,0,4.2,30.1,20.7,73.9,Dengue,4,1,6,102,68,11,9,12,190,203.0,138.0,170.0,155.71,25.98,165.0,162.29,2,2,1,1,1,3,7,1,2,2,1,7,5,10,30,13,58,113,72,3,1,42,11,8,38,21,62,132,67,11,2,2,0,High
2025-08-22,Friday,5,34,8,Monsoon,0,0,0,0,0,0,0,14.1,34.7,26.9,74.9,Dengue,4,1,6,95,71,7,8,12,181,190.0,203.0,161.0,158.57,28.38,177.0,164.07,2,3,1,1,1,3,7,1,2,2,1,7,4,10,29,13,61,116,74,3,1,34,11,8,29,23,65,147,85,9,2,1,0,High
2025-08-23,Saturday,6,34,8,Monsoon,1,0,0,0,0,0,0,0.0,32.5,24.0,67.6,Dengue,4,1,4,89,63,4,9,11,165,181.0,190.0,166.0,161.43,29.47,167.0,164.36,2,2,1,1,1,2,6,1,2,2,1,7,4,9,26,12,54,104,65,2,1,42,13,9,26,18,50,120,91,10,2,1,0,High
2025-08-24,Sunday,7,34,8,Monsoon,1,0,0,0,0,0,0,17.1,28.2,21.3,78.3,Dengue,4,1,7,80,71,6,9,11,166,165.0,181.0,120.0,161.29,29.45,154.0,164.21,2,3,1,1,1,2,6,1,2,2,1,7,4,10,30,13,61,115,72,3,1,42,14,6,30,18,79,132,93,9,2,1,0,High
2025-08-25,Monday,1,35,8,Monsoon,0,0,0,0,1,0,0,21.5,29.3,21.2,84.7,Dengue,4,1,6,108,76,9,4,11,197,166.0,165.0,132.0,167.86,24.16,174.0,165.07,2,3,1,1,1,3,8,1,2,2,1,7,4,10,31,14,65,125,80,3,1,39,14,8,28,27,59,137,94,10,2,3,0,High
2025-08-26,Tuesday,2,35,8,Monsoon,0,0,0,0,0,1,0,15.8,30.1,22.2,86.5,Dengue,4,1,5,100,70,10,7,12,187,197.0,166.0,138.0,177.14,20.86,165.0,166.71,2,2,1,1,1,3,7,1,2,2,1,7,4,10,30,13,60,115,73,3,1,35,10,11,27,26,80,150,72,9,2,2,0,High
2025-08-27,Wednesday,3,35,8,Monsoon,0,0,1,1,0,0,3,10.0,33.2,25.3,73.3,Dengue,4,1,5,117,68,5,22,15,212,187.0,197.0,203.0,184.14,13.46,180.0,168.29,3,2,2,1,1,3,8,1,2,2,1,9,7,11,32,13,58,114,73,3,1,54,11,8,42,26,57,120,97,11,2,2,0,High
2025-08-28,Thursday,4,35,8,Monsoon,0,0,0,0,0,1,0,13.4,29.1,21.7,76.0,Dengue,4,1,7,97,68,10,7,13,182,212.0,187.0,190.0,185.43,15.48,170.0,170.57,2,2,1,1,1,3,7,1,2,2,1,8,5,10,29,13,58,112,72,2,1,35,11,7,27,23,46,121,82,9,2,3,0,High
2025-08-29,Friday,5,35,8,Monsoon,0,0,0,0,0,0,0,20.4,31.1,24.7,79.2,Dengue,4,1,6,93,73,5,8,11,179,182.0,212.0,181.0,184.29,15.4,161.0,171.43,2,3,1,1,1,2,7,1,2,2,1,7,4,10,30,14,63,119,75,3,1,36,8,8,35,23,77,140,78,10,2,1,0,High
2025-08-30,Saturday,6,35,8,Monsoon,1,0,0,0,0,0,0,3.6,32.2,23.4,74.7,Dengue,4,1,8,90,69,6,12,13,177,179.0,182.0,165.0,184.0,15.47,166.0,172.71,2,2,1,1,1,2,7,1,2,2,1,8,5,10,30,13,59,113,72,3,1,35,10,8,34,26,44,110,80,8,2,3,0,High
2025-08-31,Sunday,7,35,8,Monsoon,1,0,0,0,0,0,0,46.6,28.5,18.0,90.6,Dengue,4,1,6,80,74,6,13,11,173,177.0,179.0,166.0,185.71,13.85,120.0,173.5,2,3,1,1,1,2,7,1,2,2,1,7,5,10,32,14,63,119,76,3,1,41,10,7,33,21,47,124,68,9,2,3,0,High
2025-09-01,Monday,1,36,9,Monsoon,0,0,0,0,0,0,0,7.8,31.4,23.4,67.6,Dengue,4,1,6,105,67,4,8,12,184,173.0,177.0,197.0,186.71,12.59,132.0,177.29,2,2,1,1,1,3,7,1,2,2,1,7,4,10,27,13,57,111,71,2,1,40,11,8,26,20,68,144,82,10,2,2,0,High
2025-09-02,Tuesday,2,36,9,Monsoon,0,0,0,0,0,1,0,20.7,30.5,22.8,87.9,Dengue,4,1,6,103,75,9,6,12,193,184.0,173.0,187.0,184.86,11.87,138.0,181.0,2,3,1,1,1,3,7,1,2,2,1,7,4,10,31,14,64,123,78,3,1,37,11,8,26,19,53,125,109,11,2,3,0,High
2025-09-03,Wednesday,3,36,9,Monsoon,0,0,0,1,0,0,1,7.4,31.3,23.0,66.6,Dengue,4,1,7,103,70,5,14,12,192,193.0,184.0,212.0,185.71,12.21,203.0,184.93,2,2,1,1,1,3,7,1,2,2,1,7,5,10,30,13,60,116,73,3,1,43,14,8,37,27,62,114,100,10,2,2,0,High
2025-09-04,Thursday,4,36,9,Monsoon,0,0,0,0,0,1,0,14.8,31.3,23.5,78.5,Dengue,4,1,7,93,70,11,7,11,181,192.0,193.0,182.0,182.86,6.92,190.0,184.14,2,2,1,1,1,3,7,1,2,2,1,7,4,10,30,13,60,115,73,3,1,45,6,5,36,20,46,132,60,10,2,3,0,High
2025-09-05,Friday,5,36,9,Monsoon,0,0,0,0,0,0,0,8.6,28.6,18.7,79.3,Dengue,4,1,7,98,70,7,5,9,180,181.0,192.0,179.0,182.71,6.94,181.0,183.5,2,2,1,1,1,2,7,1,2,2,1,5,3,9,28,13,60,115,72,2,1,39,11,9,25,21,48,150,68,11,2,3,0,High
2025-09-06,Saturday,6,36,9,Monsoon,1,0,0,0,0,0,0,12.9,30.0,21.0,79.6,Dengue,4,1,6,87,74,5,9,11,175,180.0,181.0,177.0,182.86,6.87,165.0,183.43,2,3,1,1,1,2,7,1,2,2,1,7,4,10,30,14,63,120,76,3,1,42,12,9,27,23,74,110,100,9,2,3,0,High
2025-09-07,Sunday,7,36,9,Monsoon,1,0,0,0,0,0,0,0.0,30.2,20.1,69.1,Dengue,4,1,6,85,65,6,13,11,169,175.0,180.0,173.0,182.57,7.15,166.0,184.14,2,2,1,1,1,2,7,1,2,2,1,7,5,9,29,12,56,106,68,3,1,36,11,10,31,19,59,110,61,9,2,1,0,High
2025-09-08,Monday,1,37,9,Monsoon,0,0,0,0,0,0,0,21.0,26.9,17.2,80.0,Dengue,4,1,6,109,72,5,5,10,191,169.0,175.0,184.0,182.0,8.0,197.0,184.36,2,3,1,1,1,3,7,1,2,2,1,6,4,9,28,13,62,119,75,2,1,42,11,8,32,21,57,164,108,9,2,2,0,High
2025-09-09,Tuesday,2,37,9,Monsoon,0,0,0,0,0,1,0,5.5,27.3,19.1,73.5,Dengue,4,1,7,99,68,9,7,11,183,191.0,169.0,193.0,183.0,8.6,187.0,183.93,2,2,1,1,1,3,7,1,2,2,1,7,4,9,29,13,58,112,72,2,1,41,9,7,36,21,65,129,90,10,3,1,0,High
2025-09-10,Wednesday,3,37,9,Monsoon,0,0,0,1,0,0,1,18.0,29.3,23.3,80.7,Dengue,4,1,7,106,71,6,13,13,196,183.0,191.0,192.0,181.57,7.59,212.0,183.64,2,3,1,1,1,3,7,1,2,2,1,8,5,10,31,13,61,118,74,3,1,39,14,6,34,25,71,151,66,9,2,2,0,High
2025-09-11,Thursday,4,37,9,Monsoon,0,0,0,0,0,1,0,12.5,27.3,20.6,80.3,Dengue,4,1,6,95,71,9,7,13,182,196.0,183.0,181.0,182.14,8.46,182.0,182.5,2,3,1,1,1,3,7,1,2,2,1,8,5,10,30,13,61,116,74,3,1,32,11,6,36,19,74,107,63,12,2,3,0,High
2025-09-12,Friday,5,37,9,Monsoon,0,0,0,0,0,0,0,32.7,27.0,18.0,88.7,Dengue,4,1,6,95,78,3,8,12,184,182.0,196.0,180.0,182.29,8.45,179.0,182.5,2,3,1,1,1,3,7,1,2,2,1,7,4,11,31,15,67,127,81,3,1,33,12,6,27,25,52,154,116,8,2,3,0,High
2025-09-13,Saturday,6,37,9,Monsoon,1,0,0,0,0,0,0,17.2,26.4,19.6,86.3,Dengue,4,1,6,86,72,5,12,12,175,184.0,182.0,175.0,182.86,8.41,177.0,182.86,2,3,1,1,1,2,7,1,2,2,1,7,5,10,31,13,62,117,74,3,1,47,12,11,39,21,68,144,69,8,0,2,0,High
2025-09-14,Sunday,7,37,9,Monsoon,1,0,0,0,0,0,0,18.0,27.9,18.4,81.4,Dengue,4,1,6,77,72,7,11,12,167,175.0,184.0,169.0,182.86,8.41,173.0,182.71,2,3,1,1,1,2,6,1,2,2,1,7,5,10,31,13,62,116,73,3,1,36,10,9,36,24,69,105,58,8,2,3,0,High
2025-09-15,Monday,1,38,9,Monsoon,0,0,0,0,0,0,0,6.9,27.5,18.9,74.0,Dengue,4,1,7,102,73,5,6,9,186,167.0,175.0,191.0,182.57,8.89,184.0,182.29,2,3,1,1,1,3,7,1,2,2,1,5,3,9,29,14,63,120,76,3,1,48,9,8,38,19,50,145,87,12,2,2,0,High
2025-09-16,Tuesday,2,38,9,Monsoon,0,0,0,0,0,1,0,16.1,26.8,18.2,78.8,Dengue,4,1,4,108,73,12,10,15,203,186.0,167.0,183.0,181.86,8.37,193.0,182.43,2,3,1,1,1,3,8,1,2,2,1,9,5,11,32,14,63,121,77,3,1,41,14,7,38,24,69,163,66,11,2,2,0,High
2025-09-17,Wednesday,3,38,9,Monsoon,0,0,0,1,0,0,1,42.2,27.8,20.8,85.4,Dengue,4,1,5,107,72,3,12,11,194,203.0,186.0,196.0,184.71,11.21,192.0,183.14,2,3,1,1,1,3,7,1,2,2,1,7,5,10,30,13,62,119,75,3,1,42,10,8,35,23,53,145,61,10,2,3,0,High
2025-09-18,Thursday,4,38,9,Monsoon,0,0,0,0,0,1,0,17.0,30.0,22.0,78.2,Dengue,4,1,5,98,70,8,8,11,184,194.0,203.0,182.0,184.43,10.94,181.0,183.29,2,2,1,1,1,3,7,1,2,2,1,7,4,10,29,13,60,115,73,3,1,36,11,8,35,19,64,125,94,9,2,1,0,High
2025-09-19,Friday,5,38,9,Monsoon,0,0,0,0,1,0,0,0.0,28.7,20.6,74.8,Dengue,4,1,4,99,65,9,6,10,179,184.0,194.0,184.0,184.71,10.9,180.0,183.5,2,2,1,1,1,2,7,1,2,2,1,6,4,9,27,12,56,108,68,2,1,42,11,6,28,17,51,117,79,8,2,2,0,High
2025-09-20,Saturday,6,38,9,Monsoon,1,0,0,0,0,0,0,17.7,29.1,20.0,72.2,Dengue,4,1,5,80,71,7,11,12,169,179.0,184.0,175.0,184.0,11.08,175.0,183.43,2,3,1,1,1,2,7,1,2,2,1,7,5,10,30,13,61,115,73,3,1,43,11,8,30,23,61,126,61,9,2,2,0,High
2025-09-21,Sunday,7,38,9,Monsoon,1,0,0,0,0,0,0,56.9,28.5,20.3,90.2,Dengue,4,1,5,84,79,4,13,13,180,169.0,179.0,167.0,183.14,11.95,169.0,183.0,2,3,1,1,1,2,7,1,2,2,1,8,5,11,33,15,68,127,81,3,1,43,10,8,38,30,53,161,70,9,2,3,0,High
2025-09-22,Monday,1,39,9,Monsoon,0,0,0,0,0,0,0,13.7,29.5,19.8,78.8,Dengue,4,1,6,110,69,5,5,11,189,180.0,169.0,186.0,185.0,10.17,191.0,183.79,2,2,1,1,1,3,7,1,2,2,1,7,4,10,27,13,59,115,73,2,1,37,11,8,30,18,58,144,85,9,2,2,0,High
2025-09-23,Tuesday,2,39,9,Monsoon,0,0,0,0,0,1,0,19.7,27.2,18.4,87.5,Dengue,4,1,7,98,71,10,7,12,186,189.0,180.0,203.0,185.43,10.27,183.0,183.64,2,3,1,1,1,3,7,1,2,2,1,7,4,10,30,13,61,117,74,3,1,42,9,8,26,19,64,135,100,8,2,2,0,High
2025-09-24,Wednesday,3,39,9,Monsoon,0,0,0,1,1,0,1,0.8,26.6,16.9,81.0,Dengue,4,1,6,113,70,8,13,13,204,186.0,189.0,194.0,183.0,7.45,196.0,183.86,3,2,1,1,1,3,8,1,2,2,1,8,5,10,31,13,60,117,74,3,1,50,10,10,40,26,46,150,75,5,2,1,0,High
2025-09-25,Thursday,4,39,9,Monsoon,0,0,0,0,0,1,0,14.8,25.5,18.1,86.9,Dengue,4,1,5,98,71,10,7,11,186,204.0,186.0,184.0,184.43,9.96,182.0,184.43,2,3,1,1,1,3,7,1,2,2,1,7,4,10,30,13,61,117,74,3,1,41,11,10,33,22,46,116,60,9,2,3,0,High
2025-09-26,Friday,5,39,9,Monsoon,0,0,0,0,0,0,0,0.6,28.0,19.5,67.5,Dengue,4,1,6,99,67,5,10,11,181,186.0,204.0,179.0,184.71,9.97,184.0,184.71,2,2,1,1,1,3,7,1,2,2,1,7,4,9,28,13,57,111,71,3,1,38,14,7,29,18,74,138,82,10,2,1,0,High
2025-09-27,Saturday,6,39,9,Monsoon,1,0,0,0,0,0,0,0.0,23.8,15.3,80.4,Dengue,4,1,7,88,65,6,8,12,167,181.0,186.0,169.0,185.0,9.83,175.0,184.5,2,2,1,1,1,2,6,1,2,2,1,7,4,10,27,12,56,107,67,2,1,38,11,9,23,22,53,102,88,7,2,4,0,High
2025-09-28,Sunday,7,39,9,Monsoon,1,0,0,0,0,0,0,3.2,26.3,16.5,73.2,Dengue,4,1,5,82,70,6,13,13,171,167.0,181.0,180.0,184.71,10.31,167.0,183.93,2,2,1,1,1,2,7,1,2,2,1,8,5,10,30,13,60,114,72,3,1,41,14,8,33,23,71,140,89,7,2,1,0,High
2025-09-29,Monday,1,40,9,Monsoon,0,0,0,0,0,0,0,12.3,25.6,16.7,81.5,Dengue,4,1,5,106,69,4,6,12,185,171.0,167.0,189.0,183.43,11.32,186.0,184.21,2,2,1,1,1,3,7,1,2,2,1,7,4,10,27,13,59,115,73,2,1,35,11,8,35,19,78,148,86,9,2,1,0,High
2025-09-30,Tuesday,2,40,9,Monsoon,0,0,0,0,0,1,0,2.4,25.8,16.3,78.2,Dengue,4,1,6,104,68,10,9,12,191,185.0,171.0,186.0,182.86,11.13,203.0,184.14,2,2,1,1,1,3,7,1,2,2,1,7,5,10,29,13,58,113,72,3,1,36,11,8,30,24,44,132,91,11,2,2,0,High
2025-10-01,Wednesday,3,40,10,Post_Monsoon,0,0,0,1,0,0,1,2.4,23.0,17.2,63.3,,0,0,0,101,21,4,13,8,139,191.0,185.0,204.0,183.57,11.46,194.0,183.29,2,1,1,1,1,2,5,1,1,2,1,5,4,3,13,4,10,42,18,2,1,40,12,7,12,12,9,43,19,9,2,2,0,Watch
2025-10-02,Thursday,4,40,10,Post_Monsoon,0,1,0,0,0,1,1,0.2,31.2,23.0,45.5,,0,0,0,84,13,11,8,7,116,139.0,191.0,186.0,174.29,16.41,184.0,179.36,2,1,1,1,1,2,5,1,1,1,1,4,3,3,10,3,6,28,14,1,1,42,11,8,9,12,8,39,16,9,2,1,0,Watch
2025-10-03,Friday,5,40,10,Post_Monsoon,0,0,0,0,0,0,0,3.7,24.6,15.3,54.3,,0,0,0,87,17,6,6,7,116,116.0,139.0,181.0,164.29,25.2,179.0,174.5,2,1,1,1,1,2,5,1,1,1,1,4,3,3,10,4,8,35,16,1,1,41,10,8,11,11,6,43,23,11,2,1,0,Watch
2025-10-04,Saturday,6,40,10,Post_Monsoon,1,0,0,0,0,0,0,0.0,28.9,21.1,48.3,,0,0,0,81,16,5,10,7,112,116.0,116.0,167.0,155.0,29.02,169.0,170.0,2,1,1,1,1,2,4,1,1,1,1,4,3,3,10,3,8,33,14,1,1,44,11,10,9,10,8,38,17,8,2,1,0,Watch
2025-10-05,Sunday,7,40,10,Post_Monsoon,1,0,0,0,0,0,0,0.0,28.5,18.5,37.6,,0,0,0,78,11,5,12,7,106,112.0,116.0,171.0,147.14,32.0,180.0,165.93,2,1,1,1,1,2,4,1,1,1,1,4,4,2,9,2,5,25,12,1,1,48,12,7,9,10,5,23,10,7,3,2,0,Watch
2025-10-06,Monday,1,41,10,Post_Monsoon,0,0,0,0,0,0,0,0.8,25.1,16.0,53.4,,0,0,0,94,17,6,7,6,124,106.0,112.0,185.0,137.86,33.14,189.0,160.64,2,1,1,1,1,2,5,1,1,2,1,4,3,3,10,4,8,35,16,1,1,36,11,10,13,11,6,38,15,9,2,2,0,Watch
2025-10-07,Tuesday,2,41,10,Post_Monsoon,0,0,0,0,0,1,0,0.7,26.8,20.0,49.4,,0,0,0,93,14,11,7,8,125,124.0,106.0,191.0,129.14,27.06,186.0,156.0,2,1,1,1,1,2,5,1,1,2,1,5,3,3,10,3,7,31,14,1,1,43,14,7,9,12,9,36,19,7,2,1,0,Watch
2025-10-08,Wednesday,3,41,10,Post_Monsoon,0,0,1,1,1,0,4,0.1,25.5,20.2,52.3,,0,0,0,109,12,6,23,9,150,125.0,124.0,139.0,119.71,9.95,204.0,151.64,2,1,2,1,1,2,6,1,1,2,1,5,6,3,13,3,6,29,14,2,1,38,12,8,13,10,4,27,14,10,2,2,0,Watch
2025-10-09,Thursday,4,41,10,Post_Monsoon,0,0,1,0,1,1,1,0.8,27.9,22.5,49.2,,0,0,0,97,12,14,12,9,135,150.0,125.0,116.0,121.29,13.21,186.0,147.79,2,1,1,1,1,2,5,1,1,2,1,5,4,3,12,3,6,28,13,1,1,50,9,9,11,11,6,39,16,10,2,1,0,Watch
2025-10-10,Friday,5,41,10,Post_Monsoon,0,0,0,0,0,0,0,0.2,25.3,17.3,50.4,,0,0,0,83,17,6,9,7,115,135.0,150.0,116.0,124.0,13.78,181.0,144.14,2,1,1,1,1,2,5,1,1,1,1,4,3,3,11,4,8,34,16,1,1,44,11,8,10,11,9,33,17,9,2,2,0,Watch
2025-10-11,Saturday,6,41,10,Post_Monsoon,1,0,0,0,0,0,0,0.0,25.8,16.6,49.6,,0,0,0,75,13,4,12,6,104,115.0,135.0,112.0,123.86,13.87,167.0,139.43,2,1,1,1,1,2,4,1,1,1,1,4,3,2,10,3,6,27,13,1,1,44,9,8,9,11,6,28,15,9,2,1,0,Watch
2025-10-12,Sunday,7,41,10,Post_Monsoon,1,0,0,0,0,0,0,0.0,23.6,16.9,54.2,,0,0,0,75,17,3,9,6,104,104.0,115.0,106.0,122.71,15.08,171.0,134.93,2,1,1,1,1,2,4,1,1,1,1,4,3,3,10,4,8,33,15,1,1,45,11,6,12,12,6,29,12,12,2,3,0,High
2025-10-13,Monday,1,42,10,Post_Monsoon,0,0,0,0,0,0,0,0.0,26.0,16.8,50.0,,0,0,0,96,14,7,10,6,127,104.0,104.0,124.0,122.43,15.41,185.0,130.14,2,1,1,1,1,2,5,1,1,2,1,4,3,2,10,3,7,31,14,1,1,42,12,6,13,11,8,34,13,6,2,1,0,Watch
2025-10-14,Tuesday,2,42,10,Post_Monsoon,0,0,1,0,0,1,1,1.1,25.6,16.7,52.9,,0,0,0,95,16,9,15,9,135,127.0,104.0,125.0,122.86,15.49,191.0,126.0,2,1,1,1,1,2,5,1,1,2,1,5,5,3,13,3,8,34,15,1,1,35,12,9,11,12,9,44,12,8,2,2,0,Watch
2025-10-15,Wednesday,3,42,10,Post_Monsoon,0,0,0,1,0,0,1,0.0,25.6,18.4,49.8,,0,0,0,104,14,4,13,7,135,135.0,127.0,150.0,124.29,16.07,139.0,122.0,2,1,1,1,1,2,5,1,1,2,1,4,4,3,10,3,7,32,14,1,1,43,12,7,10,10,7,34,15,9,3,0,0,Normal
2025-10-16,Thursday,4,42,10,Post_Monsoon,0,0,1,0,0,1,2,0.9,27.7,19.8,57.3,,0,0,0,95,16,11,15,8,137,135.0,135.0,135.0,122.14,13.25,116.0,121.71,2,1,1,1,1,2,5,1,1,2,1,5,4,3,13,3,8,34,15,1,1,38,11,12,15,11,7,35,19,10,2,1,0,Watch
2025-10-17,Friday,5,42,10,Post_Monsoon,0,0,0,0,0,0,0,0.0,26.9,20.2,46.0,,0,0,0,89,11,4,6,5,110,137.0,135.0,115.0,122.43,13.54,116.0,123.21,2,1,1,1,1,2,4,1,1,1,1,3,2,2,7,2,5,26,12,1,1,38,11,7,7,10,5,26,11,8,2,1,0,Watch
2025-10-18,Saturday,6,42,10,Post_Monsoon,1,0,0,0,0,0,0,0.0,25.5,19.6,49.0,,0,0,0,79,15,4,10,7,108,110.0,137.0,104.0,121.71,14.04,112.0,122.79,2,1,1,1,1,2,4,1,1,1,1,4,3,3,10,3,7,31,14,1,1,34,10,4,12,11,8,34,16,9,2,0,0,Normal
2025-10-19,Sunday,7,42,10,Post_Monsoon,1,0,1,0,0,0,3,7.8,28.4,19.2,45.6,Mass_Casualty,4,1,7,82,12,4,86,23,184,108.0,110.0,104.0,122.29,13.37,106.0,122.5,2,1,5,1,1,3,7,1,1,2,4,13,17,9,31,3,6,27,21,4,3,52,9,10,40,12,5,34,24,8,2,3,0,High
2025-10-20,Monday,1,43,10,Post_Monsoon,0,0,0,0,0,0,0,0.5,23.7,15.5,48.2,,0,0,0,97,14,5,10,7,126,184.0,108.0,127.0,133.71,23.33,124.0,128.07,2,1,1,1,1,2,5,1,1,2,1,4,3,3,10,3,7,31,14,1,1,39,11,6,12,11,7,29,12,9,2,2,0,Watch
2025-10-21,Tuesday,2,43,10,Post_Monsoon,0,0,0,0,0,1,0,0.4,24.3,17.0,53.9,,0,0,0,91,12,10,7,7,120,126.0,184.0,135.0,133.57,23.38,125.0,128.21,2,1,1,1,1,2,5,1,1,1,1,4,3,2,9,3,6,28,13,1,1,44,13,7,10,11,7,34,12,8,2,1,0,Watch
2025-10-22,Wednesday,3,43,10,Post_Monsoon,0,0,1,1,0,0,4,0.0,25.8,18.5,52.5,,0,0,0,107,15,6,22,10,150,120.0,126.0,135.0,131.43,23.83,150.0,127.86,2,1,2,1,1,2,6,1,1,2,1,6,6,3,14,3,7,34,16,2,1,43,13,5,16,11,6,37,14,11,2,2,0,Watch
2025-10-23,Thursday,4,43,10,Post_Monsoon,0,0,0,0,0,1,0,0.9,25.6,18.5,45.9,,0,0,0,93,11,11,7,5,122,150.0,120.0,137.0,133.57,24.71,135.0,127.86,2,1,1,1,1,2,5,1,1,2,1,3,3,2,9,2,5,26,13,1,1,42,10,9,9,9,5,25,13,8,2,1,0,Watch
2025-10-24,Friday,5,43,10,Post_Monsoon,0,0,1,0,0,0,1,0.3,24.1,16.6,55.1,,0,0,0,91,19,5,16,9,131,122.0,150.0,110.0,131.43,24.97,115.0,126.93,2,1,1,1,1,2,5,1,1,2,1,5,5,3,13,4,9,38,17,2,1,39,8,8,12,12,10,50,21,9,3,1,0,Watch
2025-10-25,Saturday,6,43,10,Post_Monsoon,1,0,0,0,0,0,0,0.0,23.8,17.3,53.6,,0,0,0,80,11,4,11,8,106,131.0,122.0,108.0,134.43,23.43,104.0,128.07,2,1,1,1,1,2,4,1,1,1,1,5,4,3,9,2,5,25,12,1,1,46,13,6,11,9,5,26,9,5,2,1,0,Watch
2025-10-26,Sunday,7,43,10,Post_Monsoon,1,0,0,0,1,0,0,1.3,25.9,18.5,51.2,,0,0,0,76,13,9,13,6,111,106.0,131.0,184.0,134.14,23.76,104.0,128.21,2,1,1,1,1,2,4,1,1,1,1,4,4,2,11,3,6,28,13,1,1,45,11,8,12,12,7,33,13,11,2,0,0,Normal
2025-10-27,Monday,1,44,10,Post_Monsoon,0,0,0,0,1,0,0,0.6,23.7,17.2,47.9,,0,0,0,97,15,9,6,6,127,111.0,106.0,126.0,123.71,13.32,127.0,128.71,2,1,1,1,1,2,5,1,1,2,1,4,3,2,10,3,7,33,15,1,1,43,12,8,11,10,7,34,21,9,2,0,0,Normal
2025-10-28,Tuesday,2,44,10,Post_Monsoon,0,0,0,0,0,1,0,0.0,23.7,14.4,54.6,,0,0,0,92,20,12,9,8,133,127.0,111.0,120.0,123.86,13.35,135.0,128.71,2,1,1,1,1,2,5,1,1,2,1,5,4,3,13,4,9,40,17,1,1,40,7,8,13,12,7,42,19,9,2,1,0,Watch
2025-10-29,Wednesday,3,44,10,Post_Monsoon,0,0,1,1,0,0,4,1.2,23.2,17.4,46.6,,0,0,0,106,13,4,24,10,147,133.0,127.0,150.0,125.71,13.58,135.0,128.57,2,1,2,1,1,2,6,1,1,2,1,6,6,3,13,3,6,31,15,2,1,35,11,7,11,10,5,28,12,9,2,4,0,High
2025-10-30,Thursday,4,44,10,Post_Monsoon,0,0,0,0,0,1,0,0.0,24.1,16.6,49.9,,0,0,0,86,17,11,8,7,122,147.0,133.0,122.0,125.29,12.84,137.0,129.43,2,1,1,1,1,2,5,1,1,2,1,4,3,3,12,4,8,35,16,1,1,37,10,8,15,13,7,37,17,11,3,1,0,Watch
2025-10-31,Friday,5,44,10,Post_Monsoon,0,0,0,0,0,0,0,0.0,22.9,15.2,55.4,,0,0,0,82,15,4,6,7,107,122.0,147.0,131.0,125.29,12.84,110.0,128.36,2,1,1,1,1,2,4,1,1,1,1,4,3,3,9,3,7,31,14,1,1,34,11,7,10,11,8,40,16,9,2,0,0,Normal
2025-11-01,Saturday,6,44,11,Post_Monsoon,1,0,0,0,0,0,0,0.8,21.5,14.5,55.7,,0,0,0,76,15,6,12,7,109,107.0,122.0,106.0,121.86,14.0,108.0,128.14,2,1,1,1,1,2,4,1,1,1,1,4,4,3,11,3,7,31,14,1,1,41,12,6,12,11,6,37,12,11,1,2,0,Watch
2025-11-02,Sunday,7,44,11,Post_Monsoon,1,0,0,0,0,0,0,1.3,24.5,16.1,55.8,,0,0,0,71,15,5,13,9,104,109.0,107.0,111.0,122.29,13.55,184.0,128.21,2,1,1,1,1,2,4,1,1,1,1,5,4,3,11,3,7,30,14,1,1,44,10,6,10,11,8,31,11,9,3,2,0,Watch
2025-11-03,Monday,1,45,11,Post_Monsoon,0,0,0,0,0,0,0,2.9,19.7,11.3,59.4,,0,0,0,95,18,6,7,6,126,104.0,109.0,127.0,121.29,14.57,126.0,122.5,2,1,1,1,1,2,5,1,1,2,1,4,3,3,10,4,9,37,16,1,1,41,13,7,11,13,8,45,17,8,2,1,0,Watch
2025-11-04,Tuesday,2,45,11,Post_Monsoon,0,0,0,0,0,1,0,0.0,28.6,20.1,49.9,,0,0,0,91,13,10,5,6,119,126.0,104.0,133.0,121.14,14.52,120.0,122.5,2,1,1,1,1,2,5,1,1,1,1,4,3,2,9,3,6,29,14,1,1,39,11,8,10,11,6,37,20,8,2,0,0,Normal
2025-11-05,Wednesday,3,45,11,Post_Monsoon,0,0,0,1,0,0,1,0.0,26.1,17.9,49.6,,0,0,0,104,13,5,12,7,134,119.0,126.0,147.0,119.14,13.68,150.0,122.43,2,1,1,1,1,2,5,1,1,2,1,4,4,3,10,3,6,30,14,1,1,43,9,8,13,12,6,32,15,9,2,0,0,Normal
2025-11-06,Thursday,4,45,11,Post_Monsoon,0,0,0,0,0,1,0,0.0,24.0,16.8,53.1,,0,0,0,93,13,11,5,7,122,134.0,119.0,122.0,117.29,10.22,122.0,121.29,2,1,1,1,1,2,5,1,1,2,1,4,3,3,9,3,6,29,14,1,1,38,12,7,10,12,6,35,11,9,2,1,0,Watch
2025-11-07,Friday,5,45,11,Post_Monsoon,0,0,0,0,0,0,0,0.0,26.4,17.8,50.4,,0,0,0,87,15,5,6,6,113,122.0,134.0,107.0,117.29,10.22,131.0,121.29,2,1,1,1,1,2,5,1,1,1,1,4,3,2,9,3,7,32,15,1,1,48,8,8,8,12,8,44,13,8,2,2,0,Watch
2025-11-08,Saturday,6,45,11,Post_Monsoon,1,0,0,0,0,0,0,0.5,23.2,16.6,48.1,,0,0,0,77,13,7,9,7,106,113.0,122.0,109.0,118.14,9.55,106.0,120.0,2,1,1,1,1,2,4,1,1,1,1,4,3,3,9,3,6,28,13,1,1,38,10,8,11,10,6,30,14,10,2,0,0,Normal
2025-11-09,Sunday,7,45,11,Post_Monsoon,1,0,1,0,0,0,2,0.0,23.2,15.9,50.3,,0,0,0,79,15,7,19,11,120,106.0,113.0,104.0,117.71,10.01,111.0,120.0,2,1,2,1,1,2,5,1,1,1,1,7,6,3,13,3,7,31,15,2,1,41,8,6,12,11,8,34,21,8,2,1,0,Watch
2025-11-10,Monday,1,46,11,Post_Monsoon,0,0,0,0,0,0,0,0.0,24.7,19.5,47.7,,0,0,0,91,12,6,4,6,113,120.0,106.0,126.0,120.0,8.3,127.0,120.64,2,1,1,1,1,2,5,1,1,1,1,4,2,2,7,3,6,28,13,1,1,46,13,7,6,10,7,39,11,8,2,2,0,Watch
2025-11-11,Tuesday,2,46,11,Post_Monsoon,0,0,1,0,0,1,2,0.0,25.1,17.5,50.0,,0,0,0,95,15,10,18,9,138,113.0,120.0,119.0,118.14,8.2,133.0,119.64,2,1,1,1,1,2,5,1,1,2,1,5,5,3,14,3,7,32,15,2,1,40,10,8,14,11,7,41,12,10,2,1,0,Watch
2025-11-12,Wednesday,3,46,11,Post_Monsoon,0,0,0,1,0,0,1,0.1,22.6,14.2,55.0,,0,0,0,103,15,6,15,8,139,138.0,113.0,134.0,120.86,10.78,147.0,120.0,2,1,1,1,1,2,5,1,1,2,1,5,4,3,12,3,7,33,15,1,1,38,12,7,14,11,7,30,14,9,2,2,0,Watch
2025-11-13,Thursday,4,46,11,Post_Monsoon,0,0,0,0,0,1,0,0.7,27.3,20.1,53.7,,0,0,0,89,13,10,8,7,120,139.0,138.0,122.0,121.57,11.75,122.0,119.43,2,1,1,1,1,2,5,1,1,1,1,4,3,3,10,3,6,29,14,1,1,45,11,8,10,10,6,38,12,12,1,1,0,Watch
2025-11-14,Friday,5,46,11,Post_Monsoon,0,0,0,0,0,0,0,2.0,23.5,16.5,54.1,,0,0,0,93,17,5,8,6,123,120.0,139.0,113.0,121.29,11.76,107.0,119.29,2,1,1,1,1,2,5,1,1,2,1,4,3,3,10,4,8,35,16,1,1,37,12,9,9,13,9,37,13,9,2,2,0,Watch
2025-11-15,Saturday,6,46,11,Post_Monsoon,1,0,0,0,0,0,0,0.0,23.7,14.1,53.8,,0,0,0,80,16,5,10,7,111,123.0,120.0,106.0,122.71,11.26,109.0,120.43,2,1,1,1,1,2,4,1,1,1,1,4,3,3,10,3,8,32,14,1,1,41,13,7,12,11,7,44,11,10,2,2,0,Watch
2025-11-16,Sunday,7,46,11,Post_Monsoon,1,0,0,0,0,0,0,3.6,24.4,15.6,49.0,,0,0,0,77,15,7,11,7,110,111.0,123.0,120.0,123.43,10.29,104.0,120.57,2,1,1,1,1,2,4,1,1,1,1,4,4,3,11,3,7,31,14,1,1,43,9,9,12,11,7,28,13,8,2,2,0,Watch
2025-11-17,Monday,1,47,11,Post_Monsoon,0,0,0,0,0,0,0,0.0,21.3,13.7,50.3,,0,0,0,93,16,4,7,7,120,110.0,111.0,113.0,122.0,11.31,126.0,121.0,2,1,1,1,1,2,5,1,1,1,1,4,3,3,9,3,8,34,15,1,1,51,12,8,10,11,9,39,21,7,2,0,0,Normal
2025-11-18,Tuesday,2,47,11,Post_Monsoon,0,0,0,0,0,1,0,0.0,24.5,15.9,52.1,,0,0,0,93,16,10,7,7,126,120.0,110.0,138.0,123.0,10.77,119.0,120.57,2,1,1,1,1,2,5,1,1,2,1,4,3,3,11,3,8,34,15,1,1,36,12,8,12,12,10,38,17,9,2,0,0,Normal
2025-11-19,Wednesday,3,47,11,Post_Monsoon,0,0,0,1,0,0,1,0.0,22.1,12.9,52.4,,0,0,0,101,15,6,14,7,136,126.0,120.0,139.0,121.29,9.07,134.0,121.07,2,1,1,1,1,2,5,1,1,2,1,4,4,3,11,3,7,33,15,1,1,35,12,6,13,10,7,35,16,10,2,0,0,Normal
2025-11-20,Thursday,4,47,11,Post_Monsoon,0,0,0,0,0,1,0,1.4,23.4,14.5,46.0,,0,0,0,88,19,9,9,7,125,136.0,126.0,120.0,120.86,8.25,122.0,121.21,2,1,1,1,1,2,5,1,1,2,1,4,3,3,12,4,9,38,17,1,1,45,12,8,14,11,8,40,15,8,2,2,0,Watch
2025-11-21,Friday,5,47,11,Post_Monsoon,0,0,0,0,0,0,0,0.0,24.2,16.5,50.2,,0,0,0,87,8,5,9,6,109,125.0,136.0,123.0,121.57,8.36,113.0,121.43,2,1,1,1,1,2,4,1,1,1,1,4,3,2,7,2,4,21,10,1,1,44,9,8,8,10,4,23,9,12,2,1,0,Watch
2025-11-22,Saturday,6,47,11,Post_Monsoon,1,0,0,0,0,0,0,0.0,24.2,16.1,56.3,,0,0,0,79,19,6,9,6,113,109.0,125.0,111.0,119.57,9.39,106.0,121.14,2,1,1,1,1,2,5,1,1,1,1,4,3,3,11,4,9,37,17,1,1,35,9,9,12,12,10,36,24,8,2,1,0,Watch
2025-11-23,Sunday,7,47,11,Post_Monsoon,1,0,0,0,0,0,0,0.4,21.5,14.4,51.4,,0,0,0,76,15,5,11,7,107,113.0,109.0,110.0,119.86,9.16,120.0,121.64,2,1,1,1,1,2,4,1,1,1,1,4,4,3,10,3,7,31,14,1,1,37,12,6,12,11,5,31,20,11,2,1,0,Watch
2025-11-24,Monday,1,48,11,Post_Monsoon,0,0,0,0,0,0,0,0.0,21.8,16.2,55.7,,0,0,0,91,17,5,11,8,124,107.0,113.0,120.0,119.43,9.66,113.0,120.71,2,1,1,1,1,2,5,1,1,2,1,5,4,3,11,4,8,35,16,1,1,39,12,10,14,12,7,42,13,10,2,2,0,Watch
2025-11-25,Tuesday,2,48,11,Post_Monsoon,0,0,0,0,0,1,0,0.0,25.4,16.5,49.3,,0,0,0,97,14,10,5,7,126,124.0,107.0,126.0,120.0,9.8,138.0,121.5,2,1,1,1,1,2,5,1,1,2,1,4,3,3,9,3,7,31,14,1,1,42,11,8,11,12,8,34,17,7,2,0,0,Normal
2025-11-26,Wednesday,3,48,11,Post_Monsoon,0,0,0,1,0,0,1,0.0,24.6,15.1,47.9,,0,0,0,98,14,6,13,8,131,126.0,124.0,136.0,120.0,9.8,139.0,120.64,2,1,1,1,1,2,5,1,1,2,1,5,4,3,11,3,7,31,14,1,1,49,16,8,14,12,8,38,16,9,2,0,0,Normal
2025-11-27,Thursday,4,48,11,Post_Monsoon,0,0,0,0,0,1,0,0.4,25.1,16.5,51.5,,0,0,0,95,12,11,7,7,125,131.0,126.0,125.0,119.29,8.73,120.0,120.07,2,1,1,1,1,2,5,1,1,2,1,4,3,2,10,3,6,28,13,1,1,45,12,8,10,11,8,28,14,8,2,0,0,Normal
2025-11-28,Friday,5,48,11,Post_Monsoon,0,0,0,0,0,0,0,0.0,24.6,14.4,54.9,,0,0,0,90,17,6,6,8,119,125.0,131.0,109.0,119.29,8.73,123.0,120.43,2,1,1,1,1,2,5,1,1,1,1,5,3,3,10,4,8,35,16,1,1,41,11,9,12,13,9,33,19,10,2,1,0,Watch
2025-11-29,Saturday,6,48,11,Post_Monsoon,1,0,0,0,1,0,0,1.1,22.6,16.0,56.1,,0,0,0,79,19,9,12,7,119,119.0,125.0,113.0,120.71,7.69,111.0,120.14,2,1,1,1,1,2,5,1,1,1,1,4,4,3,13,4,9,37,17,1,1,45,11,10,16,12,7,48,20,9,2,1,0,Watch
2025-11-30,Sunday,7,48,11,Post_Monsoon,1,0,0,0,0,0,0,0.0,20.1,12.0,58.3,,0,0,0,74,17,7,10,6,108,119.0,119.0,107.0,121.57,7.09,110.0,120.71,2,1,1,1,1,2,4,1,1,1,1,4,3,3,11,4,8,33,15,1,1,44,10,8,11,12,6,39,13,6,3,2,0,Watch
2025-12-01,Monday,1,49,12,Winter,0,0,0,0,0,0,0,0.0,25.8,15.9,49.6,,0,0,0,95,16,6,8,6,125,108.0,119.0,124.0,121.71,6.8,120.0,120.57,2,1,1,1,1,2,5,1,1,2,1,4,3,2,10,3,8,34,15,1,1,38,13,9,12,10,7,35,12,9,2,2,0,Watch
2025-12-02,Tuesday,2,49,12,Winter,0,0,0,0,0,1,0,0.0,22.9,14.8,52.0,,0,0,0,93,20,13,3,7,129,125.0,108.0,126.0,121.86,6.85,126.0,120.93,2,1,1,1,1,2,5,1,1,2,1,4,3,3,12,4,9,40,17,1,1,47,11,7,15,13,7,45,13,9,2,2,0,Watch
2025-12-03,Wednesday,3,49,12,Winter,0,0,0,1,0,0,1,0.1,23.9,16.1,60.8,,0,0,0,101,16,7,14,8,138,129.0,125.0,131.0,122.29,7.19,136.0,121.14,2,1,1,1,1,2,5,1,1,2,1,5,4,3,12,3,8,35,15,1,1,39,9,7,10,12,8,39,17,10,2,1,0,Watch
2025-12-04,Thursday,4,49,12,Winter,0,0,0,0,0,1,0,0.0,22.3,16.3,53.6,,0,0,0,90,18,11,7,8,126,138.0,129.0,125.0,123.29,8.66,125.0,121.29,2,1,1,1,1,2,5,1,1,2,1,5,3,3,12,4,9,36,16,1,1,36,15,7,11,13,9,42,13,9,2,2,0,Watch
2025-12-05,Friday,5,49,12,Winter,0,0,0,0,0,0,0,0.1,20.3,12.5,52.9,,0,0,0,88,19,6,4,6,117,126.0,138.0,119.0,123.43,8.7,109.0,121.36,2,1,1,1,1,2,5,1,1,1,1,4,2,3,10,4,9,38,17,1,1,48,13,7,10,13,8,49,21,8,2,1,0,Watch
2025-12-06,Saturday,6,49,12,Winter,1,0,0,0,0,0,0,0.0,21.4,12.8,54.6,,0,0,0,79,14,5,12,8,110,117.0,126.0,119.0,123.14,8.87,113.0,121.93,2,1,1,1,1,2,4,1,1,1,1,5,4,3,10,3,7,29,13,1,1,36,12,8,12,11,9,35,14,8,2,0,0,Normal
2025-12-07,Sunday,7,49,12,Winter,1,0,0,0,0,0,0,0.0,23.1,15.9,57.0,,0,0,0,78,19,6,9,7,112,110.0,117.0,108.0,121.86,9.96,107.0,121.71,2,1,1,1,1,2,4,1,1,1,1,4,3,3,11,4,9,37,16,1,1,30,10,8,9,12,8,41,14,8,2,3,0,High
2025-12-08,Monday,1,50,12,Winter,0,0,0,0,0,0,0,0.0,22.3,14.8,52.5,,0,0,0,93,14,5,8,5,120,112.0,110.0,125.0,122.43,9.24,124.0,122.07,2,1,1,1,1,2,5,1,1,1,1,3,3,2,9,3,7,31,14,1,1,47,10,8,10,12,6,40,11,8,2,2,0,Watch
2025-12-09,Tuesday,2,50,12,Winter,0,0,0,0,0,1,0,0.0,18.9,10.6,62.0,,0,0,0,98,17,12,6,7,133,120.0,112.0,129.0,121.71,9.21,126.0,121.79,2,1,1,1,1,2,5,1,1,2,1,4,3,3,11,4,8,36,16,1,1,46,13,7,10,13,7,36,17,10,2,2,0,Watch
2025-12-10,Wednesday,3,50,12,Winter,0,0,0,1,0,0,1,0.0,20.5,13.5,56.5,,0,0,0,104,21,7,15,9,147,133.0,120.0,138.0,122.29,9.75,131.0,122.29,2,1,1,1,1,2,6,1,1,2,1,5,5,3,14,4,10,42,19,2,1,39,11,8,18,12,9,45,22,11,2,1,0,Watch
2025-12-11,Thursday,4,50,12,Winter,0,0,0,0,0,1,0,0.0,21.5,12.9,58.1,,0,0,0,86,16,11,7,7,120,147.0,133.0,126.0,123.57,12.06,125.0,123.43,2,1,1,1,1,2,5,1,1,1,1,4,3,3,11,3,8,33,15,1,1,41,13,9,14,12,8,39,18,8,1,0,0,Normal
2025-12-12,Friday,5,50,12,Winter,0,0,0,0,0,0,0,0.0,24.4,17.9,57.5,,0,0,0,87,19,7,9,6,122,120.0,147.0,117.0,122.71,12.07,119.0,123.07,2,1,1,1,1,2,5,1,1,2,1,4,3,3,12,4,9,38,17,1,1,46,12,10,14,11,9,40,15,9,2,1,0,Watch
2025-12-13,Saturday,6,50,12,Winter,1,0,0,0,0,0,0,0.0,22.9,14.5,58.9,,0,0,0,82,18,8,10,6,118,122.0,120.0,110.0,123.43,11.85,119.0,123.29,2,1,1,1,1,2,5,1,1,1,1,4,3,3,12,4,9,36,16,1,1,38,9,8,11,11,12,39,16,7,2,1,0,Watch
2025-12-14,Sunday,7,50,12,Winter,1,0,0,0,0,0,0,0.0,21.6,13.5,56.7,,0,0,0,78,17,6,14,8,115,118.0,122.0,112.0,124.57,10.85,108.0,123.21,2,1,1,1,1,2,5,1,1,1,1,5,4,3,12,4,8,34,16,1,1,40,11,11,12,11,7,35,16,9,2,1,0,Watch
2025-12-15,Monday,1,51,12,Winter,0,0,0,0,0,0,0,0.0,20.3,12.4,59.5,,0,0,0,100,16,7,6,7,129,115.0,118.0,120.0,125.0,10.39,125.0,123.71,2,1,1,1,1,2,5,1,1,2,1,4,3,3,10,3,8,34,15,1,1,52,13,8,10,11,6,39,18,9,2,1,0,Watch
2025-12-16,Tuesday,2,51,12,Winter,0,0,0,0,0,1,0,0.0,20.9,13.4,64.7,,0,0,0,91,20,12,7,7,130,129.0,115.0,133.0,126.29,10.25,129.0,124.0,2,1,1,1,1,2,5,1,1,2,1,4,3,3,13,4,9,40,17,1,1,42,8,6,16,13,10,52,17,9,2,0,0,Normal
2025-12-17,Wednesday,3,51,12,Winter,0,0,0,1,0,0,1,0.0,20.4,13.7,57.4,,0,0,0,105,16,5,13,8,139,130.0,129.0,147.0,125.86,10.02,138.0,124.07,2,1,1,1,1,2,5,1,1,2,1,5,4,3,11,3,8,35,15,1,1,46,11,8,11,11,8,38,20,10,2,0,0,Normal
2025-12-18,Thursday,4,51,12,Winter,0,0,0,0,0,1,0,0.0,22.4,15.3,52.3,,0,0,0,87,19,10,5,5,121,139.0,130.0,120.0,124.71,7.74,126.0,124.14,2,1,1,1,1,2,5,1,1,2,1,3,2,2,11,4,9,38,17,1,1,52,9,8,10,12,11,35,14,7,1,3,0,High
2025-12-19,Friday,5,51,12,Winter,0,0,0,0,0,0,0,0.0,22.2,13.3,57.7,,0,0,0,86,19,7,5,7,117,121.0,139.0,122.0,124.86,7.66,117.0,123.79,2,1,1,1,1,2,5,1,1,1,1,4,3,3,10,4,9,38,17,1,1,40,10,9,8,12,10,50,19,9,2,1,0,Watch
2025-12-20,Saturday,6,51,12,Winter,1,0,0,0,0,0,0,0.0,18.7,10.3,57.1,,0,0,0,81,17,7,13,8,118,117.0,121.0,118.0,124.14,8.11,110.0,123.79,2,1,1,1,1,2,5,1,1,1,1,5,4,3,12,4,8,34,16,1,1,42,8,8,12,11,10,36,13,10,1,1,0,Watch
2025-12-21,Sunday,7,51,12,Winter,1,0,0,0,0,0,0,0.0,20.6,14.0,58.7,,0,0,0,76,19,7,10,7,112,118.0,117.0,115.0,124.14,8.11,112.0,124.36,2,1,1,1,1,2,4,1,1,1,1,4,3,3,12,4,9,37,16,1,1,45,9,7,15,13,10,33,18,10,2,1,0,Watch
2025-12-22,Monday,1,52,12,Winter,0,0,0,0,0,0,0,0.2,20.1,12.3,56.5,,0,0,0,95,17,6,7,7,125,112.0,118.0,129.0,123.71,8.65,120.0,124.36,2,1,1,1,1,2,5,1,1,2,1,4,3,3,10,4,8,35,16,1,1,42,11,5,13,12,6,31,20,8,2,2,0,Watch
2025-12-23,Tuesday,2,52,12,Winter,0,0,0,0,0,1,0,0.0,21.1,13.1,62.5,,0,0,0,88,22,10,8,7,128,125.0,112.0,130.0,123.14,8.41,133.0,124.71,2,1,1,1,1,2,5,1,1,2,1,4,3,3,13,4,10,42,18,1,1,40,10,9,11,13,10,54,25,11,2,1,0,Watch
2025-12-24,Wednesday,3,52,12,Winter,0,0,0,1,0,0,1,1.2,23.0,15.0,51.4,,0,0,0,102,12,6,17,7,137,128.0,125.0,139.0,122.86,8.2,147.0,124.36,2,1,1,1,1,2,5,1,1,2,1,4,4,2,11,3,6,29,13,1,1,44,11,8,10,11,7,31,16,9,2,1,0,Watch
2025-12-25,Thursday,4,52,12,Winter,0,1,0,0,0,1,1,0.0,22.4,14.7,54.5,,0,0,0,90,15,11,8,7,124,137.0,128.0,121.0,122.57,7.65,120.0,123.64,2,1,1,1,1,2,5,1,1,2,1,4,3,3,11,3,7,32,15,1,1,40,13,8,9,10,8,34,19,8,2,1,0,Watch
2025-12-26,Friday,5,52,12,Winter,0,0,0,0,0,0,0,0.0,23.6,15.1,56.9,,0,0,0,88,19,5,4,7,116,124.0,137.0,117.0,123.0,7.63,122.0,123.93,2,1,1,1,1,2,5,1,1,1,1,4,3,3,10,4,9,38,17,1,1,40,14,10,10,11,12,50,21,9,2,0,0,Normal
2025-12-27,Saturday,6,52,12,Winter,1,0,0,0,0,0,0,0.0,21.5,13.2,52.0,,0,0,0,78,15,6,13,8,112,116.0,124.0,118.0,122.86,7.75,118.0,123.5,2,1,1,1,1,2,4,1,1,1,1,5,4,3,11,3,7,31,14,1,1,33,13,10,13,11,6,32,18,9,2,1,0,Watch
2025-12-28,Sunday,7,52,12,Winter,1,0,0,0,0,0,0,0.0,21.2,12.4,54.8,,0,0,0,74,18,9,11,7,112,112.0,116.0,112.0,122.0,8.54,115.0,123.07,2,1,1,1,1,2,4,1,1,1,1,4,4,3,12,4,9,35,15,1,1,41,13,9,11,12,9,43,16,9,2,1,0,Watch
2025-12-29,Monday,1,1,12,Winter,0,0,0,0,0,0,0,0.0,21.9,13.4,58.4,,0,0,0,97,16,7,7,7,127,112.0,112.0,125.0,122.0,8.54,129.0,122.86,2,1,1,1,1,2,5,1,1,2,1,4,3,3,10,3,8,34,15,1,1,44,11,9,9,11,8,42,20,12,2,1,0,Watch
2025-12-30,Tuesday,2,1,12,Winter,0,0,0,0,1,1,0,0.4,20.3,12.9,45.3,,0,0,0,105,17,14,7,9,143,127.0,112.0,128.0,122.29,8.66,130.0,122.71,2,1,1,1,1,2,6,1,1,2,1,5,4,3,12,4,8,36,17,1,1,42,11,8,11,13,8,49,16,5,2,2,0,Watch
2025-12-31,Wednesday,3,1,12,Winter,0,0,0,1,0,0,1,0.0,19.1,12.1,54.9,,0,0,0,101,9,7,13,8,130,143.0,127.0,137.0,124.43,11.27,139.0,123.64,2,1,1,1,1,2,5,1,1,2,1,5,4,3,9,2,5,24,12,1,1,49,9,10,10,10,6,31,10,9,2,1,0,Watch
