date,outbreak_type,outbreak_severity_0_5,total_patient_arrivals,general_opd_arrivals,fever_infectious_arrivals,maternal_child_arrivals,trauma_emergency_arrivals,expected_admissions,required_general_doctors,required_physicians,required_emergency_doctors,required_pediatricians,required_obgyn_doctors,required_senior_nursing_officers,required_nursing_officers,required_anm_staff,required_lab_technicians,required_pharmacists,required_ambulance_crew,required_general_beds,required_emergency_beds,required_isolation_beds,required_iv_fluid_units,required_ors_units,required_diagnostic_test_kits,required_antipyretic_units,required_ppe_kits,required_oxygen_cylinders,required_ambulances,available_general_beds,available_emergency_beds,available_isolation_beds,stock_iv_fluid_units,stock_ors_units,stock_diagnostic_test_kits,stock_antipyretic_units,stock_ppe_kits,available_oxygen_cylinders,available_ambulances,resource_shortage_count,overflow_patients,emergency_risk_level
2020-01-01,None,0,126,93,13,6,14,6,2,1,1,1,1,2,5,1,1,2,1,4,4,2,11,3,6,29,14,1,1,45,11,8,14,11,5,35,18,9,1,1,0,Watch
2020-01-02,None,0,124,82,19,15,8,8,2,1,1,1,1,2,5,1,1,2,1,5,3,3,13,4,9,37,17,1,1,32,11,8,12,13,7,51,18,7,2,2,0,Watch
2020-01-03,None,0,110,83,18,5,4,5,2,1,1,1,1,2,4,1,1,1,1,3,2,2,9,4,9,36,15,1,1,44,11,7,8,11,10,44,14,9,2,2,0,Watch
2020-01-04,None,0,107,70,14,9,14,9,2,1,1,1,1,2,4,1,1,1,1,5,4,3,12,3,7,28,13,1,1,32,11,6,10,12,8,33,12,9,3,2,0,Watch
2020-01-05,None,0,104,69,20,7,8,7,2,1,1,1,1,2,4,1,1,1,1,4,3,3,12,4,9,37,16,1,1,42,11,8,12,12,10,39,21,9,2,0,0,Normal
2020-01-06,Respiratory,3,158,107,39,7,5,9,2,2,1,1,1,2,6,1,1,2,1,5,3,6,17,8,34,70,40,9,1,50,14,9,19,17,41,93,50,11,2,0,0,Watch
2020-01-07,Respiratory,3,160,101,40,12,7,9,2,2,1,1,1,2,6,1,1,2,1,5,4,6,20,8,34,71,40,9,1,33,11,9,19,14,45,75,37,6,2,3,0,High
2020-01-08,Respiratory,3,171,112,41,7,11,9,3,2,1,1,1,2,7,1,1,2,1,5,4,6,20,8,35,73,42,10,1,43,12,10,25,16,41,92,55,9,3,1,0,Watch
2020-01-09,Respiratory,3,151,96,38,11,6,9,2,2,1,1,1,2,6,1,1,2,1,5,3,6,18,7,33,67,39,9,1,51,11,8,22,16,27,64,53,9,2,2,0,Watch
2020-01-10,Respiratory,3,142,92,37,8,5,6,2,2,1,1,1,2,6,1,1,2,1,4,3,5,17,7,32,65,38,8,1,42,11,6,18,16,30,90,49,9,2,1,0,Watch
2020-01-11,Respiratory,3,147,88,43,6,10,9,2,2,1,1,1,2,6,1,1,2,1,5,4,6,20,8,37,74,43,10,1,39,11,9,24,15,42,85,43,7,2,1,0,Watch
2020-01-12,Respiratory,3,143,83,42,7,11,10,2,2,1,1,1,2,6,1,1,2,1,6,4,6,20,8,36,72,42,10,1,43,11,7,18,17,48,91,50,9,1,2,0,Watch
2020-01-13,Respiratory,3,157,106,37,7,7,9,2,2,1,1,1,2,6,1,1,2,1,5,4,6,17,7,32,67,38,9,1,42,12,11,15,14,28,63,52,10,2,3,0,High
2020-01-14,Respiratory,3,156,102,36,13,5,9,2,2,1,1,1,2,6,1,1,2,1,5,3,6,18,7,31,65,37,8,1,42,9,10,17,17,41,79,40,8,2,1,0,Watch
2020-01-15,Respiratory,3,157,104,34,7,12,9,2,1,1,1,1,2,6,1,1,2,1,5,4,6,18,7,29,62,36,8,1,39,14,5,21,14,34,76,34,8,2,2,0,Watch
2020-01-16,Respiratory,3,146,93,36,11,6,9,2,2,1,1,1,2,6,1,1,2,1,5,3,6,18,7,31,64,37,8,1,47,10,9,20,17,41,88,50,9,2,0,0,Watch
2020-01-17,Respiratory,3,152,97,39,7,9,8,2,2,1,1,1,2,6,1,1,2,1,5,4,6,19,8,34,69,40,9,1,43,11,6,20,14,41,65,40,7,2,2,0,Watch
2020-01-18,Respiratory,3,146,85,40,8,13,10,2,2,1,1,1,2,6,1,1,2,1,6,5,6,20,8,34,69,40,9,1,43,12,7,20,15,40,67,53,12,2,1,0,Watch
2020-01-19,Respiratory,3,145,83,43,7,12,9,2,2,1,1,1,2,6,1,1,2,1,5,4,6,21,8,37,73,43,10,1,42,10,10,22,18,49,76,54,11,2,0,0,Watch
2020-01-20,Respiratory,3,158,106,37,7,8,10,2,2,1,1,1,2,6,1,1,2,1,6,4,6,18,7,32,67,38,9,1,42,11,12,23,14,34,70,50,7,2,1,0,Watch
2020-01-21,Respiratory,3,149,103,32,12,2,7,2,1,1,1,1,2,6,1,1,2,1,4,2,5,15,6,28,59,34,7,1,42,13,9,20,14,29,81,43,6,2,1,0,Watch
2020-01-22,Respiratory,3,178,117,39,7,15,11,3,2,1,1,1,2,7,1,1,2,1,7,5,7,20,8,34,71,41,9,1,43,12,7,19,18,25,95,54,8,2,3,0,High
2020-01-23,Respiratory,3,155,99,37,12,7,10,2,2,1,1,1,2,6,1,1,2,1,6,4,6,19,7,32,66,38,9,1,43,11,6,19,16,32,91,37,10,2,1,0,Watch
2020-01-24,Respiratory,3,147,98,34,7,8,9,2,1,1,1,1,2,6,1,1,2,1,5,4,6,17,7,29,61,36,8,1,42,7,10,20,16,35,85,30,7,2,2,0,Watch
2020-01-25,Respiratory,3,150,86,41,9,14,11,2,2,1,1,1,2,6,1,1,2,1,7,5,7,21,8,35,71,41,10,1,42,12,8,19,16,42,66,36,8,2,4,0,High
2020-01-26,Respiratory,3,141,84,37,7,13,9,2,2,1,1,1,2,6,1,1,2,1,5,4,6,19,7,32,64,38,9,1,43,11,9,23,14,41,82,32,9,2,1,0,Watch
2020-01-27,Respiratory,3,158,109,38,6,5,7,2,2,1,1,1,2,6,1,1,2,1,4,3,5,17,7,33,68,39,9,1,42,5,9,20,16,36,70,54,9,2,0,0,Watch
2020-01-28,Respiratory,3,160,104,40,10,6,7,2,2,1,1,1,2,6,1,1,2,1,4,3,5,19,8,34,71,40,9,1,42,10,7,18,17,29,73,35,8,2,4,0,High
2020-01-29,Respiratory,3,171,112,38,7,14,10,3,2,1,1,1,2,7,1,1,2,1,6,5,6,20,7,33,69,40,9,1,44,13,13,23,13,33,65,44,4,2,2,0,Watch
2020-01-30,Respiratory,3,154,97,37,12,8,9,2,2,1,1,1,2,6,1,1,2,1,5,4,6,19,7,32,66,38,9,1,45,11,8,25,14,24,63,55,9,2,2,0,Watch
2020-01-31,Respiratory,3,157,101,41,8,7,9,2,2,1,1,1,2,6,1,1,2,1,5,4,6,19,8,35,72,41,9,1,42,11,9,16,16,35,77,50,10,2,1,0,Watch
2020-02-01,Respiratory,3,150,88,39,12,11,10,2,2,1,1,1,2,6,1,1,2,1,6,4,6,20,8,34,68,40,9,1,42,11,8,18,16,27,68,44,7,2,3,0,High
2020-02-02,Respiratory,3,149,88,42,7,12,10,2,2,1,1,1,2,6,1,1,2,1,6,4,6,21,8,36,72,42,10,1,37,11,9,20,18,47,69,51,9,2,3,0,High
2020-02-03,Respiratory,3,158,104,39,8,7,8,2,2,1,1,1,2,6,1,1,2,1,5,3,6,18,8,34,69,40,9,1,40,11,7,16,16,43,74,42,9,2,1,0,Watch
2020-02-04,Respiratory,3,164,105,41,13,5,10,2,2,1,1,1,2,6,1,1,2,1,6,4,6,20,8,35,72,41,9,1,40,12,8,20,15,46,75,41,8,2,1,0,Watch
2020-02-05,Respiratory,3,169,108,40,8,13,11,2,2,1,1,1,2,7,1,1,2,1,7,5,7,20,8,34,71,41,9,1,48,10,5,19,15,30,97,51,10,2,3,0,High
2020-02-06,None,0,123,84,17,12,10,8,2,1,1,1,1,2,5,1,1,2,1,5,4,3,12,4,8,34,16,1,1,42,12,9,13,12,9,33,18,9,2,1,0,Watch
2020-02-07,None,0,117,82,20,8,7,7,2,1,1,1,1,2,5,1,1,1,1,4,3,3,12,4,9,39,17,1,1,42,11,8,12,12,6,37,16,9,2,3,0,High
2020-02-08,None,0,114,76,18,7,13,8,2,1,1,1,1,2,5,1,1,1,1,5,4,3,12,4,9,35,16,1,1,42,11,8,14,12,7,35,20,9,2,1,0,Watch
2020-02-09,None,0,106,70,22,5,9,6,2,1,1,1,1,2,4,1,1,1,1,4,3,3,12,4,10,40,17,1,1,43,11,8,15,12,10,37,15,11,3,2,0,Watch
2020-02-10,None,0,124,96,16,7,5,5,2,1,1,1,1,2,5,1,1,2,1,3,2,2,9,3,8,34,15,1,1,40,10,9,11,11,10,45,14,10,2,1,0,Watch
2020-02-11,None,0,127,90,18,11,8,7,2,1,1,1,1,2,5,1,1,2,1,4,3,3,12,4,9,36,16,1,1,40,12,9,16,12,9,37,21,10,2,0,0,Normal
2020-02-12,None,0,140,97,22,9,12,9,2,1,1,1,1,2,5,1,1,2,1,5,4,3,14,4,10,43,18,2,1,49,11,8,18,12,11,56,15,10,2,1,0,Watch
2020-02-13,None,0,119,82,17,13,7,7,2,1,1,1,1,2,5,1,1,1,1,4,3,3,12,4,8,34,16,1,1,39,13,8,14,11,7,34,17,9,2,1,0,Watch
2020-02-14,None,0,110,82,18,7,3,4,2,1,1,1,1,2,4,1,1,1,1,3,2,2,9,4,9,36,15,1,1,42,12,9,9,13,8,46,12,9,2,2,0,Watch
2020-02-15,None,0,115,76,20,7,12,8,2,1,1,1,1,2,5,1,1,1,1,5,4,3,13,4,9,38,17,1,1,41,14,5,16,12,8,41,20,9,2,1,0,Watch
2020-02-16,None,0,107,71,18,7,11,7,2,1,1,1,1,2,4,1,1,1,1,4,4,3,12,4,9,35,15,1,1,44,12,8,12,13,10,48,18,5,2,0,0,Normal
2020-02-17,None,0,125,95,19,7,4,6,2,1,1,1,1,2,5,1,1,2,1,4,2,3,10,4,9,38,17,1,1,47,11,11,11,11,8,37,18,9,2,2,0,Watch
2020-02-18,None,0,131,88,20,13,10,8,2,1,1,1,1,2,5,1,1,2,1,5,4,3,14,4,9,39,17,1,1,45,11,10,15,12,9,47,22,8,2,0,0,Normal
2020-02-19,None,0,136,95,19,9,13,10,2,1,1,1,1,2,5,1,1,2,1,6,5,3,13,4,9,38,17,1,1,40,7,9,17,12,8,41,16,8,2,2,0,Watch
2020-02-20,None,0,137,93,19,16,9,7,2,1,1,1,1,2,5,2,1,2,1,4,3,3,14,4,9,38,17,1,1,42,8,9,17,12,7,42,20,11,2,1,0,Watch
2020-02-21,None,0,123,90,19,8,6,6,2,1,1,1,1,2,5,1,1,2,1,4,3,3,11,4,9,38,17,1,1,34,11,10,13,12,11,51,22,9,2,0,0,Normal
2020-02-22,None,0,109,72,19,6,12,8,2,1,1,1,1,2,4,1,1,1,1,5,4,3,12,4,9,36,16,1,1,50,13,8,13,13,9,41,23,8,2,0,0,Normal
2020-02-23,None,0,105,68,18,7,12,8,2,1,1,1,1,2,4,1,1,1,1,5,4,3,12,4,9,34,15,1,1,36,9,7,12,12,9,42,15,10,2,0,0,Normal
2020-02-24,None,0,122,91,18,6,7,7,2,1,1,1,1,2,5,1,1,2,1,4,3,3,10,4,9,37,16,1,1,47,9,7,12,11,11,39,13,9,2,1,0,Watch
2020-02-25,None,0,133,93,17,13,10,9,2,1,1,1,1,2,5,1,1,2,1,5,4,3,13,4,8,35,16,1,1,40,10,8,15,12,10,46,16,8,2,0,0,Normal
2020-02-26,None,0,142,100,16,13,13,8,2,1,1,1,1,2,6,1,1,2,1,5,4,3,13,3,8,34,16,1,1,41,11,9,15,12,10,34,22,9,3,0,0,Normal
2020-02-27,None,0,129,88,21,14,6,7,2,1,1,1,1,2,5,1,1,2,1,4,3,3,13,4,10,41,18,1,1,46,12,9,13,11,9,50,24,9,2,1,0,Watch
2020-02-28,None,0,117,83,18,7,9,8,2,1,1,1,1,2,5,1,1,1,1,5,4,3,11,4,9,36,16,1,1,34,12,5,14,11,9,48,19,6,2,0,0,Normal
2020-02-29,None,0,118,76,19,10,13,6,2,1,1,1,1,2,5,1,1,1,1,4,4,3,14,4,9,37,17,1,1,34,10,8,17,13,8,41,20,9,2,1,0,Watch
2020-03-01,None,0,129,76,23,8,22,9,2,1,2,1,1,2,5,1,1,2,1,5,5,3,17,5,11,43,19,2,1,42,9,8,16,14,13,45,18,11,2,2,0,Watch
2020-03-02,None,0,123,92,15,8,8,7,2,1,1,1,1,2,5,1,1,2,1,4,3,3,10,3,7,32,15,1,1,50,9,4,12,11,6,35,19,12,2,1,0,Watch
2020-03-03,None,0,136,95,18,15,8,9,2,1,1,1,1,2,5,1,1,2,1,5,4,3,13,4,9,37,16,1,1,42,12,8,14,13,12,34,14,9,2,2,0,Watch
2020-03-04,None,0,145,101,21,9,14,9,2,1,1,1,1,2,6,1,1,2,1,5,4,3,14,4,10,42,19,2,1,41,11,8,14,13,9,58,22,13,2,1,0,Watch
2020-03-05,None,0,125,83,21,13,8,7,2,1,1,1,1,2,5,1,1,2,1,4,3,3,13,4,10,40,18,1,1,34,10,7,13,12,12,50,16,13,2,1,0,Watch
2020-03-06,None,0,118,84,20,8,6,8,2,1,1,1,1,2,5,1,1,1,1,5,3,3,11,4,9,39,17,1,1,43,11,9,13,11,7,42,23,9,2,1,0,Watch
2020-03-07,None,0,113,74,19,9,11,6,2,1,1,1,1,2,5,1,1,1,1,4,3,3,13,4,9,36,17,1,1,48,9,8,12,11,8,33,15,10,2,4,0,High
2020-03-08,None,0,113,78,13,8,14,8,2,1,1,1,1,2,5,1,1,1,1,5,4,3,11,3,6,28,14,1,1,42,11,8,14,10,7,35,16,9,2,0,0,Normal
2020-03-09,None,0,127,94,18,8,7,6,2,1,1,1,1,2,5,1,1,2,1,4,3,3,11,4,9,37,16,1,1,39,9,9,10,11,11,42,18,8,2,1,0,Watch
2020-03-10,None,0,128,90,16,15,7,8,2,1,1,1,1,2,5,1,1,2,1,5,3,3,12,3,8,33,15,1,1,42,11,5,12,12,6,32,16,11,2,2,0,Watch
2020-03-11,None,0,150,108,13,7,22,9,2,1,2,1,1,2,6,1,1,2,1,5,5,3,13,3,6,31,15,2,1,43,12,7,15,12,5,38,18,9,2,1,0,Watch
2020-03-12,None,0,127,91,17,11,8,8,2,1,1,1,1,2,5,1,1,2,1,5,3,3,12,4,8,35,16,1,1,42,10,5,13,11,6,34,15,8,2,3,0,High
2020-03-13,None,0,120,83,21,8,8,7,2,1,1,1,1,2,5,1,1,1,1,4,3,3,12,4,10,40,18,1,1,41,14,8,12,13,10,36,20,10,3,1,0,Watch
2020-03-14,None,0,106,72,16,8,10,6,2,1,1,1,1,2,4,1,1,1,1,4,3,2,11,3,8,32,14,1,1,46,8,9,10,11,7,35,11,7,2,3,0,High
2020-03-15,None,0,103,70,15,8,10,6,2,1,1,1,1,2,4,1,1,1,1,4,3,2,11,3,7,30,14,1,1,38,11,10,10,11,7,32,17,8,2,1,0,Watch
2020-03-16,None,0,128,94,20,6,8,8,2,1,1,1,1,2,5,1,1,2,1,5,3,3,11,4,9,40,17,1,1,45,11,5,12,12,7,36,23,10,2,2,0,Watch
2020-03-17,None,0,122,89,16,12,5,7,2,1,1,1,1,2,5,1,1,2,1,4,3,3,11,3,8,33,15,1,1,41,8,8,13,10,6,33,14,9,2,2,0,Watch
2020-03-18,None,0,141,100,21,10,10,8,2,1,1,1,1,2,6,1,1,2,1,5,4,3,13,4,10,42,19,1,1,45,10,9,12,12,9,48,25,10,2,2,0,Watch
2020-03-19,None,0,126,88,17,13,8,10,2,1,1,1,1,2,5,1,1,2,1,6,4,3,12,4,8,35,16,1,1,44,11,9,13,12,9,32,17,9,2,1,0,Watch
2020-03-20,None,0,122,86,21,6,9,7,2,1,1,1,1,2,5,1,1,2,1,4,3,3,12,4,10,41,18,1,1,40,10,10,10,12,10,37,16,10,2,3,0,High
2020-03-21,None,0,112,72,20,9,11,6,2,1,1,1,1,2,4,1,1,1,1,4,3,3,13,4,9,38,16,1,1,42,10,9,17,11,9,51,19,8,2,0,0,Normal
2020-03-22,None,0,110,73,16,8,13,8,2,1,1,1,1,2,4,1,1,1,1,5,4,3,12,3,8,32,14,1,1,33,14,7,16,11,6,38,17,9,2,1,0,Watch
2020-03-23,None,0,133,101,14,8,10,8,2,1,1,1,1,2,5,1,1,2,1,5,4,3,10,3,7,32,14,1,1,37,11,7,12,11,7,37,15,11,2,0,0,Normal
2020-03-24,None,0,130,93,19,13,5,8,2,1,1,1,1,2,5,1,1,2,1,5,3,3,12,4,9,38,17,1,1,51,10,8,16,13,11,43,23,8,3,0,0,Normal
2020-03-25,None,0,137,98,18,8,13,8,2,1,1,1,1,2,5,1,1,2,1,5,4,3,13,4,9,37,16,1,1,41,11,6,15,12,11,47,14,9,2,1,0,Watch
2020-03-26,None,0,126,85,17,13,11,7,2,1,1,1,1,2,5,1,1,2,1,4,4,3,13,4,8,34,16,1,1,38,12,2,14,13,10,40,22,9,2,1,0,Watch
2020-03-27,None,0,119,85,17,10,7,6,2,1,1,1,1,2,5,1,1,1,1,4,3,3,11,4,8,34,16,1,1,48,11,4,9,12,8,45,20,13,2,1,0,Watch
2020-03-28,None,0,113,79,15,10,9,6,2,1,1,1,1,2,5,1,1,1,1,4,3,2,11,3,7,31,15,1,1,36,11,9,10,12,7,43,13,9,2,2,0,Watch
2020-03-29,None,0,107,73,17,8,9,6,2,1,1,1,1,2,4,1,1,1,1,4,3,3,11,4,8,33,15,1,1,45,15,7,9,13,8,39,21,13,2,1,0,Watch
2020-03-30,None,0,141,97,19,8,17,9,2,1,1,1,1,2,6,1,1,2,1,5,5,3,14,4,9,39,18,2,1,47,13,6,15,12,7,41,25,10,2,1,0,Watch
2020-03-31,None,0,136,94,21,16,5,8,2,1,1,1,1,2,5,2,1,2,1,5,3,3,13,4,10,41,18,1,1,46,11,8,16,12,9,39,16,6,2,3,0,High
2020-04-01,None,0,141,97,19,8,17,9,2,1,1,1,1,2,6,1,1,2,1,5,5,3,14,4,9,39,18,2,1,27,11,8,12,11,10,48,19,11,2,1,0,Watch
2020-04-02,None,0,127,89,15,15,8,8,2,1,1,1,1,2,5,1,1,2,1,5,3,3,12,3,7,32,15,1,1,42,11,7,11,11,7,30,17,6,2,2,0,Watch
2020-04-03,None,0,123,87,22,7,7,7,2,1,1,1,1,2,5,1,1,2,1,4,3,3,12,4,10,42,18,1,1,54,10,8,13,11,8,52,23,8,2,1,0,Watch
2020-04-04,None,0,114,76,18,9,11,7,2,1,1,1,1,2,5,1,1,1,1,4,4,3,12,4,9,35,16,1,1,40,11,10,12,13,10,40,19,13,2,0,0,Normal
2020-04-05,None,0,101,68,13,9,11,7,2,1,1,1,1,2,4,1,1,1,1,4,4,3,11,3,6,27,13,1,1,31,12,8,9,10,6,33,11,10,3,2,0,Watch
2020-04-06,None,0,130,97,16,9,8,8,2,1,1,1,1,2,5,1,1,2,1,5,3,3,11,3,8,34,15,1,1,41,11,13,10,11,6,36,20,9,2,2,0,Watch
2020-04-07,None,0,132,94,17,14,7,9,2,1,1,1,1,2,5,1,1,2,1,5,4,3,12,4,8,35,16,1,1,42,11,8,14,12,6,47,21,14,2,1,0,Watch
2020-04-08,None,0,132,95,17,8,12,8,2,1,1,1,1,2,5,1,1,2,1,5,4,3,12,4,8,35,16,1,1,47,12,12,14,13,8,40,13,12,2,1,0,Watch
2020-04-09,None,0,128,88,21,14,5,8,2,1,1,1,1,2,5,1,1,2,1,5,3,3,13,4,10,41,18,1,1,49,11,9,16,12,8,55,22,9,2,1,0,Watch
2020-04-10,None,0,123,89,17,9,8,7,2,1,1,1,1,2,5,1,1,2,1,4,3,3,11,4,8,35,16,1,1,44,11,8,12,13,9,40,17,9,2,0,0,Normal
2020-04-11,None,0,119,82,15,9,13,7,2,1,1,1,1,2,5,1,1,1,1,4,4,3,12,3,7,31,15,1,1,32,15,8,15,10,9,38,12,7,3,1,0,Watch
2020-04-12,None,0,112,75,20,8,9,5,2,1,1,1,1,2,4,1,1,1,1,3,3,2,12,4,9,38,16,1,1,41,12,8,13,12,7,49,15,10,3,2,0,Watch
2020-04-13,None,0,129,93,20,9,7,8,2,1,1,1,1,2,5,1,1,2,1,5,3,3,12,4,9,40,17,1,1,40,8,6,11,12,10,36,16,9,2,3,0,High
2020-04-14,None,0,133,94,19,11,9,5,2,1,1,1,1,2,5,1,1,2,1,3,3,2,13,4,9,38,17,1,1,46,12,11,12,13,8,39,16,10,2,3,0,High
2020-04-15,None,0,135,96,19,9,11,8,2,1,1,1,1,2,5,1,1,2,1,5,4,3,13,4,9,39,17,1,1,42,11,7,12,13,8,41,19,9,2,2,0,Watch
2020-04-16,None,0,129,93,14,15,7,7,2,1,1,1,1,2,5,1,1,2,1,4,3,3,11,3,7,31,14,1,1,42,10,4,13,12,7,35,12,7,2,1,0,Watch
2020-04-17,None,0,113,86,13,8,6,5,2,1,1,1,1,2,5,1,1,1,1,3,2,2,9,3,6,29,14,1,1,45,12,9,8,11,6,29,20,8,2,1,0,Watch
2020-04-18,None,0,112,75,18,8,11,7,2,1,1,1,1,2,4,1,1,1,1,4,4,3,12,4,9,35,15,1,1,44,11,8,15,11,10,41,15,11,2,0,0,Normal
2020-04-19,None,0,111,75,16,8,12,7,2,1,1,1,1,2,4,1,1,1,1,4,4,3,12,3,8,32,14,1,1,36,11,5,10,11,7,30,12,8,2,4,0,High
2020-04-20,None,0,134,96,22,9,7,7,2,1,1,1,1,2,5,1,1,2,1,4,3,3,13,4,10,43,18,1,1,45,10,9,13,12,10,53,18,8,2,0,0,Normal
2020-04-21,None,0,134,94,18,14,8,8,2,1,1,1,1,2,5,1,1,2,1,5,3,3,13,4,9,37,16,1,1,44,12,12,12,12,8,44,22,7,2,2,0,Watch
2020-04-22,None,0,144,102,20,12,10,10,2,1,1,1,1,2,6,1,1,2,1,6,4,3,13,4,9,41,18,1,1,46,7,8,17,12,11,46,24,7,2,0,0,Normal
2020-04-23,None,0,129,91,16,15,7,8,2,1,1,1,1,2,5,1,1,2,1,5,3,3,12,3,8,34,15,1,1,29,11,8,13,11,10,41,17,10,2,0,0,Normal
2020-04-24,None,0,116,87,14,7,8,4,2,1,1,1,1,2,5,1,1,1,1,3,2,2,10,3,7,30,14,1,1,40,12,9,11,12,6,41,14,8,2,1,0,Watch
2020-04-25,None,0,116,77,20,8,11,8,2,1,1,1,1,2,5,1,1,1,1,5,4,3,13,4,9,38,17,1,1,41,10,11,12,12,11,43,21,9,2,1,0,Watch
2020-04-26,None,0,112,76,16,8,12,6,2,1,1,1,1,2,4,1,1,1,1,4,3,2,12,3,8,32,14,1,1,38,11,9,11,10,6,42,15,10,2,2,0,Watch
2020-04-27,None,0,122,92,12,11,7,7,2,1,1,1,1,2,5,1,1,2,1,4,3,2,10,3,6,28,13,1,1,44,8,8,10,10,7,27,18,7,2,1,0,Watch
2020-04-28,None,0,124,88,17,14,5,7,2,1,1,1,1,2,5,1,1,2,1,4,3,3,11,4,8,35,16,1,1,44,11,6,13,13,7,42,16,9,2,1,0,Watch
2020-04-29,None,0,144,102,20,10,12,8,2,1,1,1,1,2,6,1,1,2,1,5,4,3,14,4,9,41,18,1,1,48,11,12,17,13,8,54,24,9,2,1,0,Watch
2020-04-30,None,0,130,90,19,15,6,6,2,1,1,1,1,2,5,1,1,2,1,4,3,3,13,4,9,38,17,1,1,37,7,8,14,13,10,34,14,8,2,2,0,Watch
2020-05-01,None,0,122,86,21,8,7,7,2,1,1,1,1,2,5,1,1,2,1,4,3,3,12,4,10,41,18,1,1,36,12,10,10,13,12,44,18,8,2,1,0,Watch
2020-05-02,None,0,117,78,18,9,12,8,2,1,1,1,1,2,5,1,1,1,1,5,4,3,13,4,9,35,16,1,1,47,11,8,15,12,9,33,21,6,1,1,0,Watch
2020-05-03,None,0,112,73,18,10,11,9,2,1,1,1,1,2,4,1,1,1,1,5,4,3,13,4,9,35,15,1,1,46,11,9,17,13,9,33,13,7,2,2,0,Watch
2020-05-04,None,0,132,96,20,9,7,9,2,1,1,1,1,2,5,1,1,2,1,5,4,3,12,4,9,40,17,1,1,49,9,6,15,11,8,53,22,11,2,1,0,Watch
2020-05-05,None,0,131,94,17,14,6,7,2,1,1,1,1,2,5,1,1,2,1,4,3,3,12,4,8,35,16,1,1,43,7,9,11,12,6,35,14,7,2,3,0,High
2020-05-06,None,0,138,100,15,10,13,9,2,1,1,1,1,2,5,1,1,2,1,5,4,3,12,3,7,33,15,1,1,45,12,10,15,10,8,31,18,9,2,1,0,Watch
2020-05-07,None,0,122,86,16,12,8,7,2,1,1,1,1,2,5,1,1,2,1,4,3,3,11,3,8,33,15,1,1,44,11,8,14,11,6,38,14,9,2,2,0,Watch
2020-05-08,None,0,112,82,16,7,7,6,2,1,1,1,1,2,4,1,1,1,1,4,3,2,10,3,8,33,14,1,1,42,12,8,9,11,8,37,16,8,2,1,0,Watch
2020-05-09,None,0,113,78,17,7,11,7,2,1,1,1,1,2,5,1,1,1,1,4,4,3,11,4,8,34,16,1,1,46,12,8,12,11,8,38,15,8,2,1,0,Watch
2020-05-10,None,0,113,77,16,8,12,8,2,1,1,1,1,2,5,1,1,1,1,5,4,3,12,3,8,32,15,1,1,42,11,6,14,12,10,44,21,10,2,0,0,Normal
2020-05-11,None,0,124,95,15,7,7,6,2,1,1,1,1,2,5,1,1,2,1,4,3,2,10,3,7,32,15,1,1,39,12,6,12,11,8,40,16,9,2,0,0,Normal
2020-05-12,None,0,132,95,16,12,9,7,2,1,1,1,1,2,5,1,1,2,1,4,3,3,12,3,8,34,15,1,1,47,10,8,14,12,8,47,15,11,2,0,0,Normal
2020-05-13,None,0,135,99,13,10,13,8,2,1,1,1,1,2,5,1,1,2,1,5,4,3,11,3,6,30,14,1,1,28,11,11,10,12,6,27,17,9,2,2,0,Watch
2020-05-14,None,0,121,91,10,15,5,7,2,1,1,1,1,2,5,1,1,2,1,4,3,2,9,2,5,25,12,1,1,44,11,6,10,10,4,26,12,9,2,1,0,Watch
2020-05-15,Diarrheal,3,150,100,34,9,7,7,2,1,1,1,1,2,6,1,1,2,1,4,3,5,17,24,29,61,36,2,1,42,12,10,17,35,29,74,35,9,2,1,0,Watch
2020-05-16,Diarrheal,3,132,82,29,11,10,7,2,1,1,1,1,2,5,1,1,2,1,4,3,5,16,21,25,52,31,2,1,39,12,6,14,27,29,61,35,11,2,1,0,Watch
2020-05-17,Diarrheal,3,144,88,37,10,9,9,2,2,1,1,1,2,6,1,1,2,1,5,4,6,19,26,32,65,38,2,1,40,10,8,20,42,36,78,44,8,2,0,0,Watch
2020-05-18,Diarrheal,3,150,105,31,8,6,7,2,1,1,1,1,2,6,1,1,2,1,4,3,5,15,22,27,57,33,2,1,44,9,9,17,38,26,54,45,8,2,2,0,Watch
2020-05-19,Diarrheal,3,164,109,34,14,7,11,2,1,1,1,1,2,6,1,1,2,1,7,4,6,18,24,29,62,36,2,1,44,10,8,22,39,30,79,48,8,2,0,0,Watch
2020-05-20,Diarrheal,3,169,112,33,10,14,10,3,1,1,1,1,2,7,1,1,2,1,6,5,6,19,24,29,61,36,2,1,43,12,8,23,42,30,57,31,13,3,2,0,Watch
2020-05-21,Diarrheal,3,148,98,29,14,7,9,2,1,1,1,1,2,6,1,1,2,1,5,4,5,16,21,25,54,32,2,1,40,11,9,15,27,30,56,29,8,1,2,0,Watch
2020-05-22,Diarrheal,3,141,98,27,8,8,7,2,1,1,1,1,2,6,1,1,2,1,4,3,4,14,19,23,51,30,1,1,49,12,9,13,26,17,68,37,6,2,2,0,Watch
2020-05-23,Diarrheal,3,137,90,32,7,8,8,2,1,1,1,1,2,5,1,1,2,1,5,3,5,16,23,28,57,33,2,1,42,11,9,19,30,33,53,30,5,2,2,0,Watch
2020-05-24,Diarrheal,3,147,87,37,10,13,10,2,2,1,1,1,2,6,1,1,2,1,6,5,6,20,26,32,65,38,2,1,46,11,6,20,30,25,65,33,12,2,2,0,Watch
2020-05-25,Diarrheal,3,147,106,26,9,6,8,2,1,1,1,1,2,6,1,1,2,1,5,3,5,14,19,23,50,29,1,1,44,11,9,11,32,26,59,36,9,2,1,0,Watch
2020-05-26,Diarrheal,3,153,103,27,14,9,9,2,1,1,1,1,2,6,1,1,2,1,5,4,5,16,19,23,51,30,2,1,45,12,8,20,29,30,62,37,8,2,0,0,Watch
2020-05-27,Diarrheal,3,164,112,31,8,13,9,3,1,1,1,1,2,6,1,1,2,1,5,4,5,17,22,27,58,33,2,1,41,11,8,22,38,30,54,32,9,2,2,0,Watch
2020-05-28,Diarrheal,3,144,96,32,13,3,8,2,1,1,1,1,2,6,1,1,2,1,5,3,5,16,23,28,58,34,1,1,47,11,9,16,42,35,72,35,10,2,0,0,Watch
2020-05-29,Diarrheal,3,141,97,31,9,4,6,2,1,1,1,1,2,6,1,1,2,1,4,2,4,15,22,27,57,33,1,1,44,15,7,15,39,34,67,27,9,2,1,0,Watch
2020-05-30,Diarrheal,3,139,88,32,10,9,10,2,1,1,1,1,2,5,1,1,2,1,6,4,6,17,23,28,57,33,2,1,39,11,8,15,29,31,65,28,9,3,2,0,Watch
2020-05-31,Diarrheal,3,138,88,30,8,12,8,2,1,1,1,1,2,5,1,1,2,1,5,4,5,17,21,26,54,31,2,1,40,11,6,22,26,21,63,31,9,2,1,0,Watch
2020-06-01,Diarrheal,3,173,104,55,6,8,9,2,2,1,1,1,2,7,1,2,2,1,5,4,7,24,39,47,93,53,2,1,41,9,8,26,46,53,125,43,9,2,1,0,Watch
2020-06-02,Diarrheal,3,158,99,42,12,5,9,2,2,1,1,1,2,6,1,1,2,1,5,3,6,20,30,36,73,42,2,1,42,11,9,23,46,29,73,48,8,2,1,0,Watch
2020-06-03,Diarrheal,3,177,109,49,8,11,11,2,2,1,1,1,2,7,1,1,2,1,7,5,7,23,35,42,85,49,2,1,46,12,8,22,58,53,90,66,9,2,1,0,Watch
2020-06-04,Diarrheal,3,167,99,48,13,7,11,2,2,1,1,1,2,6,1,1,2,1,7,4,7,23,34,41,82,47,2,1,37,9,7,21,47,40,100,40,7,2,3,0,High
2020-06-05,Diarrheal,3,157,95,45,10,7,8,2,2,1,1,1,2,6,1,1,2,1,5,3,6,21,32,39,77,44,2,1,38,11,9,23,54,41,79,48,4,2,0,0,Watch
2020-06-06,Diarrheal,3,166,94,48,12,12,12,2,2,1,1,1,2,6,1,1,2,1,7,5,7,24,34,41,82,47,2,1,44,14,5,25,44,41,95,47,11,2,1,0,Watch
2020-06-07,Diarrheal,3,158,84,51,11,12,10,2,2,1,1,1,2,6,1,2,2,1,6,4,7,25,36,44,85,49,2,1,45,11,9,23,41,34,95,49,11,2,2,0,Watch
2020-06-08,Diarrheal,3,163,105,43,9,6,10,2,2,1,1,1,2,6,1,1,2,1,6,4,7,20,31,37,75,43,2,1,37,11,8,22,38,30,69,54,6,2,2,0,Watch
2020-06-09,Diarrheal,3,166,99,46,13,8,11,2,2,1,1,1,2,6,1,1,2,1,7,4,7,22,33,40,79,45,2,1,44,17,10,27,51,39,81,56,6,2,1,0,Watch
2020-06-10,None,0,141,94,29,6,12,8,2,1,1,1,1,2,6,1,1,2,1,5,4,4,16,6,14,53,23,2,1,42,14,8,20,13,12,58,30,9,2,1,0,Watch
2020-06-11,None,0,143,92,29,13,9,10,2,1,1,1,1,2,6,1,1,2,1,6,4,4,17,6,14,53,23,2,1,41,12,7,20,14,15,54,26,7,2,0,0,Normal
2020-06-12,None,0,136,91,29,9,7,8,2,1,1,1,1,2,5,1,1,2,1,5,3,4,15,6,14,53,22,2,1,38,10,9,19,13,18,58,19,6,2,1,0,Watch
2020-06-13,None,0,126,79,27,8,12,9,2,1,1,1,1,2,5,1,1,2,1,5,4,4,16,5,13,49,21,2,1,38,11,6,14,13,13,49,17,9,3,2,0,Watch
2020-06-14,None,0,119,73,30,6,10,9,2,1,1,1,1,2,5,1,1,1,1,5,4,4,15,6,14,53,22,2,1,54,11,8,12,15,16,51,29,9,2,2,0,Watch
2020-06-15,None,0,140,92,36,6,6,8,2,2,1,1,1,2,5,1,1,2,1,5,3,4,16,7,17,64,25,2,1,39,10,8,15,16,14,82,32,10,2,2,0,Watch
2020-06-16,None,0,130,86,23,13,8,8,2,1,1,1,1,2,5,1,1,2,1,5,3,3,14,5,11,44,19,1,1,43,11,8,12,12,14,60,21,11,2,1,0,Watch
2020-06-17,None,0,149,99,30,9,11,9,2,1,1,1,1,2,6,1,1,2,1,5,4,4,17,6,14,55,23,2,1,41,11,8,18,16,18,76,30,10,2,0,0,Normal
2020-06-18,None,0,139,88,32,12,7,9,2,1,1,1,1,2,5,1,1,2,1,5,4,4,17,6,15,57,23,2,1,41,9,8,17,16,14,62,29,7,2,1,0,Watch
2020-06-19,None,0,130,84,32,7,7,10,2,1,1,1,1,2,5,1,1,2,1,6,4,4,16,6,15,57,23,2,1,45,10,2,17,16,13,63,22,9,2,3,0,High
2020-06-20,None,0,126,75,32,7,12,8,2,1,1,1,1,2,5,1,1,2,1,5,4,4,17,6,15,56,23,2,1,46,11,7,16,16,20,77,27,9,1,1,0,Watch
2020-06-21,None,0,116,71,26,7,12,9,2,1,1,1,1,2,5,1,1,1,1,5,4,4,15,5,12,47,20,2,1,42,10,8,17,14,10,63,16,9,2,2,0,Watch
2020-06-22,None,0,134,87,31,9,7,9,2,1,1,1,1,2,5,1,1,2,1,5,4,4,16,6,14,56,23,2,1,40,10,5,20,16,11,57,21,11,2,2,0,Watch
2020-06-23,None,0,129,85,26,11,7,8,2,1,1,1,1,2,5,1,1,2,1,5,3,3,14,5,12,48,20,1,1,41,13,8,15,12,9,48,28,9,2,1,0,Watch
2020-06-24,None,0,150,100,28,8,14,10,2,1,1,1,1,2,6,1,1,2,1,6,5,4,16,6,13,52,22,2,1,42,13,7,17,15,16,71,31,10,2,0,0,Normal
2020-06-25,None,0,133,89,25,12,7,8,2,1,1,1,1,2,5,1,1,2,1,5,3,3,14,5,12,47,20,1,1,27,12,9,14,14,12,57,28,8,2,0,0,Normal
2020-06-26,None,0,123,78,33,6,6,6,2,1,1,1,1,2,5,1,1,2,1,4,3,3,15,6,15,58,24,2,1,43,12,6,19,13,16,79,26,11,2,0,0,Normal
2020-06-27,None,0,116,74,25,7,10,7,2,1,1,1,1,2,5,1,1,1,1,4,3,3,14,5,12,45,20,2,1,49,12,6,16,15,13,40,26,10,2,1,0,Watch
2020-06-28,None,0,120,74,28,8,10,8,2,1,1,1,1,2,5,1,1,1,1,5,4,3,15,6,13,50,21,2,1,41,11,9,13,15,13,52,21,10,2,1,0,Watch
2020-06-29,None,0,134,89,29,8,8,9,2,1,1,1,1,2,5,1,1,2,1,5,4,4,15,6,14,53,22,2,1,42,11,8,14,16,18,73,24,11,2,1,0,Watch
2020-06-30,None,0,138,85,32,13,8,10,2,1,1,1,1,2,5,1,1,2,1,6,4,4,17,6,15,57,23,2,1,40,11,11,18,14,17,51,26,8,2,1,0,Watch
2020-07-01,None,0,155,99,32,9,15,10,2,1,1,1,1,2,6,1,1,2,1,6,5,4,18,6,15,58,24,2,1,45,13,6,17,13,14,62,25,7,2,2,0,Watch
2020-07-02,None,0,132,83,29,13,7,8,2,1,1,1,1,2,5,1,1,2,1,5,3,4,16,6,14,52,22,2,1,44,11,8,16,12,10,62,30,8,2,1,0,Watch
2020-07-03,None,0,128,81,31,8,8,7,2,1,1,1,1,2,5,1,1,2,1,4,3,3,16,6,14,55,23,2,1,45,11,8,18,15,17,65,21,8,2,1,0,Watch
2020-07-04,None,0,121,70,35,6,10,8,2,1,1,1,1,2,5,1,1,2,1,5,4,4,17,7,16,60,25,2,1,44,16,10,17,16,14,63,26,7,2,1,0,Watch
2020-07-05,None,0,111,67,27,8,9,7,2,1,1,1,1,2,4,1,1,1,1,4,3,3,15,5,13,48,20,2,1,47,11,8,17,12,13,59,18,9,2,1,0,Watch
2020-07-06,None,0,146,91,42,5,8,8,2,2,1,1,1,2,6,1,1,2,1,5,3,4,19,8,19,73,29,2,1,44,14,6,21,15,24,89,32,10,2,0,0,Normal
2020-07-07,None,0,140,89,35,11,5,8,2,1,1,1,1,2,5,1,1,2,1,5,3,4,17,7,16,62,25,2,1,43,11,8,16,17,20,86,32,8,2,1,0,Watch
2020-07-08,None,0,148,96,32,8,12,9,2,1,1,1,1,2,6,1,1,2,1,5,4,4,17,6,15,58,24,2,1,35,11,8,15,15,12,69,26,9,1,2,0,Watch
2020-07-09,None,0,127,82,23,13,9,8,2,1,1,1,1,2,5,1,1,2,1,5,4,3,14,5,11,43,19,1,1,38,11,9,13,14,14,54,17,7,2,2,0,Watch
2020-07-10,None,0,117,80,22,9,6,7,2,1,1,1,1,2,5,1,1,1,1,4,3,3,12,4,10,41,18,1,1,38,9,9,13,13,8,56,19,14,2,1,0,Watch
2020-07-11,None,0,123,74,32,6,11,7,2,1,1,1,1,2,5,1,1,2,1,4,4,3,16,6,15,56,23,2,1,44,12,8,19,12,13,65,27,8,2,1,0,Watch
2020-07-12,None,0,112,70,24,8,10,6,2,1,1,1,1,2,4,1,1,1,1,4,3,3,14,5,11,43,18,1,1,46,9,8,13,14,10,58,17,11,2,3,0,High
2020-07-13,None,0,133,87,30,6,10,8,2,1,1,1,1,2,5,1,1,2,1,5,4,4,15,6,14,54,22,2,1,43,11,6,15,14,17,59,18,9,2,1,0,Watch
2020-07-14,None,0,142,88,38,11,5,8,2,2,1,1,1,2,6,1,1,2,1,5,3,4,18,7,18,66,27,2,1,34,11,5,19,18,14,85,34,10,2,1,0,Watch
2020-07-15,None,0,147,93,33,7,14,9,2,1,1,1,1,2,6,1,1,2,1,5,4,4,18,6,15,59,25,2,1,46,10,8,18,14,17,72,33,9,3,0,0,Normal
2020-07-16,None,0,139,86,35,11,7,9,2,1,1,1,1,2,5,1,1,2,1,5,4,4,18,7,16,62,25,2,1,44,11,6,18,16,19,57,29,9,2,1,0,Watch
2020-07-17,None,0,114,81,24,4,5,6,2,1,1,1,1,2,5,1,1,1,1,4,3,3,11,5,11,45,19,1,1,37,10,4,12,15,8,53,17,9,2,2,0,Watch
2020-07-18,None,0,123,68,38,4,13,8,2,2,1,1,1,2,5,1,1,2,1,5,4,4,19,7,18,64,26,2,1,46,11,5,23,18,15,89,25,9,2,2,0,Watch
2020-07-19,None,0,117,68,33,5,11,7,2,1,1,1,1,2,5,1,1,1,1,4,4,4,17,6,15,57,24,2,1,31,11,9,19,14,13,76,27,11,2,1,0,Watch
2020-07-20,None,0,136,87,35,7,7,9,2,1,1,1,1,2,5,1,1,2,1,5,4,4,17,7,16,62,25,2,1,45,9,7,22,15,13,59,22,8,2,3,0,High
2020-07-21,None,0,135,84,33,12,6,9,2,1,1,1,1,2,5,1,1,2,1,5,3,4,17,6,15,58,24,2,1,42,13,6,19,15,19,57,21,9,2,2,0,Watch
2020-07-22,None,0,147,100,24,7,16,9,2,1,1,1,1,2,6,1,1,2,1,5,5,3,15,5,11,46,20,2,1,43,12,7,16,15,13,52,24,9,2,0,0,Normal
2020-07-23,None,0,130,84,27,10,9,8,2,1,1,1,1,2,5,1,1,2,1,5,4,3,15,5,13,49,21,2,1,45,11,8,19,12,16,59,17,9,2,1,0,Watch
2020-07-24,None,0,121,82,27,7,5,7,2,1,1,1,1,2,5,1,1,2,1,4,3,3,13,5,13,49,21,1,1,46,8,9,14,13,13,66,22,12,2,0,0,Normal
2020-07-25,None,0,118,76,27,5,10,7,2,1,1,1,1,2,5,1,1,1,1,4,3,3,14,5,13,49,21,2,1,44,9,9,13,14,16,57,25,8,3,1,0,Watch
2020-07-26,Malaria,2,126,65,45,6,10,8,2,2,1,1,1,2,5,1,1,2,1,5,4,6,21,9,39,74,39,2,1,40,11,7,21,18,38,67,50,11,2,2,0,Watch
2020-07-27,Malaria,2,154,97,44,6,7,9,2,2,1,1,1,2,6,1,1,2,1,5,4,6,19,8,38,76,39,2,1,42,7,8,23,17,47,71,46,11,2,1,0,Watch
2020-07-28,Malaria,2,153,90,45,11,7,8,2,2,1,1,1,2,6,1,1,2,1,5,3,6,21,9,39,77,40,2,1,48,14,7,18,20,33,105,39,8,2,3,0,High
2020-07-29,Malaria,2,161,97,45,8,11,10,2,2,1,1,1,2,6,1,1,2,1,6,4,6,22,9,39,78,40,2,1,40,9,7,28,16,44,78,47,9,2,0,0,Watch
2020-07-30,Malaria,2,146,80,45,11,10,10,2,2,1,1,1,2,6,1,1,2,1,6,4,6,22,9,39,76,40,2,1,43,11,8,21,16,30,95,36,10,2,3,0,High
2020-07-31,Malaria,2,140,82,47,5,6,8,2,2,1,1,1,2,5,1,1,2,1,5,3,6,20,9,40,79,40,2,1,44,11,8,21,17,35,106,49,9,2,1,0,Watch
2020-08-01,Malaria,2,136,72,44,9,11,10,2,2,1,1,1,2,5,1,1,2,1,6,4,6,21,8,38,74,38,2,1,42,11,8,23,19,46,99,48,10,2,0,0,Watch
2020-08-02,Malaria,2,129,69,44,6,10,8,2,2,1,1,1,2,5,1,1,2,1,5,4,5,20,8,38,73,38,2,1,38,9,6,22,15,37,70,40,7,2,2,0,Watch
2020-08-03,Malaria,2,147,86,49,6,6,9,2,2,1,1,1,2,6,1,1,2,1,5,3,6,21,9,42,83,43,2,1,40,11,10,18,18,39,110,48,8,2,2,0,Watch
2020-08-04,Malaria,2,154,84,50,9,11,10,2,2,1,1,1,2,6,1,1,2,1,6,4,6,24,9,43,84,43,2,1,40,9,8,30,15,50,103,43,7,2,0,0,Watch
2020-08-05,Malaria,2,154,96,42,5,11,8,2,2,1,1,1,2,6,1,1,2,1,5,4,5,20,8,36,73,38,2,1,31,11,8,25,14,29,72,49,9,2,2,0,Watch
2020-08-06,Malaria,2,148,82,49,11,6,8,2,2,1,1,1,2,6,1,1,2,1,5,3,6,22,9,42,82,43,2,1,40,11,5,25,16,35,99,48,9,2,2,0,Watch
2020-08-07,Malaria,2,130,76,42,5,7,7,2,2,1,1,1,2,5,1,1,2,1,4,3,5,19,8,36,71,37,2,1,52,11,4,20,16,29,80,52,8,2,2,0,Watch
2020-08-08,Malaria,2,136,76,41,7,12,9,2,2,1,1,1,2,5,1,1,2,1,5,4,6,20,8,35,70,36,2,1,42,10,8,22,14,35,65,37,9,2,1,0,Watch
2020-08-09,Malaria,2,128,64,49,6,9,10,2,2,1,1,1,2,5,1,1,2,1,6,4,6,22,9,42,80,42,2,1,45,11,11,20,18,32,75,39,13,2,4,0,High
2020-08-10,Malaria,2,149,88,45,8,8,8,2,2,1,1,1,2,6,1,1,2,1,5,3,6,21,9,39,77,40,2,1,44,11,8,20,17,46,83,45,8,2,1,0,Watch
2020-08-11,Malaria,2,150,89,42,10,9,9,2,2,1,1,1,2,6,1,1,2,1,5,4,6,20,8,36,72,38,2,1,35,10,6,23,17,39,90,51,9,2,0,0,Watch
2020-08-12,Malaria,2,156,94,46,6,10,10,2,2,1,1,1,2,6,1,1,2,1,6,4,6,21,9,40,79,41,2,1,41,11,8,22,17,51,106,47,8,2,0,0,Watch
2020-08-13,Malaria,2,140,80,41,13,6,9,2,2,1,1,1,2,5,1,1,2,1,5,3,6,20,8,35,70,36,2,1,40,11,8,24,16,30,86,39,9,2,1,0,Watch
2020-08-14,Malaria,2,131,79,39,5,8,6,2,2,1,1,1,2,5,1,1,2,1,4,3,5,18,8,34,67,35,2,1,45,11,8,15,18,41,76,47,6,2,1,0,Watch
2020-08-15,Malaria,2,137,72,47,6,12,9,2,2,1,1,1,2,5,1,1,2,1,5,4,6,22,9,40,78,40,2,1,43,10,5,29,17,35,75,54,9,2,3,0,High
2020-08-16,Malaria,2,125,67,40,6,12,10,2,2,1,1,1,2,5,1,1,2,1,6,4,6,20,8,34,67,35,2,1,45,11,7,19,15,28,62,31,8,2,4,0,High
2020-08-17,Malaria,2,146,89,42,6,9,10,2,2,1,1,1,2,6,1,1,2,1,6,4,6,19,8,36,72,38,2,1,44,11,8,25,16,35,99,53,10,2,1,0,Watch
2020-08-18,Malaria,2,154,87,48,11,8,10,2,2,1,1,1,2,6,1,1,2,1,6,4,6,22,9,41,81,42,2,1,52,10,7,21,21,51,75,36,9,2,3,0,High
2020-08-19,Malaria,2,150,93,40,6,11,8,2,2,1,1,1,2,6,1,1,2,1,5,4,5,19,8,34,70,36,2,1,49,16,8,23,19,35,64,34,6,2,2,0,Watch
2020-08-20,Malaria,2,146,80,50,9,7,10,2,2,1,1,1,2,6,1,1,2,1,6,4,6,22,9,43,83,43,2,1,44,9,11,23,15,57,75,58,10,2,1,0,Watch
2020-08-21,None,0,116,81,24,4,7,6,2,1,1,1,1,2,5,1,1,1,1,4,3,3,12,5,11,45,19,1,1,44,9,10,13,12,11,49,26,9,2,0,0,Normal
2020-08-22,None,0,105,66,23,5,11,6,2,1,1,1,1,2,4,1,1,1,1,4,3,3,13,5,11,42,18,2,1,36,11,6,11,14,10,55,19,9,2,2,0,Watch
2020-08-23,None,0,106,65,24,6,11,7,2,1,1,1,1,2,4,1,1,1,1,4,4,3,14,5,11,43,18,2,1,46,9,7,16,13,12,45,24,9,2,0,0,Normal
2020-08-24,None,0,121,90,21,6,4,6,2,1,1,1,1,2,5,1,1,2,1,4,2,3,11,4,10,41,18,1,1,45,14,8,11,12,10,37,16,10,2,2,0,Watch
2020-08-25,None,0,130,91,24,11,4,6,2,1,1,1,1,2,5,1,1,2,1,4,2,3,13,5,11,46,19,1,1,49,11,7,15,15,12,53,21,9,2,0,0,Normal
2020-08-26,None,0,141,98,23,6,14,8,2,1,1,1,1,2,6,1,1,2,1,5,4,3,14,5,11,45,20,2,1,34,10,11,12,12,8,46,17,8,2,3,0,High
2020-08-27,None,0,128,85,27,11,5,8,2,1,1,1,1,2,5,1,1,2,1,5,3,3,14,5,13,49,21,1,1,40,9,6,15,12,12,54,19,6,2,2,0,Watch
2020-08-28,None,0,119,79,29,5,6,7,2,1,1,1,1,2,5,1,1,1,1,4,3,3,14,6,14,52,22,1,1,52,13,10,12,13,17,64,26,10,2,1,0,Watch
2020-08-29,None,0,110,69,25,5,11,8,2,1,1,1,1,2,4,1,1,1,1,5,4,3,14,5,12,45,19,2,1,44,10,7,16,13,9,41,20,6,2,2,0,Watch
2020-08-30,None,0,105,62,27,7,9,7,2,1,1,1,1,2,4,1,1,1,1,4,3,3,14,5,13,47,20,2,1,36,11,10,17,14,13,52,18,9,2,1,0,Watch
2020-08-31,None,0,123,88,20,7,8,8,2,1,1,1,1,2,5,1,1,2,1,5,3,3,12,4,9,39,17,1,1,32,9,8,13,11,9,48,22,7,2,0,0,Normal
2020-09-01,Dengue,3,162,87,58,10,7,12,2,2,1,1,1,2,6,1,2,2,1,7,4,8,25,11,50,96,55,2,1,39,11,8,25,22,65,117,49,9,2,1,0,Watch
2020-09-02,Dengue,3,183,102,64,4,13,13,2,2,1,1,1,3,7,1,2,2,1,8,5,9,28,12,55,107,62,3,1,32,10,9,27,21,66,123,70,12,2,1,0,Watch
2020-09-03,Dengue,3,166,85,63,11,7,11,2,2,1,1,1,2,6,1,2,2,1,7,4,8,27,12,54,103,59,2,1,38,9,8,34,21,50,116,72,11,1,1,0,Watch
2020-09-04,Dengue,3,153,80,58,7,8,9,2,2,1,1,1,2,6,1,2,2,1,5,4,7,25,11,50,95,55,2,1,36,13,11,31,19,41,127,75,9,1,1,0,Watch
2020-09-05,Dengue,3,154,75,63,6,10,11,2,2,1,1,1,2,6,1,2,2,1,7,4,8,27,12,54,102,59,2,1,41,11,7,24,24,66,121,62,9,2,2,0,Watch
2020-09-06,Dengue,3,150,70,64,6,10,11,2,2,1,1,1,2,6,1,2,2,1,7,4,8,27,12,55,103,60,2,1,44,12,10,34,23,60,97,64,9,1,1,0,Watch
2020-09-07,Dengue,3,167,91,64,6,6,11,2,2,1,1,1,2,6,1,2,2,1,7,4,8,26,12,55,106,60,2,1,42,14,13,27,24,56,127,65,14,2,0,0,Watch
2020-09-08,Dengue,3,167,88,60,11,8,12,2,2,1,1,1,2,6,1,2,2,1,7,4,8,27,11,51,99,56,2,1,37,11,7,32,21,50,103,79,10,2,2,0,Watch
2020-09-09,Dengue,3,177,101,54,6,16,12,2,2,1,1,1,2,7,1,2,2,1,7,5,8,26,10,46,92,53,2,1,39,11,4,25,16,61,121,56,9,2,2,0,Watch
2020-09-10,Dengue,3,171,82,68,11,10,12,2,2,1,1,1,2,7,1,2,2,1,7,5,9,30,13,58,111,64,3,1,45,11,8,27,19,49,122,71,8,2,3,0,High
2020-09-11,Dengue,3,163,88,62,4,9,10,2,2,1,1,1,2,6,1,2,2,1,6,4,8,26,12,53,102,58,2,1,38,12,9,32,25,41,134,68,9,2,1,0,Watch
2020-09-12,Dengue,3,147,72,63,4,8,10,2,2,1,1,1,2,6,1,2,2,1,6,4,8,26,12,54,102,59,2,1,34,12,8,28,17,69,99,79,12,2,1,0,Watch
2020-09-13,Dengue,3,150,69,62,5,14,11,2,2,1,1,1,2,6,1,2,2,1,7,5,8,28,12,53,100,58,3,1,41,13,8,25,19,44,127,52,7,2,3,0,High
2020-09-14,Dengue,3,163,91,61,4,7,11,2,2,1,1,1,2,6,1,2,2,1,7,4,8,25,11,52,101,57,2,1,46,12,4,23,21,57,136,72,7,2,2,0,Watch
2020-09-15,Dengue,3,160,90,52,12,6,11,2,2,1,1,1,2,6,1,1,2,1,7,4,7,23,10,45,87,50,2,1,42,16,10,24,22,34,116,68,9,1,1,0,Watch
2020-09-16,Dengue,3,176,99,59,7,11,11,2,2,1,1,1,2,7,1,2,2,1,7,5,8,26,11,51,99,57,2,1,42,11,8,24,19,48,113,78,5,2,2,0,Watch
2020-09-17,Dengue,3,157,87,54,9,7,10,2,2,1,1,1,2,6,1,2,2,1,6,4,7,24,10,46,90,52,2,1,46,11,7,28,20,42,96,71,7,2,1,0,Watch
2020-09-18,Dengue,3,154,86,56,6,6,10,2,2,1,1,1,2,6,1,2,2,1,6,4,7,23,11,48,93,53,2,1,47,9,7,23,21,54,102,43,12,2,1,0,Watch
2020-09-19,Dengue,3,158,83,58,6,11,9,2,2,1,1,1,2,6,1,2,2,1,5,4,7,26,11,50,96,55,2,1,36,8,11,26,20,51,86,77,9,2,1,0,Watch
2020-09-20,Dengue,3,139,68,57,4,10,9,2,2,1,1,1,2,5,1,2,2,1,5,4,7,24,11,49,93,53,2,1,40,10,5,26,17,41,94,73,8,2,2,0,Watch
2020-09-21,Dengue,3,164,93,59,5,7,9,2,2,1,1,1,2,6,1,2,2,1,5,4,7,24,11,51,98,56,2,1,47,9,8,23,18,53,127,63,8,1,1,0,Watch
2020-09-22,Dengue,3,172,91,63,11,7,12,2,2,1,1,1,2,7,1,2,2,1,7,4,9,27,12,54,104,60,2,1,39,12,6,25,21,40,108,72,9,2,3,0,High
2020-09-23,Dengue,3,181,106,58,5,12,11,2,2,1,1,1,3,7,1,2,2,1,7,5,8,26,11,50,98,57,2,1,38,7,10,33,20,49,116,74,7,2,1,0,Watch
2020-09-24,Dengue,3,165,88,63,10,4,11,2,2,1,1,1,2,6,1,2,2,1,7,4,8,26,12,54,104,59,2,1,42,11,9,24,25,51,129,71,11,2,2,0,Watch
2020-09-25,Dengue,3,150,83,57,5,5,9,2,2,1,1,1,2,6,1,2,2,1,5,3,7,23,11,49,94,54,2,1,45,11,9,28,23,40,122,74,12,1,1,0,Watch
2020-09-26,Dengue,3,159,77,65,5,12,12,2,2,1,1,1,2,6,1,2,2,1,7,5,9,28,12,56,106,60,3,1,42,11,7,37,20,54,139,75,7,2,2,0,Watch
2020-09-27,Dengue,3,143,68,62,5,8,10,2,2,1,1,1,2,6,1,2,2,1,6,4,8,26,12,53,100,58,2,1,47,12,10,24,19,66,109,64,6,3,1,0,Watch
2020-09-28,Dengue,3,168,90,68,4,6,11,2,2,1,1,1,2,6,1,2,2,1,7,4,9,27,13,58,111,63,2,1,42,8,7,24,25,55,142,52,10,2,4,0,High
2020-09-29,Dengue,3,165,89,60,9,7,11,2,2,1,1,1,2,6,1,2,2,1,7,4,8,26,11,51,99,56,2,1,53,12,8,32,23,39,93,73,9,2,2,0,Watch
2020-09-30,Dengue,3,172,99,56,5,12,12,2,2,1,1,1,2,7,1,2,2,1,7,5,8,25,11,48,94,54,2,1,49,11,6,33,23,61,124,75,7,2,1,0,Watch
2020-10-01,Dengue,3,150,86,47,10,7,10,2,2,1,1,1,2,6,1,1,2,1,6,4,7,22,9,40,80,46,2,1,46,8,10,21,17,42,77,47,6,2,2,0,Watch
2020-10-02,Dengue,3,151,88,49,6,8,9,2,2,1,1,1,2,6,1,1,2,1,5,4,7,22,9,42,83,48,2,1,39,12,7,26,16,44,94,40,9,2,1,0,Watch
2020-10-03,Dengue,3,137,78,43,6,10,8,2,2,1,1,1,2,5,1,1,2,1,5,4,6,20,8,37,73,42,2,1,44,12,9,19,19,46,66,34,8,2,3,0,High
2020-10-04,Dengue,3,134,68,49,4,13,8,2,2,1,1,1,2,5,1,1,2,1,5,4,6,23,9,42,81,47,2,1,41,10,8,19,18,35,105,38,8,2,3,0,High
2020-10-05,Dengue,3,164,97,45,4,18,10,2,2,1,1,1,2,6,1,1,2,1,6,5,7,23,9,39,78,44,2,1,46,9,9,22,20,51,78,42,8,2,2,0,Watch
2020-10-06,Dengue,3,169,96,46,10,17,11,2,2,1,1,1,2,7,1,1,2,1,7,5,7,24,9,40,79,46,2,1,45,10,8,22,17,44,90,58,10,2,1,0,Watch
2020-10-07,Dengue,3,163,99,48,6,10,10,2,2,1,1,1,2,6,1,1,2,1,6,4,7,22,9,41,82,47,2,1,48,9,8,20,17,52,89,45,10,2,2,0,Watch
2020-10-08,Dengue,3,152,93,46,9,4,9,2,2,1,1,1,2,6,1,1,2,1,5,3,6,20,9,40,79,45,2,1,40,11,7,18,17,34,96,62,9,2,2,0,Watch
2020-10-09,Dengue,3,162,92,48,6,16,10,2,2,1,1,1,2,6,1,1,2,1,6,5,7,24,9,41,82,47,2,1,40,13,9,31,19,49,89,66,11,2,0,0,Watch
2020-10-10,Dengue,3,143,75,51,6,11,11,2,2,1,1,1,2,6,1,2,2,1,7,5,7,23,10,44,84,49,2,1,46,6,8,20,20,45,98,59,9,2,1,0,Watch
2020-10-11,Dengue,3,133,74,43,5,11,8,2,2,1,1,1,2,5,1,1,2,1,5,4,6,20,8,37,72,42,2,1,52,13,9,20,17,48,90,42,8,2,0,0,Watch
2020-10-12,Dengue,3,154,95,46,4,9,10,2,2,1,1,1,2,6,1,1,2,1,6,4,7,20,9,40,79,45,2,1,36,11,8,18,18,53,109,53,9,2,1,0,Watch
2020-10-13,Dengue,3,147,87,43,10,7,11,2,2,1,1,1,2,6,1,1,2,1,7,4,7,20,8,37,74,43,2,1,39,14,8,19,15,28,90,60,8,2,2,0,Watch
2020-10-14,None,0,126,94,14,7,11,7,2,1,1,1,1,2,5,1,1,2,1,4,4,3,10,3,7,31,14,1,1,45,11,6,11,10,8,38,12,9,2,1,0,Watch
2020-10-15,None,0,113,78,17,9,9,7,2,1,1,1,1,2,5,1,1,1,1,4,3,3,11,4,8,34,16,1,1,37,12,8,13,11,7,38,21,9,2,1,0,Watch
2020-10-16,None,0,103,77,14,6,6,6,2,1,1,1,1,2,4,1,1,1,1,4,3,2,9,3,7,29,13,1,1,38,11,10,8,10,7,39,13,9,2,1,0,Watch
2020-10-17,None,0,101,71,14,5,11,7,2,1,1,1,1,2,4,1,1,1,1,4,4,3,10,3,7,29,13,1,1,36,11,5,10,10,6,35,11,9,2,2,0,Watch
2020-10-18,None,0,93,65,11,5,12,7,2,1,1,1,1,2,4,1,1,1,1,4,4,2,9,2,5,23,12,1,1,43,10,8,11,10,5,28,9,11,2,1,0,Watch
2020-10-19,None,0,109,85,14,4,6,5,2,1,1,1,1,2,4,1,1,1,1,3,2,2,8,3,7,30,13,1,1,42,11,10,7,12,9,38,11,9,2,2,0,Watch
2020-10-20,None,0,124,85,17,14,8,8,2,1,1,1,1,2,5,1,1,2,1,5,3,3,12,4,8,34,16,1,1,42,11,8,11,13,7,32,21,12,1,3,0,High
2020-10-21,None,0,120,91,14,3,12,7,2,1,1,1,1,2,5,1,1,1,1,4,4,3,10,3,7,31,14,1,1,44,12,9,12,10,9,40,18,11,2,0,0,Normal
2020-10-22,None,0,113,78,17,11,7,7,2,1,1,1,1,2,5,1,1,1,1,4,3,3,11,4,8,34,16,1,1,41,10,8,9,12,6,41,23,7,2,2,0,Watch
2020-10-23,None,0,102,78,12,4,8,4,2,1,1,1,1,2,4,1,1,1,1,3,2,2,8,3,6,26,12,1,1,42,8,8,9,12,6,31,12,10,2,0,0,Normal
2020-10-24,None,0,101,74,14,6,7,7,2,1,1,1,1,2,4,1,1,1,1,4,3,3,9,3,7,29,13,1,1,42,11,8,9,10,7,30,16,8,2,0,0,Normal
2020-10-25,None,0,109,69,17,4,19,9,2,1,2,1,1,2,4,1,1,1,1,5,5,3,13,4,8,33,15,2,1,46,11,8,17,12,9,44,15,9,2,0,0,Normal
2020-10-26,None,0,111,87,14,4,6,7,2,1,1,1,1,2,4,1,1,1,1,4,3,3,8,3,7,30,13,1,1,34,12,9,9,12,5,33,11,10,1,2,0,Watch
2020-10-27,None,0,121,88,13,10,10,7,2,1,1,1,1,2,5,1,1,2,1,4,3,3,11,3,6,29,14,1,1,37,9,10,11,12,5,37,18,5,2,1,0,Watch
2020-10-28,None,0,144,99,18,6,21,9,2,1,2,1,1,2,6,1,1,2,1,5,5,3,15,4,9,37,17,2,1,42,9,10,16,13,6,35,20,10,2,2,0,Watch
2020-10-29,None,0,116,79,18,11,8,7,2,1,1,1,1,2,5,1,1,1,1,4,3,3,12,4,9,35,16,1,1,52,12,8,15,12,9,47,15,7,1,1,0,Watch
2020-10-30,None,0,113,77,20,8,8,7,2,1,1,1,1,2,5,1,1,1,1,4,3,3,12,4,9,38,17,1,1,37,10,11,13,12,9,37,18,7,1,1,0,Watch
2020-10-31,None,0,93,69,10,3,11,5,2,1,1,1,1,2,4,1,1,1,1,3,3,2,8,2,5,22,11,1,1,37,10,8,8,9,5,30,15,7,2,0,0,Normal
2020-11-01,None,0,99,65,17,6,11,6,2,1,1,1,1,2,4,1,1,1,1,4,3,3,11,4,8,32,15,1,1,42,12,6,11,13,8,40,20,9,3,0,0,Normal
2020-11-02,None,0,120,95,12,5,8,6,2,1,1,1,1,2,5,1,1,1,1,4,3,2,8,3,6,28,13,1,1,46,9,8,9,11,5,27,15,6,2,2,0,Watch
2020-11-03,None,0,137,94,15,12,16,9,2,1,1,1,1,2,5,1,1,2,1,5,5,3,14,3,7,32,15,2,1,39,11,8,13,10,6,34,16,11,2,2,0,Watch
2020-11-04,None,0,135,96,16,3,20,9,2,1,2,1,1,2,5,1,1,2,1,5,5,3,13,3,8,34,15,2,1,42,12,6,12,10,6,43,19,8,2,2,0,Watch
2020-11-05,None,0,111,77,18,10,6,6,2,1,1,1,1,2,4,1,1,1,1,4,3,3,11,4,9,35,15,1,1,42,13,7,13,11,8,43,18,11,2,1,0,Watch
2020-11-06,None,0,105,79,13,6,7,5,2,1,1,1,1,2,4,1,1,1,1,3,3,2,9,3,6,28,13,1,1,39,8,7,8,11,6,30,15,9,2,1,0,Watch
2020-11-07,None,0,112,73,15,6,18,7,2,1,1,1,1,2,4,1,1,1,1,4,4,3,13,3,7,30,14,2,1,48,10,10,15,11,8,41,13,9,2,1,0,Watch
2020-11-08,None,0,94,64,14,6,10,6,2,1,1,1,1,2,4,1,1,1,1,4,3,2,10,3,7,28,13,1,1,55,10,6,12,10,7,26,12,12,2,2,0,Watch
2020-11-09,None,0,114,86,15,6,7,6,2,1,1,1,1,2,5,1,1,1,1,4,3,2,9,3,7,32,15,1,1,43,14,7,11,11,7,42,19,9,2,0,0,Normal
2020-11-10,None,0,115,84,12,10,9,7,2,1,1,1,1,2,5,1,1,1,1,4,3,2,10,3,6,27,13,1,1,43,11,6,11,10,5,30,12,7,2,2,0,Watch
2020-11-11,None,0,124,89,17,5,13,7,2,1,1,1,1,2,5,1,1,2,1,4,4,3,12,4,8,35,16,1,1,44,12,9,14,11,7,31,12,8,2,3,0,High
2020-11-12,None,0,122,79,16,11,16,8,2,1,1,1,1,2,5,1,1,2,1,5,4,3,14,3,8,32,15,2,1,33,12,8,13,12,8,34,17,8,2,1,0,Watch
2020-11-13,None,0,112,83,17,6,6,5,2,1,1,1,1,2,4,1,1,1,1,3,2,2,10,4,8,34,15,1,1,39,14,8,12,12,10,44,17,9,2,0,0,Normal
2020-11-14,None,0,113,71,21,6,15,7,2,1,1,1,1,2,5,1,1,1,1,4,4,3,14,4,10,39,18,2,1,42,11,8,16,13,13,36,19,9,2,1,0,Watch
2020-11-15,None,0,99,67,15,5,12,5,2,1,1,1,1,2,4,1,1,1,1,3,3,2,11,3,7,30,14,1,1,47,8,8,11,11,6,32,19,9,2,1,0,Watch
2020-11-16,None,0,108,86,13,4,5,5,2,1,1,1,1,2,4,1,1,1,1,3,2,2,8,3,6,29,13,1,1,42,11,10,9,11,6,39,13,8,2,0,0,Normal
2020-11-17,None,0,115,84,12,12,7,7,2,1,1,1,1,2,5,1,1,1,1,4,3,2,10,3,6,27,13,1,1,42,10,10,13,10,6,35,13,11,2,0,0,Normal
2020-11-18,Mass_Casualty,3,175,94,15,4,62,18,2,1,4,1,1,2,7,1,1,2,3,10,12,7,25,3,7,32,21,3,3,42,15,11,22,10,7,30,25,11,2,3,0,High
2020-11-19,Mass_Casualty,3,170,86,19,11,54,18,2,1,3,1,1,2,7,1,1,2,3,10,11,7,26,4,9,38,25,3,2,42,14,8,32,11,8,46,24,11,2,2,0,Watch
2020-11-20,None,0,108,79,15,7,7,5,2,1,1,1,1,2,4,1,1,1,1,3,3,2,10,3,7,31,14,1,1,43,13,8,12,11,8,29,18,11,2,1,0,Watch
2020-11-21,None,0,102,67,18,6,11,8,2,1,1,1,1,2,4,1,1,1,1,5,4,3,12,4,9,34,15,1,1,48,9,8,12,11,9,42,16,6,2,0,0,Normal
2020-11-22,None,0,99,66,14,7,12,6,2,1,1,1,1,2,4,1,1,1,1,4,3,2,11,3,7,28,13,1,1,36,11,10,11,10,7,34,13,9,1,0,0,Normal
2020-11-23,None,0,115,87,17,5,6,7,2,1,1,1,1,2,5,1,1,1,1,4,3,3,9,4,8,35,16,1,1,47,13,8,10,12,10,42,14,9,2,1,0,Watch
2020-11-24,None,0,111,85,12,10,4,6,2,1,1,1,1,2,4,1,1,1,1,4,2,2,8,3,6,27,12,1,1,42,8,9,7,11,7,35,14,9,2,1,0,Watch
2020-11-25,None,0,127,94,15,5,13,7,2,1,1,1,1,2,5,1,1,2,1,4,4,3,11,3,7,32,15,1,1,46,13,7,9,12,6,34,20,9,2,2,0,Watch
2020-11-26,None,0,107,79,12,9,7,6,2,1,1,1,1,2,4,1,1,1,1,4,3,2,9,3,6,26,12,1,1,43,9,8,8,11,7,35,12,11,2,1,0,Watch
2020-11-27,None,0,125,87,17,7,14,8,2,1,1,1,1,2,5,1,1,2,1,5,4,3,12,4,8,35,16,1,1,47,11,8,11,11,7,46,14,10,2,3,0,High
2020-11-28,None,0,103,71,16,3,13,7,2,1,1,1,1,2,4,1,1,1,1,4,4,3,11,3,8,32,14,1,1,39,8,9,9,11,8,36,19,7,2,1,0,Watch
2020-11-29,None,0,98,66,17,6,9,7,2,1,1,1,1,2,4,1,1,1,1,4,3,3,11,4,8,33,15,1,1,38,11,12,12,13,8,33,20,7,2,0,0,Normal
2020-11-30,None,0,135,94,16,7,18,9,2,1,1,1,1,2,5,1,1,2,1,5,5,3,13,3,8,34,15,2,1,39,11,11,15,10,7,33,15,9,2,2,0,Watch
2020-12-01,None,0,120,83,17,11,9,7,2,1,1,1,1,2,5,1,1,1,1,4,3,3,12,4,8,34,16,1,1,50,11,4,14,13,9,43,17,10,2,0,0,Normal
2020-12-02,None,0,132,97,16,5,14,8,2,1,1,1,1,2,5,1,1,2,1,5,4,3,12,3,8,34,15,1,1,41,12,8,13,11,6,36,17,9,2,1,0,Watch
2020-12-03,None,0,116,80,18,11,7,6,2,1,1,1,1,2,5,1,1,1,1,4,3,3,12,4,9,35,16,1,1,29,9,7,11,12,8,34,20,9,2,3,0,High
2020-12-04,None,0,103,77,16,7,3,4,2,1,1,1,1,2,4,1,1,1,1,3,2,2,9,3,8,32,14,1,1,37,13,9,7,11,8,43,18,7,2,1,0,Watch
2020-12-05,None,0,108,75,16,5,12,6,2,1,1,1,1,2,4,1,1,1,1,4,3,2,11,3,8,32,14,1,1,42,11,5,12,10,9,41,12,7,2,1,0,Watch
2020-12-06,None,0,85,62,8,5,10,5,2,1,1,1,1,1,4,1,1,1,1,3,3,2,8,2,4,19,9,1,1,49,11,8,7,10,3,23,11,10,2,2,0,Watch
2020-12-07,None,0,113,86,14,6,7,5,2,1,1,1,1,2,5,1,1,1,1,3,3,2,9,3,7,30,14,1,1,42,8,8,7,10,8,40,15,11,2,1,0,Watch
2020-12-08,None,0,114,85,14,10,5,6,2,1,1,1,1,2,5,1,1,1,1,4,3,2,9,3,7,30,14,1,1,41,11,8,8,11,5,32,17,13,2,2,0,Watch
2020-12-09,None,0,121,86,16,6,13,8,2,1,1,1,1,2,5,1,1,2,1,5,4,3,11,3,8,33,15,1,1,36,11,8,12,10,9,31,12,9,2,2,0,Watch
2020-12-10,None,0,110,81,13,10,6,6,2,1,1,1,1,2,4,1,1,1,1,4,3,2,9,3,6,28,13,1,1,52,8,8,10,11,4,28,13,11,2,1,0,Watch
2020-12-11,None,0,110,80,16,6,8,7,2,1,1,1,1,2,4,1,1,1,1,4,3,3,10,3,8,32,14,1,1,49,12,10,10,12,9,37,16,7,2,0,0,Normal
2020-12-12,None,0,107,71,18,6,12,7,2,1,1,1,1,2,4,1,1,1,1,4,4,3,12,4,9,35,15,1,1,33,10,7,10,11,9,34,18,8,2,2,0,Watch
2020-12-13,None,0,102,64,21,7,10,7,2,1,1,1,1,2,4,1,1,1,1,4,3,3,13,4,10,38,17,1,1,50,13,5,11,12,11,38,14,9,2,2,0,Watch
2020-12-14,None,0,117,90,15,5,7,6,2,1,1,1,1,2,5,1,1,1,1,4,3,2,9,3,7,32,15,1,1,44,13,10,12,10,9,40,18,12,1,0,0,Normal
2020-12-15,None,0,120,83,18,12,7,7,2,1,1,1,1,2,5,1,1,1,1,4,3,3,12,4,9,36,16,1,1,39,8,6,13,11,12,32,17,6,2,1,0,Watch
2020-12-16,None,0,122,90,14,4,14,7,2,1,1,1,1,2,5,1,1,2,1,4,4,3,11,3,7,30,14,1,1,49,11,11,10,10,9,28,20,7,1,2,0,Watch
2020-12-17,None,0,116,79,15,11,11,8,2,1,1,1,1,2,5,1,1,1,1,5,4,3,12,3,7,31,15,1,1,44,11,8,14,11,6,42,18,13,2,1,0,Watch
2020-12-18,None,0,110,84,17,3,6,6,2,1,1,1,1,2,4,1,1,1,1,4,3,3,9,4,8,34,15,1,1,41,11,8,9,13,6,36,20,9,2,1,0,Watch
2020-12-19,None,0,104,69,19,5,11,7,2,1,1,1,1,2,4,1,1,1,1,4,4,3,12,4,9,36,16,1,1,42,11,8,10,12,11,33,21,8,2,2,0,Watch
2020-12-20,None,0,96,58,19,6,13,6,2,1,1,1,1,2,4,1,1,1,1,4,4,3,13,4,9,35,16,1,1,43,12,8,15,12,7,34,19,10,2,2,0,Watch
2020-12-21,None,0,117,87,19,6,5,8,2,1,1,1,1,2,5,1,1,1,1,5,3,3,10,4,9,38,17,1,1,47,12,8,10,12,11,43,18,11,2,0,0,Normal
2020-12-22,None,0,122,86,17,9,10,7,2,1,1,1,1,2,5,1,1,2,1,4,3,3,12,4,8,35,16,1,1,58,10,8,15,13,7,34,22,6,2,2,0,Watch
2020-12-23,None,0,130,96,16,6,12,9,2,1,1,1,1,2,5,1,1,2,1,5,4,3,11,3,8,34,15,1,1,49,13,4,12,11,6,33,13,10,2,3,0,High
2020-12-24,None,0,111,80,12,10,9,7,2,1,1,1,1,2,4,1,1,1,1,4,3,2,10,3,6,26,12,1,1,41,11,6,12,12,5,26,16,7,2,1,0,Watch
2020-12-25,None,0,115,82,18,6,9,6,2,1,1,1,1,2,5,1,1,1,1,4,3,3,11,4,9,36,16,1,1,37,13,9,13,12,8,43,17,11,2,1,0,Watch
2020-12-26,None,0,100,69,16,6,9,7,2,1,1,1,1,2,4,1,1,1,1,4,3,3,10,3,8,31,14,1,1,36,12,7,13,12,10,39,16,9,2,0,0,Normal
2020-12-27,None,0,105,73,16,5,11,5,2,1,1,1,1,2,4,1,1,1,1,3,3,2,11,3,8,32,14,1,1,35,12,8,13,10,8,31,11,9,2,2,0,Watch
2020-12-28,None,0,114,85,16,7,6,6,2,1,1,1,1,2,5,1,1,1,1,4,3,2,10,3,8,33,15,1,1,38,11,9,9,11,6,30,18,9,2,3,0,High
2020-12-29,None,0,117,88,13,10,6,6,2,1,1,1,1,2,5,1,1,1,1,4,3,2,9,3,6,29,14,1,1,41,10,4,9,11,7,33,12,11,2,1,0,Watch
2020-12-30,None,0,134,94,17,7,16,10,2,1,1,1,1,2,5,1,1,2,1,6,5,3,13,4,8,35,16,2,1,44,14,5,12,12,6,38,19,12,2,2,0,Watch
2020-12-31,None,0,116,83,13,13,7,6,2,1,1,1,1,2,5,1,1,1,1,4,3,2,10,3,6,28,14,1,1,51,11,6,9,12,7,36,15,9,2,1,0,Watch
2021-01-01,None,0,109,78,14,8,9,7,2,1,1,1,1,2,4,1,1,1,1,4,3,3,10,3,7,29,13,1,1,44,9,8,10,11,7,32,16,7,2,0,0,Normal
2021-01-02,None,0,102,71,16,7,8,7,2,1,1,1,1,2,4,1,1,1,1,4,3,3,10,3,8,32,14,1,1,38,13,7,12,11,8,29,12,11,2,2,0,Watch
2021-01-03,None,0,112,74,20,7,11,8,2,1,1,1,1,2,4,1,1,1,1,5,4,3,13,4,9,38,16,1,1,38,12,10,15,12,9,45,16,7,2,0,0,Normal
2021-01-04,None,0,116,84,20,6,6,7,2,1,1,1,1,2,5,1,1,1,1,4,3,3,11,4,9,39,17,1,1,37,12,8,14,11,11,54,19,7,2,0,0,Normal
2021-01-05,Respiratory,4,168,107,45,11,5,10,2,2,1,1,1,2,6,1,1,2,1,6,4,7,20,9,39,79,49,11,1,43,11,8,26,16,40,90,51,10,2,1,0,High
2021-01-06,Respiratory,4,179,114,48,7,10,12,3,2,1,1,1,2,7,1,1,2,1,7,5,8,22,9,41,84,53,12,1,38,11,8,19,21,53,79,61,9,2,3,0,High
2021-01-07,Respiratory,4,162,100,45,11,6,10,2,2,1,1,1,2,6,1,1,2,1,6,4,7,21,9,39,78,49,12,1,48,9,9,23,15,36,103,62,12,1,1,0,High
2021-01-08,Respiratory,4,157,101,42,7,7,8,2,2,1,1,1,2,6,1,1,2,1,5,3,6,19,8,36,74,46,11,1,45,12,8,18,17,39,79,51,9,2,2,0,High
2021-01-09,Respiratory,4,154,93,45,6,10,9,2,2,1,1,1,2,6,1,1,2,1,5,4,7,21,9,39,77,49,12,1,43,11,7,18,16,32,89,45,9,2,4,0,High
2021-01-10,Respiratory,4,145,88,39,7,11,10,2,2,1,1,1,2,6,1,1,2,1,6,4,7,19,8,34,68,44,10,1,42,12,7,25,15,35,69,58,8,2,1,0,High
2021-01-11,Respiratory,4,164,106,47,6,5,8,2,2,1,1,1,2,6,1,1,2,1,5,3,7,20,9,40,82,51,12,1,36,10,8,20,15,51,106,45,6,2,2,0,High
2021-01-12,Respiratory,4,173,111,41,12,9,11,3,2,1,1,1,2,7,1,1,2,1,7,4,7,21,8,35,73,46,11,1,42,11,8,27,15,32,100,58,9,3,2,0,High
2021-01-13,Respiratory,4,178,115,45,7,11,11,3,2,1,1,1,2,7,1,1,2,1,7,5,8,21,9,39,79,50,12,1,47,12,8,20,19,41,87,65,10,2,2,0,High
2021-01-14,Respiratory,4,168,103,47,11,7,12,2,2,1,1,1,2,6,1,1,2,1,7,4,8,22,9,40,81,51,12,1,42,11,5,29,20,48,104,60,9,2,2,0,High
2021-01-15,Respiratory,4,157,101,43,6,7,9,2,2,1,1,1,2,6,1,1,2,1,5,4,7,19,8,37,75,47,11,1,30,13,9,19,18,49,82,48,11,2,0,0,High
2021-01-16,Respiratory,4,156,94,45,6,11,10,2,2,1,1,1,2,6,1,1,2,1,6,4,7,21,9,39,77,49,12,1,44,11,11,23,16,29,77,64,10,2,2,0,High
2021-01-17,Respiratory,4,159,94,47,7,11,9,2,2,1,1,1,2,6,1,1,2,1,5,4,7,22,9,40,80,51,12,1,47,13,8,23,18,47,107,62,8,1,1,0,High
2021-01-18,Respiratory,4,175,111,47,9,8,11,3,2,1,1,1,2,7,1,1,2,1,7,4,8,22,9,40,82,52,12,1,43,11,8,22,19,51,76,71,11,2,2,0,High
2021-01-19,Respiratory,4,173,109,43,13,8,12,2,2,1,1,1,2,7,1,1,2,1,7,4,8,21,8,37,76,48,11,1,42,11,9,27,19,39,86,41,12,2,1,0,High
2021-01-20,Respiratory,4,180,115,45,7,13,10,3,2,1,1,1,2,7,1,1,2,1,6,5,7,22,9,39,79,50,12,1,42,13,12,19,16,30,77,59,8,2,4,0,High
2021-01-21,Respiratory,4,173,105,50,11,7,9,2,2,1,1,1,2,7,1,1,2,1,5,4,7,23,9,43,86,54,13,1,43,14,12,21,15,53,107,49,10,2,3,0,High
2021-01-22,Respiratory,4,158,101,47,6,4,8,2,2,1,1,1,2,6,1,1,2,1,5,3,7,20,9,40,81,51,12,1,38,9,8,20,18,33,76,48,10,2,4,0,High
2021-01-23,Respiratory,4,160,91,48,9,12,11,2,2,1,1,1,2,6,1,1,2,1,7,5,8,23,9,41,82,52,12,1,41,10,7,22,20,43,106,54,9,2,3,0,High
2021-01-24,Respiratory,4,148,85,46,6,11,9,2,2,1,1,1,2,6,1,1,2,1,5,4,7,21,9,40,78,50,12,1,42,13,9,22,21,36,98,70,8,2,2,0,High
2021-01-25,Respiratory,4,168,108,45,8,7,10,2,2,1,1,1,2,6,1,1,2,1,6,4,7,20,9,39,79,49,12,1,36,11,8,26,16,50,85,58,7,2,1,0,High
2021-01-26,Respiratory,4,172,110,44,11,7,9,2,2,1,1,1,2,7,1,1,2,1,5,4,7,21,8,38,77,49,11,1,43,11,8,22,15,33,98,65,9,2,2,0,High
2021-01-27,Respiratory,4,183,120,43,7,13,10,3,2,1,1,1,3,7,1,1,2,1,6,5,7,21,8,37,77,49,11,1,33,7,8,26,15,30,76,69,9,2,3,0,High
2021-01-28,Respiratory,4,177,109,47,13,8,11,2,2,1,1,1,2,7,1,1,2,1,7,4,8,23,9,40,82,52,12,1,40,9,9,19,20,47,84,50,9,2,3,0,High
2021-01-29,Respiratory,4,165,109,43,7,6,9,2,2,1,1,1,2,6,1,1,2,1,5,3,7,19,8,37,76,47,11,1,38,10,8,25,16,36,86,59,9,2,2,0,High
2021-01-30,None,0,121,78,19,11,13,9,2,1,1,1,1,2,5,1,1,2,1,5,4,3,14,4,9,37,17,1,1,49,13,7,17,13,8,42,15,10,2,2,0,Watch
2021-01-31,None,0,102,67,20,6,9,7,2,1,1,1,1,2,4,1,1,1,1,4,3,3,12,4,9,37,16,1,1,46,9,11,11,13,10,43,16,9,2,1,0,Watch
2021-02-01,None,0,114,88,12,8,6,7,2,1,1,1,1,2,5,1,1,1,1,4,3,2,8,3,6,27,13,1,1,38,11,6,9,10,6,26,17,9,2,1,0,Watch
2021-02-02,None,0,123,89,15,14,5,7,2,1,1,1,1,2,5,1,1,2,1,4,3,3,11,3,7,32,15,1,1,42,11,13,14,12,6,44,21,7,2,1,0,Watch
2021-02-03,None,0,141,101,21,8,11,8,2,1,1,1,1,2,6,1,1,2,1,5,4,3,13,4,10,42,19,1,1,37,12,8,11,12,13,51,20,9,2,1,0,Watch
2021-02-04,None,0,122,87,15,12,8,8,2,1,1,1,1,2,5,1,1,2,1,5,3,3,11,3,7,32,15,1,1,45,11,8,12,12,7,35,17,9,2,0,0,Normal
2021-02-05,None,0,113,82,16,8,7,6,2,1,1,1,1,2,5,1,1,1,1,4,3,2,10,3,8,33,15,1,1,31,14,8,10,10,6,33,18,9,2,1,0,Watch
2021-02-06,None,0,105,71,16,7,11,8,2,1,1,1,1,2,4,1,1,1,1,5,4,3,11,3,8,32,14,1,1,37,11,8,14,12,7,43,18,8,1,1,0,Watch
2021-02-07,None,0,112,72,22,9,9,8,2,1,1,1,1,2,4,1,1,1,1,5,4,3,13,4,10,41,17,1,1,41,11,6,14,13,10,42,20,6,2,0,0,Normal
2021-02-08,None,0,125,89,21,8,7,7,2,1,1,1,1,2,5,1,1,2,1,4,3,3,12,4,10,41,18,1,1,42,11,6,15,13,9,44,15,12,2,2,0,Watch
2021-02-09,None,0,125,90,16,12,7,9,2,1,1,1,1,2,5,1,1,2,1,5,4,3,11,3,8,33,15,1,1,45,11,8,14,10,9,43,13,11,1,1,0,Watch
2021-02-10,None,0,145,104,21,8,12,8,2,1,1,1,1,2,6,1,1,2,1,5,4,3,13,4,10,42,19,2,1,43,12,7,11,12,11,57,20,9,2,1,0,Watch
2021-02-11,None,0,127,86,21,14,6,7,2,1,1,1,1,2,5,1,1,2,1,4,3,3,13,4,10,41,18,1,1,45,15,9,12,11,8,47,18,9,2,2,0,Watch
2021-02-12,None,0,116,84,21,6,5,5,2,1,1,1,1,2,5,1,1,1,1,3,2,3,11,4,10,40,18,1,1,30,11,8,13,13,13,47,18,10,2,0,0,Normal
2021-02-13,None,0,111,71,21,7,12,6,2,1,1,1,1,2,4,1,1,1,1,4,3,3,13,4,10,39,17,2,1,39,11,6,17,13,7,54,22,9,2,1,0,Watch
2021-02-14,None,0,113,74,20,9,10,8,2,1,1,1,1,2,5,1,1,1,1,5,4,3,13,4,9,38,17,1,1,48,11,7,13,12,10,44,16,9,3,1,0,Watch
2021-02-15,None,0,125,96,14,8,7,7,2,1,1,1,1,2,5,1,1,2,1,4,3,3,9,3,7,31,14,1,1,36,11,10,7,11,6,42,16,9,2,2,0,Watch
2021-02-16,None,0,129,92,17,14,6,7,2,1,1,1,1,2,5,1,1,2,1,4,3,3,12,4,8,35,16,1,1,46,13,7,13,13,7,44,13,12,2,2,0,Watch
2021-02-17,None,0,139,101,18,9,11,7,2,1,1,1,1,2,5,1,1,2,1,4,4,3,12,4,9,38,16,1,1,39,9,8,12,11,8,51,18,8,1,1,0,Watch
2021-02-18,None,0,117,85,15,13,4,8,2,1,1,1,1,2,5,1,1,1,1,5,3,3,10,3,7,31,15,1,1,34,11,7,13,11,8,29,13,9,2,2,0,Watch
2021-02-19,None,0,125,88,21,8,8,7,2,1,1,1,1,2,5,1,1,2,1,4,3,3,12,4,10,41,18,1,1,47,12,5,13,12,11,39,18,9,2,1,0,Watch
2021-02-20,None,0,112,74,20,7,11,8,2,1,1,1,1,2,4,1,1,1,1,5,4,3,13,4,9,38,16,1,1,41,10,7,13,11,8,46,17,7,1,1,0,Watch
2021-02-21,None,0,109,72,16,9,12,7,2,1,1,1,1,2,4,1,1,1,1,4,4,3,12,3,8,32,14,1,1,47,14,9,14,11,6,34,17,9,3,1,0,Watch
2021-02-22,None,0,121,92,16,7,6,5,2,1,1,1,1,2,5,1,1,2,1,3,2,2,10,3,8,34,15,1,1,44,12,8,10,11,8,32,14,9,2,2,0,Watch
2021-02-23,None,0,129,91,16,13,9,9,2,1,1,1,1,2,5,1,1,2,1,5,4,3,12,3,8,34,15,1,1,45,11,9,12,10,6,43,13,10,2,2,0,Watch
2021-02-24,None,0,136,96,20,8,12,8,2,1,1,1,1,2,5,1,1,2,1,5,4,3,13,4,9,40,17,1,1,44,12,11,13,11,9,45,18,9,2,0,0,Normal
2021-02-25,None,0,118,86,13,14,5,7,2,1,1,1,1,2,5,1,1,1,1,4,3,3,10,3,6,29,14,1,1,42,12,11,12,10,7,29,11,9,3,1,0,Watch
2021-02-26,None,0,124,89,20,7,8,7,2,1,1,1,1,2,5,1,1,2,1,4,3,3,12,4,9,39,17,1,1,40,10,6,11,11,11,36,21,9,2,2,0,Watch
2021-02-27,None,0,116,76,15,10,15,9,2,1,1,1,1,2,5,1,1,1,1,5,5,3,13,3,7,31,15,1,1,40,12,7,11,10,7,36,20,9,2,1,0,Watch
2021-02-28,None,0,110,74,19,8,9,7,2,1,1,1,1,2,4,1,1,1,1,4,3,3,12,4,9,36,16,1,1,37,10,7,13,13,8,44,12,9,2,2,0,Watch
2021-03-01,None,0,144,102,21,7,14,9,2,1,1,1,1,2,6,1,1,2,1,5,4,3,14,4,10,42,19,2,1,42,12,7,17,13,12,40,21,7,2,1,0,Watch
2021-03-02,None,0,133,94,19,13,7,7,2,1,1,1,1,2,5,1,1,2,1,4,3,3,12,4,9,38,17,1,1,40,9,7,13,13,9,46,18,6,2,0,0,Normal
2021-03-03,None,0,136,97,18,8,13,9,2,1,1,1,1,2,5,1,1,2,1,5,4,3,13,4,9,37,16,1,1,42,11,4,16,13,12,46,20,11,2,0,0,Normal
2021-03-04,None,0,146,95,20,16,15,11,2,1,1,1,1,2,6,2,1,2,1,7,5,4,16,4,9,40,18,2,1,32,9,8,21,12,7,48,22,9,2,1,0,Watch
2021-03-05,None,0,113,81,19,5,8,6,2,1,1,1,1,2,5,1,1,1,1,4,3,3,11,4,9,37,17,1,1,47,12,9,14,13,6,47,16,8,2,2,0,Watch
2021-03-06,None,0,120,80,23,9,8,6,2,1,1,1,1,2,5,1,1,1,1,4,3,3,13,5,11,43,19,1,1,35,10,8,15,14,10,57,20,9,2,1,0,Watch
2021-03-07,None,0,105,68,18,8,11,7,2,1,1,1,1,2,4,1,1,1,1,4,4,3,12,4,9,34,15,1,1,44,9,8,14,11,9,37,19,9,2,0,0,Normal
2021-03-08,None,0,128,93,19,8,8,7,2,1,1,1,1,2,5,1,1,2,1,4,3,3,12,4,9,38,17,1,1,37,9,7,14,12,9,44,17,12,2,0,0,Normal
2021-03-09,None,0,133,91,23,13,6,7,2,1,1,1,1,2,5,1,1,2,1,4,3,3,14,5,11,44,19,1,1,42,11,5,13,13,14,42,17,10,2,3,0,High
2021-03-10,None,0,146,100,21,9,16,10,2,1,1,1,1,2,6,1,1,2,1,6,5,4,15,4,10,42,19,2,1,44,11,8,18,13,9,44,15,9,2,2,0,Watch
2021-03-11,None,0,128,86,20,14,8,8,2,1,1,1,1,2,5,1,1,2,1,5,3,3,13,4,9,39,17,1,1,51,11,10,12,12,10,52,22,9,2,1,0,Watch
2021-03-12,None,0,129,90,19,12,8,8,2,1,1,1,1,2,5,1,1,2,1,5,3,3,13,4,9,38,17,1,1,43,11,8,13,12,8,47,14,11,3,2,0,Watch
2021-03-13,None,0,110,72,17,10,11,7,2,1,1,1,1,2,4,1,1,1,1,4,4,3,12,4,8,33,15,1,1,43,11,5,15,12,6,46,18,10,2,1,0,Watch
2021-03-14,None,0,118,76,21,9,12,6,2,1,1,1,1,2,5,1,1,1,1,4,3,3,14,4,10,40,18,2,1,46,12,10,17,12,10,49,21,12,2,0,0,Normal
2021-03-15,None,0,143,99,19,8,17,10,2,1,1,1,1,2,6,1,1,2,1,6,5,3,14,4,9,39,18,2,1,49,11,8,12,12,8,41,16,12,2,3,0,High
2021-03-16,None,0,135,93,19,15,8,8,2,1,1,1,1,2,5,1,1,2,1,5,3,3,13,4,9,38,17,1,1,37,11,9,14,13,11,50,23,6,2,0,0,Normal
2021-03-17,None,0,137,98,16,8,15,9,2,1,1,1,1,2,5,1,1,2,1,5,5,3,13,3,8,34,15,1,1,48,11,8,15,10,6,41,18,9,2,1,0,Watch
2021-03-18,None,0,150,97,24,14,15,11,2,1,1,1,1,2,6,1,1,2,1,7,5,4,17,5,11,46,20,2,1,41,12,8,17,14,12,61,22,9,2,0,0,Normal
2021-03-19,None,0,127,90,16,11,10,8,2,1,1,1,1,2,5,1,1,2,1,5,4,3,12,3,8,33,15,1,1,49,11,10,10,11,9,30,18,8,2,2,0,Watch
2021-03-20,None,0,115,80,17,7,11,7,2,1,1,1,1,2,5,1,1,1,1,4,4,3,11,4,8,34,16,1,1,46,13,10,11,11,8,36,14,11,2,1,0,Watch
2021-03-21,None,0,108,72,17,7,12,7,2,1,1,1,1,2,4,1,1,1,1,4,4,3,12,4,8,33,15,1,1,35,8,9,15,13,10,38,18,9,2,0,0,Normal
2021-03-22,None,0,136,98,20,10,8,8,2,1,1,1,1,2,5,1,1,2,1,5,3,3,12,4,9,40,17,1,1,42,11,9,15,12,7,39,19,9,2,2,0,Watch
2021-03-23,None,0,138,94,20,15,9,10,2,1,1,1,1,2,5,1,1,2,1,6,4,3,14,4,9,40,17,1,1,54,9,8,15,13,10,49,16,10,2,1,0,Watch
2021-03-24,None,0,150,108,18,11,13,9,2,1,1,1,1,2,6,1,1,2,1,5,4,3,13,4,9,38,17,1,1,57,11,10,16,13,11,47,15,8,2,1,0,Watch
2021-03-25,None,0,130,89,19,14,8,9,2,1,1,1,1,2,5,1,1,2,1,5,4,3,13,4,9,38,17,1,1,40,10,5,16,11,11,51,15,9,3,1,0,Watch
2021-03-26,None,0,124,87,21,9,7,8,2,1,1,1,1,2,5,1,1,2,1,5,3,3,12,4,10,41,18,1,1,47,15,8,14,13,9,50,20,8,2,1,0,Watch
2021-03-27,None,0,130,85,15,9,21,11,2,1,2,1,1,2,5,1,1,2,1,7,6,3,14,3,7,31,15,2,1,35,12,7,13,11,5,31,14,9,2,3,0,High
2021-03-28,None,0,115,76,17,8,14,10,2,1,1,1,1,2,5,1,1,1,1,6,5,3,13,4,8,34,16,1,1,40,12,12,15,11,7,37,15,9,2,2,0,Watch
2021-03-29,None,0,145,103,18,12,12,8,2,1,1,1,1,2,6,1,1,2,1,5,4,3,13,4,9,38,17,1,1,47,12,10,14,13,7,41,17,9,2,1,0,Watch
2021-03-30,None,0,140,92,20,12,16,9,2,1,1,1,1,2,5,1,1,2,1,5,5,3,15,4,9,40,17,2,1,43,11,8,18,13,10,53,21,9,2,0,0,Normal
2021-03-31,None,0,136,103,14,9,10,9,2,1,1,1,1,2,5,1,1,2,1,5,4,3,11,3,7,32,14,1,1,36,11,4,10,10,6,44,15,9,2,2,0,Watch
2021-04-01,None,0,133,91,21,14,7,8,2,1,1,1,1,2,5,1,1,2,1,5,3,3,13,4,10,41,18,1,1,44,11,7,11,13,11,55,19,9,2,1,0,Watch
2021-04-02,None,0,116,84,15,10,7,7,2,1,1,1,1,2,5,1,1,1,1,4,3,3,10,3,7,31,15,1,1,46,14,4,13,10,6,37,16,10,2,1,0,Watch
2021-04-03,None,0,114,73,21,9,11,7,2,1,1,1,1,2,5,1,1,1,1,4,4,3,13,4,10,39,18,1,1,39,9,11,11,12,12,45,17,9,2,2,0,Watch
2021-04-04,None,0,110,75,19,9,7,7,2,1,1,1,1,2,4,1,1,1,1,4,3,3,11,4,9,36,16,1,1,39,10,8,9,11,7,41,16,8,2,2,0,Watch
2021-04-05,None,0,130,99,17,8,6,8,2,1,1,1,1,2,5,1,1,2,1,5,3,3,10,4,8,36,16,1,1,40,12,8,8,11,6,39,13,9,2,3,0,High
2021-04-06,None,0,129,91,18,12,8,8,2,1,1,1,1,2,5,1,1,2,1,5,3,3,12,4,9,37,16,1,1,44,11,11,12,13,6,34,21,9,2,2,0,Watch
2021-04-07,None,0,144,104,17,12,11,9,2,1,1,1,1,2,6,1,1,2,1,5,4,3,13,4,8,36,17,1,1,47,8,8,12,11,9,39,19,11,3,1,0,Watch
2021-04-08,None,0,131,93,16,15,7,7,2,1,1,1,1,2,5,1,1,2,1,4,3,3,12,3,8,34,15,1,1,42,11,7,14,12,9,42,12,8,3,1,0,Watch
2021-04-09,None,0,120,86,18,10,6,6,2,1,1,1,1,2,5,1,1,1,1,4,3,3,11,4,9,36,16,1,1,38,13,8,12,13,8,46,19,12,2,1,0,Watch
2021-04-10,None,0,109,76,16,8,9,7,2,1,1,1,1,2,4,1,1,1,1,4,3,3,11,3,8,32,14,1,1,45,12,11,14,12,7,28,12,9,3,3,0,High
2021-04-11,None,0,106,72,15,7,12,6,2,1,1,1,1,2,4,1,1,1,1,4,3,2,11,3,7,30,14,1,1,44,10,8,13,11,7,40,13,11,2,1,0,Watch
2021-04-12,None,0,127,97,16,8,6,7,2,1,1,1,1,2,5,1,1,2,1,4,3,3,10,3,8,34,15,1,1,37,14,3,11,10,7,38,14,9,2,2,0,Watch
2021-04-13,None,0,131,93,16,15,7,8,2,1,1,1,1,2,5,1,1,2,1,5,3,3,12,3,8,34,15,1,1,35,11,6,13,12,8,38,16,9,2,0,0,Normal
2021-04-14,None,0,143,103,16,9,15,8,2,1,1,1,1,2,6,1,1,2,1,5,4,3,13,3,8,35,16,1,1,43,14,7,11,11,7,48,18,7,2,2,0,Watch
2021-04-15,None,0,128,90,18,12,8,8,2,1,1,1,1,2,5,1,1,2,1,5,3,3,12,4,9,36,16,1,1,43,15,8,11,12,11,37,19,7,1,1,0,Watch
2021-04-16,None,0,121,91,18,8,4,6,2,1,1,1,1,2,5,1,1,2,1,4,2,3,10,4,9,37,16,1,1,44,8,10,10,12,9,47,16,10,2,0,0,Normal
2021-04-17,None,0,114,78,16,7,13,7,2,1,1,1,1,2,5,1,1,1,1,4,4,3,12,3,8,32,15,1,1,47,9,9,15,11,7,38,17,9,2,1,0,Watch
2021-04-18,None,0,113,75,17,10,11,7,2,1,1,1,1,2,5,1,1,1,1,4,4,3,12,4,8,33,16,1,1,42,11,10,13,12,10,41,15,8,2,1,0,Watch
2021-04-19,None,0,130,96,16,11,7,7,2,1,1,1,1,2,5,1,1,2,1,4,3,3,11,3,8,34,15,1,1,44,14,8,11,11,9,31,13,5,2,2,0,Watch
2021-04-20,None,0,133,94,20,12,7,8,2,1,1,1,1,2,5,1,1,2,1,5,3,3,13,4,9,40,17,1,1,46,12,3,12,12,11,48,21,9,2,1,0,Watch
2021-04-21,None,0,139,104,15,8,12,9,2,1,1,1,1,2,5,1,1,2,1,5,4,3,11,3,7,33,15,1,1,42,11,9,11,11,7,33,20,10,2,0,0,Normal
2021-04-22,None,0,127,90,16,12,9,7,2,1,1,1,1,2,5,1,1,2,1,4,3,3,12,3,8,33,15,1,1,42,11,7,12,12,7,44,19,9,2,1,0,Watch
2021-04-23,None,0,126,92,17,10,7,7,2,1,1,1,1,2,5,1,1,2,1,4,3,3,11,4,8,35,16,1,1,44,10,9,12,13,8,35,13,10,2,1,0,Watch
2021-04-24,None,0,119,82,17,9,11,8,2,1,1,1,1,2,5,1,1,1,1,5,4,3,12,4,8,34,16,1,1,40,10,5,11,11,6,41,20,9,2,2,0,Watch
2021-04-25,None,0,108,76,14,8,10,8,2,1,1,1,1,2,4,1,1,1,1,5,4,3,10,3,7,29,13,1,1,44,9,9,12,12,6,35,12,8,2,2,0,Watch
2021-04-26,None,0,135,96,23,9,7,8,2,1,1,1,1,2,5,1,1,2,1,5,3,3,13,5,11,45,19,1,1,43,13,8,15,15,13,47,16,10,2,1,0,Watch
2021-04-27,None,0,127,92,14,13,8,7,2,1,1,1,1,2,5,1,1,2,1,4,3,3,11,3,7,31,14,1,1,38,11,8,10,10,8,42,17,8,2,1,0,Watch
2021-04-28,None,0,141,102,19,7,13,11,2,1,1,1,1,2,6,1,1,2,1,7,5,4,13,4,9,39,18,1,1,42,10,7,15,11,10,49,23,9,2,0,0,Normal
2021-04-29,None,0,136,93,24,14,5,8,2,1,1,1,1,2,5,1,1,2,1,5,3,3,14,5,11,46,19,1,1,37,11,8,16,12,12,44,24,9,2,1,0,Watch
2021-04-30,None,0,123,93,17,8,5,5,2,1,1,1,1,2,5,1,1,2,1,3,2,2,10,4,8,35,16,1,1,40,10,8,12,11,8,33,21,10,2,1,0,Watch
2021-05-01,None,0,124,83,22,7,12,9,2,1,1,1,1,2,5,1,1,2,1,5,4,3,14,4,10,42,18,2,1,44,13,6,15,11,13,46,21,8,2,0,0,Normal
2021-05-02,None,0,122,81,22,9,10,7,2,1,1,1,1,2,5,1,1,2,1,4,3,3,13,4,10,42,18,1,1,47,11,8,15,11,13,47,24,6,2,0,0,Normal
2021-05-03,None,0,143,107,16,11,9,8,2,1,1,1,1,2,6,1,1,2,1,5,4,3,12,3,8,35,16,1,1,46,9,8,12,11,7,37,20,10,2,1,0,Watch
2021-05-04,None,0,130,96,12,15,7,7,2,1,1,1,1,2,5,1,1,2,1,4,3,2,11,3,6,28,13,1,1,48,9,9,9,11,6,28,14,9,2,1,0,Watch
2021-05-05,None,0,144,102,20,9,13,8,2,1,1,1,1,2,6,1,1,2,1,5,4,3,14,4,9,41,18,2,1,42,9,11,16,13,11,54,15,9,2,1,0,Watch
2021-05-06,None,0,134,94,15,15,10,8,2,1,1,1,1,2,5,1,1,2,1,5,4,3,12,3,7,32,15,1,1,34,12,10,13,12,6,43,19,8,2,1,0,Watch
2021-05-07,None,0,127,95,17,9,6,7,2,1,1,1,1,2,5,1,1,2,1,4,3,3,10,4,8,35,16,1,1,39,12,10,8,11,7,44,22,10,2,2,0,Watch
2021-05-08,None,0,125,85,14,12,14,10,2,1,1,1,1,2,5,1,1,2,1,6,5,3,13,3,7,30,14,1,1,45,7,7,16,12,6,32,17,7,2,1,0,Watch
2021-05-09,None,0,118,76,21,8,13,7,2,1,1,1,1,2,5,1,1,1,1,4,4,3,14,4,10,40,18,2,1,40,14,6,15,12,8,51,17,12,2,2,0,Watch
2021-05-10,None,0,130,96,19,8,7,6,2,1,1,1,1,2,5,1,1,2,1,4,3,3,11,4,9,39,17,1,1,46,11,5,10,13,8,46,22,10,2,2,0,Watch
2021-05-11,None,0,136,92,20,14,10,9,2,1,1,1,1,2,5,1,1,2,1,5,4,3,14,4,9,40,17,1,1,41,9,8,14,11,9,45,19,7,2,0,0,Normal
2021-05-12,None,0,142,106,14,10,12,8,2,1,1,1,1,2,6,1,1,2,1,5,4,3,11,3,7,32,15,1,1,37,11,8,13,11,6,40,13,12,3,2,0,Watch
2021-05-13,None,0,136,94,19,15,8,9,2,1,1,1,1,2,5,1,1,2,1,5,4,3,13,4,9,38,17,1,1,45,11,7,11,11,11,40,15,13,2,2,0,Watch
2021-05-14,None,0,125,88,21,9,7,7,2,1,1,1,1,2,5,1,1,2,1,4,3,3,12,4,10,41,18,1,1,44,11,7,10,11,8,45,15,9,2,3,0,High
2021-05-15,None,0,120,83,17,9,11,7,2,1,1,1,1,2,5,1,1,1,1,4,4,3,12,4,8,34,16,1,1,41,11,8,13,13,9,36,18,6,3,0,0,Normal
2021-05-16,None,0,108,76,15,7,10,7,2,1,1,1,1,2,4,1,1,1,1,4,3,3,10,3,7,31,14,1,1,46,7,8,11,12,5,33,12,8,2,2,0,Watch
2021-05-17,None,0,135,102,18,8,7,7,2,1,1,1,1,2,5,1,1,2,1,4,3,3,11,4,9,38,16,1,1,42,11,8,9,13,10,34,22,10,2,2,0,Watch
2021-05-18,Diarrheal,2,146,103,21,14,8,9,2,1,1,1,1,2,6,1,1,2,1,5,4,4,14,15,18,42,23,1,1,44,11,10,14,21,24,44,24,9,3,0,0,Watch
2021-05-19,Diarrheal,2,160,114,25,9,12,10,3,1,1,1,1,2,6,1,1,2,1,6,4,5,15,18,22,49,26,2,1,33,11,8,14,33,24,64,21,12,2,2,0,Watch
2021-05-20,Diarrheal,2,140,96,23,14,7,9,2,1,1,1,1,2,5,1,1,2,1,5,4,4,14,17,20,45,24,1,1,34,11,8,14,28,15,45,26,9,2,1,0,Watch
2021-05-21,Diarrheal,2,141,98,30,6,7,7,2,1,1,1,1,2,6,1,1,2,1,4,3,4,15,21,26,55,29,2,1,44,12,8,14,29,20,65,26,9,2,3,0,High
2021-05-22,Diarrheal,2,132,83,27,9,13,9,2,1,1,1,1,2,5,1,1,2,1,5,4,5,16,19,23,49,26,2,1,38,10,8,19,32,30,52,21,7,2,1,0,Watch
2021-05-23,Diarrheal,2,124,81,25,8,10,8,2,1,1,1,1,2,5,1,1,2,1,5,4,4,14,18,22,46,25,2,1,48,10,11,14,29,19,63,28,9,2,1,0,Watch
2021-05-24,Diarrheal,2,149,106,25,10,8,9,2,1,1,1,1,2,6,1,1,2,1,5,4,4,14,18,22,49,26,1,1,32,9,8,15,25,22,64,32,9,2,0,0,Watch
2021-05-25,Diarrheal,2,146,99,26,13,8,7,2,1,1,1,1,2,6,1,1,2,1,4,3,4,15,19,23,49,27,1,1,46,7,8,19,23,17,64,21,7,2,2,0,Watch
2021-05-26,Diarrheal,2,158,110,26,9,13,9,2,1,1,1,1,2,6,1,1,2,1,5,4,5,16,19,23,50,27,2,1,42,11,10,15,27,21,67,35,9,2,2,0,Watch
2021-05-27,Diarrheal,2,142,97,27,13,5,9,2,1,1,1,1,2,6,1,1,2,1,5,3,5,15,19,23,51,27,1,1,38,11,7,15,31,17,64,26,7,1,2,0,Watch
2021-05-28,Diarrheal,2,137,96,26,9,6,6,2,1,1,1,1,2,5,1,1,2,1,4,3,4,14,19,23,49,26,1,1,36,12,9,14,30,30,65,32,11,2,0,0,Watch
2021-05-29,Diarrheal,2,136,87,30,8,11,8,2,1,1,1,1,2,5,1,1,2,1,5,4,5,16,21,26,54,28,2,1,44,11,9,21,32,21,68,26,10,2,2,0,Watch
2021-05-30,Diarrheal,2,126,82,25,9,10,8,2,1,1,1,1,2,5,1,1,2,1,5,4,4,14,18,22,46,25,2,1,46,10,9,14,25,23,51,21,7,2,1,0,Watch
2021-05-31,Diarrheal,2,148,106,28,8,6,7,2,1,1,1,1,2,6,1,1,2,1,4,3,4,14,20,24,53,28,1,1,34,14,11,13,24,26,56,34,11,2,1,0,Watch
2021-06-01,Diarrheal,2,155,104,34,12,5,9,2,1,1,1,1,2,6,1,1,2,1,5,3,5,17,24,29,62,32,2,1,42,8,8,18,36,26,79,25,11,2,2,0,Watch
2021-06-02,Diarrheal,2,165,117,29,8,11,9,3,1,1,1,1,2,6,1,1,2,1,5,4,5,16,21,25,56,29,2,1,46,11,8,13,33,24,62,41,10,2,2,0,Watch
2021-06-03,Diarrheal,2,149,94,34,15,6,9,2,1,1,1,1,2,6,1,1,2,1,5,3,5,18,24,29,61,32,2,1,36,11,9,21,41,28,76,38,7,2,1,0,Watch
2021-06-04,None,0,126,83,27,7,9,9,2,1,1,1,1,2,5,1,1,2,1,5,4,4,14,5,13,49,21,2,1,42,11,8,13,14,12,54,26,9,2,2,0,Watch
2021-06-05,None,0,122,78,24,8,12,7,2,1,1,1,1,2,5,1,1,2,1,4,4,3,14,5,11,44,19,2,1,47,9,8,18,14,12,47,21,8,2,0,0,Normal
2021-06-06,None,0,135,74,36,12,13,10,2,2,1,1,1,2,5,1,1,2,1,6,5,4,20,7,17,62,25,2,1,41,13,8,19,17,14,77,32,7,2,2,0,Watch
2021-06-07,None,0,135,91,25,10,9,8,2,1,1,1,1,2,5,1,1,2,1,5,4,3,14,5,12,47,20,1,1,47,13,12,17,13,13,46,23,9,2,1,0,Watch
2021-06-08,None,0,139,93,26,12,8,9,2,1,1,1,1,2,5,1,1,2,1,5,4,4,15,5,12,49,20,1,1,42,12,10,18,15,9,48,25,7,2,2,0,Watch
2021-06-09,None,0,150,99,29,9,13,9,2,1,1,1,1,2,6,1,1,2,1,5,4,4,17,6,14,54,23,2,1,37,11,6,14,16,17,62,33,6,2,1,0,Watch
2021-06-10,None,0,137,91,27,13,6,7,2,1,1,1,1,2,5,1,1,2,1,4,3,3,15,5,13,50,21,1,1,42,10,9,14,12,11,66,22,9,2,2,0,Watch
2021-06-11,None,0,130,85,29,9,7,9,2,1,1,1,1,2,5,1,1,2,1,5,4,4,15,6,14,52,22,2,1,33,10,8,15,13,10,71,26,9,2,1,0,Watch
2021-06-12,None,0,129,78,36,6,9,9,2,2,1,1,1,2,5,1,1,2,1,5,4,4,17,7,17,62,25,2,1,41,8,8,15,15,21,69,23,11,2,2,0,Watch
2021-06-13,None,0,111,70,24,7,10,8,2,1,1,1,1,2,4,1,1,1,1,5,4,3,14,5,11,43,18,1,1,42,12,7,13,13,13,57,23,13,2,1,0,Watch
2021-06-14,None,0,136,94,27,6,9,7,2,1,1,1,1,2,5,1,1,2,1,4,3,3,14,5,13,50,21,2,1,31,10,8,12,12,12,62,29,7,2,2,0,Watch
2021-06-15,None,0,142,90,32,12,8,9,2,1,1,1,1,2,6,1,1,2,1,5,4,4,17,6,15,57,24,2,1,35,11,10,16,13,17,69,29,9,2,1,0,Watch
2021-06-16,None,0,146,101,27,7,11,10,2,1,1,1,1,2,6,1,1,2,1,6,4,4,15,5,13,51,22,2,1,46,11,9,14,15,17,65,26,9,2,1,0,Watch
2021-06-17,None,0,133,83,30,12,8,8,2,1,1,1,1,2,5,1,1,2,1,5,3,4,16,6,14,54,22,2,1,40,13,4,19,13,14,69,30,9,2,0,0,Normal
2021-06-18,None,0,141,94,29,11,7,8,2,1,1,1,1,2,6,1,1,2,1,5,3,4,15,6,14,53,23,2,1,48,11,8,12,14,14,68,26,9,2,1,0,Watch
2021-06-19,None,0,122,72,34,7,9,9,2,1,1,1,1,2,5,1,1,2,1,5,4,4,17,7,16,59,24,2,1,39,13,8,15,13,20,61,24,10,2,1,0,Watch
2021-06-20,None,0,120,72,30,7,11,7,2,1,1,1,1,2,5,1,1,1,1,4,4,3,16,6,14,53,22,2,1,46,13,5,15,14,18,59,29,13,2,1,0,Watch
2021-06-21,None,0,139,95,31,6,7,8,2,1,1,1,1,2,5,1,1,2,1,5,3,4,15,6,14,56,23,2,1,34,9,8,14,15,15,57,33,9,2,1,0,Watch
2021-06-22,None,0,146,94,29,15,8,8,2,1,1,1,1,2,6,1,1,2,1,5,3,4,17,6,14,53,23,2,1,41,12,11,19,15,16,73,31,11,2,0,0,Normal
2021-06-23,None,0,143,98,29,6,10,7,2,1,1,1,1,2,6,1,1,2,1,4,3,3,15,6,14,54,23,2,1,40,11,5,16,14,14,65,32,10,2,0,0,Normal
2021-06-24,None,0,141,88,31,14,8,9,2,1,1,1,1,2,6,1,1,2,1,5,4,4,17,6,14,56,24,2,1,43,10,4,14,13,14,58,27,9,3,1,0,Watch
2021-06-25,None,0,122,86,22,9,5,7,2,1,1,1,1,2,5,1,1,2,1,4,3,3,12,4,10,42,18,1,1,44,11,8,14,12,11,39,22,8,2,1,0,Watch
2021-06-26,None,0,126,81,23,11,11,9,2,1,1,1,1,2,5,1,1,2,1,5,4,3,15,5,11,43,19,2,1,35,10,13,17,15,11,43,24,13,2,0,0,Normal
2021-06-27,None,0,112,71,22,7,12,8,2,1,1,1,1,2,4,1,1,1,1,5,4,3,14,4,10,41,17,2,1,53,10,11,12,12,11,42,23,9,1,1,0,Watch
2021-06-28,None,0,147,98,34,8,7,8,2,1,1,1,1,2,6,1,1,2,1,5,3,4,16,7,16,61,25,2,1,39,12,9,15,16,13,69,25,8,2,2,0,Watch
2021-06-29,None,0,138,91,26,14,7,10,2,1,1,1,1,2,5,1,1,2,1,6,4,4,15,5,12,49,20,1,1,42,7,6,13,14,13,53,18,10,2,2,0,Watch
2021-06-30,None,0,153,97,38,5,13,10,2,2,1,1,1,2,6,1,1,2,1,6,5,4,19,7,18,67,27,2,1,46,11,6,25,18,22,87,38,10,2,0,0,Normal
2021-07-01,None,0,136,82,36,10,8,8,2,2,1,1,1,2,5,1,1,2,1,5,3,4,18,7,17,63,25,2,1,46,13,7,17,15,13,74,25,9,2,2,0,Watch
2021-07-02,None,0,131,88,30,6,7,8,2,1,1,1,1,2,5,1,1,2,1,5,3,4,15,6,14,54,22,2,1,41,14,12,17,16,11,70,29,11,2,1,0,Watch
2021-07-03,None,0,113,72,23,7,11,6,2,1,1,1,1,2,5,1,1,1,1,4,3,3,14,5,11,42,19,2,1,36,10,7,13,13,14,41,21,11,2,2,0,Watch
2021-07-04,None,0,118,74,26,7,11,9,2,1,1,1,1,2,5,1,1,1,1,5,4,4,15,5,12,47,20,2,1,39,11,5,16,13,13,45,24,7,2,1,0,Watch
2021-07-05,None,0,140,92,31,7,10,8,2,1,1,1,1,2,5,1,1,2,1,5,4,4,16,6,14,56,23,2,1,44,11,8,15,15,14,73,33,12,2,1,0,Watch
2021-07-06,None,0,131,88,26,13,4,9,2,1,1,1,1,2,5,1,1,2,1,5,3,4,14,5,12,48,20,1,1,30,10,6,14,14,10,65,26,9,2,1,0,Watch
2021-07-07,None,0,157,100,35,7,15,11,2,1,1,1,1,2,6,1,1,2,1,7,5,4,19,7,16,63,26,2,1,42,11,8,25,17,21,66,28,13,2,0,0,Normal
2021-07-08,None,0,136,85,30,12,9,9,2,1,1,1,1,2,5,1,1,2,1,5,4,4,17,6,14,54,22,2,1,42,9,7,15,15,16,69,25,8,2,1,0,Watch
2021-07-09,None,0,125,84,29,8,4,7,2,1,1,1,1,2,5,1,1,2,1,4,3,3,14,6,14,52,22,1,1,42,11,8,18,13,12,52,30,9,2,1,0,Watch
2021-07-10,None,0,128,78,33,7,10,8,2,1,1,1,1,2,5,1,1,2,1,5,4,4,17,6,15,58,24,2,1,44,11,8,17,16,20,77,33,9,1,0,0,Normal
2021-07-11,None,0,120,73,30,6,11,8,2,1,1,1,1,2,5,1,1,1,1,5,4,4,16,6,14,53,22,2,1,42,12,8,16,13,11,55,27,6,2,1,0,Watch
2021-07-12,None,0,136,93,28,7,8,8,2,1,1,1,1,2,5,1,1,2,1,5,3,3,14,6,13,52,21,2,1,36,12,10,15,13,14,66,20,8,2,1,0,Watch
2021-07-13,None,0,136,90,30,11,5,8,2,1,1,1,1,2,5,1,1,2,1,5,3,4,15,6,14,54,22,1,1,41,9,10,17,13,16,65,18,7,2,1,0,Watch
2021-07-14,None,0,144,96,29,6,13,9,2,1,1,1,1,2,6,1,1,2,1,5,4,4,16,6,14,54,23,2,1,43,11,6,18,14,13,62,28,9,2,1,0,Watch
2021-07-15,None,0,142,96,28,10,8,8,2,1,1,1,1,2,6,1,1,2,1,5,3,3,15,6,13,52,22,2,1,42,8,8,14,15,17,47,20,8,2,3,0,High
2021-07-16,None,0,129,86,27,7,9,8,2,1,1,1,1,2,5,1,1,2,1,5,4,3,14,5,13,50,21,2,1,41,11,7,15,15,14,61,19,9,2,1,0,Watch
2021-07-17,None,0,123,75,30,6,12,8,2,1,1,1,1,2,5,1,1,2,1,5,4,4,16,6,14,53,22,2,1,41,11,8,18,15,14,60,28,9,2,0,0,Normal
2021-07-18,None,0,120,71,30,6,13,9,2,1,1,1,1,2,5,1,1,1,1,5,4,4,16,6,14,53,22,2,1,42,11,7,15,13,12,60,31,8,2,2,0,Watch
2021-07-19,None,0,135,90,31,6,8,7,2,1,1,1,1,2,5,1,1,2,1,4,3,3,15,6,14,56,23,2,1,39,9,6,18,14,16,56,30,9,2,0,0,Normal
2021-07-20,None,0,130,87,24,13,6,8,2,1,1,1,1,2,5,1,1,2,1,5,3,3,14,5,11,45,19,1,1,36,10,8,17,14,8,44,16,8,2,3,0,High
2021-07-21,None,0,146,95,30,7,14,9,2,1,1,1,1,2,6,1,1,2,1,5,4,4,17,6,14,55,23,2,1,40,11,10,20,16,11,50,20,10,2,3,0,High
2021-07-22,None,0,122,82,22,11,7,7,2,1,1,1,1,2,5,1,1,2,1,4,3,3,13,4,10,42,18,1,1,42,10,9,12,11,12,53,14,12,2,2,0,Watch
2021-07-23,None,0,129,82,31,8,8,8,2,1,1,1,1,2,5,1,1,2,1,5,3,4,16,6,14,55,23,2,1,42,9,10,15,15,15,73,26,8,2,1,0,Watch
2021-07-24,None,0,126,75,32,6,13,8,2,1,1,1,1,2,5,1,1,2,1,5,4,4,17,6,15,56,23,2,1,45,12,7,19,13,11,51,32,8,2,2,0,Watch
2021-07-25,Malaria,4,146,74,56,6,10,9,2,2,1,1,1,2,6,1,2,2,1,5,4,8,25,11,48,92,59,2,1,38,10,8,27,22,60,120,66,9,2,0,0,High
2021-07-26,Malaria,4,165,89,59,8,9,10,2,2,1,1,1,2,6,1,2,2,1,6,4,8,26,11,51,98,62,2,1,42,11,9,24,22,43,132,52,9,2,3,0,High
2021-07-27,Malaria,4,174,95,59,12,8,10,2,2,1,1,1,2,7,1,2,2,1,6,4,8,27,11,51,98,63,2,1,37,15,9,30,18,55,95,51,9,2,2,0,High
2021-07-28,Malaria,4,177,101,56,6,14,11,2,2,1,1,1,2,7,1,2,2,1,7,5,8,26,11,48,95,60,2,1,41,9,6,33,22,56,126,52,10,2,2,0,High
2021-07-29,Malaria,4,166,90,57,11,8,10,2,2,1,1,1,2,6,1,2,2,1,6,4,8,26,11,49,95,60,2,1,44,14,8,34,20,43,91,71,9,2,2,0,High
2021-07-30,Malaria,4,153,82,58,6,7,9,2,2,1,1,1,2,6,1,2,2,1,5,4,8,24,11,50,96,61,2,1,41,11,9,28,18,42,113,76,10,2,1,0,High
2021-07-31,Malaria,4,150,75,58,6,11,9,2,2,1,1,1,2,6,1,2,2,1,5,4,8,26,11,50,95,61,2,1,37,15,9,32,16,52,91,57,7,2,2,0,High
2021-08-01,Malaria,4,153,74,62,7,10,10,2,2,1,1,1,2,6,1,2,2,1,6,4,9,27,12,53,101,64,2,1,38,11,8,34,20,66,113,89,7,2,1,0,High
2021-08-02,Malaria,4,180,90,72,4,14,13,2,3,1,1,1,2,7,1,2,2,1,8,5,10,31,13,62,117,74,3,1,42,12,7,29,21,83,150,85,6,3,2,0,High
2021-08-03,Malaria,4,171,90,66,11,4,11,2,2,1,1,1,2,7,1,2,2,1,7,4,9,28,12,57,108,69,2,1,39,8,8,35,17,52,116,69,14,2,2,0,High
2021-08-04,Malaria,4,172,95,58,7,12,11,2,2,1,1,1,2,7,1,2,2,1,7,5,9,26,11,50,97,62,2,1,42,11,8,24,17,45,104,68,10,2,3,0,High
2021-08-05,Malaria,4,161,81,65,10,5,9,2,2,1,1,1,2,6,1,2,2,1,5,3,9,27,12,56,106,67,2,1,42,13,9,27,18,54,124,90,1,2,2,0,High
2021-08-06,Malaria,4,154,82,61,6,5,9,2,2,1,1,1,2,6,1,2,2,1,5,3,8,25,11,52,100,63,2,1,44,11,9,25,20,68,107,59,7,2,1,0,High
2021-08-07,Malaria,4,151,76,59,5,11,10,2,2,1,1,1,2,6,1,2,2,1,6,4,8,26,11,51,97,62,2,1,41,10,7,34,17,61,116,88,10,2,1,0,High
2021-08-08,Malaria,4,136,62,57,7,10,9,2,2,1,1,1,2,5,1,2,2,1,5,4,8,25,11,49,92,59,2,1,41,13,8,24,19,58,110,47,9,2,2,0,High
2021-08-09,None,0,129,92,23,7,7,7,2,1,1,1,1,2,5,1,1,2,1,4,3,3,12,5,11,44,19,1,1,38,10,7,14,12,12,49,24,9,2,0,0,Normal
2021-08-10,None,0,136,93,29,10,4,8,2,1,1,1,1,2,5,1,1,2,1,5,3,4,14,6,14,53,22,1,1,46,11,5,18,15,11,53,18,9,2,2,0,Watch
2021-08-11,None,0,164,101,34,6,23,12,2,1,2,1,1,2,6,1,1,2,1,7,6,5,21,7,16,62,25,2,1,46,10,7,22,17,12,75,32,9,2,1,0,Watch
2021-08-12,None,0,137,89,22,11,15,9,2,1,1,1,1,2,5,1,1,2,1,5,5,3,15,4,10,42,18,2,1,46,11,8,18,13,9,46,23,9,2,1,0,Watch
2021-08-13,None,0,123,84,27,6,6,6,2,1,1,1,1,2,5,1,1,2,1,4,3,3,13,5,13,49,21,1,1,39,9,7,16,13,17,62,27,6,2,0,0,Normal
2021-08-14,None,0,108,73,22,3,10,7,2,1,1,1,1,2,4,1,1,1,1,4,3,3,12,4,10,41,17,1,1,41,14,8,10,13,12,41,19,10,2,1,0,Watch
2021-08-15,None,0,105,64,22,7,12,8,2,1,1,1,1,2,4,1,1,1,1,5,4,3,14,4,10,40,17,2,1,36,9,10,17,11,12,38,18,11,2,1,0,Watch
2021-08-16,None,0,141,96,28,4,13,8,2,1,1,1,1,2,6,1,1,2,1,5,4,3,15,6,13,52,22,2,1,35,9,5,18,16,16,66,25,7,2,0,0,Normal
2021-08-17,None,0,132,91,24,12,5,5,2,1,1,1,1,2,5,1,1,2,1,3,2,3,13,5,11,46,19,1,1,42,13,10,16,15,9,63,18,9,2,2,0,Watch
2021-08-18,None,0,147,97,33,5,12,8,2,1,1,1,1,2,6,1,1,2,1,5,4,4,17,6,15,60,25,2,1,39,9,12,21,16,19,65,20,10,2,1,0,Watch
2021-08-19,Dengue,4,176,89,71,10,6,10,2,3,1,1,1,2,7,1,2,2,1,6,4,9,30,13,61,116,73,3,1,37,13,8,34,19,57,117,62,8,2,3,0,High
2021-08-20,Dengue,4,175,90,71,7,7,11,2,3,1,1,1,2,7,1,2,2,1,7,4,10,29,13,61,116,73,3,1,48,10,7,35,18,53,141,88,9,2,2,0,High
2021-08-21,Dengue,4,162,79,67,5,11,12,2,2,1,1,1,2,6,1,2,2,1,7,5,10,28,13,57,109,69,3,1,38,11,8,31,20,54,110,67,9,2,3,0,High
2021-08-22,Dengue,4,166,76,72,7,11,13,2,3,1,1,1,2,6,1,2,2,1,8,5,10,31,13,62,116,73,3,1,47,9,4,29,18,78,118,102,10,2,2,0,High
2021-08-23,Dengue,4,180,95,71,5,9,11,2,3,1,1,1,2,7,1,2,2,1,7,4,10,29,13,61,116,73,3,1,44,11,9,30,21,77,159,66,7,2,2,0,High
2021-08-24,Dengue,4,179,97,63,12,7,11,2,2,1,1,1,2,7,1,2,2,1,7,4,9,28,12,54,105,66,2,1,44,11,8,33,21,71,134,59,10,2,2,0,High
2021-08-25,Dengue,4,188,107,66,4,11,12,2,2,1,1,1,3,7,1,2,2,1,7,5,10,28,12,57,110,70,3,1,37,11,8,29,21,65,140,100,12,2,1,0,High
2021-08-26,Dengue,4,176,87,75,10,4,11,2,3,1,1,1,2,7,1,2,2,1,7,4,10,30,14,64,122,77,3,1,43,12,8,33,21,75,139,111,7,2,1,0,High
2021-08-27,Dengue,4,176,95,68,6,7,10,2,2,1,1,1,2,7,1,2,2,1,6,4,9,28,13,58,112,71,2,1,38,10,8,32,24,46,115,71,7,2,2,0,High
2021-08-28,Dengue,4,156,80,64,3,9,10,2,2,1,1,1,2,6,1,2,2,1,6,4,9,26,12,55,104,66,2,1,48,12,10,27,19,55,102,93,8,1,1,0,High
2021-08-29,Dengue,4,159,74,70,5,10,10,2,2,1,1,1,2,6,1,2,2,1,6,4,9,29,13,60,113,71,3,1,51,11,8,36,23,54,138,57,9,0,4,0,High
2021-08-30,Dengue,4,180,101,68,6,5,10,2,2,1,1,1,2,7,1,2,2,1,6,4,9,27,13,58,113,71,2,1,44,11,8,23,26,69,109,59,9,3,4,0,High
2021-08-31,Dengue,4,177,93,65,11,8,12,2,2,1,1,1,2,7,1,2,2,1,7,4,10,28,12,56,107,68,2,1,39,11,11,32,21,55,130,69,10,2,1,0,High
2021-09-01,Dengue,4,193,106,68,7,12,13,2,2,1,1,1,3,7,1,2,2,1,8,5,10,30,13,58,113,72,3,1,42,10,10,34,20,76,126,100,8,3,0,0,High
2021-09-02,Dengue,4,177,97,64,10,6,11,2,2,1,1,1,2,7,1,2,2,1,7,4,9,27,12,55,106,67,2,1,47,11,9,31,20,44,122,60,10,2,2,0,High
2021-09-03,Dengue,4,168,93,66,4,5,10,2,2,1,1,1,2,6,1,2,2,1,6,4,9,26,12,57,109,68,2,1,44,12,6,29,25,50,137,62,9,2,3,0,High
2021-09-04,Dengue,4,163,82,65,5,11,10,2,2,1,1,1,2,6,1,2,2,1,6,4,9,28,12,56,106,67,3,1,46,8,7,24,24,47,123,87,9,2,3,0,High
2021-09-05,Dengue,4,164,81,66,9,8,11,2,2,1,1,1,2,6,1,2,2,1,7,4,9,28,12,57,108,68,2,1,44,11,8,29,21,62,134,78,7,2,1,0,High
2021-09-06,Dengue,4,176,94,72,3,7,11,2,3,1,1,1,2,7,1,2,2,1,7,4,10,29,13,62,118,74,3,1,43,10,9,26,25,53,133,93,7,2,3,0,High
2021-09-07,Dengue,4,179,92,67,11,9,12,2,2,1,1,1,2,7,1,2,2,1,7,5,10,29,13,57,110,70,3,1,42,11,6,28,20,65,130,67,12,3,3,0,High
2021-09-08,Dengue,4,191,102,73,5,11,14,2,3,1,1,1,3,7,1,2,2,1,8,5,11,31,14,63,120,76,3,1,34,10,7,39,24,65,109,83,6,2,2,0,High
2021-09-09,Dengue,4,177,90,68,12,7,12,2,2,1,1,1,2,7,1,2,2,1,7,4,10,29,13,58,111,71,2,1,53,11,10,25,26,51,151,85,8,2,2,0,High
2021-09-10,Dengue,4,168,92,65,5,6,11,2,2,1,1,1,2,6,1,2,2,1,7,4,9,26,12,56,107,67,2,1,43,12,9,27,24,57,118,64,8,3,1,0,High
2021-09-11,Dengue,4,166,81,69,5,11,12,2,2,1,1,1,2,6,1,2,2,1,7,5,10,29,13,59,112,71,3,1,45,12,7,27,21,57,105,72,9,2,4,0,High
2021-09-12,Dengue,4,161,78,64,6,13,11,2,2,1,1,1,2,6,1,2,2,1,7,5,9,28,12,55,104,66,3,1,45,9,5,29,18,64,118,78,8,2,1,0,High
2021-09-13,Dengue,4,186,94,78,4,10,14,2,3,1,1,1,3,7,1,2,2,1,8,5,11,32,15,67,127,81,3,1,41,11,7,37,20,81,170,94,10,2,1,0,High
2021-09-14,Dengue,4,179,94,72,10,3,11,2,3,1,1,1,2,7,1,2,2,1,7,4,10,29,13,62,118,74,2,1,42,10,8,26,18,60,129,96,9,2,3,0,High
2021-09-15,Dengue,4,200,103,75,6,16,12,2,3,1,1,1,3,8,1,2,2,1,7,5,10,33,14,64,123,79,3,1,43,10,8,41,23,61,149,86,9,2,2,0,High
2021-09-16,Dengue,4,169,87,67,9,6,10,2,2,1,1,1,2,7,1,2,2,1,6,4,9,28,13,57,110,70,2,1,33,12,3,27,22,50,105,74,11,2,4,0,High
2021-09-17,Dengue,4,167,88,67,5,7,11,2,2,1,1,1,2,6,1,2,2,1,7,4,9,27,13,57,110,69,2,1,48,16,7,26,23,58,113,88,8,2,2,0,High
2021-09-18,Dengue,4,164,80,71,4,9,10,2,3,1,1,1,2,6,1,2,2,1,6,4,9,29,13,61,115,72,3,1,44,10,5,38,22,70,128,101,9,2,1,0,High
2021-09-19,Dengue,4,161,73,75,4,9,12,2,3,1,1,1,2,6,1,2,2,1,7,5,10,30,14,64,120,76,3,1,33,16,11,36,26,66,117,103,8,2,1,0,High
2021-09-20,Dengue,4,176,94,71,6,5,10,2,3,1,1,1,2,7,1,2,2,1,6,4,9,28,13,61,116,73,2,1,42,9,9,33,23,49,121,100,9,2,1,0,High
2021-09-21,Dengue,4,177,93,66,10,8,13,2,2,1,1,1,2,7,1,2,2,1,8,5,10,28,12,57,109,69,2,1,41,11,10,30,23,52,133,91,13,2,1,0,High
2021-09-22,Dengue,4,185,102,65,3,15,11,2,2,1,1,1,3,7,1,2,2,1,7,5,9,28,12,56,108,69,3,1,43,8,9,30,25,45,105,66,9,2,3,0,High
2021-09-23,Dengue,4,178,91,69,11,7,12,2,2,1,1,1,2,7,1,2,2,1,7,4,10,29,13,59,113,72,3,1,44,11,9,29,23,58,131,64,9,1,3,0,High
2021-09-24,Dengue,4,172,87,72,4,9,11,2,3,1,1,1,2,7,1,2,2,1,7,4,10,29,13,62,117,74,3,1,40,7,7,37,19,78,137,68,13,2,2,0,High
2021-09-25,Dengue,4,159,79,62,4,14,10,2,2,1,1,1,2,6,1,2,2,1,6,5,9,27,12,53,101,64,3,1,47,11,5,32,22,53,93,74,14,2,2,0,High
2021-09-26,Dengue,4,161,75,69,5,12,13,2,2,1,1,1,2,6,1,2,2,1,8,5,10,29,13,59,111,71,3,1,39,9,10,32,26,79,143,84,11,2,0,0,High
2021-09-27,Dengue,4,177,96,69,4,8,11,2,2,1,1,1,2,7,1,2,2,1,7,4,10,28,13,59,114,72,3,1,43,10,10,35,24,69,154,90,9,2,0,0,High
2021-09-28,Dengue,4,182,101,66,9,6,13,2,2,1,1,1,3,7,1,2,2,1,8,4,10,28,12,57,110,70,2,1,42,10,7,35,20,73,140,100,9,3,1,0,High
2021-09-29,Dengue,4,188,100,72,3,13,11,2,3,1,1,1,3,7,1,2,2,1,7,5,10,30,13,62,118,75,3,1,42,11,8,38,20,62,148,66,11,1,2,0,High
2021-09-30,Dengue,4,179,86,74,10,9,13,2,3,1,1,1,2,7,1,2,2,1,8,5,11,32,14,63,120,76,3,1,51,11,8,33,25,78,152,66,9,2,2,0,High
2021-10-01,Dengue,4,164,91,60,6,7,10,2,2,1,1,1,2,6,1,2,2,1,6,4,8,25,11,51,100,62,2,1,40,13,8,22,19,64,98,52,8,2,3,0,High
2021-10-02,None,0,107,72,17,5,13,8,2,1,1,1,1,2,4,1,1,1,1,5,4,3,12,4,8,33,15,1,1,42,11,11,13,11,8,33,16,9,2,0,0,Normal
2021-10-03,None,0,104,69,18,6,11,7,2,1,1,1,1,2,4,1,1,1,1,4,4,3,12,4,9,34,15,1,1,42,11,7,11,12,10,31,15,11,2,2,0,Watch
2021-10-04,None,0,115,85,17,6,7,6,2,1,1,1,1,2,5,1,1,1,1,4,3,3,10,4,8,34,16,1,1,44,8,10,9,13,10,38,17,11,2,1,0,Watch
2021-10-05,None,0,124,86,22,9,7,8,2,1,1,1,1,2,5,1,1,2,1,5,3,3,13,4,10,42,18,1,1,33,15,9,13,13,10,58,14,4,2,1,0,Watch
2021-10-06,None,0,131,93,19,6,13,8,2,1,1,1,1,2,5,1,1,2,1,5,4,3,13,4,9,38,17,1,1,44,7,8,12,12,7,50,23,9,2,2,0,Watch
2021-10-07,None,0,125,90,17,13,5,8,2,1,1,1,1,2,5,1,1,2,1,5,3,3,11,4,8,35,16,1,1,32,11,8,11,13,10,37,21,9,2,0,0,Normal
2021-10-08,None,0,105,82,11,4,8,5,2,1,1,1,1,2,4,1,1,1,1,3,3,2,8,2,5,25,12,1,1,48,10,6,9,10,3,30,16,12,2,1,0,Watch
2021-10-09,None,0,103,68,18,4,13,8,2,1,1,1,1,2,4,1,1,1,1,5,4,3,12,4,9,34,15,1,1,42,11,7,10,13,7,44,12,9,2,3,0,High
2021-10-10,None,0,97,69,10,6,12,8,2,1,1,1,1,2,4,1,1,1,1,5,4,3,9,2,5,22,11,1,1,42,9,7,8,9,5,21,15,10,2,2,0,Watch
2021-10-11,None,0,115,87,14,6,8,6,2,1,1,1,1,2,5,1,1,1,1,4,3,2,9,3,7,30,14,1,1,36,11,7,9,11,8,27,17,9,2,1,0,Watch
2021-10-12,None,0,129,91,13,12,13,9,2,1,1,1,1,2,5,1,1,2,1,5,4,3,12,3,6,29,14,1,1,39,11,8,13,12,7,36,18,5,2,0,0,Normal
2021-10-13,None,0,122,92,12,5,13,6,2,1,1,1,1,2,5,1,1,2,1,4,4,2,10,3,6,28,13,1,1,39,11,8,12,11,5,37,11,7,2,2,0,Watch
2021-10-14,None,0,129,89,14,9,17,8,2,1,1,1,1,2,5,1,1,2,1,5,5,3,13,3,7,30,14,2,1,34,11,7,13,12,5,31,14,10,2,1,0,Watch
2021-10-15,None,0,118,86,12,4,16,8,2,1,1,1,1,2,5,1,1,1,1,5,4,3,10,3,6,27,13,1,1,36,14,7,9,11,5,34,10,11,2,3,0,High
2021-10-16,None,0,103,68,19,5,11,7,2,1,1,1,1,2,4,1,1,1,1,4,4,3,12,4,9,36,16,1,1,42,14,6,14,12,7,42,15,9,2,2,0,Watch
2021-10-17,None,0,110,69,14,4,23,9,2,1,2,1,1,2,4,1,1,1,1,5,6,3,13,3,7,28,13,2,1,53,12,8,12,10,7,31,18,10,2,1,0,Watch
2021-10-18,None,0,113,87,14,5,7,6,2,1,1,1,1,2,5,1,1,1,1,4,3,2,9,3,7,30,14,1,1,43,10,8,8,12,8,29,14,7,2,2,0,Watch
2021-10-19,None,0,129,91,12,12,14,9,2,1,1,1,1,2,5,1,1,2,1,5,4,3,12,3,6,28,13,1,1,40,12,10,13,11,7,32,13,11,2,0,0,Normal
2021-10-20,None,0,127,94,13,5,15,7,2,1,1,1,1,2,5,1,1,2,1,4,4,3,11,3,6,29,14,1,1,38,11,8,10,11,4,28,14,9,2,3,0,High
2021-10-21,None,0,113,81,14,10,8,7,2,1,1,1,1,2,5,1,1,1,1,4,3,3,10,3,7,30,14,1,1,34,12,8,10,11,6,29,13,8,2,3,0,High
2021-10-22,None,0,108,81,14,6,7,7,2,1,1,1,1,2,4,1,1,1,1,4,3,3,9,3,7,30,13,1,1,44,9,8,8,12,6,34,16,8,2,2,0,Watch
2021-10-23,None,0,119,75,18,4,22,9,2,1,2,1,1,2,5,1,1,1,1,5,5,3,14,4,9,35,16,2,1,43,11,7,12,12,8,32,13,12,2,4,0,High
2021-10-24,None,0,98,67,17,4,10,6,2,1,1,1,1,2,4,1,1,1,1,4,3,3,10,4,8,33,15,1,1,42,8,10,9,11,10,39,17,9,2,1,0,Watch
2021-10-25,None,0,128,92,16,5,15,7,2,1,1,1,1,2,5,1,1,2,1,4,4,3,12,3,8,34,15,1,1,43,12,10,12,11,6,33,15,10,2,2,0,Watch
2021-10-26,None,0,118,89,14,9,6,5,2,1,1,1,1,2,5,1,1,1,1,3,2,2,9,3,7,30,14,1,1,50,11,9,11,11,7,37,13,11,2,1,0,Watch
2021-10-27,None,0,119,96,10,4,9,4,2,1,1,1,1,2,5,1,1,1,1,3,3,2,8,2,5,25,12,1,1,46,11,10,7,10,5,27,16,7,2,1,0,Watch
2021-10-28,None,0,112,82,14,10,6,7,2,1,1,1,1,2,4,1,1,1,1,4,3,3,10,3,7,30,13,1,1,44,13,7,13,10,6,36,11,9,2,2,0,Watch
2021-10-29,None,0,120,80,15,5,20,7,2,1,2,1,1,2,5,1,1,1,1,4,5,3,13,3,7,31,15,2,1,41,13,8,12,11,7,39,17,10,0,2,0,Watch
2021-10-30,None,0,118,80,14,4,20,7,2,1,2,1,1,2,5,1,1,1,1,4,5,3,12,3,7,29,14,2,1,48,10,8,10,11,7,39,18,10,2,1,0,Watch
2021-10-31,None,0,100,70,13,6,11,7,2,1,1,1,1,2,4,1,1,1,1,4,4,3,10,3,6,27,13,1,1,49,14,8,9,10,4,31,11,9,2,3,0,High
2021-11-01,None,0,115,85,17,5,8,6,2,1,1,1,1,2,5,1,1,1,1,4,3,3,10,4,8,34,16,1,1,42,11,8,11,13,8,46,20,9,2,0,0,Normal
2021-11-02,None,0,122,87,15,10,10,8,2,1,1,1,1,2,5,1,1,2,1,5,4,3,11,3,7,32,15,1,1,36,9,8,13,11,6,41,17,7,2,1,0,Watch
2021-11-03,None,0,124,90,18,5,11,8,2,1,1,1,1,2,5,1,1,2,1,5,4,3,11,4,9,36,16,1,1,40,11,8,13,13,6,36,19,3,2,1,0,Watch
2021-11-04,None,0,135,93,18,10,14,9,2,1,1,1,1,2,5,1,1,2,1,5,4,3,13,4,9,37,16,2,1,45,14,12,13,12,7,44,23,12,2,1,0,Watch
2021-11-05,None,0,106,79,14,5,8,6,2,1,1,1,1,2,4,1,1,1,1,4,3,2,9,3,7,29,13,1,1,33,9,9,11,10,9,38,14,9,2,0,0,Normal
2021-11-06,None,0,98,66,16,7,9,6,2,1,1,1,1,2,4,1,1,1,1,4,3,2,11,3,8,31,14,1,1,40,7,3,11,10,7,43,18,11,2,1,0,Watch
2021-11-07,None,0,99,68,14,6,11,8,2,1,1,1,1,2,4,1,1,1,1,5,4,3,10,3,7,28,13,1,1,43,11,8,12,10,9,37,13,7,2,0,0,Normal
2021-11-08,None,0,117,90,16,5,6,5,2,1,1,1,1,2,5,1,1,1,1,3,2,2,9,3,8,33,15,1,1,44,10,10,11,10,8,38,16,10,2,0,0,Normal
2021-11-09,None,0,128,90,14,11,13,7,2,1,1,1,1,2,5,1,1,2,1,4,4,3,12,3,7,30,14,1,1,40,13,11,14,12,9,41,16,9,2,0,0,Normal
2021-11-10,Mass_Casualty,4,220,112,15,5,88,24,3,1,5,1,1,3,8,1,1,2,4,14,17,9,33,3,7,34,25,4,3,38,11,7,33,11,7,46,26,10,2,3,0,High
2021-11-11,None,0,141,93,18,11,19,9,2,1,2,1,1,2,6,1,1,2,1,5,5,3,15,4,9,37,17,2,1,35,11,7,15,13,9,43,15,9,2,1,0,Watch
2021-11-12,None,0,114,85,16,6,7,7,2,1,1,1,1,2,5,1,1,1,1,4,3,3,10,3,8,33,15,1,1,42,10,6,11,11,7,45,18,8,2,1,0,Watch
2021-11-13,None,0,103,74,14,6,9,5,2,1,1,1,1,2,4,1,1,1,1,3,3,2,10,3,7,29,13,1,1,39,10,7,8,10,8,38,11,9,2,2,0,Watch
2021-11-14,None,0,88,64,10,6,8,5,2,1,1,1,1,1,4,1,1,1,1,3,3,2,8,2,5,22,10,1,1,42,11,8,6,10,6,20,13,8,2,2,0,Watch
2021-11-15,None,0,120,91,16,5,8,5,2,1,1,1,1,2,5,1,1,1,1,3,3,2,10,3,8,34,15,1,1,41,13,8,13,11,9,40,14,9,2,1,0,Watch
2021-11-16,None,0,121,87,16,10,8,8,2,1,1,1,1,2,5,1,1,2,1,5,3,3,11,3,8,33,15,1,1,42,8,7,11,12,6,42,17,10,2,1,0,Watch
2021-11-17,None,0,131,100,14,5,12,7,2,1,1,1,1,2,5,1,1,2,1,4,4,3,10,3,7,31,14,1,1,38,11,5,9,11,9,29,17,9,2,2,0,Watch
2021-11-18,None,0,116,81,18,9,8,6,2,1,1,1,1,2,5,1,1,1,1,4,3,3,11,4,9,36,16,1,1,39,10,7,13,11,9,43,14,12,2,1,0,Watch
2021-11-19,None,0,109,78,17,6,8,6,2,1,1,1,1,2,4,1,1,1,1,4,3,3,10,4,8,34,15,1,1,41,10,8,9,12,6,37,12,8,2,3,0,High
2021-11-20,None,0,102,70,16,5,11,6,2,1,1,1,1,2,4,1,1,1,1,4,3,2,11,3,8,31,14,1,1,39,10,8,9,11,8,36,18,10,2,1,0,Watch
2021-11-21,None,0,102,69,17,5,11,7,2,1,1,1,1,2,4,1,1,1,1,4,4,3,11,4,8,33,15,1,1,47,10,11,10,12,7,32,16,8,2,3,0,High
2021-11-22,None,0,121,88,19,7,7,6,2,1,1,1,1,2,5,1,1,2,1,4,3,3,11,4,9,38,17,1,1,47,9,11,10,12,7,38,15,11,2,3,0,High
2021-11-23,None,0,124,86,22,11,5,7,2,1,1,1,1,2,5,1,1,2,1,4,3,3,12,4,10,42,18,1,1,44,11,8,10,13,11,47,20,7,2,1,0,Watch
2021-11-24,None,0,133,96,18,5,14,7,2,1,1,1,1,2,5,1,1,2,1,4,4,3,12,4,9,37,16,2,1,50,11,11,14,12,10,46,20,9,2,0,0,Normal
2021-11-25,None,0,113,84,14,10,5,6,2,1,1,1,1,2,5,1,1,1,1,4,3,2,9,3,7,30,14,1,1,42,12,7,10,11,7,36,13,12,3,1,0,Watch
2021-11-26,None,0,107,80,11,8,8,6,2,1,1,1,1,2,4,1,1,1,1,4,3,2,9,2,5,25,12,1,1,45,12,6,11,10,4,29,9,10,3,2,0,Watch
2021-11-27,None,0,116,78,16,5,17,9,2,1,1,1,1,2,5,1,1,1,1,5,5,3,12,3,8,32,15,2,1,49,13,9,10,12,7,31,19,10,2,3,0,High
2021-11-28,None,0,94,65,10,7,12,6,2,1,1,1,1,2,4,1,1,1,1,4,3,2,9,2,5,22,11,1,1,43,11,4,11,10,5,28,9,8,2,1,0,Watch
2021-11-29,None,0,118,88,19,5,6,7,2,1,1,1,1,2,5,1,1,1,1,4,3,3,10,4,9,38,17,1,1,46,13,7,12,13,6,47,19,11,2,1,0,Watch
2021-11-30,None,0,136,92,15,12,17,8,2,1,1,1,1,2,5,1,1,2,1,5,5,3,14,3,7,32,15,2,1,43,11,7,17,12,8,41,17,9,2,0,0,Normal
2021-12-01,None,0,126,94,18,6,8,6,2,1,1,1,1,2,5,1,1,2,1,4,3,3,11,4,9,37,16,1,1,38,11,7,10,12,8,41,14,9,2,3,0,High
2021-12-02,None,0,122,86,18,11,7,8,2,1,1,1,1,2,5,1,1,2,1,5,3,3,12,4,9,36,16,1,1,41,11,9,13,11,10,33,16,9,2,1,0,Watch
2021-12-03,None,0,114,83,19,5,7,6,2,1,1,1,1,2,5,1,1,1,1,4,3,3,10,4,9,37,17,1,1,40,9,8,10,13,11,43,16,9,2,1,0,Watch
2021-12-04,None,0,99,68,15,4,12,7,2,1,1,1,1,2,4,1,1,1,1,4,4,3,10,3,7,30,14,1,1,42,12,6,8,11,6,37,19,9,1,2,0,Watch
2021-12-05,None,0,95,62,18,4,11,5,2,1,1,1,1,2,4,1,1,1,1,3,3,2,11,4,9,34,15,1,1,41,12,9,11,11,10,42,12,8,2,1,0,Watch
2021-12-06,None,0,112,90,11,5,6,6,2,1,1,1,1,2,4,1,1,1,1,4,3,2,7,2,5,26,12,1,1,42,11,7,6,10,4,31,12,8,2,2,0,Watch
2021-12-07,None,0,122,88,14,10,10,6,2,1,1,1,1,2,5,1,1,2,1,4,3,2,11,3,7,30,14,1,1,42,17,8,11,11,8,28,15,6,2,1,0,Watch
2021-12-08,None,0,128,93,15,8,12,9,2,1,1,1,1,2,5,1,1,2,1,5,4,3,11,3,7,32,15,1,1,42,10,5,12,12,5,29,16,9,2,2,0,Watch
2021-12-09,None,0,118,84,17,10,7,6,2,1,1,1,1,2,5,1,1,1,1,4,3,3,11,4,8,34,16,1,1,43,12,7,13,11,8,34,12,9,2,1,0,Watch
2021-12-10,None,0,118,85,18,8,7,6,2,1,1,1,1,2,5,1,1,1,1,4,3,3,11,4,9,36,16,1,1,38,12,9,12,13,7,49,13,6,2,2,0,Watch
2021-12-11,None,0,111,73,18,7,13,7,2,1,1,1,1,2,4,1,1,1,1,4,4,3,12,4,9,35,15,1,1,41,13,7,15,11,9,34,12,7,2,2,0,Watch
2021-12-12,None,0,101,68,19,4,10,5,2,1,1,1,1,2,4,1,1,1,1,3,3,2,11,4,9,36,16,1,1,39,8,5,13,13,7,40,14,9,2,2,0,Watch
2021-12-13,None,0,119,90,18,6,5,6,2,1,1,1,1,2,5,1,1,1,1,4,3,3,10,4,9,36,16,1,1,38,8,7,10,13,10,32,16,10,1,1,0,Watch
2021-12-14,None,0,120,86,16,10,8,6,2,1,1,1,1,2,5,1,1,1,1,4,3,2,11,3,8,33,15,1,1,44,9,7,11,10,8,43,21,9,2,0,0,Normal
2021-12-15,None,0,128,88,18,7,15,8,2,1,1,1,1,2,5,1,1,2,1,5,4,3,13,4,9,36,16,2,1,46,11,9,17,11,9,36,21,10,2,0,0,Normal
2021-12-16,None,0,120,86,14,12,8,6,2,1,1,1,1,2,5,1,1,1,1,4,3,2,11,3,7,30,14,1,1,44,11,8,11,11,6,36,14,12,2,1,0,Watch
2021-12-17,None,0,111,81,13,8,9,6,2,1,1,1,1,2,4,1,1,1,1,4,3,2,10,3,6,28,13,1,1,41,11,6,9,12,5,35,18,12,2,2,0,Watch
2021-12-18,None,0,101,69,13,8,11,7,2,1,1,1,1,2,4,1,1,1,1,4,4,3,10,3,6,27,13,1,1,30,14,7,12,12,7,34,16,7,3,0,0,Normal
2021-12-19,None,0,100,69,18,5,8,5,2,1,1,1,1,2,4,1,1,1,1,3,3,2,10,4,9,34,15,1,1,45,11,11,10,13,11,44,13,5,2,1,0,Watch
2021-12-20,None,0,119,85,21,6,7,6,2,1,1,1,1,2,5,1,1,1,1,4,3,3,11,4,10,40,18,1,1,49,11,12,14,12,12,40,17,13,2,1,0,Watch
2021-12-21,None,0,119,84,14,12,9,7,2,1,1,1,1,2,5,1,1,1,1,4,3,3,11,3,7,30,14,1,1,49,13,10,9,12,6,33,16,9,2,2,0,Watch
2021-12-22,None,0,137,101,18,7,11,8,2,1,1,1,1,2,5,1,1,2,1,5,4,3,12,4,9,38,16,1,1,47,11,7,16,11,8,47,19,7,2,1,0,Watch
2021-12-23,None,0,127,86,22,10,9,7,2,1,1,1,1,2,5,1,1,2,1,4,3,3,13,4,10,42,18,1,1,38,12,8,13,11,8,43,20,7,1,1,0,Watch
2021-12-24,None,0,117,81,18,10,8,7,2,1,1,1,1,2,5,1,1,1,1,4,3,3,12,4,9,36,16,1,1,47,12,10,10,13,10,48,18,8,2,1,0,Watch
2021-12-25,None,0,113,78,16,6,13,8,2,1,1,1,1,2,5,1,1,1,1,5,4,3,11,3,8,32,15,1,1,44,11,8,12,11,8,39,18,9,2,0,0,Normal
2021-12-26,None,0,103,73,13,5,12,4,2,1,1,1,1,2,4,1,1,1,1,3,3,2,10,3,6,27,13,1,1,37,12,10,9,10,6,24,11,9,2,3,0,High
2021-12-27,None,0,115,88,14,6,7,6,2,1,1,1,1,2,5,1,1,1,1,4,3,2,9,3,7,30,14,1,1,49,11,9,10,11,7,32,17,9,2,0,0,Normal
2021-12-28,None,0,116,83,13,11,9,6,2,1,1,1,1,2,5,1,1,1,1,4,3,2,10,3,6,28,14,1,1,51,11,8,9,11,4,30,14,12,2,2,0,Watch
2021-12-29,None,0,137,100,18,6,13,7,2,1,1,1,1,2,5,1,1,2,1,4,4,3,12,4,9,37,16,1,1,36,14,7,16,12,7,36,20,7,2,2,0,Watch
2021-12-30,None,0,123,86,18,11,8,7,2,1,1,1,1,2,5,1,1,2,1,4,3,3,12,4,9,36,16,1,1,43,10,8,10,12,10,38,13,11,2,2,0,Watch
2021-12-31,None,0,112,80,19,5,8,6,2,1,1,1,1,2,4,1,1,1,1,4,3,3,11,4,9,37,16,1,1,42,10,10,12,12,11,49,16,9,2,0,0,Normal
2022-01-01,None,0,106,76,14,6,10,6,2,1,1,1,1,2,4,1,1,1,1,4,3,2,10,3,7,29,13,1,1,43,9,8,13,11,8,26,18,10,2,1,0,Watch
2022-01-02,None,0,106,73,17,6,10,7,2,1,1,1,1,2,4,1,1,1,1,4,3,3,11,4,8,33,15,1,1,42,11,7,9,11,9,41,14,10,2,2,0,Watch
2022-01-03,None,0,123,92,17,8,6,8,2,1,1,1,1,2,5,1,1,2,1,5,3,3,10,4,8,35,16,1,1,42,11,8,12,12,9,40,20,9,2,0,0,Normal
2022-01-04,None,0,129,93,19,10,7,7,2,1,1,1,1,2,5,1,1,2,1,4,3,3,12,4,9,38,17,1,1,37,11,12,13,12,7,43,19,9,2,1,0,Watch
2022-01-05,None,0,134,100,14,6,14,9,2,1,1,1,1,2,5,1,1,2,1,5,4,3,11,3,7,31,14,1,1,41,12,6,9,11,5,39,16,8,2,2,0,Watch
2022-01-06,None,0,113,84,12,10,7,5,2,1,1,1,1,2,5,1,1,1,1,3,3,2,9,3,6,27,13,1,1,36,10,10,10,11,8,33,11,10,1,1,0,Watch
2022-01-07,None,0,111,81,16,8,6,6,2,1,1,1,1,2,4,1,1,1,1,4,3,2,10,3,8,33,14,1,1,39,11,9,12,10,9,36,19,8,2,0,0,Normal
2022-01-08,None,0,116,77,20,5,14,6,2,1,1,1,1,2,5,1,1,1,1,4,4,3,13,4,9,38,17,2,1,42,13,8,16,11,8,45,20,9,2,1,0,Watch
2022-01-09,Respiratory,4,147,88,44,6,9,8,2,2,1,1,1,2,6,1,1,2,1,5,4,7,20,8,38,75,48,11,1,44,12,8,25,18,42,96,62,9,2,1,0,High
2022-01-10,Respiratory,4,176,113,47,8,8,10,3,2,1,1,1,2,7,1,1,2,1,6,4,7,21,9,40,82,52,12,1,39,8,6,21,20,35,82,59,10,2,3,0,High
2022-01-11,Respiratory,4,175,109,45,12,9,13,2,2,1,1,1,2,7,1,1,2,1,8,5,8,22,9,39,79,50,12,1,34,10,9,21,19,50,106,44,6,2,3,0,High
2022-01-12,Respiratory,4,180,118,46,5,11,11,3,2,1,1,1,2,7,1,1,2,1,7,5,8,21,9,40,81,51,12,1,51,11,7,24,15,37,85,54,11,2,3,0,High
2022-01-13,Respiratory,4,166,106,41,12,7,10,2,2,1,1,1,2,6,1,1,2,1,6,4,7,20,8,35,73,45,11,1,40,11,9,18,19,28,88,47,8,2,3,0,High
2022-01-14,Respiratory,4,156,100,45,6,5,9,2,2,1,1,1,2,6,1,1,2,1,5,3,7,19,9,39,78,49,11,1,44,15,7,18,16,39,106,52,7,2,2,0,High
2022-01-15,Respiratory,4,153,95,43,7,8,8,2,2,1,1,1,2,6,1,1,2,1,5,3,6,20,8,37,74,47,11,1,42,13,6,26,17,32,77,55,9,2,2,0,High
2022-01-16,Respiratory,4,152,91,43,7,11,9,2,2,1,1,1,2,6,1,1,2,1,5,4,7,21,8,37,74,47,11,1,48,9,6,19,14,41,72,37,8,2,5,0,Critical
2022-01-17,Respiratory,4,171,113,44,6,8,7,3,2,1,1,1,2,7,1,1,2,1,4,3,6,20,8,38,78,49,11,1,46,11,10,25,16,40,96,42,9,2,2,0,High
2022-01-18,Respiratory,4,178,113,48,10,7,10,3,2,1,1,1,2,7,1,1,2,1,6,4,8,22,9,41,84,53,12,1,47,8,7,19,17,45,101,70,9,2,3,0,High
2022-01-19,Respiratory,4,177,116,43,7,11,10,3,2,1,1,1,2,7,1,1,2,1,6,4,7,21,8,37,77,48,11,1,35,11,8,21,16,35,78,56,7,2,2,0,High
2022-01-20,Respiratory,4,171,106,43,14,8,10,2,2,1,1,1,2,7,1,1,2,1,6,4,7,21,8,37,76,48,11,1,42,11,8,21,18,47,84,45,11,2,1,0,High
2022-01-21,Respiratory,4,170,106,44,9,11,10,2,2,1,1,1,2,7,1,1,2,1,6,4,7,21,8,38,77,49,11,1,40,10,8,18,15,49,70,48,7,2,4,0,High
2022-01-22,Respiratory,4,161,98,45,7,11,11,2,2,1,1,1,2,6,1,1,2,1,7,5,8,21,9,39,78,49,12,1,40,11,3,26,15,31,83,43,9,2,4,0,High
2022-01-23,Respiratory,4,159,94,46,7,12,11,2,2,1,1,1,2,6,1,1,2,1,7,5,8,22,9,40,79,50,12,1,38,11,8,21,16,30,71,52,6,2,4,0,High
2022-01-24,Respiratory,4,170,109,48,6,7,11,2,2,1,1,1,2,7,1,1,2,1,7,4,8,21,9,41,83,53,12,1,47,11,8,21,19,44,90,63,9,2,1,0,High
2022-01-25,Respiratory,4,172,110,47,11,4,9,2,2,1,1,1,2,7,1,1,2,1,5,3,7,21,9,40,82,52,12,1,52,11,8,23,19,32,93,44,13,2,2,0,High
2022-01-26,Respiratory,4,186,115,51,6,14,11,3,2,1,1,1,3,7,1,2,2,1,7,5,8,24,10,44,88,56,13,1,37,15,7,26,21,56,85,71,13,2,2,0,High
2022-01-27,Respiratory,4,166,105,45,11,5,9,2,2,1,1,1,2,6,1,1,2,1,5,3,7,20,9,39,78,49,11,1,29,12,7,25,20,42,93,52,9,2,1,0,High
2022-01-28,Respiratory,4,161,103,43,7,8,9,2,2,1,1,1,2,6,1,1,2,1,5,4,7,20,8,37,75,47,11,1,41,13,6,20,19,33,68,55,7,2,4,0,High
2022-01-29,Respiratory,4,159,97,45,7,10,9,2,2,1,1,1,2,6,1,1,2,1,5,4,7,21,9,39,78,49,12,1,42,9,9,22,18,34,106,68,9,2,2,0,High
2022-01-30,Respiratory,4,159,91,48,7,13,11,2,2,1,1,1,2,6,1,1,2,1,7,5,8,23,9,41,82,52,13,1,52,11,7,26,17,35,101,64,8,2,3,0,High
2022-01-31,None,0,121,90,17,6,8,6,2,1,1,1,1,2,5,1,1,2,1,4,3,3,10,4,8,35,16,1,1,39,10,6,13,11,6,42,13,9,2,2,0,Watch
2022-02-01,None,0,135,99,18,12,6,7,2,1,1,1,1,2,5,1,1,2,1,4,3,3,12,4,9,37,16,1,1,39,9,8,12,12,9,40,16,11,2,0,0,Normal
2022-02-02,None,0,133,97,19,7,10,8,2,1,1,1,1,2,5,1,1,2,1,5,4,3,12,4,9,39,17,1,1,44,9,15,11,13,7,54,18,9,2,2,0,Watch
2022-02-03,None,0,120,82,17,11,10,8,2,1,1,1,1,2,5,1,1,1,1,5,4,3,12,4,8,34,16,1,1,37,12,7,10,12,9,38,19,9,2,1,0,Watch
2022-02-04,None,0,118,83,22,7,6,4,2,1,1,1,1,2,5,1,1,1,1,3,2,2,12,4,10,42,18,1,1,54,11,3,11,12,8,57,21,13,2,2,0,Watch
2022-02-05,None,0,116,78,19,7,12,7,2,1,1,1,1,2,5,1,1,1,1,4,4,3,12,4,9,37,17,1,1,42,15,7,12,12,8,39,15,12,2,2,0,Watch
2022-02-06,None,0,117,78,16,8,15,8,2,1,1,1,1,2,5,1,1,1,1,5,4,3,13,3,8,32,15,1,1,32,11,8,11,12,8,43,21,7,2,1,0,Watch
2022-02-07,None,0,124,97,14,7,6,7,2,1,1,1,1,2,5,1,1,2,1,4,3,3,9,3,7,31,14,1,1,44,9,7,10,10,9,34,18,8,1,0,0,Normal
2022-02-08,None,0,126,92,17,10,7,7,2,1,1,1,1,2,5,1,1,2,1,4,3,3,11,4,8,35,16,1,1,46,10,8,12,12,9,47,16,9,2,0,0,Normal
2022-02-09,None,0,136,102,15,9,10,7,2,1,1,1,1,2,5,1,1,2,1,4,3,3,11,3,7,33,15,1,1,49,11,6,11,11,8,35,12,9,2,1,0,Watch
2022-02-10,None,0,129,92,17,12,8,6,2,1,1,1,1,2,5,1,1,2,1,4,3,3,12,4,8,35,16,1,1,46,10,6,15,11,6,33,23,4,2,2,0,Watch
2022-02-11,None,0,116,85,16,8,7,6,2,1,1,1,1,2,5,1,1,1,1,4,3,2,10,3,8,33,15,1,1,37,7,9,9,12,6,38,14,10,2,3,0,High
2022-02-12,None,0,119,80,19,8,12,8,2,1,1,1,1,2,5,1,1,1,1,5,4,3,13,4,9,37,17,1,1,51,11,6,11,12,9,38,22,7,2,1,0,Watch
2022-02-13,None,0,119,77,23,8,11,7,2,1,1,1,1,2,5,1,1,1,1,4,4,3,14,5,11,43,19,2,1,41,15,9,13,14,13,58,27,10,2,1,0,Watch
2022-02-14,None,0,127,98,12,8,9,8,2,1,1,1,1,2,5,1,1,2,1,5,4,3,9,3,6,28,13,1,1,44,9,7,8,11,4,28,13,8,2,2,0,Watch
2022-02-15,None,0,128,91,17,12,8,8,2,1,1,1,1,2,5,1,1,2,1,5,3,3,12,4,8,35,16,1,1,44,14,9,14,11,7,43,20,11,2,1,0,Watch
2022-02-16,None,0,141,104,14,8,15,10,2,1,1,1,1,2,6,1,1,2,1,6,5,3,12,3,7,32,15,1,1,37,9,8,15,12,6,42,14,6,2,2,0,Watch
2022-02-17,None,0,134,91,20,16,7,8,2,1,1,1,1,2,5,2,1,2,1,5,3,3,14,4,9,40,17,1,1,47,13,10,12,13,11,46,16,10,2,2,0,Watch
2022-02-18,None,0,119,90,16,6,7,9,2,1,1,1,1,2,5,1,1,1,1,5,4,3,10,3,8,33,15,1,1,37,11,6,9,10,6,30,20,9,3,3,0,High
2022-02-19,None,0,115,78,16,8,13,7,2,1,1,1,1,2,5,1,1,1,1,4,4,3,12,3,8,32,15,1,1,40,11,7,11,11,8,38,12,11,2,2,0,Watch
2022-02-20,None,0,118,77,21,10,10,8,2,1,1,1,1,2,5,1,1,1,1,5,4,3,13,4,10,40,18,1,1,47,12,5,11,13,10,38,17,8,2,3,0,High
2022-02-21,None,0,130,97,18,8,7,7,2,1,1,1,1,2,5,1,1,2,1,4,3,3,11,4,9,37,16,1,1,40,11,8,12,13,7,37,18,10,2,1,0,Watch
2022-02-22,None,0,131,93,20,14,4,7,2,1,1,1,1,2,5,1,1,2,1,4,3,3,12,4,9,40,17,1,1,47,11,8,11,12,10,46,14,14,2,2,0,Watch
2022-02-23,None,0,144,101,20,7,16,8,2,1,1,1,1,2,6,1,1,2,1,5,4,3,14,4,9,41,18,2,1,38,11,8,15,13,7,52,22,10,2,1,0,Watch
2022-02-24,None,0,128,88,16,14,10,9,2,1,1,1,1,2,5,1,1,2,1,5,4,3,13,3,8,33,15,1,1,41,11,6,13,11,7,40,20,9,2,1,0,Watch
2022-02-25,None,0,123,88,18,8,9,8,2,1,1,1,1,2,5,1,1,2,1,5,4,3,11,4,9,36,16,1,1,37,11,9,11,12,8,37,18,9,2,1,0,Watch
2022-02-26,None,0,118,80,22,5,11,8,2,1,1,1,1,2,5,1,1,1,1,5,4,3,13,4,10,41,18,1,1,41,8,8,11,11,11,50,25,9,2,1,0,Watch
2022-02-27,None,0,119,78,21,8,12,8,2,1,1,1,1,2,5,1,1,1,1,5,4,3,13,4,10,40,18,2,1,39,11,9,17,13,10,46,14,9,2,1,0,Watch
2022-02-28,None,0,130,96,17,7,10,7,2,1,1,1,1,2,5,1,1,2,1,4,3,3,11,4,8,36,16,1,1,43,9,6,13,13,7,40,19,11,3,1,0,Watch
2022-03-01,None,0,133,94,18,13,8,7,2,1,1,1,1,2,5,1,1,2,1,4,3,3,12,4,9,37,16,1,1,40,12,8,13,12,8,38,17,8,2,1,0,Watch
2022-03-02,None,0,133,103,13,7,10,6,2,1,1,1,1,2,5,1,1,2,1,4,3,2,10,3,6,30,14,1,1,34,11,10,8,10,4,36,19,9,2,2,0,Watch
2022-03-03,None,0,140,95,15,12,18,10,2,1,1,1,1,2,5,1,1,2,1,6,5,3,14,3,7,32,15,2,1,33,11,7,15,10,6,44,18,9,2,1,0,Watch
2022-03-04,None,0,132,94,16,7,15,8,2,1,1,1,1,2,5,1,1,2,1,5,4,3,12,3,8,34,15,1,1,43,11,7,14,11,6,35,21,9,2,1,0,Watch
2022-03-05,None,0,119,82,20,8,9,7,2,1,1,1,1,2,5,1,1,1,1,4,3,3,12,4,9,39,17,1,1,42,11,8,15,13,8,46,16,9,2,2,0,Watch
2022-03-06,None,0,112,77,16,8,11,6,2,1,1,1,1,2,4,1,1,1,1,4,3,2,11,3,8,32,14,1,1,50,12,9,14,11,6,29,15,7,2,2,0,Watch
2022-03-07,None,0,133,97,20,8,8,6,2,1,1,1,1,2,5,1,1,2,1,4,3,3,12,4,9,40,17,1,1,34,11,7,15,13,9,54,20,12,2,0,0,Normal
2022-03-08,None,0,150,100,21,12,17,11,2,1,1,1,1,2,6,1,1,2,1,7,5,4,16,4,10,42,19,2,1,47,11,8,13,12,13,54,24,11,2,1,0,Watch
2022-03-09,None,0,158,108,18,10,22,10,2,1,2,1,1,2,6,1,1,2,1,6,6,3,16,4,9,38,17,2,1,44,11,8,16,11,8,44,16,9,2,2,0,Watch
2022-03-10,None,0,150,103,17,16,14,9,2,1,1,1,1,2,6,2,1,2,1,5,4,3,15,4,8,36,17,1,1,46,11,8,15,11,8,37,23,9,2,0,0,Normal
2022-03-11,None,0,137,97,21,13,6,8,2,1,1,1,1,2,5,1,1,2,1,5,3,3,13,4,10,42,18,1,1,38,11,7,12,12,8,48,25,11,2,2,0,Watch
2022-03-12,None,0,119,82,17,9,11,8,2,1,1,1,1,2,5,1,1,1,1,5,4,3,12,4,8,34,16,1,1,43,8,10,10,11,7,34,22,9,2,2,0,Watch
2022-03-13,None,0,108,73,19,8,8,6,2,1,1,1,1,2,4,1,1,1,1,4,3,3,12,4,9,36,16,1,1,42,10,7,11,11,7,46,18,10,2,2,0,Watch
2022-03-14,None,0,139,102,20,11,6,6,2,1,1,1,1,2,5,1,1,2,1,4,3,3,12,4,9,41,17,1,1,40,10,9,12,12,6,48,19,11,2,1,0,Watch
2022-03-15,None,0,134,94,17,14,9,9,2,1,1,1,1,2,5,1,1,2,1,5,4,3,13,4,8,35,16,1,1,42,14,5,15,11,7,44,15,9,2,2,0,Watch
2022-03-16,None,0,142,103,15,13,11,9,2,1,1,1,1,2,6,1,1,2,1,5,4,3,12,3,7,33,16,1,1,42,12,9,10,12,8,37,21,7,2,1,0,Watch
2022-03-17,None,0,123,86,17,14,6,9,2,1,1,1,1,2,5,1,1,2,1,5,3,3,12,4,8,35,16,1,1,43,12,8,12,13,7,47,16,9,1,1,0,Watch
2022-03-18,None,0,123,92,15,8,8,7,2,1,1,1,1,2,5,1,1,2,1,4,3,3,10,3,7,32,15,1,1,42,11,8,13,10,7,35,18,13,2,0,0,Normal
2022-03-19,None,0,124,86,16,11,11,9,2,1,1,1,1,2,5,1,1,2,1,5,4,3,12,3,8,33,15,1,1,44,11,8,13,10,8,36,19,9,2,0,0,Normal
2022-03-20,None,0,110,75,18,7,10,7,2,1,1,1,1,2,4,1,1,1,1,4,3,3,12,4,9,35,15,1,1,46,11,7,12,11,10,34,16,10,2,1,0,Watch
2022-03-21,None,0,129,96,15,9,9,9,2,1,1,1,1,2,5,1,1,2,1,5,4,3,11,3,7,33,15,1,1,49,9,8,10,11,8,44,14,9,2,2,0,Watch
2022-03-22,None,0,133,97,18,13,5,7,2,1,1,1,1,2,5,1,1,2,1,4,3,3,12,4,9,37,16,1,1,49,15,8,15,11,12,51,13,7,2,1,0,Watch
2022-03-23,None,0,139,105,15,6,13,7,2,1,1,1,1,2,5,1,1,2,1,4,4,3,11,3,7,33,15,1,1,35,11,10,12,12,8,45,16,10,2,0,0,Normal
2022-03-24,None,0,123,93,15,12,3,8,2,1,1,1,1,2,5,1,1,2,1,5,3,3,10,3,7,32,15,1,1,41,11,9,11,10,6,39,15,8,2,1,0,Watch
2022-03-25,None,0,118,88,13,10,7,5,2,1,1,1,1,2,5,1,1,1,1,3,3,2,10,3,6,29,14,1,1,43,11,9,8,10,5,33,15,7,2,2,0,Watch
2022-03-26,None,0,129,87,17,15,10,8,2,1,1,1,1,2,5,1,1,2,1,5,4,3,13,4,8,35,16,1,1,36,11,8,14,12,10,39,18,9,3,0,0,Normal
2022-03-27,None,0,116,83,15,8,10,6,2,1,1,1,1,2,5,1,1,1,1,4,3,2,11,3,7,31,15,1,1,40,8,9,13,11,9,41,13,11,2,1,0,Watch
2022-03-28,None,0,134,101,17,8,8,6,2,1,1,1,1,2,5,1,1,2,1,4,3,3,11,4,8,36,16,1,1,44,12,9,9,12,9,44,13,9,2,2,0,Watch
2022-03-29,None,0,141,101,17,15,8,8,2,1,1,1,1,2,6,1,1,2,1,5,3,3,13,4,8,36,17,1,1,43,10,6,16,13,8,43,18,9,2,0,0,Normal
2022-03-30,None,0,159,108,18,11,22,11,2,1,2,1,1,2,6,1,1,2,1,7,6,4,16,4,9,38,17,2,1,34,8,8,16,11,10,51,23,9,2,0,0,Normal
2022-03-31,None,0,132,93,18,15,6,7,2,1,1,1,1,2,5,1,1,2,1,4,3,3,12,4,9,37,16,1,1,43,11,7,11,12,8,46,22,6,2,2,0,Watch
2022-04-01,None,0,121,89,17,9,6,7,2,1,1,1,1,2,5,1,1,2,1,4,3,3,10,4,8,35,16,1,1,38,8,9,9,12,10,31,20,9,2,2,0,Watch
2022-04-02,None,0,121,83,18,10,10,8,2,1,1,1,1,2,5,1,1,2,1,5,4,3,12,4,9,36,16,1,1,47,11,8,13,11,6,43,15,8,2,2,0,Watch
2022-04-03,None,0,118,77,18,8,15,8,2,1,1,1,1,2,5,1,1,1,1,5,4,3,13,4,9,35,16,2,1,46,11,8,11,12,7,44,19,7,2,2,0,Watch
2022-04-04,None,0,127,96,15,10,6,5,2,1,1,1,1,2,5,1,1,2,1,3,2,2,10,3,7,33,15,1,1,51,10,9,8,10,6,33,13,8,2,3,0,High
2022-04-05,None,0,128,93,13,14,8,8,2,1,1,1,1,2,5,1,1,2,1,5,3,3,11,3,6,29,14,1,1,41,16,7,9,12,4,38,17,9,1,2,0,Watch
2022-04-06,None,0,141,104,16,9,12,9,2,1,1,1,1,2,6,1,1,2,1,5,4,3,12,3,8,35,16,1,1,42,11,9,11,11,6,38,19,9,2,2,0,Watch
2022-04-07,None,0,136,95,21,14,6,8,2,1,1,1,1,2,5,1,1,2,1,5,3,3,13,4,10,41,18,1,1,46,11,5,14,11,8,55,14,11,2,2,0,Watch
2022-04-08,None,0,123,90,20,6,7,7,2,1,1,1,1,2,5,1,1,2,1,4,3,3,11,4,9,39,17,1,1,44,10,9,11,11,11,48,19,9,2,0,0,Normal
2022-04-09,None,0,126,83,20,9,14,9,2,1,1,1,1,2,5,1,1,2,1,5,4,3,14,4,9,39,17,2,1,33,11,8,16,13,10,46,15,6,2,1,0,Watch
2022-04-10,None,0,114,77,18,9,10,8,2,1,1,1,1,2,5,1,1,1,1,5,4,3,12,4,9,35,16,1,1,37,11,10,14,11,10,37,15,9,2,1,0,Watch
2022-04-11,None,0,134,103,16,6,9,7,2,1,1,1,1,2,5,1,1,2,1,4,3,3,10,3,8,35,15,1,1,44,13,8,10,11,8,33,15,9,2,1,0,Watch
2022-04-12,None,0,138,95,20,15,8,8,2,1,1,1,1,2,5,1,1,2,1,5,3,3,14,4,9,40,17,1,1,42,12,9,12,12,8,44,22,7,2,2,0,Watch
2022-04-13,None,0,145,106,20,7,12,8,2,1,1,1,1,2,6,1,1,2,1,5,4,3,13,4,9,41,18,1,1,35,11,8,11,11,10,45,18,7,2,1,0,Watch
2022-04-14,None,0,128,91,17,15,5,7,2,1,1,1,1,2,5,1,1,2,1,4,3,3,12,4,8,35,16,1,1,51,11,8,13,12,9,32,19,9,2,1,0,Watch
2022-04-15,None,0,125,94,15,10,6,6,2,1,1,1,1,2,5,1,1,2,1,4,3,2,10,3,7,32,15,1,1,40,11,11,11,11,5,38,19,9,2,1,0,Watch
2022-04-16,None,0,116,80,16,9,11,6,2,1,1,1,1,2,5,1,1,1,1,4,3,2,12,3,8,32,15,1,1,49,12,6,14,11,10,35,13,7,2,1,0,Watch
2022-04-17,None,0,113,75,16,11,11,7,2,1,1,1,1,2,5,1,1,1,1,4,4,3,12,3,8,32,15,1,1,50,10,8,12,11,10,42,13,9,2,1,0,Watch
2022-04-18,None,0,132,98,20,10,4,6,2,1,1,1,1,2,5,1,1,2,1,4,2,3,11,4,9,40,17,1,1,39,14,7,10,13,11,45,19,7,2,1,0,Watch
2022-04-19,None,0,139,101,18,14,6,7,2,1,1,1,1,2,5,1,1,2,1,4,3,3,12,4,9,38,16,1,1,37,9,10,13,12,11,52,15,9,2,1,0,Watch
2022-04-20,None,0,137,101,13,8,15,10,2,1,1,1,1,2,5,1,1,2,1,6,5,3,12,3,6,30,14,1,1,47,11,9,16,11,6,27,14,7,2,1,0,Watch
2022-04-21,None,0,133,94,17,14,8,8,2,1,1,1,1,2,5,1,1,2,1,5,3,3,12,4,8,35,16,1,1,50,9,8,11,11,6,36,20,9,2,2,0,Watch
2022-04-22,None,0,127,90,19,9,9,8,2,1,1,1,1,2,5,1,1,2,1,5,4,3,12,4,9,38,17,1,1,47,10,6,10,11,8,36,20,11,2,3,0,High
2022-04-23,None,0,114,77,17,6,14,8,2,1,1,1,1,2,5,1,1,1,1,5,4,3,12,4,8,34,16,1,1,35,10,8,15,13,7,39,17,7,2,1,0,Watch
2022-04-24,None,0,119,78,18,10,13,8,2,1,1,1,1,2,5,1,1,1,1,5,4,3,13,4,9,35,16,1,1,40,9,11,11,11,11,42,20,9,2,1,0,Watch
2022-04-25,None,0,130,96,15,9,10,6,2,1,1,1,1,2,5,1,1,2,1,4,3,2,11,3,7,33,15,1,1,50,10,8,12,11,7,46,13,10,2,1,0,Watch
2022-04-26,None,0,136,99,17,13,7,8,2,1,1,1,1,2,5,1,1,2,1,5,3,3,12,4,8,36,16,1,1,54,8,9,11,11,6,33,16,9,2,3,0,High
2022-04-27,None,0,146,106,17,10,13,11,2,1,1,1,1,2,6,1,1,2,1,7,5,4,13,4,8,37,17,1,1,42,10,7,11,13,7,35,24,9,2,3,0,High
2022-04-28,None,0,140,97,20,17,6,8,2,1,1,1,1,2,5,2,1,2,1,5,3,3,14,4,9,40,17,1,1,50,12,7,15,13,11,48,17,10,2,0,0,Normal
2022-04-29,None,0,125,91,16,8,10,7,2,1,1,1,1,2,5,1,1,2,1,4,3,3,11,3,8,34,15,1,1,51,13,8,11,12,7,41,15,10,3,1,0,Watch
2022-04-30,None,0,118,81,18,8,11,7,2,1,1,1,1,2,5,1,1,1,1,4,4,3,12,4,9,36,16,1,1,37,11,8,15,11,10,39,20,10,2,0,0,Normal
2022-05-01,None,0,121,80,18,9,14,9,2,1,1,1,1,2,5,1,1,2,1,5,4,3,13,4,9,35,16,2,1,43,8,8,15,13,7,41,22,9,2,1,0,Watch
2022-05-02,None,0,123,93,16,9,5,7,2,1,1,1,1,2,5,1,1,2,1,4,3,3,10,3,8,34,15,1,1,42,9,8,11,11,8,31,17,9,3,1,0,Watch
2022-05-03,None,0,128,95,14,14,5,8,2,1,1,1,1,2,5,1,1,2,1,5,3,3,10,3,7,31,14,1,1,39,10,8,9,11,9,40,13,9,2,2,0,Watch
2022-05-04,None,0,142,104,17,8,13,7,2,1,1,1,1,2,6,1,1,2,1,4,4,3,12,4,8,36,17,1,1,45,14,8,15,12,9,35,20,9,2,1,0,Watch
2022-05-05,None,0,126,90,15,13,8,8,2,1,1,1,1,2,5,1,1,2,1,5,3,3,11,3,7,32,15,1,1,53,9,8,12,12,7,34,19,9,2,0,0,Normal
2022-05-06,None,0,117,86,15,10,6,7,2,1,1,1,1,2,5,1,1,1,1,4,3,3,10,3,7,32,15,1,1,37,11,5,8,12,7,33,18,7,2,1,0,Watch
2022-05-07,None,0,119,85,15,8,11,6,2,1,1,1,1,2,5,1,1,1,1,4,3,2,11,3,7,31,15,1,1,41,9,9,14,11,5,39,16,10,2,1,0,Watch
2022-05-08,None,0,119,80,16,10,13,9,2,1,1,1,1,2,5,1,1,1,1,5,4,3,12,3,8,32,15,1,1,42,11,10,13,12,9,41,17,10,2,0,0,Normal
2022-05-09,None,0,133,102,17,8,6,7,2,1,1,1,1,2,5,1,1,2,1,4,3,3,10,4,8,36,16,1,1,36,13,8,13,13,6,48,20,10,2,1,0,Watch
2022-05-10,None,0,135,96,16,15,8,9,2,1,1,1,1,2,5,1,1,2,1,5,4,3,12,3,8,34,15,1,1,40,10,8,13,10,7,39,20,9,2,1,0,Watch
2022-05-11,None,0,143,106,19,7,11,9,2,1,1,1,1,2,6,1,1,2,1,5,4,3,12,4,9,40,18,1,1,46,14,11,15,13,6,38,15,8,2,3,0,High
2022-05-12,None,0,130,92,15,15,8,7,2,1,1,1,1,2,5,1,1,2,1,4,3,3,12,3,7,32,15,1,1,42,12,8,13,10,6,29,20,11,2,2,0,Watch
2022-05-13,None,0,130,93,19,9,9,7,2,1,1,1,1,2,5,1,1,2,1,4,3,3,12,4,9,38,17,1,1,42,13,6,16,12,7,49,16,12,2,2,0,Watch
2022-05-14,None,0,107,77,11,9,10,6,2,1,1,1,1,2,4,1,1,1,1,4,3,2,10,2,5,25,12,1,1,46,11,7,9,9,4,23,12,10,2,3,0,High
2022-05-15,None,0,109,78,14,10,7,6,2,1,1,1,1,2,4,1,1,1,1,4,3,2,10,3,7,29,13,1,1,46,10,8,10,10,7,30,11,10,1,1,0,Watch
2022-05-16,None,0,127,97,14,9,7,5,2,1,1,1,1,2,5,1,1,2,1,3,3,2,10,3,7,31,14,1,1,31,12,7,11,10,5,37,16,8,2,1,0,Watch
2022-05-17,None,0,139,96,21,14,8,8,2,1,1,1,1,2,5,1,1,2,1,5,3,3,14,4,10,42,18,1,1,44,11,8,13,12,11,54,15,11,2,2,0,Watch
2022-05-18,None,0,143,103,18,10,12,9,2,1,1,1,1,2,6,1,1,2,1,5,4,3,13,4,9,38,17,1,1,36,11,10,13,11,9,41,14,9,2,1,0,Watch
2022-05-19,None,0,129,90,18,15,6,6,2,1,1,1,1,2,5,1,1,2,1,4,3,3,12,4,9,36,16,1,1,40,9,8,14,12,7,34,22,8,2,2,0,Watch
2022-05-20,None,0,127,92,18,9,8,8,2,1,1,1,1,2,5,1,1,2,1,5,3,3,11,4,9,37,16,1,1,45,10,8,11,13,7,48,15,7,2,2,0,Watch
2022-05-21,None,0,115,79,16,9,11,6,2,1,1,1,1,2,5,1,1,1,1,4,3,2,12,3,8,32,15,1,1,43,12,6,12,10,9,30,14,6,2,2,0,Watch
2022-05-22,None,0,109,78,15,7,9,6,2,1,1,1,1,2,4,1,1,1,1,4,3,2,10,3,7,31,14,1,1,41,11,4,10,11,6,38,15,13,2,1,0,Watch
2022-05-23,Diarrheal,4,159,111,33,9,6,7,3,1,1,1,1,2,6,1,1,2,1,4,3,5,16,24,29,61,38,2,1,42,10,8,17,29,28,72,36,8,2,2,0,High
2022-05-24,Diarrheal,4,168,110,37,14,7,10,2,2,1,1,1,2,6,1,1,2,1,6,4,7,19,26,32,67,42,2,1,45,11,9,21,46,38,65,39,5,2,2,0,High
2022-05-25,Diarrheal,4,184,121,39,9,15,11,3,2,1,1,1,3,7,1,1,2,1,7,5,7,21,28,34,71,46,2,1,43,10,5,22,43,43,90,40,8,2,2,0,High
2022-05-26,Diarrheal,4,163,105,38,15,5,10,2,2,1,1,1,2,6,1,1,2,1,6,4,7,19,27,33,68,43,2,1,42,11,10,20,34,27,91,40,11,2,2,0,High
2022-05-27,Diarrheal,4,158,102,37,9,10,9,2,2,1,1,1,2,6,1,1,2,1,5,4,6,19,26,32,66,42,2,1,46,11,10,21,30,31,83,44,6,2,1,0,High
2022-05-28,Diarrheal,4,148,96,35,8,9,9,2,1,1,1,1,2,6,1,1,2,1,5,4,6,17,25,30,63,40,2,1,37,10,9,14,36,39,69,35,9,2,2,0,High
2022-05-29,Diarrheal,4,157,99,41,7,10,9,2,2,1,1,1,2,6,1,1,2,1,5,4,7,20,29,35,72,45,2,1,46,13,7,26,38,35,76,39,6,2,1,0,High
2022-05-30,Diarrheal,4,165,116,34,9,6,10,3,1,1,1,1,2,6,1,1,2,1,6,4,6,16,24,29,63,39,2,1,41,11,9,21,32,36,69,33,8,2,1,0,High
2022-05-31,Diarrheal,4,169,112,35,14,8,9,3,1,1,1,1,2,7,1,1,2,1,5,4,6,19,25,30,64,41,2,1,42,11,9,24,29,35,87,47,9,2,0,0,High
2022-06-01,Diarrheal,4,190,114,54,8,14,13,3,2,1,1,1,3,7,1,2,2,1,8,5,9,26,38,46,93,59,2,1,41,11,8,22,49,35,97,85,7,2,3,0,High
2022-06-02,Diarrheal,4,173,109,44,13,7,10,2,2,1,1,1,2,7,1,1,2,1,6,4,7,21,31,38,77,49,2,1,50,11,8,21,49,40,87,42,8,2,1,0,High
2022-06-03,Diarrheal,4,166,103,48,7,8,8,2,2,1,1,1,2,6,1,1,2,1,5,3,7,21,34,41,83,52,2,1,42,12,10,24,50,45,77,74,5,2,1,0,High
2022-06-04,Diarrheal,4,172,99,56,6,11,11,2,2,1,1,1,2,7,1,2,2,1,7,5,8,25,40,48,94,60,2,1,44,12,6,27,40,43,124,62,8,1,2,0,High
2022-06-05,Diarrheal,4,165,93,51,8,13,10,2,2,1,1,1,2,6,1,2,2,1,6,5,8,24,36,44,86,54,2,1,45,11,9,23,57,44,87,55,9,2,1,0,High
2022-06-06,Diarrheal,4,179,114,49,7,9,10,3,2,1,1,1,2,7,1,1,2,1,6,4,8,22,35,42,85,54,2,1,42,9,7,21,41,50,90,45,8,2,3,0,High
2022-06-07,Diarrheal,4,182,114,46,13,9,10,3,2,1,1,1,3,7,1,1,2,1,6,4,7,23,33,40,81,52,2,1,37,11,10,23,44,31,84,63,9,2,1,0,High
2022-06-08,Diarrheal,4,190,121,49,7,13,11,3,2,1,1,1,3,7,1,1,2,1,7,5,8,23,35,42,86,55,2,1,51,16,8,26,40,41,119,48,11,2,2,0,High
2022-06-09,Diarrheal,4,176,107,45,14,10,10,2,2,1,1,1,2,7,1,1,2,1,6,4,7,23,32,39,79,50,2,1,38,10,8,20,37,35,100,58,9,2,2,0,High
2022-06-10,Diarrheal,4,165,104,45,8,8,9,2,2,1,1,1,2,6,1,1,2,1,5,4,7,21,32,39,78,49,2,1,55,12,8,21,36,35,85,67,7,1,1,0,High
2022-06-11,Diarrheal,4,158,96,46,5,11,9,2,2,1,1,1,2,6,1,1,2,1,5,4,7,21,33,40,79,50,2,1,43,11,9,26,45,34,72,71,9,3,2,0,High
2022-06-12,Diarrheal,4,162,96,48,5,13,11,2,2,1,1,1,2,6,1,1,2,1,7,5,8,22,34,41,82,52,2,1,45,11,9,27,43,47,77,70,9,2,1,0,High
2022-06-13,Diarrheal,4,177,113,51,7,6,9,3,2,1,1,1,2,7,1,1,2,1,5,3,7,22,36,44,88,55,2,1,42,11,9,24,39,54,97,65,9,2,0,0,High
2022-06-14,Diarrheal,4,179,115,43,13,8,11,3,2,1,1,1,2,7,1,1,2,1,7,4,7,21,31,37,76,48,2,1,36,13,8,24,42,44,99,54,9,3,0,0,High
2022-06-15,None,0,151,103,29,8,11,9,2,1,1,1,1,2,6,1,1,2,1,5,4,4,16,6,14,54,23,2,1,50,12,8,21,13,18,73,25,10,2,0,0,Normal
2022-06-16,None,0,141,88,34,12,7,9,2,1,1,1,1,2,6,1,1,2,1,5,4,4,17,7,16,60,25,2,1,42,10,7,16,14,17,75,33,9,2,1,0,Watch
2022-06-17,None,0,134,89,31,8,6,9,2,1,1,1,1,2,5,1,1,2,1,5,3,4,15,6,14,56,23,2,1,45,10,8,18,13,11,56,19,6,2,2,0,Watch
2022-06-18,None,0,132,83,32,6,11,8,2,1,1,1,1,2,5,1,1,2,1,5,4,4,16,6,15,57,23,2,1,42,13,7,16,16,11,71,32,9,2,1,0,Watch
2022-06-19,None,0,125,74,32,8,11,7,2,1,1,1,1,2,5,1,1,2,1,4,4,3,17,6,15,56,23,2,1,39,10,8,17,12,18,77,28,10,2,0,0,Normal
2022-06-20,None,0,146,100,31,10,5,8,2,1,1,1,1,2,6,1,1,2,1,5,3,4,15,6,14,57,24,1,1,44,13,9,16,16,13,59,19,6,2,2,0,Watch
2022-06-21,None,0,147,100,28,13,6,8,2,1,1,1,1,2,6,1,1,2,1,5,3,3,15,6,13,52,22,1,1,42,9,9,19,13,15,50,19,11,2,2,0,Watch
2022-06-22,None,0,152,104,29,6,13,10,2,1,1,1,1,2,6,1,1,2,1,6,5,4,16,6,14,54,23,2,1,36,9,8,14,15,15,51,30,10,2,2,0,Watch
2022-06-23,None,0,142,91,30,14,7,9,2,1,1,1,1,2,6,1,1,2,1,5,4,4,17,6,14,55,23,2,1,37,8,8,22,15,12,60,19,9,2,2,0,Watch
2022-06-24,None,0,137,86,36,7,8,8,2,2,1,1,1,2,5,1,1,2,1,5,3,4,17,7,17,63,25,2,1,32,11,8,19,16,17,70,35,9,2,0,0,Normal
2022-06-25,None,0,124,76,32,7,9,7,2,1,1,1,1,2,5,1,1,2,1,4,3,3,16,6,15,56,23,2,1,44,11,10,18,16,12,52,31,9,2,2,0,Watch
2022-06-26,None,0,122,75,28,7,12,8,2,1,1,1,1,2,5,1,1,2,1,5,4,3,16,6,13,50,21,2,1,42,11,7,17,15,14,45,21,10,2,1,0,Watch
2022-06-27,None,0,136,92,27,9,8,8,2,1,1,1,1,2,5,1,1,2,1,5,3,3,15,5,13,50,21,1,1,49,11,9,16,14,15,54,18,10,2,1,0,Watch
2022-06-28,None,0,141,92,32,11,6,9,2,1,1,1,1,2,6,1,1,2,1,5,3,4,16,6,15,58,24,2,1,57,9,8,14,15,11,78,28,12,2,2,0,Watch
2022-06-29,None,0,159,108,27,7,17,9,2,1,1,1,1,2,6,1,1,2,1,5,5,4,17,5,13,52,22,2,1,42,10,7,15,13,15,60,25,9,2,1,0,Watch
2022-06-30,None,0,139,89,31,12,7,9,2,1,1,1,1,2,5,1,1,2,1,5,4,4,16,6,14,56,23,2,1,42,10,8,19,13,10,60,31,10,2,1,0,Watch
2022-07-01,None,0,129,86,29,7,7,7,2,1,1,1,1,2,5,1,1,2,1,4,3,3,14,6,14,53,22,2,1,43,15,10,18,15,13,54,18,10,2,2,0,Watch
2022-07-02,None,0,120,77,25,8,10,7,2,1,1,1,1,2,5,1,1,1,1,4,3,3,14,5,12,46,20,2,1,45,10,9,16,13,14,58,16,4,2,1,0,Watch
2022-07-03,None,0,119,77,27,6,9,7,2,1,1,1,1,2,5,1,1,1,1,4,3,3,14,5,13,49,21,2,1,33,10,6,12,13,16,60,24,9,3,1,0,Watch
2022-07-04,None,0,151,99,38,9,5,7,2,2,1,1,1,2,6,1,1,2,1,4,3,4,18,7,18,67,27,2,1,44,12,7,20,17,21,80,31,10,2,0,0,Normal
2022-07-05,None,0,132,90,21,14,7,8,2,1,1,1,1,2,5,1,1,2,1,5,3,3,13,4,10,41,18,1,1,47,11,6,16,11,10,47,20,7,2,0,0,Normal
2022-07-06,None,0,145,101,25,7,12,8,2,1,1,1,1,2,6,1,1,2,1,5,4,3,15,5,12,48,21,2,1,43,11,8,15,12,9,54,25,10,2,1,0,Watch
2022-07-07,None,0,136,90,28,10,8,7,2,1,1,1,1,2,5,1,1,2,1,4,3,3,15,6,13,51,21,2,1,35,8,7,19,16,13,52,28,12,2,0,0,Normal
2022-07-08,None,0,129,88,29,5,7,7,2,1,1,1,1,2,5,1,1,2,1,4,3,3,14,6,14,53,22,2,1,43,10,8,17,16,14,52,26,8,2,1,0,Watch
2022-07-09,None,0,124,78,32,5,9,6,2,1,1,1,1,2,5,1,1,2,1,4,3,3,16,6,15,56,23,2,1,42,14,8,19,16,12,73,21,9,2,2,0,Watch
2022-07-10,None,0,130,76,36,7,11,10,2,2,1,1,1,2,5,1,1,2,1,6,4,4,18,7,17,62,25,2,1,45,10,7,16,15,17,56,23,12,2,3,0,High
2022-07-11,None,0,140,97,30,8,5,9,2,1,1,1,1,2,5,1,1,2,1,5,3,4,14,6,14,55,22,1,1,41,12,8,14,16,17,64,25,7,2,0,0,Normal
2022-07-12,None,0,136,90,25,13,8,10,2,1,1,1,1,2,5,1,1,2,1,6,4,4,15,5,12,47,20,1,1,46,12,7,19,14,11,50,27,12,2,1,0,Watch
2022-07-13,None,0,146,98,28,7,13,8,2,1,1,1,1,2,6,1,1,2,1,5,4,3,16,6,13,52,22,2,1,46,11,9,19,14,17,47,25,9,2,1,0,Watch
2022-07-14,None,0,135,95,23,10,7,9,2,1,1,1,1,2,5,1,1,2,1,5,4,3,13,5,11,44,19,1,1,40,14,11,13,13,8,59,23,8,2,1,0,Watch
2022-07-15,None,0,127,88,24,8,7,7,2,1,1,1,1,2,5,1,1,2,1,4,3,3,13,5,11,45,19,1,1,36,12,8,15,14,8,60,19,11,2,1,0,Watch
2022-07-16,None,0,124,75,31,6,12,8,2,1,1,1,1,2,5,1,1,2,1,5,4,4,16,6,14,54,23,2,1,42,10,5,17,16,14,59,32,9,2,0,0,Normal
2022-07-17,None,0,120,70,33,5,12,9,2,1,1,1,1,2,5,1,1,1,1,5,4,4,17,6,15,57,24,2,1,45,11,8,14,14,19,72,27,11,2,1,0,Watch
2022-07-18,None,0,129,95,22,7,5,7,2,1,1,1,1,2,5,1,1,2,1,4,3,3,11,4,10,43,18,1,1,34,11,9,13,11,9,43,24,5,2,1,0,Watch
2022-07-19,None,0,131,91,21,11,8,7,2,1,1,1,1,2,5,1,1,2,1,4,3,3,13,4,10,41,18,1,1,39,11,10,16,13,8,40,22,9,2,2,0,Watch
2022-07-20,None,0,148,96,33,5,14,9,2,1,1,1,1,2,6,1,1,2,1,5,4,4,17,6,15,60,25,2,1,46,16,8,21,16,17,66,36,9,2,0,0,Normal
2022-07-21,None,0,133,89,26,11,7,7,2,1,1,1,1,2,5,1,1,2,1,4,3,3,14,5,12,48,20,1,1,48,10,9,17,12,11,64,17,8,2,2,0,Watch
2022-07-22,None,0,124,83,30,7,4,7,2,1,1,1,1,2,5,1,1,2,1,4,3,3,14,6,14,54,22,1,1,33,14,8,16,14,18,67,26,9,2,0,0,Normal
2022-07-23,None,0,122,77,28,7,10,9,2,1,1,1,1,2,5,1,1,2,1,5,4,4,15,6,13,50,21,2,1,42,13,7,17,13,16,60,27,9,2,0,0,Normal
2022-07-24,None,0,117,74,27,6,10,8,2,1,1,1,1,2,5,1,1,1,1,5,4,3,14,5,13,48,21,2,1,40,15,8,14,12,14,49,26,10,2,0,0,Normal
2022-07-25,None,0,133,94,25,5,9,6,2,1,1,1,1,2,5,1,1,2,1,4,3,3,13,5,12,47,20,1,1,39,7,8,16,12,13,43,19,9,2,2,0,Watch
2022-07-26,Malaria,4,164,89,56,10,9,11,2,2,1,1,1,2,6,1,2,2,1,7,4,8,25,11,48,93,59,2,1,43,10,7,25,19,61,125,80,10,2,1,0,High
2022-07-27,Malaria,4,172,99,58,4,11,10,2,2,1,1,1,2,7,1,2,2,1,6,4,8,25,11,50,97,62,2,1,45,10,6,30,21,49,129,73,10,2,2,0,High
2022-07-28,Malaria,4,167,87,61,11,8,11,2,2,1,1,1,2,6,1,2,2,1,7,4,9,27,11,52,101,63,2,1,39,12,10,25,17,46,115,60,7,2,3,0,High
2022-07-29,Malaria,4,158,85,60,5,8,11,2,2,1,1,1,2,6,1,2,2,1,7,4,9,25,11,51,99,62,2,1,43,13,5,27,22,43,111,53,8,2,3,0,High
2022-07-30,Malaria,4,157,78,60,6,13,11,2,2,1,1,1,2,6,1,2,2,1,7,5,9,27,11,51,98,62,3,1,41,11,9,32,21,52,111,69,9,2,0,0,High
2022-07-31,Malaria,4,163,80,62,9,12,12,2,2,1,1,1,2,6,1,2,2,1,7,5,9,28,12,53,101,64,3,1,42,10,9,28,22,55,95,66,8,2,1,0,High
2022-08-01,Malaria,4,169,94,63,6,6,11,2,2,1,1,1,2,7,1,2,2,1,7,4,9,26,12,54,104,66,2,1,40,11,6,25,20,42,145,76,9,2,3,0,High
2022-08-02,Malaria,4,174,91,63,12,8,11,2,2,1,1,1,2,7,1,2,2,1,7,4,9,28,12,54,104,66,2,1,44,10,7,33,20,70,102,88,7,2,2,0,High
2022-08-03,Malaria,4,184,103,61,7,13,12,2,2,1,1,1,3,7,1,2,2,1,7,5,9,27,11,52,102,65,3,1,42,12,7,27,19,53,122,78,9,2,1,0,High
2022-08-04,Malaria,4,161,84,59,12,6,11,2,2,1,1,1,2,6,1,2,2,1,7,4,9,26,11,51,97,62,2,1,48,13,9,34,24,54,99,73,7,2,0,0,High
2022-08-05,Malaria,4,160,84,62,6,8,10,2,2,1,1,1,2,6,1,2,2,1,6,4,9,26,12,53,102,64,2,1,49,11,8,28,24,65,102,81,9,2,1,0,High
2022-08-06,Malaria,4,160,72,73,3,12,10,2,3,1,1,1,2,6,1,2,2,1,6,4,10,30,14,63,117,74,3,1,44,13,8,35,25,51,121,85,10,2,2,0,High
2022-08-07,Malaria,4,156,73,63,7,13,12,2,2,1,1,1,2,6,1,2,2,1,7,5,9,28,12,54,102,65,3,1,40,11,8,37,21,49,104,73,7,2,2,0,High
2022-08-08,Malaria,4,166,96,56,8,6,9,2,2,1,1,1,2,6,1,2,2,1,5,3,8,24,11,48,94,59,2,1,42,11,8,26,18,48,97,66,9,2,0,0,High
2022-08-09,Malaria,4,170,96,55,12,7,12,2,2,1,1,1,2,7,1,2,2,1,7,4,9,25,10,47,93,59,2,1,42,11,7,30,20,58,114,47,9,2,2,0,High
2022-08-10,Malaria,4,176,101,57,6,12,10,2,2,1,1,1,2,7,1,2,2,1,6,4,8,26,11,49,96,61,2,1,31,12,10,26,23,47,87,76,8,2,2,0,High
2022-08-11,Malaria,4,159,86,54,12,7,11,2,2,1,1,1,2,6,1,2,2,1,7,4,8,24,10,46,90,57,2,1,43,8,7,28,18,44,105,52,8,2,3,0,High
2022-08-12,Malaria,4,151,80,60,5,6,9,2,2,1,1,1,2,6,1,2,2,1,5,3,8,25,11,51,98,62,2,1,36,13,8,30,18,51,123,85,9,2,0,0,High
2022-08-13,Malaria,4,148,72,57,5,14,10,2,2,1,1,1,2,6,1,2,2,1,6,5,8,26,11,49,93,60,2,1,41,9,7,24,20,40,88,83,8,1,4,0,High
2022-08-14,Malaria,4,154,76,61,6,11,11,2,2,1,1,1,2,6,1,2,2,1,7,5,9,27,11,52,100,63,2,1,42,8,8,33,24,45,133,65,8,2,2,0,High
2022-08-15,Malaria,4,161,86,61,5,9,12,2,2,1,1,1,2,6,1,2,2,1,7,5,9,26,11,52,101,63,2,1,39,11,8,23,23,62,93,80,9,2,3,0,High
2022-08-16,Malaria,4,171,91,62,11,7,11,2,2,1,1,1,2,7,1,2,2,1,7,4,9,27,12,53,103,65,2,1,43,11,7,27,22,63,139,71,10,2,1,0,High
2022-08-17,Malaria,4,172,99,58,5,10,12,2,2,1,1,1,2,7,1,2,2,1,7,5,9,25,11,50,97,62,2,1,36,9,9,30,18,45,133,86,7,2,1,0,High
2022-08-18,Malaria,4,156,83,57,10,6,10,2,2,1,1,1,2,6,1,2,2,1,6,4,8,25,11,49,94,60,2,1,48,10,5,24,22,39,121,55,10,1,4,0,High
2022-08-19,None,0,144,88,28,7,21,11,2,1,2,1,1,2,6,1,1,2,1,7,6,4,18,6,13,51,22,2,1,35,12,10,19,15,10,61,24,9,2,1,0,Watch
2022-08-20,None,0,129,81,24,4,20,8,2,1,2,1,1,2,5,1,1,2,1,5,5,3,16,5,11,45,19,2,1,39,12,9,21,13,10,41,24,9,1,2,0,Watch
2022-08-21,Dengue,3,152,73,60,7,12,10,2,2,1,1,1,2,6,1,2,2,1,6,4,8,27,11,51,98,56,2,1,42,12,8,30,19,43,106,67,7,2,1,0,Watch
2022-08-22,Dengue,3,168,98,57,7,6,9,2,2,1,1,1,2,6,1,2,2,1,5,3,7,24,11,49,96,54,2,1,36,13,10,30,20,53,131,49,9,2,1,0,Watch
2022-08-23,Dengue,3,169,90,62,11,6,11,2,2,1,1,1,2,7,1,2,2,1,7,4,8,27,12,53,102,59,2,1,52,11,8,23,24,44,107,85,11,3,2,0,Watch
2022-08-24,Dengue,3,184,104,57,9,14,12,2,2,1,1,1,3,7,1,2,2,1,7,5,8,27,11,49,96,56,2,1,42,11,8,25,20,39,123,58,11,2,2,0,Watch
2022-08-25,Dengue,3,167,91,59,9,8,11,2,2,1,1,1,2,6,1,2,2,1,7,4,8,26,11,51,98,56,2,1,46,10,7,24,21,66,116,56,10,2,2,0,Watch
2022-08-26,Dengue,3,161,93,56,6,6,9,2,2,1,1,1,2,6,1,2,2,1,5,3,7,23,11,48,94,53,2,1,44,7,8,20,19,47,106,67,8,2,2,0,Watch
2022-08-27,Dengue,3,165,86,60,7,12,11,2,2,1,1,1,2,6,1,2,2,1,7,5,8,27,11,51,99,56,2,1,37,9,6,28,18,68,109,62,11,2,1,0,Watch
2022-08-28,Dengue,3,154,79,57,5,13,11,2,2,1,1,1,2,6,1,2,2,1,7,5,8,26,11,49,94,54,2,1,35,12,8,30,17,39,124,74,9,2,1,0,Watch
2022-08-29,Dengue,3,163,95,56,5,7,10,2,2,1,1,1,2,6,1,2,2,1,6,4,7,23,11,48,94,53,2,1,39,11,5,21,22,60,101,59,8,2,2,0,Watch
2022-08-30,Dengue,3,174,96,59,12,7,11,2,2,1,1,1,2,7,1,2,2,1,7,4,8,26,11,51,99,57,2,1,47,11,8,23,19,56,89,70,11,1,2,0,Watch
2022-08-31,Dengue,3,173,99,56,5,13,11,2,2,1,1,1,2,7,1,2,2,1,7,5,8,25,11,48,94,54,2,1,47,10,8,31,18,40,125,51,13,2,2,0,Watch
2022-09-01,Dengue,3,173,86,70,11,6,11,2,2,1,1,1,2,7,1,2,2,1,7,4,9,30,13,60,114,65,2,1,50,11,8,33,20,45,148,89,9,2,2,0,Watch
2022-09-02,Dengue,3,160,92,54,7,7,12,2,2,1,1,1,2,6,1,2,2,1,7,4,8,23,10,46,91,52,2,1,49,14,7,19,18,40,98,66,12,2,3,0,High
2022-09-03,Dengue,3,146,78,55,5,8,9,2,2,1,1,1,2,6,1,2,2,1,5,4,7,23,10,47,91,52,2,1,38,12,9,29,18,55,112,74,8,2,0,0,Watch
2022-09-04,Dengue,3,147,76,54,6,11,10,2,2,1,1,1,2,6,1,2,2,1,6,4,7,24,10,46,89,52,2,1,48,9,11,27,20,60,106,71,8,2,0,0,Watch
2022-09-05,Dengue,3,161,95,55,5,6,8,2,2,1,1,1,2,6,1,2,2,1,5,3,7,23,10,47,92,52,2,1,42,11,6,26,19,48,128,46,8,2,2,0,Watch
2022-09-06,Dengue,3,176,100,59,10,7,12,2,2,1,1,1,2,7,1,2,2,1,7,4,8,26,11,51,99,57,2,1,34,12,8,28,17,39,106,50,7,2,2,0,Watch
2022-09-07,Dengue,3,180,101,62,4,13,11,2,2,1,1,1,2,7,1,2,2,1,7,5,8,27,12,53,104,59,3,1,41,11,9,24,25,60,108,82,9,2,1,0,Watch
2022-09-08,Dengue,3,166,89,58,11,8,11,2,2,1,1,1,2,6,1,2,2,1,7,4,8,26,11,50,96,55,2,1,42,13,9,30,23,66,95,76,10,2,1,0,Watch
2022-09-09,Dengue,3,162,89,60,9,4,8,2,2,1,1,1,2,6,1,2,2,1,5,3,7,25,11,51,99,56,2,1,42,11,8,23,23,42,110,77,9,3,2,0,Watch
2022-09-10,None,0,110,75,19,5,11,7,2,1,1,1,1,2,4,1,1,1,1,4,4,3,12,4,9,36,16,1,1,33,11,7,10,11,7,43,15,10,1,3,0,High
2022-09-11,None,0,109,72,22,4,11,7,2,1,1,1,1,2,4,1,1,1,1,4,4,3,12,4,10,41,17,1,1,42,11,8,14,12,12,47,21,9,2,0,0,Normal
2022-09-12,None,0,128,88,28,5,7,7,2,1,1,1,1,2,5,1,1,2,1,4,3,3,14,6,13,51,21,1,1,45,11,8,17,13,16,69,20,8,2,1,0,Watch
2022-09-13,None,0,128,85,25,10,8,9,2,1,1,1,1,2,5,1,1,2,1,5,4,4,14,5,12,46,20,1,1,46,13,8,16,12,15,45,17,9,2,2,0,Watch
2022-09-14,None,0,141,95,27,6,13,9,2,1,1,1,1,2,6,1,1,2,1,5,4,4,15,5,13,50,22,2,1,42,11,6,13,12,10,65,23,7,2,2,0,Watch
2022-09-15,None,0,127,83,25,11,8,7,2,1,1,1,1,2,5,1,1,2,1,4,3,3,14,5,12,46,20,1,1,41,9,11,16,14,15,52,19,6,2,1,0,Watch
2022-09-16,None,0,125,82,33,7,3,7,2,1,1,1,1,2,5,1,1,2,1,4,3,4,15,6,15,58,24,1,1,48,11,8,19,14,15,66,27,6,2,0,0,Normal
2022-09-17,None,0,117,76,24,4,13,6,2,1,1,1,1,2,5,1,1,1,1,4,4,3,14,5,11,44,19,2,1,36,14,7,14,13,13,49,18,9,2,1,0,Watch
2022-09-18,None,0,119,76,27,6,10,9,2,1,1,1,1,2,5,1,1,1,1,5,4,4,14,5,13,49,21,2,1,44,10,8,16,12,14,67,23,8,2,0,0,Normal
2022-09-19,None,0,130,95,23,7,5,7,2,1,1,1,1,2,5,1,1,2,1,4,3,3,12,5,11,44,19,1,1,47,12,5,11,12,8,51,22,9,2,2,0,Watch
2022-09-20,None,0,133,88,28,10,7,8,2,1,1,1,1,2,5,1,1,2,1,5,3,3,15,6,13,51,21,1,1,42,13,8,14,14,12,55,26,4,2,2,0,Watch
2022-09-21,None,0,146,99,30,6,11,9,2,1,1,1,1,2,6,1,1,2,1,5,4,4,16,6,14,55,23,2,1,43,13,11,19,15,13,75,18,9,2,2,0,Watch
2022-09-22,None,0,128,85,24,11,8,8,2,1,1,1,1,2,5,1,1,2,1,5,3,3,14,5,11,45,19,1,1,51,7,9,12,14,10,48,23,11,2,2,0,Watch
2022-09-23,None,0,121,79,32,4,6,7,2,1,1,1,1,2,5,1,1,2,1,4,3,3,14,6,15,56,23,2,1,46,11,8,15,15,18,60,30,10,3,0,0,Normal
2022-09-24,None,0,111,72,24,6,9,8,2,1,1,1,1,2,4,1,1,1,1,5,4,3,13,5,11,44,18,1,1,42,9,11,11,13,10,48,19,13,2,2,0,Watch
2022-09-25,None,0,109,68,25,3,13,7,2,1,1,1,1,2,4,1,1,1,1,4,4,3,14,5,12,45,19,2,1,50,10,5,17,12,13,51,25,8,2,0,0,Normal
2022-09-26,None,0,124,87,26,4,7,7,2,1,1,1,1,2,5,1,1,2,1,4,3,3,13,5,12,48,20,1,1,52,13,4,12,13,12,44,25,11,2,2,0,Watch
2022-09-27,None,0,127,83,30,9,5,8,2,1,1,1,1,2,5,1,1,2,1,5,3,4,15,6,14,54,22,1,1,43,13,5,16,15,12,59,31,9,2,1,0,Watch
2022-09-28,None,0,138,98,23,4,13,7,2,1,1,1,1,2,5,1,1,2,1,4,4,3,13,5,11,45,19,2,1,42,11,11,17,14,9,62,21,10,2,1,0,Watch
2022-09-29,None,0,124,85,24,10,5,7,2,1,1,1,1,2,5,1,1,2,1,4,3,3,13,5,11,45,19,1,1,37,12,11,17,14,14,43,16,9,2,2,0,Watch
2022-09-30,None,0,111,81,22,4,4,5,2,1,1,1,1,2,4,1,1,1,1,3,2,3,10,4,10,42,17,1,1,44,12,10,11,13,9,53,21,8,2,1,0,Watch
2022-10-01,None,0,101,70,14,6,11,6,2,1,1,1,1,2,4,1,1,1,1,4,3,2,10,3,7,28,13,1,1,42,11,10,10,12,6,29,16,8,2,1,0,Watch
2022-10-02,None,0,104,72,16,4,12,6,2,1,1,1,1,2,4,1,1,1,1,4,3,2,11,3,8,32,14,1,1,35,12,9,9,12,8,42,16,10,3,1,0,Watch
2022-10-03,None,0,112,87,13,6,6,6,2,1,1,1,1,2,4,1,1,1,1,4,3,2,8,3,6,29,13,1,1,43,7,6,9,11,5,38,14,9,2,1,0,Watch
2022-10-04,None,0,122,87,14,11,10,7,2,1,1,1,1,2,5,1,1,2,1,4,3,3,11,3,7,30,14,1,1,50,14,7,14,11,8,32,19,11,2,0,0,Normal
2022-10-05,None,0,126,93,16,5,12,8,2,1,1,1,1,2,5,1,1,2,1,5,4,3,11,3,8,34,15,1,1,42,11,9,10,12,8,46,15,9,2,1,0,Watch
2022-10-06,None,0,121,89,14,11,7,8,2,1,1,1,1,2,5,1,1,2,1,5,3,3,10,3,7,30,14,1,1,48,10,11,13,11,9,37,12,9,1,1,0,Watch
2022-10-07,None,0,113,84,17,5,7,5,2,1,1,1,1,2,5,1,1,1,1,3,3,2,10,4,8,34,16,1,1,45,12,8,9,11,10,40,18,11,2,1,0,Watch
2022-10-08,None,0,108,77,15,7,9,7,2,1,1,1,1,2,4,1,1,1,1,4,3,3,10,3,7,31,14,1,1,43,12,9,12,12,9,31,17,12,1,0,0,Normal
2022-10-09,None,0,114,74,16,5,19,9,2,1,2,1,1,2,5,1,1,1,1,5,5,3,13,3,8,32,15,2,1,41,11,10,12,11,9,37,13,6,2,2,0,Watch
2022-10-10,None,0,124,95,15,6,8,7,2,1,1,1,1,2,5,1,1,2,1,4,3,3,10,3,7,32,15,1,1,49,9,8,12,11,6,32,13,6,2,2,0,Watch
2022-10-11,None,0,122,91,14,9,8,6,2,1,1,1,1,2,5,1,1,2,1,4,3,2,10,3,7,31,14,1,1,39,11,9,11,11,7,30,11,8,2,2,0,Watch
2022-10-12,None,0,124,95,11,6,12,7,2,1,1,1,1,2,5,1,1,2,1,4,4,2,9,2,5,26,13,1,1,40,12,7,8,10,5,31,11,8,2,2,0,Watch
2022-10-13,None,0,116,85,15,11,5,6,2,1,1,1,1,2,5,1,1,1,1,4,3,2,10,3,7,31,15,1,1,46,7,9,12,10,5,29,21,8,2,2,0,Watch
2022-10-14,None,0,117,84,19,6,8,6,2,1,1,1,1,2,5,1,1,1,1,4,3,3,11,4,9,37,17,1,1,52,8,7,10,11,11,38,22,9,1,1,0,Watch
2022-10-15,None,0,104,73,18,5,8,7,2,1,1,1,1,2,4,1,1,1,1,4,3,3,10,4,9,35,15,1,1,44,11,7,12,13,12,43,21,9,2,0,0,Normal
2022-10-16,None,0,100,69,16,6,9,7,2,1,1,1,1,2,4,1,1,1,1,4,3,3,10,3,8,31,14,1,1,43,10,6,11,12,6,36,15,9,2,1,0,Watch
2022-10-17,None,0,109,87,12,5,5,4,2,1,1,1,1,2,4,1,1,1,1,3,2,2,7,3,6,27,12,1,1,43,11,5,6,11,5,36,16,6,2,2,0,Watch
2022-10-18,None,0,113,85,13,10,5,6,2,1,1,1,1,2,5,1,1,1,1,4,3,2,9,3,6,28,14,1,1,35,12,8,8,10,7,34,12,12,2,2,0,Watch
2022-10-19,None,0,124,94,13,7,10,7,2,1,1,1,1,2,5,1,1,2,1,4,3,3,10,3,6,29,14,1,1,43,10,8,13,11,5,28,18,9,2,2,0,Watch
2022-10-20,None,0,113,81,14,12,6,6,2,1,1,1,1,2,5,1,1,1,1,4,3,2,10,3,7,30,14,1,1,45,10,9,11,10,6,27,19,7,2,2,0,Watch
2022-10-21,None,0,116,89,16,5,6,5,2,1,1,1,1,2,5,1,1,1,1,3,2,2,9,3,8,33,15,1,1,41,11,11,8,11,9,42,12,9,3,2,0,Watch
2022-10-22,None,0,115,78,12,5,20,8,2,1,2,1,1,2,5,1,1,1,1,5,5,3,12,3,6,26,13,2,1,44,12,8,15,11,5,24,16,9,2,2,0,Watch
2022-10-23,None,0,105,68,20,5,12,7,2,1,1,1,1,2,4,1,1,1,1,4,4,3,12,4,9,37,16,1,1,42,11,7,12,12,9,36,16,11,2,1,0,Watch
2022-10-24,None,0,133,95,16,6,16,8,2,1,1,1,1,2,5,1,1,2,1,5,4,3,12,3,8,34,15,2,1,48,11,8,15,12,10,32,18,9,2,1,0,Watch
2022-10-25,None,0,117,83,16,11,7,7,2,1,1,1,1,2,5,1,1,1,1,4,3,3,11,3,8,33,15,1,1,48,11,8,12,11,8,40,20,8,2,0,0,Normal
2022-10-26,None,0,126,95,13,5,13,8,2,1,1,1,1,2,5,1,1,2,1,5,4,3,10,3,6,29,14,1,1,42,11,6,8,11,6,28,13,5,3,3,0,High
2022-10-27,None,0,119,84,17,10,8,8,2,1,1,1,1,2,5,1,1,1,1,5,3,3,11,4,8,34,16,1,1,37,11,7,14,12,8,40,20,9,2,0,0,Normal
2022-10-28,None,0,105,80,12,5,8,7,2,1,1,1,1,2,4,1,1,1,1,4,3,2,8,3,6,26,12,1,1,49,10,7,8,11,5,29,13,9,2,1,0,Watch
2022-10-29,None,0,108,73,13,9,13,7,2,1,1,1,1,2,4,1,1,1,1,4,4,3,11,3,6,27,13,1,1,38,14,3,14,11,5,37,15,12,2,1,0,Watch
2022-10-30,None,0,100,69,16,4,11,7,2,1,1,1,1,2,4,1,1,1,1,4,4,3,10,3,8,31,14,1,1,36,7,8,11,11,8,29,11,9,2,2,0,Watch
2022-10-31,None,0,123,93,16,8,6,8,2,1,1,1,1,2,5,1,1,2,1,5,3,3,10,3,8,34,15,1,1,43,12,10,11,11,6,43,13,9,2,2,0,Watch
2022-11-01,None,0,113,81,16,9,7,9,2,1,1,1,1,2,5,1,1,1,1,5,4,3,10,3,8,33,15,1,1,38,13,7,11,10,9,37,17,11,2,0,0,Normal
2022-11-02,None,0,123,92,15,5,11,6,2,1,1,1,1,2,5,1,1,2,1,4,3,2,10,3,7,32,15,1,1,47,11,11,12,11,6,29,14,8,3,3,0,High
2022-11-03,None,0,113,85,12,12,4,8,2,1,1,1,1,2,5,1,1,1,1,5,3,3,9,3,6,27,13,1,1,44,12,9,9,12,5,36,17,9,2,1,0,Watch
2022-11-04,None,0,110,79,19,6,6,5,2,1,1,1,1,2,4,1,1,1,1,3,2,2,10,4,9,37,16,1,1,39,11,9,9,11,11,43,13,11,2,2,0,Watch
2022-11-05,None,0,101,70,14,6,11,6,2,1,1,1,1,2,4,1,1,1,1,4,3,2,10,3,7,28,13,1,1,54,11,11,8,10,8,32,16,7,2,1,0,Watch
2022-11-06,None,0,98,70,13,4,11,7,2,1,1,1,1,2,4,1,1,1,1,4,4,3,9,3,6,27,13,1,1,42,11,12,10,12,5,36,12,6,2,2,0,Watch
2022-11-07,None,0,113,86,16,5,6,8,2,1,1,1,1,2,5,1,1,1,1,5,3,3,9,3,8,33,15,1,1,44,11,6,10,12,9,43,19,11,2,0,0,Normal
2022-11-08,Mass_Casualty,5,204,93,12,10,89,24,2,1,5,1,1,3,8,1,1,2,4,14,17,10,34,3,6,28,23,4,3,33,12,9,38,10,5,31,29,10,2,4,0,High
2022-11-09,None,0,125,93,16,5,11,6,2,1,1,1,1,2,5,1,1,2,1,4,3,2,11,3,8,34,15,1,1,42,13,7,10,11,9,33,12,9,2,3,0,High
2022-11-10,None,0,116,85,14,11,6,8,2,1,1,1,1,2,5,1,1,1,1,5,3,3,10,3,7,30,14,1,1,42,12,8,9,10,5,41,15,8,2,2,0,Watch
2022-11-11,None,0,111,88,13,4,6,6,2,1,1,1,1,2,4,1,1,1,1,4,3,2,8,3,6,29,13,1,1,57,14,8,9,12,6,37,18,11,2,0,0,Normal
2022-11-12,None,0,121,81,21,8,11,7,2,1,1,1,1,2,5,1,1,2,1,4,4,3,13,4,10,40,18,1,1,49,11,12,15,13,12,40,24,10,2,0,0,Normal
2022-11-13,None,0,100,66,20,5,9,7,2,1,1,1,1,2,4,1,1,1,1,4,3,3,11,4,9,37,16,1,1,41,10,7,12,12,10,37,13,11,2,1,0,Watch
2022-11-14,None,0,110,84,13,6,7,6,2,1,1,1,1,2,4,1,1,1,1,4,3,2,9,3,6,28,13,1,1,42,12,9,8,10,5,34,15,8,2,2,0,Watch
2022-11-15,None,0,136,92,16,10,18,10,2,1,1,1,1,2,5,1,1,2,1,6,5,3,14,3,8,34,15,2,1,42,14,9,16,10,7,35,19,9,2,1,0,Watch
2022-11-16,None,0,129,94,17,5,13,8,2,1,1,1,1,2,5,1,1,2,1,5,4,3,12,4,8,35,16,1,1,38,11,8,15,12,8,41,13,10,2,1,0,Watch
2022-11-17,None,0,120,88,15,11,6,6,2,1,1,1,1,2,5,1,1,1,1,4,3,2,10,3,7,32,15,1,1,49,11,10,12,12,5,43,20,10,2,1,0,Watch
2022-11-18,None,0,116,86,18,5,7,5,2,1,1,1,1,2,5,1,1,1,1,3,3,2,10,4,9,36,16,1,1,41,13,8,8,11,10,49,13,9,2,2,0,Watch
2022-11-19,None,0,104,71,15,6,12,7,2,1,1,1,1,2,4,1,1,1,1,4,4,3,11,3,7,30,14,1,1,42,11,5,13,11,9,34,19,9,2,0,0,Normal
2022-11-20,None,0,101,69,17,4,11,8,2,1,1,1,1,2,4,1,1,1,1,5,4,3,11,4,8,33,15,1,1,48,11,10,12,12,8,37,13,9,2,1,0,Watch
2022-11-21,None,0,122,91,16,8,7,6,2,1,1,1,1,2,5,1,1,2,1,4,3,2,10,3,8,34,15,1,1,43,13,9,8,11,8,44,15,10,2,1,0,Watch
2022-11-22,None,0,126,89,18,10,9,8,2,1,1,1,1,2,5,1,1,2,1,5,4,3,12,4,9,36,16,1,1,48,11,7,15,12,7,42,14,9,2,2,0,Watch
2022-11-23,None,0,120,94,13,3,10,8,2,1,1,1,1,2,5,1,1,1,1,5,4,3,9,3,6,29,14,1,1,38,10,9,8,11,5,36,17,11,2,2,0,Watch
2022-11-24,None,0,118,88,15,9,6,6,2,1,1,1,1,2,5,1,1,1,1,4,3,2,10,3,7,32,15,1,1,40,11,7,12,12,5,44,20,9,1,1,0,Watch
2022-11-25,None,0,124,89,14,5,16,9,2,1,1,1,1,2,5,1,1,2,1,5,5,3,11,3,7,30,14,1,1,42,11,10,10,10,8,34,16,9,2,1,0,Watch
2022-11-26,None,0,104,74,14,5,11,6,2,1,1,1,1,2,4,1,1,1,1,4,3,2,10,3,7,29,13,1,1,47,12,7,9,11,8,40,10,9,2,2,0,Watch
2022-11-27,None,0,97,67,14,5,11,7,2,1,1,1,1,2,4,1,1,1,1,4,4,3,10,3,7,28,13,1,1,41,11,11,10,11,8,36,17,9,1,0,0,Normal
2022-11-28,None,0,112,88,10,5,9,5,2,1,1,1,1,2,4,1,1,1,1,3,3,2,8,2,5,24,11,1,1,51,11,8,7,9,5,28,9,10,2,2,0,Watch
2022-11-29,None,0,140,93,17,11,19,9,2,1,2,1,1,2,5,1,1,2,1,5,5,3,15,4,8,35,16,2,1,44,7,10,13,11,7,36,13,10,2,3,0,High
2022-11-30,None,0,127,97,12,6,12,7,2,1,1,1,1,2,5,1,1,2,1,4,4,2,10,3,6,28,13,1,1,38,12,9,11,10,7,28,11,8,2,1,0,Watch
2022-12-01,None,0,119,84,19,10,6,7,2,1,1,1,1,2,5,1,1,1,1,4,3,3,11,4,9,37,17,1,1,48,10,8,9,11,11,38,15,9,2,2,0,Watch
2022-12-02,None,0,105,78,16,4,7,4,2,1,1,1,1,2,4,1,1,1,1,3,2,2,9,3,8,32,14,1,1,39,14,8,11,12,9,32,15,8,2,0,0,Normal
2022-12-03,None,0,107,74,15,7,11,7,2,1,1,1,1,2,4,1,1,1,1,4,4,3,11,3,7,30,14,1,1,40,12,8,10,12,8,38,19,9,2,1,0,Watch
2022-12-04,None,0,108,73,16,7,12,8,2,1,1,1,1,2,4,1,1,1,1,5,4,3,11,3,8,32,14,1,1,42,13,6,12,11,10,28,17,8,2,1,0,Watch
2022-12-05,None,0,130,96,15,10,9,8,2,1,1,1,1,2,5,1,1,2,1,5,4,3,11,3,7,33,15,1,1,34,11,8,12,12,7,38,15,9,2,0,0,Normal
2022-12-06,None,0,120,90,13,10,7,6,2,1,1,1,1,2,5,1,1,1,1,4,3,2,10,3,6,29,14,1,1,41,11,11,11,11,7,38,11,9,1,1,0,Watch
2022-12-07,None,0,128,96,13,5,14,7,2,1,1,1,1,2,5,1,1,2,1,4,4,3,10,3,6,30,14,1,1,48,11,8,11,11,5,41,14,9,2,1,0,Watch
2022-12-08,None,0,121,91,13,10,7,9,2,1,1,1,1,2,5,1,1,2,1,5,4,3,10,3,6,29,14,1,1,47,7,9,8,11,5,34,20,6,2,2,0,Watch
2022-12-09,None,0,112,82,19,4,7,5,2,1,1,1,1,2,4,1,1,1,1,3,3,2,10,4,9,37,16,1,1,53,10,7,12,12,7,40,21,11,2,1,0,Watch
2022-12-10,None,0,106,74,14,7,11,6,2,1,1,1,1,2,4,1,1,1,1,4,3,2,10,3,7,29,13,1,1,33,9,7,11,10,7,27,18,4,2,1,0,Watch
2022-12-11,None,0,102,68,16,5,13,6,2,1,1,1,1,2,4,1,1,1,1,4,4,2,11,3,8,31,14,1,1,39,14,7,11,11,8,33,16,14,2,0,0,Normal
2022-12-12,None,0,120,90,17,8,5,5,2,1,1,1,1,2,5,1,1,1,1,3,2,2,10,4,8,35,16,1,1,51,9,8,12,13,7,45,17,9,2,1,0,Watch
2022-12-13,None,0,130,92,18,12,8,7,2,1,1,1,1,2,5,1,1,2,1,4,3,3,12,4,9,37,16,1,1,39,11,8,14,12,8,45,15,5,2,2,0,Watch
2022-12-14,None,0,134,97,16,8,13,7,2,1,1,1,1,2,5,1,1,2,1,4,4,3,12,3,8,34,15,1,1,40,14,10,10,11,7,36,17,11,2,2,0,Watch
2022-12-15,None,0,123,86,21,12,4,6,2,1,1,1,1,2,5,1,1,2,1,4,2,3,12,4,10,41,18,1,1,43,10,6,14,11,12,50,25,12,2,0,0,Normal
2022-12-16,None,0,111,83,17,6,5,6,2,1,1,1,1,2,4,1,1,1,1,4,3,3,9,4,8,34,15,1,1,35,11,11,9,13,7,46,15,8,2,1,0,Watch
2022-12-17,None,0,106,70,18,6,12,6,2,1,1,1,1,2,4,1,1,1,1,4,3,3,12,4,9,34,15,1,1,40,11,8,15,11,8,32,16,9,2,2,0,Watch
2022-12-18,None,0,104,73,13,8,10,8,2,1,1,1,1,2,4,1,1,1,1,5,4,3,10,3,6,27,13,1,1,37,11,10,11,11,5,24,15,10,3,2,0,Watch
2022-12-19,None,0,125,94,16,6,9,6,2,1,1,1,1,2,5,1,1,2,1,4,3,2,10,3,8,34,15,1,1,38,10,8,10,12,8,39,18,10,2,0,0,Normal
2022-12-20,None,0,126,89,15,13,9,8,2,1,1,1,1,2,5,1,1,2,1,5,4,3,12,3,7,32,15,1,1,44,10,9,14,10,7,42,13,9,2,1,0,Watch
2022-12-21,None,0,127,96,14,5,12,7,2,1,1,1,1,2,5,1,1,2,1,4,4,3,10,3,7,31,14,1,1,46,10,8,9,10,8,32,15,9,2,1,0,Watch
2022-12-22,None,0,122,88,17,11,6,6,2,1,1,1,1,2,5,1,1,2,1,4,3,3,11,4,8,35,16,1,1,42,11,6,11,11,8,41,16,8,2,0,0,Normal
2022-12-23,None,0,112,82,15,6,9,7,2,1,1,1,1,2,4,1,1,1,1,4,3,3,10,3,7,31,14,1,1,42,11,7,11,11,6,39,12,9,2,2,0,Watch
2022-12-24,None,0,115,75,20,7,13,7,2,1,1,1,1,2,5,1,1,1,1,4,4,3,13,4,9,38,17,2,1,47,11,8,15,12,10,45,24,10,2,0,0,Normal
2022-12-25,None,0,108,74,16,4,14,6,2,1,1,1,1,2,4,1,1,1,1,4,4,2,11,3,8,32,14,1,1,35,10,7,10,12,6,41,17,9,2,2,0,Watch
2022-12-26,None,0,118,87,20,5,6,5,2,1,1,1,1,2,5,1,1,1,1,3,2,2,11,4,9,39,17,1,1,45,10,8,13,11,10,41,17,8,2,0,0,Normal
2022-12-27,None,0,125,92,14,11,8,8,2,1,1,1,1,2,5,1,1,2,1,5,3,3,11,3,7,31,14,1,1,38,11,8,12,11,9,33,12,10,2,1,0,Watch
2022-12-28,None,0,129,98,16,5,10,7,2,1,1,1,1,2,5,1,1,2,1,4,3,3,10,3,8,34,15,1,1,42,11,10,12,11,10,45,20,9,2,0,0,Normal
2022-12-29,None,0,128,85,23,13,7,8,2,1,1,1,1,2,5,1,1,2,1,5,3,3,14,5,11,43,19,1,1,34,9,6,18,14,10,43,23,9,2,1,0,Watch
2022-12-30,None,0,115,85,16,7,7,7,2,1,1,1,1,2,5,1,1,1,1,4,3,3,10,3,8,33,15,1,1,53,8,8,13,11,9,43,20,9,2,0,0,Normal
2022-12-31,None,0,110,80,16,6,8,7,2,1,1,1,1,2,4,1,1,1,1,4,3,3,10,3,8,32,14,1,1,42,12,8,11,11,10,41,17,10,2,0,0,Normal
2023-01-01,None,0,110,73,19,6,12,8,2,1,1,1,1,2,4,1,1,1,1,5,4,3,12,4,9,36,16,1,1,36,9,8,10,12,11,38,22,9,2,1,0,Watch
2023-01-02,None,0,121,89,16,6,10,7,2,1,1,1,1,2,5,1,1,2,1,4,3,3,11,3,8,33,15,1,1,34,11,8,14,10,10,46,18,7,2,0,0,Normal
2023-01-03,None,0,125,88,16,13,8,9,2,1,1,1,1,2,5,1,1,2,1,5,4,3,12,3,8,33,15,1,1,39,13,8,10,11,6,34,18,9,2,2,0,Watch
2023-01-04,None,0,132,98,17,7,10,6,2,1,1,1,1,2,5,1,1,2,1,4,3,3,11,4,8,36,16,1,1,43,10,5,10,12,6,37,20,9,2,2,0,Watch
2023-01-05,None,0,113,85,13,10,5,5,2,1,1,1,1,2,5,1,1,1,1,3,2,2,9,3,6,28,14,1,1,45,11,12,9,10,5,32,20,11,2,1,0,Watch
2023-01-06,None,0,118,86,19,6,7,7,2,1,1,1,1,2,5,1,1,1,1,4,3,3,11,4,9,38,17,1,1,48,11,7,14,12,8,50,14,7,2,2,0,Watch
2023-01-07,None,0,116,78,21,5,12,8,2,1,1,1,1,2,5,1,1,1,1,5,4,3,13,4,10,40,18,2,1,42,9,8,11,13,10,48,24,9,2,1,0,Watch
2023-01-08,None,0,120,79,19,9,13,9,2,1,1,1,1,2,5,1,1,1,1,5,4,3,13,4,9,37,17,1,1,47,12,5,16,11,8,41,14,9,2,2,0,Watch
2023-01-09,None,0,116,94,12,6,4,4,2,1,1,1,1,2,5,1,1,1,1,3,2,2,7,3,6,28,13,1,1,42,11,10,8,10,4,26,14,12,2,2,0,Watch
2023-01-10,None,0,131,92,19,13,7,6,2,1,1,1,1,2,5,1,1,2,1,4,3,3,12,4,9,38,17,1,1,42,14,6,14,11,10,46,20,9,2,0,0,Normal
2023-01-11,None,0,134,98,17,5,14,9,2,1,1,1,1,2,5,1,1,2,1,5,4,3,12,4,8,36,16,1,1,45,12,6,13,12,6,38,19,9,2,1,0,Watch
2023-01-12,None,0,120,82,19,11,8,8,2,1,1,1,1,2,5,1,1,1,1,5,3,3,12,4,9,37,17,1,1,40,9,9,15,13,8,41,24,3,2,1,0,Watch
2023-01-13,None,0,123,87,18,8,10,8,2,1,1,1,1,2,5,1,1,2,1,5,4,3,12,4,9,36,16,1,1,43,7,8,15,13,7,39,15,9,3,2,0,Watch
2023-01-14,Respiratory,4,163,100,47,5,11,9,2,2,1,1,1,2,6,1,1,2,1,5,4,7,21,9,40,81,51,12,1,44,10,8,23,16,32,83,64,9,2,2,0,High
2023-01-15,Respiratory,4,158,94,46,8,10,10,2,2,1,1,1,2,6,1,1,2,1,6,4,7,22,9,40,79,50,12,1,44,11,10,22,19,49,75,66,10,1,2,0,High
2023-01-16,Respiratory,4,170,113,45,6,6,9,3,2,1,1,1,2,7,1,1,2,1,5,3,7,20,9,39,79,50,12,1,42,9,5,20,18,48,110,64,9,2,2,0,High
2023-01-17,Respiratory,4,183,116,47,12,8,11,3,2,1,1,1,3,7,1,1,2,1,7,4,8,22,9,40,83,53,12,1,43,15,7,24,18,44,115,71,8,2,2,0,High
2023-01-18,Respiratory,4,187,119,48,7,13,11,3,2,1,1,1,3,7,1,1,2,1,7,5,8,23,9,41,84,54,13,1,41,13,8,29,16,48,80,62,10,2,2,0,High
2023-01-19,Respiratory,4,168,107,44,12,5,8,2,2,1,1,1,2,6,1,1,2,1,5,3,7,20,8,38,77,48,11,1,36,11,5,26,15,45,100,61,9,1,2,0,High
2023-01-20,Respiratory,4,166,107,49,7,3,9,2,2,1,1,1,2,6,1,1,2,1,5,3,7,20,9,42,85,53,12,1,42,14,8,26,16,39,83,75,11,2,3,0,High
2023-01-21,Respiratory,4,161,96,47,8,10,10,2,2,1,1,1,2,6,1,1,2,1,6,4,7,22,9,40,81,51,12,1,42,7,8,25,20,46,106,42,8,2,2,0,High
2023-01-22,Respiratory,4,158,94,47,7,10,10,2,2,1,1,1,2,6,1,1,2,1,6,4,7,22,9,40,80,51,12,1,43,11,9,28,21,37,99,64,6,2,2,0,High
2023-01-23,Respiratory,4,168,109,45,7,7,10,2,2,1,1,1,2,6,1,1,2,1,6,4,7,20,9,39,79,49,12,1,34,11,11,23,16,30,101,41,7,2,3,0,High
2023-01-24,Respiratory,4,170,111,42,11,6,10,3,2,1,1,1,2,7,1,1,2,1,6,4,7,20,8,36,75,47,11,1,37,11,9,21,15,29,86,49,9,2,2,0,High
2023-01-25,Respiratory,4,180,118,47,5,10,10,3,2,1,1,1,2,7,1,1,2,1,6,4,7,21,9,40,83,52,12,1,38,8,9,25,18,35,98,45,9,1,3,0,High
2023-01-26,Respiratory,4,180,115,45,12,8,11,3,2,1,1,1,2,7,1,1,2,1,7,4,8,22,9,39,79,50,12,1,42,13,7,28,16,41,101,48,7,2,3,0,High
2023-01-27,Respiratory,4,168,107,45,8,8,11,2,2,1,1,1,2,6,1,1,2,1,7,4,8,21,9,39,79,49,12,1,55,13,8,20,20,41,104,57,7,2,2,0,High
2023-01-28,Respiratory,4,166,104,42,10,10,11,2,2,1,1,1,2,6,1,1,2,1,7,4,7,21,8,36,74,46,11,1,47,11,8,27,19,28,100,42,9,2,3,0,High
2023-01-29,Respiratory,4,154,90,46,7,11,9,2,2,1,1,1,2,6,1,1,2,1,5,4,7,22,9,40,78,50,12,1,35,12,8,23,18,48,80,43,10,2,2,0,High
2023-01-30,Respiratory,4,175,118,44,7,6,9,3,2,1,1,1,2,7,1,1,2,1,5,3,7,19,8,38,78,49,11,1,44,10,3,18,15,35,99,46,8,2,5,0,Critical
2023-01-31,Respiratory,4,176,109,46,14,7,10,2,2,1,1,1,2,7,1,1,2,1,6,4,7,22,9,40,80,51,12,1,42,11,8,22,17,31,110,63,9,3,2,0,High
2023-02-01,Respiratory,4,183,121,41,7,14,12,3,2,1,1,1,3,7,1,1,2,1,7,5,8,21,8,35,74,47,11,1,45,10,9,18,19,34,75,41,9,2,4,0,High
2023-02-02,Respiratory,4,173,107,47,13,6,11,2,2,1,1,1,2,7,1,1,2,1,7,4,8,22,9,40,82,52,12,1,49,11,6,22,17,40,77,43,6,2,4,0,High
2023-02-03,Respiratory,4,173,111,48,6,8,10,3,2,1,1,1,2,7,1,1,2,1,6,4,8,21,9,41,84,53,12,1,40,11,11,26,21,31,116,48,9,2,3,0,High
2023-02-04,Respiratory,4,160,100,45,7,8,9,2,2,1,1,1,2,6,1,1,2,1,5,4,7,20,9,39,78,49,12,1,48,11,8,19,17,36,76,70,9,2,4,0,High
2023-02-05,Respiratory,4,152,91,42,9,10,9,2,2,1,1,1,2,6,1,1,2,1,5,4,7,20,8,36,73,46,11,1,32,12,8,23,17,29,96,51,6,2,2,0,High
2023-02-06,Respiratory,4,176,114,47,9,6,9,3,2,1,1,1,2,7,1,1,2,1,5,3,7,21,9,40,82,52,12,1,42,8,9,23,15,37,81,72,11,2,3,0,High
2023-02-07,Respiratory,4,181,118,45,13,5,12,3,2,1,1,1,3,7,1,1,2,1,7,4,8,21,9,39,80,51,11,1,46,7,10,22,20,50,90,46,10,2,2,0,High
2023-02-08,Respiratory,4,190,126,45,8,11,10,3,2,1,1,1,3,7,1,1,2,1,6,4,7,22,9,39,81,51,12,1,48,11,8,19,20,29,78,41,11,2,5,0,Critical
2023-02-09,Respiratory,4,184,114,48,13,9,11,3,2,1,1,1,3,7,1,1,2,1,7,4,8,23,9,41,84,54,12,1,38,9,4,30,18,39,90,47,9,2,4,0,High
2023-02-10,Respiratory,4,167,109,43,8,7,10,2,2,1,1,1,2,6,1,1,2,1,6,4,7,20,8,37,76,47,11,1,35,13,8,22,18,38,98,63,9,2,1,0,High
2023-02-11,Respiratory,4,168,102,46,9,11,12,2,2,1,1,1,2,6,1,1,2,1,7,5,8,22,9,40,80,50,12,1,42,11,8,24,20,53,89,72,8,2,1,0,High
2023-02-12,Respiratory,4,166,101,47,7,11,10,2,2,1,1,1,2,6,1,1,2,1,6,4,7,22,9,40,81,51,12,1,34,11,10,29,15,39,108,46,7,2,3,0,High
2023-02-13,Respiratory,4,175,112,47,8,8,10,3,2,1,1,1,2,7,1,1,2,1,6,4,7,21,9,40,82,52,12,1,45,11,8,25,18,45,82,50,9,2,2,0,High
2023-02-14,Respiratory,4,181,115,45,13,8,11,3,2,1,1,1,3,7,1,1,2,1,7,4,8,22,9,39,79,51,12,1,33,10,7,28,19,50,110,66,9,2,2,0,High
2023-02-15,Respiratory,4,189,124,45,9,11,10,3,2,1,1,1,3,7,1,1,2,1,6,4,7,22,9,39,80,51,12,1,48,13,9,24,16,47,107,41,5,2,2,0,High
2023-02-16,None,0,129,95,14,14,6,8,2,1,1,1,1,2,5,1,1,2,1,5,3,3,11,3,7,31,14,1,1,45,7,10,12,10,5,36,14,8,2,1,0,Watch
2023-02-17,None,0,128,95,19,9,5,6,2,1,1,1,1,2,5,1,1,2,1,4,3,3,11,4,9,38,17,1,1,46,11,10,10,13,9,50,20,10,2,1,0,Watch
2023-02-18,None,0,120,83,19,8,10,8,2,1,1,1,1,2,5,1,1,1,1,5,4,3,12,4,9,37,17,1,1,40,9,9,14,11,11,43,22,9,2,0,0,Normal
2023-02-19,None,0,115,78,15,9,13,8,2,1,1,1,1,2,5,1,1,1,1,5,4,3,12,3,7,31,15,1,1,40,11,7,11,12,8,35,14,7,2,2,0,Watch
2023-02-20,None,0,125,93,18,8,6,7,2,1,1,1,1,2,5,1,1,2,1,4,3,3,11,4,9,37,16,1,1,42,10,7,11,13,10,34,17,9,2,1,0,Watch
2023-02-21,None,0,148,100,23,17,8,9,2,1,1,1,1,2,6,2,1,2,1,5,4,3,15,5,11,45,20,1,1,33,11,8,19,12,10,54,20,9,2,1,0,Watch
2023-02-22,None,0,143,106,15,9,13,8,2,1,1,1,1,2,6,1,1,2,1,5,4,3,12,3,7,34,16,1,1,45,12,6,13,11,6,35,19,9,2,1,0,Watch
2023-02-23,None,0,128,94,15,12,7,7,2,1,1,1,1,2,5,1,1,2,1,4,3,3,11,3,7,32,15,1,1,44,10,8,14,11,8,42,14,9,2,1,0,Watch
2023-02-24,None,0,133,100,17,10,6,8,2,1,1,1,1,2,5,1,1,2,1,5,3,3,11,4,8,36,16,1,1,36,14,7,12,11,10,41,14,10,2,1,0,Watch
2023-02-25,None,0,118,81,19,8,10,7,2,1,1,1,1,2,5,1,1,1,1,4,3,3,12,4,9,37,17,1,1,42,11,6,16,12,7,39,19,8,2,1,0,Watch
2023-02-26,None,0,124,81,21,9,13,8,2,1,1,1,1,2,5,1,1,2,1,5,4,3,14,4,10,40,18,2,1,42,13,5,17,12,11,43,18,10,2,0,0,Normal
2023-02-27,None,0,125,97,13,8,7,7,2,1,1,1,1,2,5,1,1,2,1,4,3,3,9,3,6,30,14,1,1,45,11,8,8,11,5,38,19,9,2,2,0,Watch
2023-02-28,None,0,131,93,17,13,8,8,2,1,1,1,1,2,5,1,1,2,1,5,3,3,12,4,8,35,16,1,1,33,9,8,12,11,6,43,15,4,2,2,0,Watch
2023-03-01,None,0,134,97,14,10,13,8,2,1,1,1,1,2,5,1,1,2,1,5,4,3,12,3,7,31,14,1,1,46,11,6,11,12,5,30,19,9,2,3,0,High
2023-03-02,None,0,137,96,18,12,11,8,2,1,1,1,1,2,5,1,1,2,1,5,4,3,13,4,9,37,16,1,1,38,10,6,12,11,11,38,13,8,2,2,0,Watch
2023-03-03,None,0,123,87,20,9,7,7,2,1,1,1,1,2,5,1,1,2,1,4,3,3,12,4,9,39,17,1,1,41,7,11,13,13,11,47,22,9,2,0,0,Normal
2023-03-04,None,0,137,88,18,9,22,10,2,1,2,1,1,2,5,1,1,2,1,6,6,3,16,4,9,36,16,2,1,50,12,9,14,11,11,32,19,7,2,2,0,Watch
2023-03-05,None,0,117,79,18,8,12,7,2,1,1,1,1,2,5,1,1,1,1,4,4,3,12,4,9,35,16,1,1,42,11,10,11,12,10,47,19,9,2,1,0,Watch
2023-03-06,None,0,126,95,19,7,5,7,2,1,1,1,1,2,5,1,1,2,1,4,3,3,10,4,9,38,17,1,1,47,10,7,10,13,8,36,20,9,2,2,0,Watch
2023-03-07,None,0,132,97,18,13,4,7,2,1,1,1,1,2,5,1,1,2,1,4,3,3,11,4,9,37,16,1,1,42,11,7,12,12,11,39,20,10,2,0,0,Normal
2023-03-08,None,0,148,107,19,8,14,8,2,1,1,1,1,2,6,1,1,2,1,5,4,3,13,4,9,40,18,2,1,53,11,8,11,13,8,47,15,9,2,3,0,High
2023-03-09,None,0,130,94,17,13,6,6,2,1,1,1,1,2,5,1,1,2,1,4,3,3,11,4,8,35,16,1,1,46,11,6,11,12,8,42,14,9,2,1,0,Watch
2023-03-10,None,0,127,93,19,8,7,7,2,1,1,1,1,2,5,1,1,2,1,4,3,3,11,4,9,38,17,1,1,45,11,7,12,13,11,44,23,8,2,0,0,Normal
2023-03-11,None,0,127,83,20,8,16,8,2,1,1,1,1,2,5,1,1,2,1,5,4,3,14,4,9,39,17,2,1,47,11,7,13,13,6,50,14,9,2,3,0,High
2023-03-12,None,0,114,77,15,10,12,9,2,1,1,1,1,2,5,1,1,1,1,5,4,3,12,3,7,31,15,1,1,41,11,8,15,11,7,32,19,8,2,0,0,Normal
2023-03-13,None,0,130,95,19,9,7,8,2,1,1,1,1,2,5,1,1,2,1,5,3,3,11,4,9,38,17,1,1,36,8,9,10,12,8,38,13,6,2,3,0,High
2023-03-14,None,0,137,95,21,14,7,7,2,1,1,1,1,2,5,1,1,2,1,4,3,3,13,4,10,41,18,1,1,39,7,10,13,12,12,51,16,8,2,1,0,Watch
2023-03-15,None,0,141,105,17,9,10,6,2,1,1,1,1,2,6,1,1,2,1,4,3,3,12,4,8,36,17,1,1,43,9,8,15,13,8,32,17,9,2,1,0,Watch
2023-03-16,None,0,129,92,16,14,7,8,2,1,1,1,1,2,5,1,1,2,1,5,3,3,12,3,8,34,15,1,1,35,12,8,13,10,9,43,17,11,2,0,0,Normal
2023-03-17,None,0,126,90,20,7,9,8,2,1,1,1,1,2,5,1,1,2,1,5,4,3,12,4,9,39,17,1,1,41,11,7,12,12,8,46,17,11,2,1,0,Watch
2023-03-18,None,0,117,83,16,7,11,7,2,1,1,1,1,2,5,1,1,1,1,4,4,3,11,3,8,33,15,1,1,44,11,9,13,11,6,44,20,7,2,1,0,Watch
2023-03-19,None,0,117,78,19,9,11,8,2,1,1,1,1,2,5,1,1,1,1,5,4,3,13,4,9,37,17,1,1,44,10,6,12,12,9,47,20,9,2,1,0,Watch
2023-03-20,None,0,133,101,18,7,7,7,2,1,1,1,1,2,5,1,1,2,1,4,3,3,11,4,9,38,16,1,1,34,9,8,11,11,10,46,17,10,2,0,0,Normal
2023-03-21,None,0,148,108,14,14,12,10,2,1,1,1,1,2,6,1,1,2,1,6,4,3,12,3,7,32,15,1,1,43,9,11,12,12,7,40,14,7,1,1,0,Watch
2023-03-22,None,0,140,104,16,9,11,8,2,1,1,1,1,2,5,1,1,2,1,5,4,3,12,3,8,35,15,1,1,36,10,7,12,12,7,35,12,9,2,2,0,Watch
2023-03-23,None,0,131,95,15,14,7,6,2,1,1,1,1,2,5,1,1,2,1,4,3,2,11,3,7,32,15,1,1,42,12,11,10,11,5,32,15,10,2,2,0,Watch
2023-03-24,None,0,126,90,21,8,7,8,2,1,1,1,1,2,5,1,1,2,1,5,3,3,12,4,10,41,18,1,1,47,11,8,14,13,9,43,22,10,2,1,0,Watch
2023-03-25,None,0,120,84,19,8,9,5,2,1,1,1,1,2,5,1,1,1,1,3,3,2,12,4,9,37,17,1,1,37,12,6,10,12,7,48,23,8,2,2,0,Watch
2023-03-26,None,0,111,80,14,7,10,6,2,1,1,1,1,2,4,1,1,1,1,4,3,2,10,3,7,29,13,1,1,43,12,7,10,10,9,33,13,8,2,0,0,Normal
2023-03-27,None,0,135,103,18,8,6,6,2,1,1,1,1,2,5,1,1,2,1,4,3,3,11,4,9,38,16,1,1,45,9,9,10,11,9,45,13,9,2,2,0,Watch
2023-03-28,None,0,153,108,16,13,16,10,2,1,1,1,1,2,6,1,1,2,1,6,5,3,14,3,8,35,16,2,1,47,15,7,18,11,6,34,22,9,3,2,0,Watch
2023-03-29,None,0,161,111,21,10,19,11,3,1,2,1,1,2,6,1,1,2,1,7,6,4,16,4,10,43,19,2,1,32,11,8,13,12,12,57,27,12,1,1,0,Watch
2023-03-30,None,0,139,98,19,14,8,7,2,1,1,1,1,2,5,1,1,2,1,4,3,3,13,4,9,39,17,1,1,51,16,5,15,12,9,44,17,5,2,0,0,Normal
2023-03-31,None,0,128,91,20,8,9,7,2,1,1,1,1,2,5,1,1,2,1,4,3,3,12,4,9,40,17,1,1,45,13,5,16,13,11,38,14,12,2,2,0,Watch
2023-04-01,None,0,119,82,15,10,12,9,2,1,1,1,1,2,5,1,1,1,1,5,4,3,12,3,7,31,15,1,1,56,10,9,14,10,8,40,17,8,2,0,0,Normal
2023-04-02,None,0,113,78,15,8,12,7,2,1,1,1,1,2,5,1,1,1,1,4,4,3,11,3,7,31,15,1,1,44,14,7,14,10,9,29,20,9,2,1,0,Watch
2023-04-03,None,0,132,92,26,7,7,6,2,1,1,1,1,2,5,1,1,2,1,4,3,3,13,5,12,49,20,1,1,33,10,6,17,15,14,53,17,8,2,1,0,Watch
2023-04-04,None,0,131,94,18,13,6,7,2,1,1,1,1,2,5,1,1,2,1,4,3,3,12,4,9,37,16,1,1,42,11,7,14,13,11,42,16,9,2,0,0,Normal
2023-04-05,None,0,148,107,21,9,11,9,2,1,1,1,1,2,6,1,1,2,1,5,4,3,13,4,10,43,19,1,1,41,9,4,11,11,7,53,16,9,2,3,0,High
2023-04-06,None,0,141,95,23,15,8,9,2,1,1,1,1,2,6,1,1,2,1,5,4,3,15,5,11,44,20,1,1,51,11,8,18,15,13,56,25,9,2,0,0,Normal
2023-04-07,None,0,130,95,19,9,7,7,2,1,1,1,1,2,5,1,1,2,1,4,3,3,11,4,9,38,17,1,1,39,13,8,10,12,8,43,20,10,2,2,0,Watch
2023-04-08,None,0,124,83,22,8,11,8,2,1,1,1,1,2,5,1,1,2,1,5,4,3,13,4,10,42,18,1,1,54,12,7,12,13,12,40,21,9,2,2,0,Watch
2023-04-09,None,0,112,73,20,9,10,7,2,1,1,1,1,2,4,1,1,1,1,4,3,3,13,4,9,38,16,1,1,47,8,8,14,11,10,49,19,9,2,0,0,Normal
2023-04-10,None,0,133,100,15,12,6,7,2,1,1,1,1,2,5,1,1,2,1,4,3,3,11,3,7,33,15,1,1,40,14,8,13,12,5,33,20,9,2,1,0,Watch
2023-04-11,None,0,144,99,22,14,9,9,2,1,1,1,1,2,6,1,1,2,1,5,4,3,14,4,10,43,19,1,1,38,12,9,17,13,9,44,26,8,2,1,0,Watch
2023-04-12,None,0,144,105,17,8,14,8,2,1,1,1,1,2,6,1,1,2,1,5,4,3,13,4,8,36,17,1,1,42,12,10,15,11,6,36,19,11,2,1,0,Watch
2023-04-13,None,0,129,95,11,15,8,7,2,1,1,1,1,2,5,1,1,2,1,4,3,2,10,2,5,26,13,1,1,49,9,12,10,10,5,33,13,8,2,0,0,Normal
2023-04-14,None,0,120,88,14,10,8,7,2,1,1,1,1,2,5,1,1,1,1,4,3,3,10,3,7,30,14,1,1,45,11,8,11,11,8,28,16,7,2,1,0,Watch
2023-04-15,None,0,121,81,20,10,10,7,2,1,1,1,1,2,5,1,1,2,1,4,3,3,13,4,9,39,17,1,1,43,11,9,14,11,7,44,14,8,2,2,0,Watch
2023-04-16,None,0,119,78,20,9,12,8,2,1,1,1,1,2,5,1,1,1,1,5,4,3,13,4,9,38,17,1,1,50,10,8,11,12,7,41,22,9,2,2,0,Watch
2023-04-17,None,0,137,106,16,9,6,7,2,1,1,1,1,2,5,1,1,2,1,4,3,3,10,3,8,35,15,1,1,37,11,10,13,10,9,34,21,9,2,1,0,Watch
2023-04-18,None,0,142,104,17,14,7,8,2,1,1,1,1,2,6,1,1,2,1,5,3,3,12,4,8,36,17,1,1,36,12,7,14,11,8,32,19,7,2,1,0,Watch
2023-04-19,None,0,137,104,14,7,12,8,2,1,1,1,1,2,5,1,1,2,1,5,4,3,11,3,7,32,14,1,1,45,11,8,13,10,9,42,19,9,2,0,0,Normal
2023-04-20,None,0,137,96,19,13,9,10,2,1,1,1,1,2,5,1,1,2,1,6,4,3,13,4,9,39,17,1,1,37,11,9,14,12,10,47,16,10,2,1,0,Watch
2023-04-21,None,0,123,94,15,8,6,6,2,1,1,1,1,2,5,1,1,2,1,4,3,2,10,3,7,32,15,1,1,53,10,8,10,10,5,33,16,10,2,1,0,Watch
2023-04-22,None,0,120,81,20,7,12,7,2,1,1,1,1,2,5,1,1,1,1,4,4,3,13,4,9,39,17,1,1,39,12,8,13,12,10,49,23,9,2,0,0,Normal
2023-04-23,None,0,119,80,20,9,10,7,2,1,1,1,1,2,5,1,1,1,1,4,3,3,13,4,9,38,17,1,1,38,8,9,17,12,11,52,18,9,1,0,0,Normal
2023-04-24,None,0,133,104,14,9,6,6,2,1,1,1,1,2,5,1,1,2,1,4,3,2,9,3,7,32,14,1,1,35,11,7,8,10,8,37,18,8,2,1,0,Watch
2023-04-25,None,0,130,93,13,16,8,8,2,1,1,1,1,2,5,2,1,2,1,5,3,3,11,3,6,29,14,1,1,41,12,8,9,11,7,26,19,12,2,2,0,Watch
2023-04-26,None,0,153,109,19,10,15,10,2,1,1,1,1,2,6,1,1,2,1,6,5,3,14,4,9,40,18,2,1,32,13,8,14,13,7,51,22,9,2,1,0,Watch
2023-04-27,None,0,135,97,18,14,6,8,2,1,1,1,1,2,5,1,1,2,1,5,3,3,12,4,9,37,16,1,1,51,11,8,15,13,9,47,13,9,2,1,0,Watch
2023-04-28,None,0,130,97,18,9,6,6,2,1,1,1,1,2,5,1,1,2,1,4,3,3,11,4,9,37,16,1,1,39,15,10,10,12,8,47,22,4,2,2,0,Watch
2023-04-29,None,0,117,81,15,8,13,8,2,1,1,1,1,2,5,1,1,1,1,5,4,3,12,3,7,31,15,1,1,52,13,8,11,12,6,42,21,9,2,2,0,Watch
2023-04-30,None,0,120,83,17,9,11,8,2,1,1,1,1,2,5,1,1,1,1,5,4,3,12,4,8,34,16,1,1,51,10,7,15,11,7,37,23,8,2,1,0,Watch
2023-05-01,None,0,142,103,22,10,7,9,2,1,1,1,1,2,6,1,1,2,1,5,4,3,13,4,10,44,19,1,1,42,11,5,14,12,12,60,18,12,2,1,0,Watch
2023-05-02,None,0,136,99,17,12,8,8,2,1,1,1,1,2,5,1,1,2,1,5,3,3,12,4,8,36,16,1,1,37,14,4,10,13,7,49,17,10,2,2,0,Watch
2023-05-03,None,0,144,110,17,8,9,8,2,1,1,1,1,2,6,1,1,2,1,5,4,3,11,4,8,37,17,1,1,40,10,5,13,11,10,39,20,9,2,0,0,Normal
2023-05-04,None,0,133,93,18,15,7,9,2,1,1,1,1,2,5,1,1,2,1,5,4,3,13,4,9,37,16,1,1,42,11,8,14,11,11,47,22,9,2,0,0,Normal
2023-05-05,None,0,129,99,18,8,4,7,2,1,1,1,1,2,5,1,1,2,1,4,3,3,10,4,9,37,16,1,1,41,11,10,10,12,9,49,14,8,2,1,0,Watch
2023-05-06,None,0,120,81,21,7,11,7,2,1,1,1,1,2,5,1,1,1,1,4,4,3,13,4,10,40,18,1,1,49,9,8,17,12,12,49,21,9,2,0,0,Normal
2023-05-07,None,0,120,83,18,10,9,7,2,1,1,1,1,2,5,1,1,1,1,4,3,3,12,4,9,36,16,1,1,40,11,7,14,11,11,39,20,9,2,0,0,Normal
2023-05-08,Diarrheal,3,159,114,31,8,6,7,3,1,1,1,1,2,6,1,1,2,1,4,3,5,15,22,27,58,33,2,1,47,10,9,13,39,27,64,38,9,2,1,0,Watch
2023-05-09,Diarrheal,3,161,109,29,15,8,11,2,1,1,1,1,2,6,1,1,2,1,7,4,6,17,21,25,55,32,2,1,48,11,8,14,28,32,52,25,10,2,3,0,High
2023-05-10,Diarrheal,3,167,118,32,8,9,9,3,1,1,1,1,2,6,1,1,2,1,5,4,5,16,23,28,60,34,2,1,32,11,7,20,31,23,81,44,7,2,1,0,Watch
2023-05-11,Diarrheal,3,157,103,33,14,7,10,2,1,1,1,1,2,6,1,1,2,1,6,4,6,18,24,29,60,35,2,1,38,12,6,19,38,28,64,43,9,2,1,0,Watch
2023-05-12,Diarrheal,3,155,108,34,8,5,7,2,1,1,1,1,2,6,1,1,2,1,4,3,5,16,24,29,62,36,2,1,46,9,8,17,31,23,81,47,13,2,1,0,Watch
2023-05-13,Diarrheal,3,145,96,28,10,11,11,2,1,1,1,1,2,6,1,1,2,1,7,5,6,16,20,24,52,31,2,1,42,13,6,17,27,19,71,36,6,2,1,0,Watch
2023-05-14,Diarrheal,3,140,90,31,8,11,9,2,1,1,1,1,2,5,1,1,2,1,5,4,5,17,22,27,56,32,2,1,37,9,10,19,34,21,67,29,11,2,2,0,Watch
2023-05-15,Diarrheal,3,169,115,34,12,8,10,3,1,1,1,1,2,7,1,1,2,1,6,4,6,18,24,29,63,37,2,1,48,10,7,23,43,26,70,45,4,2,1,0,Watch
2023-05-16,Diarrheal,3,162,110,31,14,7,9,2,1,1,1,1,2,6,1,1,2,1,5,4,5,17,22,27,58,33,2,1,37,10,7,17,34,24,66,46,12,2,1,0,Watch
2023-05-17,Diarrheal,3,170,121,28,8,13,9,3,1,1,1,1,2,7,1,1,2,1,5,4,5,16,20,24,55,32,2,1,35,10,9,13,25,26,70,28,9,2,2,0,Watch
2023-05-18,Diarrheal,3,156,101,35,13,7,9,2,1,1,1,1,2,6,1,1,2,1,5,4,6,18,25,30,63,36,2,1,40,9,10,20,41,39,76,37,7,2,0,0,Watch
2023-05-19,Diarrheal,3,154,109,32,8,5,8,2,1,1,1,1,2,6,1,1,2,1,5,3,5,15,23,28,59,34,1,1,40,17,9,17,33,23,69,49,9,2,1,0,Watch
2023-05-20,Diarrheal,3,147,100,27,8,12,9,2,1,1,1,1,2,6,1,1,2,1,5,4,5,16,19,23,51,30,2,1,47,9,6,14,28,21,58,35,9,2,2,0,Watch
2023-05-21,None,0,117,80,13,10,14,8,2,1,1,1,1,2,5,1,1,1,1,5,4,3,12,3,6,28,14,1,1,41,12,8,10,12,7,29,13,9,2,2,0,Watch
2023-05-22,None,0,135,102,14,10,9,7,2,1,1,1,1,2,5,1,1,2,1,4,3,3,11,3,7,32,14,1,1,41,13,7,11,11,8,33,11,10,2,1,0,Watch
2023-05-23,None,0,127,95,13,14,5,6,2,1,1,1,1,2,5,1,1,2,1,4,3,2,10,3,6,29,14,1,1,46,12,9,11,12,5,38,20,9,1,1,0,Watch
2023-05-24,None,0,142,105,16,9,12,9,2,1,1,1,1,2,6,1,1,2,1,5,4,3,12,3,8,35,16,1,1,37,12,7,15,11,6,32,17,8,2,2,0,Watch
2023-05-25,None,0,125,92,16,12,5,6,2,1,1,1,1,2,5,1,1,2,1,4,3,2,11,3,8,34,15,1,1,49,7,8,12,11,6,39,12,10,2,2,0,Watch
2023-05-26,None,0,118,88,15,9,6,7,2,1,1,1,1,2,5,1,1,1,1,4,3,3,10,3,7,32,15,1,1,45,9,10,12,11,6,35,19,6,2,1,0,Watch
2023-05-27,None,0,123,88,14,8,13,8,2,1,1,1,1,2,5,1,1,2,1,5,4,3,11,3,7,30,14,1,1,42,11,6,9,12,7,34,11,9,2,2,0,Watch
2023-05-28,None,0,111,76,14,9,12,8,2,1,1,1,1,2,4,1,1,1,1,5,4,3,11,3,7,29,13,1,1,46,12,9,9,10,6,34,12,8,2,3,0,High
2023-05-29,None,0,131,98,14,10,9,6,2,1,1,1,1,2,5,1,1,2,1,4,3,2,11,3,7,31,14,1,1,36,9,5,10,10,5,30,14,9,2,3,0,High
2023-05-30,None,0,132,94,17,14,7,8,2,1,1,1,1,2,5,1,1,2,1,5,3,3,12,4,8,35,16,1,1,39,10,10,14,12,9,33,21,7,2,1,0,Watch
2023-05-31,None,0,137,104,11,8,14,7,2,1,1,1,1,2,5,1,1,2,1,4,4,2,11,2,5,27,13,1,1,42,12,5,12,10,6,32,17,9,2,0,0,Normal
2023-06-01,None,0,143,87,34,13,9,9,2,1,1,1,1,2,6,1,1,2,1,5,4,4,18,7,16,60,25,2,1,41,11,11,22,15,20,73,26,8,2,0,0,Normal
2023-06-02,None,0,142,95,26,12,9,9,2,1,1,1,1,2,6,1,1,2,1,5,4,4,15,5,12,49,21,2,1,46,11,10,15,12,15,49,20,7,2,1,0,Watch
2023-06-03,None,0,133,85,28,9,11,8,2,1,1,1,1,2,5,1,1,2,1,5,4,3,16,6,13,51,21,2,1,43,11,10,14,16,10,47,27,9,2,3,0,High
2023-06-04,None,0,123,79,25,10,9,7,2,1,1,1,1,2,5,1,1,2,1,4,3,3,14,5,12,46,20,1,1,39,11,6,16,14,12,59,28,11,2,0,0,Normal
2023-06-05,None,0,145,100,31,7,7,9,2,1,1,1,1,2,6,1,1,2,1,5,4,4,15,6,14,57,24,2,1,40,5,10,14,15,16,62,33,9,2,1,0,Watch
2023-06-06,None,0,142,97,24,13,8,10,2,1,1,1,1,2,6,1,1,2,1,6,4,4,15,5,11,46,20,1,1,46,14,8,17,14,13,63,28,9,2,0,0,Normal
2023-06-07,None,0,156,107,29,6,14,10,2,1,1,1,1,2,6,1,1,2,1,6,5,4,16,6,14,55,23,2,1,45,11,8,16,16,16,49,26,4,2,1,0,Watch
2023-06-08,None,0,137,89,29,11,8,10,2,1,1,1,1,2,5,1,1,2,1,6,4,4,16,6,14,53,22,2,1,35,9,10,18,13,17,68,22,9,2,0,0,Normal
2023-06-09,None,0,136,93,29,9,5,9,2,1,1,1,1,2,5,1,1,2,1,5,3,4,14,6,14,53,22,1,1,34,13,6,15,16,18,66,18,9,2,1,0,Watch
2023-06-10,None,0,130,82,29,9,10,8,2,1,1,1,1,2,5,1,1,2,1,5,4,4,16,6,14,52,22,2,1,43,11,13,17,13,15,56,20,12,3,1,0,Watch
2023-06-11,None,0,130,79,32,7,12,9,2,1,1,1,1,2,5,1,1,2,1,5,4,4,17,6,15,56,23,2,1,39,10,9,21,13,15,74,33,12,1,0,0,Normal
2023-06-12,None,0,137,98,27,7,5,6,2,1,1,1,1,2,5,1,1,2,1,4,3,3,13,5,13,51,21,1,1,47,10,11,11,15,16,57,25,10,2,1,0,Watch
2023-06-13,None,0,144,100,25,12,7,6,2,1,1,1,1,2,6,1,1,2,1,4,3,3,14,5,12,48,21,1,1,49,14,7,15,15,15,47,20,8,2,2,0,Watch
2023-06-14,None,0,162,101,37,9,15,10,2,2,1,1,1,2,6,1,1,2,1,6,5,4,20,7,17,66,27,2,1,41,10,8,18,17,16,80,29,9,2,2,0,Watch
2023-06-15,None,0,141,92,30,13,6,8,2,1,1,1,1,2,6,1,1,2,1,5,3,4,16,6,14,55,23,1,1,52,7,8,20,16,17,52,20,8,1,2,0,Watch
2023-06-16,None,0,133,88,31,7,7,7,2,1,1,1,1,2,5,1,1,2,1,4,3,3,15,6,14,56,23,2,1,47,10,8,13,16,17,65,29,5,2,1,0,Watch
2023-06-17,None,0,135,83,31,9,12,9,2,1,1,1,1,2,5,1,1,2,1,5,4,4,17,6,14,55,23,2,1,46,11,8,14,13,11,65,24,9,2,2,0,Watch
2023-06-18,None,0,122,77,27,7,11,8,2,1,1,1,1,2,5,1,1,2,1,5,4,3,15,5,13,49,21,2,1,40,12,6,17,12,14,56,27,6,1,0,0,Normal
2023-06-19,None,0,149,99,36,6,8,8,2,2,1,1,1,2,6,1,1,2,1,5,3,4,17,7,17,64,26,2,1,42,10,7,16,16,19,81,37,11,2,1,0,Watch
2023-06-20,None,0,147,96,32,12,7,9,2,1,1,1,1,2,6,1,1,2,1,5,4,4,17,6,15,58,24,2,1,37,11,6,16,13,15,53,23,12,2,3,0,High
2023-06-21,None,0,146,100,26,8,12,9,2,1,1,1,1,2,6,1,1,2,1,5,4,4,15,5,12,49,21,2,1,30,8,12,13,13,12,58,21,11,2,1,0,Watch
2023-06-22,None,0,135,89,29,14,3,8,2,1,1,1,1,2,5,1,1,2,1,5,3,4,15,6,14,53,22,1,1,42,11,8,19,15,11,68,27,8,2,1,0,Watch
2023-06-23,None,0,129,89,26,9,5,6,2,1,1,1,1,2,5,1,1,2,1,4,3,3,13,5,12,48,20,1,1,42,12,8,17,12,9,57,25,9,2,1,0,Watch
2023-06-24,None,0,122,82,25,7,8,8,2,1,1,1,1,2,5,1,1,2,1,5,3,3,13,5,12,46,20,1,1,43,11,8,12,13,9,56,23,10,2,2,0,Watch
2023-06-25,None,0,118,73,28,7,10,9,2,1,1,1,1,2,5,1,1,1,1,5,4,4,15,6,13,50,21,2,1,31,11,9,16,16,15,54,30,10,2,0,0,Normal
2023-06-26,None,0,134,98,25,5,6,7,2,1,1,1,1,2,5,1,1,2,1,4,3,3,12,5,12,48,20,1,1,34,11,10,13,15,14,46,17,8,2,2,0,Watch
2023-06-27,None,0,142,92,30,13,7,9,2,1,1,1,1,2,6,1,1,2,1,5,4,4,16,6,14,55,23,2,1,39,9,5,17,12,14,50,31,10,2,1,0,Watch
2023-06-28,None,0,151,101,33,7,10,9,2,1,1,1,1,2,6,1,1,2,1,5,4,4,17,6,15,60,25,2,1,44,8,8,16,14,19,58,30,12,2,2,0,Watch
2023-06-29,None,0,137,93,26,12,6,7,2,1,1,1,1,2,5,1,1,2,1,4,3,3,14,5,12,49,20,1,1,41,8,4,15,13,15,61,27,9,2,0,0,Normal
2023-06-30,None,0,129,89,26,8,6,8,2,1,1,1,1,2,5,1,1,2,1,5,3,3,13,5,12,48,20,1,1,42,10,7,15,13,9,49,17,12,2,2,0,Watch
2023-07-01,None,0,129,82,27,7,13,9,2,1,1,1,1,2,5,1,1,2,1,5,4,4,16,5,13,49,21,2,1,42,8,8,21,14,9,64,28,10,2,1,0,Watch
2023-07-02,None,0,130,76,33,8,13,9,2,1,1,1,1,2,5,1,1,2,1,5,4,4,18,6,15,58,24,2,1,48,13,11,22,13,16,68,26,10,2,0,0,Normal
2023-07-03,None,0,147,98,36,6,7,8,2,2,1,1,1,2,6,1,1,2,1,5,3,4,17,7,17,64,26,2,1,44,10,8,18,15,17,61,29,9,2,1,0,Watch
2023-07-04,None,0,147,96,36,10,5,9,2,2,1,1,1,2,6,1,1,2,1,5,3,4,17,7,17,64,26,2,1,40,11,8,19,15,14,69,34,11,2,1,0,Watch
2023-07-05,None,0,151,102,30,8,11,9,2,1,1,1,1,2,6,1,1,2,1,5,4,4,16,6,14,56,23,2,1,43,19,9,17,14,11,51,23,10,2,2,0,Watch
2023-07-06,None,0,141,92,27,17,5,10,2,1,1,1,1,2,6,2,1,2,1,6,4,4,16,5,13,50,22,1,1,41,14,10,21,13,11,48,20,5,2,3,0,High
2023-07-07,None,0,137,86,37,6,8,7,2,2,1,1,1,2,5,1,1,2,1,4,3,4,17,7,17,65,26,2,1,47,8,8,18,16,22,72,26,6,2,0,0,Normal
2023-07-08,None,0,126,83,26,6,11,9,2,1,1,1,1,2,5,1,1,2,1,5,4,4,14,5,12,48,20,2,1,44,11,7,15,13,13,63,20,9,2,0,0,Normal
2023-07-09,None,0,125,75,31,6,13,9,2,1,1,1,1,2,5,1,1,2,1,5,4,4,17,6,14,54,23,2,1,51,10,8,14,13,10,48,25,10,2,3,0,High
2023-07-10,None,0,140,96,30,7,7,7,2,1,1,1,1,2,5,1,1,2,1,4,3,3,15,6,14,55,22,2,1,38,10,9,15,15,11,71,25,8,2,1,0,Watch
2023-07-11,None,0,147,95,30,14,8,9,2,1,1,1,1,2,6,1,1,2,1,5,4,4,17,6,14,55,23,2,1,35,11,4,20,13,17,58,29,10,2,0,0,Normal
2023-07-12,None,0,146,102,26,6,12,9,2,1,1,1,1,2,6,1,1,2,1,5,4,4,15,5,12,50,21,2,1,48,11,8,17,14,14,52,19,8,2,1,0,Watch
2023-07-13,None,0,146,91,31,13,11,11,2,1,1,1,1,2,6,1,1,2,1,7,5,4,18,6,14,56,24,2,1,44,9,7,20,15,13,50,31,10,2,2,0,Watch
2023-07-14,None,0,128,91,25,5,7,6,2,1,1,1,1,2,5,1,1,2,1,4,3,3,13,5,12,47,20,1,1,50,11,6,11,15,9,47,23,8,2,2,0,Watch
2023-07-15,None,0,127,79,29,8,11,8,2,1,1,1,1,2,5,1,1,2,1,5,4,4,16,6,14,52,22,2,1,38,12,9,18,13,14,58,17,8,1,1,0,Watch
2023-07-16,None,0,118,75,29,5,9,8,2,1,1,1,1,2,5,1,1,1,1,5,4,4,15,6,14,51,22,2,1,37,9,6,14,16,17,62,20,9,2,2,0,Watch
2023-07-17,None,0,139,94,35,5,5,7,2,1,1,1,1,2,5,1,1,2,1,4,3,4,15,7,16,62,25,2,1,36,11,6,15,14,13,71,28,8,1,1,0,Watch
2023-07-18,Malaria,2,156,94,47,10,5,8,2,2,1,1,1,2,6,1,1,2,1,5,3,6,21,9,40,80,41,2,1,43,11,9,25,19,44,97,50,5,2,0,0,Watch
2023-07-19,Malaria,2,158,100,39,7,12,10,2,2,1,1,1,2,6,1,1,2,1,6,4,6,19,8,34,69,36,2,1,37,9,7,17,19,45,79,41,8,2,1,0,Watch
2023-07-20,Malaria,2,161,89,53,12,7,10,2,2,1,1,1,2,6,1,2,2,1,6,4,7,24,10,46,89,46,2,1,41,11,8,31,18,61,95,36,8,2,1,0,Watch
2023-07-21,Malaria,2,137,84,42,6,5,8,2,2,1,1,1,2,5,1,1,2,1,5,3,5,18,8,36,72,37,2,1,45,10,12,17,18,47,66,38,7,3,2,0,Watch
2023-07-22,Malaria,2,141,76,48,7,10,9,2,2,1,1,1,2,6,1,1,2,1,5,4,6,22,9,41,80,42,2,1,33,9,8,26,17,43,100,52,8,2,0,0,Watch
2023-07-23,Malaria,2,138,73,48,6,11,9,2,2,1,1,1,2,5,1,1,2,1,5,4,6,22,9,41,80,41,2,1,47,11,9,22,16,32,88,49,9,2,1,0,Watch
2023-07-24,Malaria,2,147,92,42,6,7,9,2,2,1,1,1,2,6,1,1,2,1,5,4,6,19,8,36,73,38,2,1,37,12,8,25,18,47,89,37,9,2,1,0,Watch
2023-07-25,Malaria,2,152,90,47,9,6,11,2,2,1,1,1,2,6,1,1,2,1,7,4,6,21,9,40,80,41,2,1,47,13,9,25,20,35,111,54,9,2,1,0,Watch
2023-07-26,Malaria,2,171,107,45,7,12,10,2,2,1,1,1,2,7,1,1,2,1,6,4,6,22,9,39,79,41,2,1,43,8,11,19,17,44,88,56,5,2,1,0,Watch
2023-07-27,Malaria,2,151,87,46,11,7,10,2,2,1,1,1,2,6,1,1,2,1,6,4,6,21,9,40,78,41,2,1,40,13,11,27,18,50,106,39,9,2,1,0,Watch
2023-07-28,Malaria,2,156,90,53,6,7,9,2,2,1,1,1,2,6,1,2,2,1,5,4,6,23,10,46,89,46,2,1,37,13,9,23,20,55,123,44,8,2,1,0,Watch
2023-07-29,Malaria,2,136,77,41,7,11,8,2,2,1,1,1,2,5,1,1,2,1,5,4,5,20,8,35,70,36,2,1,35,11,8,26,19,33,90,39,9,2,1,0,Watch
2023-07-30,Malaria,2,135,78,40,7,10,10,2,2,1,1,1,2,5,1,1,2,1,6,4,6,19,8,34,68,35,2,1,42,12,4,17,16,45,75,43,9,3,2,0,Watch
2023-07-31,Malaria,2,149,95,40,6,8,8,2,2,1,1,1,2,6,1,1,2,1,5,3,5,18,8,34,70,36,2,1,40,11,8,16,17,41,69,45,9,2,2,0,Watch
2023-08-01,Malaria,2,164,98,47,11,8,11,2,2,1,1,1,2,6,1,1,2,1,7,4,6,22,9,40,81,41,2,1,41,12,10,27,20,38,105,59,9,2,1,0,Watch
2023-08-02,Malaria,2,164,101,44,7,12,10,2,2,1,1,1,2,6,1,1,2,1,6,4,6,21,8,38,77,39,2,1,38,11,8,25,19,33,84,41,9,2,1,0,Watch
2023-08-03,Malaria,2,146,87,43,10,6,9,2,2,1,1,1,2,6,1,1,2,1,5,3,6,20,8,37,74,39,2,1,52,12,9,26,19,29,81,33,8,2,2,0,Watch
2023-08-04,Malaria,2,145,87,45,7,6,7,2,2,1,1,1,2,6,1,1,2,1,4,3,5,20,9,39,77,40,2,1,43,11,7,18,20,38,85,57,7,2,2,0,Watch
2023-08-05,Malaria,2,145,80,45,8,12,9,2,2,1,1,1,2,6,1,1,2,1,5,4,6,22,9,39,76,40,2,1,42,7,9,23,16,33,100,39,12,2,2,0,Watch
2023-08-06,Malaria,2,124,72,41,5,6,7,2,2,1,1,1,2,5,1,1,2,1,4,3,5,18,8,35,69,36,2,1,42,14,7,20,18,39,92,31,10,2,1,0,Watch
2023-08-07,Malaria,2,169,101,47,5,16,11,2,2,1,1,1,2,7,1,1,2,1,7,5,6,23,9,40,81,42,2,1,46,11,9,24,16,50,88,46,9,2,0,0,Watch
2023-08-08,Malaria,2,149,90,43,10,6,8,2,2,1,1,1,2,6,1,1,2,1,5,3,5,20,8,37,74,39,2,1,43,11,8,18,16,47,70,34,6,2,3,0,High
2023-08-09,Malaria,2,160,98,40,7,15,9,2,2,1,1,1,2,6,1,1,2,1,5,5,5,21,8,34,70,36,2,1,42,12,8,28,15,39,93,34,12,2,1,0,Watch
2023-08-10,Malaria,2,147,85,41,13,8,10,2,2,1,1,1,2,6,1,1,2,1,6,4,6,20,8,35,70,37,2,1,41,11,7,23,14,38,65,34,8,2,2,0,Watch
2023-08-11,Malaria,2,144,83,47,7,7,10,2,2,1,1,1,2,6,1,1,2,1,6,4,6,21,9,40,79,41,2,1,42,9,11,27,16,38,98,48,9,2,1,0,Watch
2023-08-12,Dengue,4,163,82,66,3,12,11,2,2,1,1,1,2,6,1,2,2,1,7,5,9,28,12,57,108,68,3,1,43,13,8,25,22,55,145,94,9,2,3,0,High
2023-08-13,Dengue,4,170,80,74,7,9,13,2,3,1,1,1,2,7,1,2,2,1,8,5,11,31,14,63,119,76,3,1,47,10,8,30,22,52,126,61,10,2,4,0,High
2023-08-14,Dengue,4,186,105,70,5,6,12,2,2,1,1,1,3,7,1,2,2,1,7,4,10,28,13,60,116,73,2,1,38,11,12,37,21,51,137,65,9,2,2,0,High
2023-08-15,Dengue,4,192,101,72,11,8,13,2,3,1,1,1,3,7,1,2,2,1,8,5,10,31,13,62,119,75,3,1,41,7,10,35,19,55,141,75,11,2,1,0,High
2023-08-16,Dengue,4,201,112,73,4,12,12,3,3,1,1,1,3,8,1,2,2,1,7,5,10,31,14,63,121,77,3,1,45,13,8,38,25,55,148,96,9,2,2,0,High
2023-08-17,Dengue,4,188,94,74,11,9,14,2,3,1,1,1,3,7,1,2,2,1,8,5,11,32,14,63,121,77,3,1,41,11,4,41,19,83,162,97,7,2,1,0,High
2023-08-18,Dengue,4,180,94,72,6,8,10,2,3,1,1,1,2,7,1,2,2,1,6,4,9,30,13,62,118,74,3,1,39,12,6,38,23,74,116,70,12,2,3,0,High
2023-08-19,Dengue,4,171,80,76,6,9,11,2,3,1,1,1,2,7,1,2,2,1,7,4,10,31,14,65,122,78,3,1,40,9,6,31,22,84,118,81,7,2,2,0,High
2023-08-20,Dengue,4,179,82,80,6,11,12,2,3,1,1,1,2,7,1,2,2,1,7,5,11,33,15,68,129,81,3,1,39,11,10,43,29,77,163,105,9,1,1,0,High
2023-08-21,Dengue,4,190,101,74,7,8,12,2,3,1,1,1,3,7,1,2,2,1,7,4,10,31,14,63,122,77,3,1,45,11,8,29,20,56,140,73,9,2,4,0,High
2023-08-22,Dengue,4,185,99,69,12,5,12,2,2,1,1,1,3,7,1,2,2,1,7,4,10,29,13,59,114,73,2,1,43,11,8,27,19,49,143,92,8,2,3,0,High
2023-08-23,Dengue,4,197,109,70,5,13,13,2,2,1,1,1,3,8,1,2,2,1,8,5,10,30,13,60,116,74,3,1,42,9,10,37,27,58,108,95,5,2,2,0,High
2023-08-24,Dengue,4,183,100,65,12,6,12,2,2,1,1,1,3,7,1,2,2,1,7,4,10,28,12,56,108,69,2,1,36,9,6,31,19,44,119,57,6,2,3,0,High
2023-08-25,Dengue,4,182,95,75,5,7,10,2,3,1,1,1,3,7,1,2,2,1,6,4,10,30,14,64,122,78,3,1,42,11,7,31,27,49,139,76,9,2,3,0,High
2023-08-26,Dengue,4,171,85,69,6,11,12,2,2,1,1,1,2,7,1,2,2,1,7,5,10,29,13,59,112,72,3,1,36,11,10,32,24,76,114,67,9,2,1,0,High
2023-08-27,Dengue,4,174,80,75,6,13,12,2,3,1,1,1,2,7,1,2,2,1,7,5,10,32,14,64,121,77,3,1,42,10,8,42,20,81,166,101,7,2,1,0,High
2023-08-28,Dengue,4,201,104,73,5,19,13,2,3,2,1,1,3,8,1,2,2,1,8,6,10,33,14,63,120,77,3,1,45,6,9,28,28,72,127,90,6,2,2,0,High
2023-08-29,Dengue,4,187,100,69,10,8,13,2,2,1,1,1,3,7,1,2,2,1,8,5,10,30,13,59,114,73,3,1,40,11,9,27,26,65,130,65,8,2,3,0,High
2023-08-30,Dengue,4,192,102,71,6,13,12,2,3,1,1,1,3,7,1,2,2,1,7,5,10,31,13,61,117,74,3,1,38,11,10,27,21,52,160,70,9,2,3,0,High
2023-08-31,Dengue,4,187,98,71,11,7,12,2,3,1,1,1,3,7,1,2,2,1,7,4,10,30,13,61,117,74,3,1,43,12,8,38,24,48,124,76,9,2,2,0,High
2023-09-01,Dengue,4,176,91,72,5,8,12,2,3,1,1,1,2,7,1,2,2,1,7,4,10,29,13,62,118,74,3,1,40,11,11,25,22,50,155,72,9,2,3,0,High
2023-09-02,Dengue,4,169,82,69,5,13,11,2,2,1,1,1,2,7,1,2,2,1,7,5,10,30,13,59,112,72,3,1,39,13,8,37,22,61,134,77,10,2,1,0,High
2023-09-03,Dengue,4,176,83,74,5,14,13,2,3,1,1,1,2,7,1,2,2,1,8,5,11,32,14,63,120,76,3,1,41,12,7,34,26,62,136,70,6,2,3,0,High
2023-09-04,Dengue,4,178,99,69,5,5,9,2,2,1,1,1,2,7,1,2,2,1,5,3,9,27,13,59,114,72,2,1,38,12,9,25,20,66,105,81,12,2,2,0,High
2023-09-05,Dengue,4,189,103,70,9,7,11,2,2,1,1,1,3,7,1,2,2,1,7,4,10,29,13,60,116,73,3,1,41,12,9,28,20,50,160,91,8,2,3,0,High
2023-09-06,Dengue,4,196,108,70,5,13,12,2,2,1,1,1,3,7,1,2,2,1,7,5,10,30,13,60,116,73,3,1,45,14,8,27,26,75,147,81,9,2,2,0,High
2023-09-07,Dengue,4,173,94,63,10,6,12,2,2,1,1,1,2,7,1,2,2,1,7,4,9,27,12,54,104,66,2,1,35,11,7,25,18,46,120,89,9,3,3,0,High
2023-09-08,Dengue,4,173,94,66,6,7,10,2,2,1,1,1,2,7,1,2,2,1,6,4,9,27,12,57,109,69,2,1,31,11,6,33,20,74,104,83,9,2,2,0,High
2023-09-09,Dengue,4,168,83,69,6,10,11,2,2,1,1,1,2,6,1,2,2,1,7,4,10,29,13,59,112,71,3,1,41,11,8,29,22,74,133,96,9,2,1,0,High
2023-09-10,Dengue,4,168,78,73,6,11,12,2,3,1,1,1,2,6,1,2,2,1,7,5,10,31,14,63,118,74,3,1,41,11,7,39,24,55,128,85,9,2,2,0,High
2023-09-11,Dengue,4,178,99,69,6,4,10,2,2,1,1,1,2,7,1,2,2,1,6,3,9,27,13,59,114,72,2,1,36,13,9,29,18,54,132,91,9,2,1,0,High
2023-09-12,Dengue,4,192,101,75,8,8,12,2,3,1,1,1,3,7,1,2,2,1,7,4,10,31,14,64,123,78,3,1,36,9,11,36,21,76,131,65,9,1,1,0,High
2023-09-13,Dengue,4,198,101,81,4,12,12,2,3,1,1,1,3,8,1,2,2,1,7,5,11,33,15,69,132,84,3,1,40,12,7,38,25,73,126,103,10,2,2,0,High
2023-09-14,Dengue,4,192,102,66,13,11,13,2,2,1,1,1,3,7,1,2,2,1,8,5,10,30,12,57,110,70,3,1,39,10,8,32,20,59,143,65,9,2,2,0,High
2023-09-15,Dengue,4,181,95,72,6,8,12,2,3,1,1,1,3,7,1,2,2,1,7,4,10,30,13,62,118,75,3,1,40,12,8,30,18,51,158,67,7,2,3,0,High
2023-09-16,Dengue,4,176,86,73,5,12,12,2,3,1,1,1,2,7,1,2,2,1,7,5,10,31,14,63,119,75,3,1,40,11,10,36,19,57,114,82,9,2,2,0,High
2023-09-17,Dengue,4,167,77,73,4,13,13,2,3,1,1,1,2,6,1,2,2,1,8,5,10,31,14,63,118,74,3,1,36,11,10,33,27,59,147,79,12,2,1,0,High
2023-09-18,Dengue,4,184,99,71,5,9,9,2,3,1,1,1,3,7,1,2,2,1,5,4,9,29,13,61,117,74,3,1,39,14,7,38,24,60,163,69,9,2,3,0,High
2023-09-19,Dengue,4,176,97,64,9,6,11,2,2,1,1,1,2,7,1,2,2,1,7,4,9,27,12,55,106,67,2,1,42,12,7,27,22,71,97,95,9,2,2,0,High
2023-09-20,Dengue,4,183,105,61,5,12,11,2,2,1,1,1,3,7,1,2,2,1,7,5,9,27,11,52,102,65,3,1,47,9,8,28,22,70,130,92,8,2,1,0,High
2023-09-21,Dengue,4,173,88,67,9,9,12,2,2,1,1,1,2,7,1,2,2,1,7,5,10,29,13,57,110,70,3,1,48,12,8,27,20,68,142,93,8,2,2,0,High
2023-09-22,None,0,119,85,22,5,7,8,2,1,1,1,1,2,5,1,1,1,1,5,3,3,12,4,10,42,18,1,1,43,11,6,15,11,12,51,25,8,2,0,0,Normal
2023-09-23,None,0,117,72,28,5,12,9,2,1,1,1,1,2,5,1,1,1,1,5,4,4,15,6,13,50,21,2,1,44,11,8,18,16,11,66,19,9,2,2,0,Watch
2023-09-24,None,0,124,69,40,2,13,8,2,2,1,1,1,2,5,1,1,2,1,5,4,4,19,8,18,67,27,2,1,42,10,9,17,19,24,82,29,9,2,1,0,Watch
2023-09-25,None,0,124,92,21,4,7,7,2,1,1,1,1,2,5,1,1,2,1,4,3,3,11,4,10,41,18,1,1,42,12,10,10,13,11,51,15,12,2,2,0,Watch
2023-09-26,None,0,133,90,24,11,8,8,2,1,1,1,1,2,5,1,1,2,1,5,3,3,14,5,11,45,19,1,1,51,14,8,14,15,11,42,16,9,2,2,0,Watch
2023-09-27,None,0,142,95,28,5,14,9,2,1,1,1,1,2,6,1,1,2,1,5,4,4,16,6,13,52,22,2,1,43,9,9,20,13,15,49,22,9,2,1,0,Watch
2023-09-28,None,0,129,84,27,10,8,7,2,1,1,1,1,2,5,1,1,2,1,4,3,3,15,5,13,49,21,1,1,48,11,9,19,14,10,59,28,11,2,1,0,Watch
2023-09-29,None,0,117,86,23,4,4,7,2,1,1,1,1,2,5,1,1,1,1,4,3,3,11,5,11,44,19,1,1,45,11,11,13,12,11,56,17,11,2,1,0,Watch
2023-09-30,None,0,117,75,24,7,11,7,2,1,1,1,1,2,5,1,1,1,1,4,4,3,14,5,11,44,19,2,1,41,12,8,17,15,12,56,16,7,2,1,0,Watch
2023-10-01,None,0,102,72,15,5,10,6,2,1,1,1,1,2,4,1,1,1,1,4,3,2,10,3,7,30,14,1,1,47,11,8,11,10,8,41,17,10,2,0,0,Normal
2023-10-02,None,0,117,90,14,6,7,8,2,1,1,1,1,2,5,1,1,1,1,5,3,3,9,3,7,30,14,1,1,43,8,8,9,10,9,30,14,9,2,0,0,Normal
2023-10-03,None,0,121,89,15,10,7,6,2,1,1,1,1,2,5,1,1,2,1,4,3,2,10,3,7,32,15,1,1,39,12,8,8,11,7,41,20,11,2,1,0,Watch
2023-10-04,None,0,125,97,11,5,12,6,2,1,1,1,1,2,5,1,1,2,1,4,3,2,9,2,5,27,13,1,1,39,11,8,11,10,4,24,15,7,2,2,0,Watch
2023-10-05,None,0,112,82,14,10,6,7,2,1,1,1,1,2,4,1,1,1,1,4,3,3,10,3,7,30,13,1,1,45,10,9,10,11,5,37,13,8,2,1,0,Watch
2023-10-06,None,0,131,92,16,8,15,8,2,1,1,1,1,2,5,1,1,2,1,5,4,3,13,3,8,34,15,1,1,46,12,8,14,11,10,42,12,12,2,1,0,Watch
2023-10-07,None,0,110,80,16,5,9,6,2,1,1,1,1,2,4,1,1,1,1,4,3,2,10,3,8,32,14,1,1,42,9,9,10,12,8,35,13,7,2,1,0,Watch
2023-10-08,None,0,101,73,12,7,9,5,2,1,1,1,1,2,4,1,1,1,1,3,3,2,9,3,6,26,12,1,1,42,10,8,9,12,4,27,15,9,1,1,0,Watch
2023-10-09,None,0,113,91,11,5,6,5,2,1,1,1,1,2,5,1,1,1,1,3,2,2,7,2,5,26,13,1,1,33,10,5,9,10,6,30,14,8,2,0,0,Normal
2023-10-10,None,0,137,93,20,8,16,10,2,1,1,1,1,2,5,1,1,2,1,6,5,3,14,4,9,40,17,2,1,38,12,10,18,11,7,55,17,9,2,1,0,Watch
2023-10-11,None,0,121,93,10,4,14,7,2,1,1,1,1,2,5,1,1,2,1,4,4,2,9,2,5,25,12,1,1,36,11,8,8,9,6,27,11,8,2,2,0,Watch
2023-10-12,None,0,121,85,15,11,10,8,2,1,1,1,1,2,5,1,1,2,1,5,4,3,11,3,7,31,15,1,1,41,11,7,10,12,8,32,17,6,2,1,0,Watch
2023-10-13,Mass_Casualty,3,165,90,15,5,55,17,2,1,4,1,1,2,6,1,1,2,3,10,11,7,23,3,7,32,20,3,2,45,10,9,24,10,9,35,24,9,2,1,0,Watch
2023-10-14,Mass_Casualty,3,173,84,16,6,67,18,2,1,4,1,1,2,7,1,1,2,3,10,13,7,28,3,8,33,22,4,3,45,11,7,32,10,8,35,25,10,2,2,0,Watch
2023-10-15,None,0,96,67,12,5,12,6,2,1,1,1,1,2,4,1,1,1,1,4,3,2,10,3,6,25,12,1,1,31,10,8,12,11,4,23,12,7,2,2,0,Watch
2023-10-16,None,0,139,102,15,4,18,8,2,1,1,1,1,2,5,1,1,2,1,5,5,3,12,3,7,33,15,2,1,44,11,8,13,12,8,33,19,14,2,0,0,Normal
2023-10-17,None,0,121,90,15,8,8,5,2,1,1,1,1,2,5,1,1,2,1,3,3,2,10,3,7,32,15,1,1,48,12,7,12,11,6,31,12,9,2,3,0,High
2023-10-18,None,0,138,101,20,6,11,7,2,1,1,1,1,2,5,1,1,2,1,4,4,3,12,4,9,41,17,1,1,38,10,9,12,13,9,51,19,10,2,0,0,Normal
2023-10-19,None,0,111,84,13,9,5,5,2,1,1,1,1,2,4,1,1,1,1,3,2,2,9,3,6,28,13,1,1,45,14,5,7,11,5,37,17,9,2,2,0,Watch
2023-10-20,None,0,114,87,16,4,7,7,2,1,1,1,1,2,5,1,1,1,1,4,3,3,9,3,8,33,15,1,1,40,11,7,11,11,7,40,12,7,2,2,0,Watch
2023-10-21,None,0,106,78,15,4,9,7,2,1,1,1,1,2,4,1,1,1,1,4,3,3,9,3,7,31,14,1,1,42,11,7,10,11,7,37,16,11,2,0,0,Normal
2023-10-22,None,0,93,69,12,2,10,5,2,1,1,1,1,2,4,1,1,1,1,3,3,2,8,3,6,25,12,1,1,44,11,11,9,11,5,22,12,9,2,2,0,Watch
2023-10-23,None,0,117,92,16,6,3,7,2,1,1,1,1,2,5,1,1,1,1,4,3,3,8,3,8,34,15,1,1,39,10,6,7,11,10,46,21,6,2,1,0,Watch
2023-10-24,None,0,115,85,15,8,7,6,2,1,1,1,1,2,5,1,1,1,1,4,3,2,10,3,7,31,15,1,1,42,12,7,12,11,8,33,14,9,2,1,0,Watch
2023-10-25,None,0,132,98,16,5,13,7,2,1,1,1,1,2,5,1,1,2,1,4,4,3,11,3,8,34,15,1,1,42,10,7,13,11,9,34,17,11,2,0,0,Normal
2023-10-26,None,0,117,81,19,11,6,7,2,1,1,1,1,2,5,1,1,1,1,4,3,3,12,4,9,37,17,1,1,42,8,7,10,12,7,44,18,8,2,2,0,Watch
2023-10-27,None,0,118,85,17,6,10,8,2,1,1,1,1,2,5,1,1,1,1,5,4,3,11,4,8,34,16,1,1,40,6,6,14,13,7,47,21,7,2,1,0,Watch
2023-10-28,None,0,102,77,12,6,7,5,2,1,1,1,1,2,4,1,1,1,1,3,3,2,8,3,6,26,12,1,1,38,13,8,9,11,5,29,11,13,1,2,0,Watch
2023-10-29,None,0,114,75,12,7,20,9,2,1,2,1,1,2,5,1,1,1,1,5,5,3,12,3,6,26,13,2,1,40,8,5,13,11,8,35,16,9,2,0,0,Normal
2023-10-30,None,0,134,99,10,7,18,8,2,1,1,1,1,2,5,1,1,2,1,5,5,3,11,2,5,25,12,1,1,48,14,6,10,9,6,33,15,9,2,1,0,Watch
2023-10-31,None,0,119,91,13,8,7,7,2,1,1,1,1,2,5,1,1,1,1,4,3,3,9,3,6,29,14,1,1,37,7,8,9,11,5,33,11,9,2,2,0,Watch
2023-11-01,None,0,131,99,15,4,13,8,2,1,1,1,1,2,5,1,1,2,1,5,4,3,11,3,7,33,15,1,1,37,12,6,10,11,6,45,12,9,2,3,0,High
2023-11-02,None,0,116,84,19,10,3,6,2,1,1,1,1,2,5,1,1,1,1,4,2,3,11,4,9,37,17,1,1,38,11,8,13,13,8,34,23,10,2,2,0,Watch
2023-11-03,None,0,113,86,16,6,5,6,2,1,1,1,1,2,5,1,1,1,1,4,3,2,9,3,8,33,15,1,1,38,11,8,9,12,7,39,14,9,2,2,0,Watch
2023-11-04,None,0,111,77,17,5,12,8,2,1,1,1,1,2,4,1,1,1,1,5,4,3,11,4,8,34,15,1,1,40,9,8,14,12,9,31,18,10,2,1,0,Watch
2023-11-05,None,0,104,72,15,4,13,5,2,1,1,1,1,2,4,1,1,1,1,3,3,2,11,3,7,30,14,1,1,51,15,4,13,11,5,36,19,11,2,1,0,Watch
2023-11-06,None,0,130,98,18,8,6,8,2,1,1,1,1,2,5,1,1,2,1,5,3,3,11,4,9,37,16,1,1,38,13,7,10,11,8,45,16,6,2,2,0,Watch
2023-11-07,None,0,134,92,18,8,16,9,2,1,1,1,1,2,5,1,1,2,1,5,5,3,14,4,9,37,16,2,1,34,16,8,16,12,8,43,20,7,2,1,0,Watch
2023-11-08,None,0,129,96,15,6,12,8,2,1,1,1,1,2,5,1,1,2,1,5,4,3,11,3,7,33,15,1,1,49,11,8,10,10,8,39,20,7,1,1,0,Watch
2023-11-09,None,0,122,87,17,11,7,7,2,1,1,1,1,2,5,1,1,2,1,4,3,3,11,4,8,35,16,1,1,45,11,7,13,12,7,33,16,10,2,2,0,Watch
2023-11-10,None,0,105,78,14,5,8,6,2,1,1,1,1,2,4,1,1,1,1,4,3,2,9,3,7,29,13,1,1,40,10,8,10,11,8,30,13,8,2,0,0,Normal
2023-11-11,None,0,114,77,18,8,11,7,2,1,1,1,1,2,5,1,1,1,1,4,4,3,12,4,9,35,16,1,1,45,10,6,14,11,9,42,21,10,2,0,0,Normal
2023-11-12,None,0,99,68,15,5,11,7,2,1,1,1,1,2,4,1,1,1,1,4,4,3,10,3,7,30,14,1,1,40,11,8,8,11,6,30,11,9,2,3,0,High
2023-11-13,None,0,123,89,21,5,8,6,2,1,1,1,1,2,5,1,1,2,1,4,3,3,11,4,10,41,18,1,1,51,9,7,13,11,13,45,19,9,2,0,0,Normal
2023-11-14,None,0,125,92,14,11,8,8,2,1,1,1,1,2,5,1,1,2,1,5,3,3,11,3,7,31,14,1,1,45,13,8,11,12,8,41,13,12,2,1,0,Watch
2023-11-15,None,0,126,98,12,6,10,8,2,1,1,1,1,2,5,1,1,2,1,5,4,3,9,3,6,28,13,1,1,38,10,8,8,12,6,33,12,8,2,2,0,Watch
2023-11-16,None,0,128,92,12,15,9,8,2,1,1,1,1,2,5,1,1,2,1,5,4,3,11,3,6,28,13,1,1,39,8,6,11,11,6,31,10,9,2,1,0,Watch
2023-11-17,None,0,114,81,20,6,7,7,2,1,1,1,1,2,5,1,1,1,1,4,3,3,11,4,9,39,17,1,1,40,12,7,12,11,6,41,22,9,2,1,0,Watch
2023-11-18,None,0,108,75,17,5,11,7,2,1,1,1,1,2,4,1,1,1,1,4,4,3,11,4,8,33,15,1,1,44,11,7,10,12,7,31,19,9,1,3,0,High
2023-11-19,None,0,99,63,19,6,11,7,2,1,1,1,1,2,4,1,1,1,1,4,4,3,12,4,9,35,16,1,1,44,11,4,15,11,10,34,13,10,2,2,0,Watch
2023-11-20,None,0,124,94,17,6,7,6,2,1,1,1,1,2,5,1,1,2,1,4,3,3,10,4,8,35,16,1,1,44,10,8,13,13,9,47,21,10,2,0,0,Normal
2023-11-21,None,0,122,90,16,10,6,7,2,1,1,1,1,2,5,1,1,2,1,4,3,3,10,3,8,33,15,1,1,42,13,8,11,12,7,44,12,8,2,2,0,Watch
2023-11-22,None,0,137,97,22,5,13,7,2,1,1,1,1,2,5,1,1,2,1,4,4,3,13,4,10,43,18,2,1,47,12,8,16,12,12,50,21,8,2,0,0,Normal
2023-11-23,None,0,132,88,19,11,14,8,2,1,1,1,1,2,5,1,1,2,1,5,4,3,14,4,9,38,17,2,1,46,8,8,14,11,10,45,21,10,2,0,0,Normal
2023-11-24,None,0,120,89,18,7,6,5,2,1,1,1,1,2,5,1,1,1,1,3,2,2,10,4,9,36,16,1,1,37,9,11,11,11,11,40,12,9,1,1,0,Watch
2023-11-25,None,0,102,73,12,7,10,8,2,1,1,1,1,2,4,1,1,1,1,5,4,3,9,3,6,26,12,1,1,36,11,8,7,11,6,35,16,8,2,1,0,Watch
2023-11-26,None,0,102,66,18,7,11,6,2,1,1,1,1,2,4,1,1,1,1,4,3,3,12,4,9,34,15,1,1,37,10,5,10,13,6,37,13,9,1,3,0,High
2023-11-27,None,0,120,92,15,7,6,6,2,1,1,1,1,2,5,1,1,1,1,4,3,2,9,3,7,32,15,1,1,43,9,8,9,12,8,37,16,9,2,0,0,Normal
2023-11-28,None,0,119,88,14,10,7,7,2,1,1,1,1,2,5,1,1,1,1,4,3,3,10,3,7,30,14,1,1,41,12,7,12,12,8,39,20,10,2,0,0,Normal
2023-11-29,None,0,132,98,17,5,12,7,2,1,1,1,1,2,5,1,1,2,1,4,4,3,11,4,8,36,16,1,1,39,12,8,11,11,10,38,18,5,3,0,0,Normal
2023-11-30,None,0,126,85,23,10,8,7,2,1,1,1,1,2,5,1,1,2,1,4,3,3,13,5,11,43,19,1,1,42,11,8,17,13,14,51,16,9,2,1,0,Watch
2023-12-01,None,0,104,82,9,7,6,6,2,1,1,1,1,2,4,1,1,1,1,4,3,2,7,2,5,22,11,1,1,40,15,7,8,10,5,25,11,9,2,0,0,Normal
2023-12-02,None,0,113,78,18,6,11,6,2,1,1,1,1,2,5,1,1,1,1,4,3,3,12,4,9,35,16,1,1,51,15,5,12,12,10,43,21,7,1,0,0,Normal
2023-12-03,None,0,102,72,15,5,10,6,2,1,1,1,1,2,4,1,1,1,1,4,3,2,10,3,7,30,14,1,1,48,12,8,10,12,8,27,19,9,2,1,0,Watch
2023-12-04,None,0,129,95,16,8,10,8,2,1,1,1,1,2,5,1,1,2,1,5,4,3,11,3,8,34,15,1,1,43,11,9,11,12,7,33,20,7,2,2,0,Watch
2023-12-05,None,0,130,91,20,12,7,8,2,1,1,1,1,2,5,1,1,2,1,5,3,3,13,4,9,40,17,1,1,34,12,7,13,12,6,36,16,9,2,3,0,High
2023-12-06,None,0,130,96,15,6,13,7,2,1,1,1,1,2,5,1,1,2,1,4,4,3,11,3,7,33,15,1,1,42,7,9,10,12,7,37,16,7,2,1,0,Watch
2023-12-07,None,0,128,87,20,12,9,8,2,1,1,1,1,2,5,1,1,2,1,5,4,3,13,4,9,39,17,1,1,42,8,8,12,13,10,39,23,8,2,1,0,Watch
2023-12-08,None,0,111,83,14,7,7,6,2,1,1,1,1,2,4,1,1,1,1,4,3,2,9,3,7,30,13,1,1,43,12,7,11,11,6,37,12,13,2,2,0,Watch
2023-12-09,None,0,109,78,15,5,11,6,2,1,1,1,1,2,4,1,1,1,1,4,3,2,10,3,7,31,14,1,1,42,8,9,12,11,5,29,13,5,2,3,0,High
2023-12-10,None,0,116,74,19,10,13,8,2,1,1,1,1,2,5,1,1,1,1,5,4,3,14,4,9,36,17,1,1,50,11,8,18,12,8,34,23,10,2,2,0,Watch
2023-12-11,None,0,126,92,16,8,10,8,2,1,1,1,1,2,5,1,1,2,1,5,4,3,11,3,8,34,15,1,1,42,9,6,13,10,9,45,12,9,2,1,0,Watch
2023-12-12,None,0,125,88,22,10,5,8,2,1,1,1,1,2,5,1,1,2,1,5,3,3,12,4,10,42,18,1,1,39,13,7,13,13,12,45,17,10,2,1,0,Watch
2023-12-13,None,0,138,103,18,6,11,8,2,1,1,1,1,2,5,1,1,2,1,5,4,3,12,4,9,38,16,1,1,51,12,8,10,11,10,45,13,7,2,2,0,Watch
2023-12-14,None,0,125,89,17,11,8,7,2,1,1,1,1,2,5,1,1,2,1,4,3,3,12,4,8,35,16,1,1,47,11,4,12,12,8,39,20,11,2,0,0,Normal
2023-12-15,None,0,110,82,17,5,6,7,2,1,1,1,1,2,4,1,1,1,1,4,3,3,9,4,8,34,15,1,1,44,11,6,10,12,8,33,18,11,2,1,0,Watch
2023-12-16,None,0,108,77,16,5,10,6,2,1,1,1,1,2,4,1,1,1,1,4,3,2,10,3,8,32,14,1,1,47,8,8,8,11,9,32,15,10,2,1,0,Watch
2023-12-17,None,0,107,73,17,7,10,5,2,1,1,1,1,2,4,1,1,1,1,3,3,2,11,4,8,33,15,1,1,46,14,7,14,11,6,33,19,9,2,1,0,Watch
2023-12-18,None,0,125,97,16,6,6,7,2,1,1,1,1,2,5,1,1,2,1,4,3,3,9,3,8,34,15,1,1,39,12,8,9,12,10,30,17,9,2,1,0,Watch
2023-12-19,None,0,121,89,13,12,7,8,2,1,1,1,1,2,5,1,1,2,1,5,3,3,10,3,6,29,14,1,1,46,10,8,12,10,6,29,18,9,2,0,0,Normal
2023-12-20,None,0,135,100,14,6,15,9,2,1,1,1,1,2,5,1,1,2,1,5,5,3,11,3,7,31,14,1,1,37,14,8,11,10,5,40,13,9,2,2,0,Watch
2023-12-21,None,0,129,88,21,11,9,7,2,1,1,1,1,2,5,1,1,2,1,4,3,3,13,4,10,41,18,1,1,49,12,11,16,11,11,51,21,8,3,0,0,Normal
2023-12-22,None,0,114,84,17,6,7,7,2,1,1,1,1,2,5,1,1,1,1,4,3,3,10,4,8,34,16,1,1,41,12,9,9,11,7,37,14,11,2,3,0,High
2023-12-23,None,0,113,75,18,7,13,6,2,1,1,1,1,2,5,1,1,1,1,4,4,3,12,4,9,35,16,1,1,36,10,9,15,12,7,37,21,8,2,1,0,Watch
2023-12-24,None,0,107,73,19,7,8,5,2,1,1,1,1,2,4,1,1,1,1,3,3,2,11,4,9,36,16,1,1,41,12,8,9,13,7,33,20,9,2,3,0,High
2023-12-25,None,0,129,95,19,7,8,7,2,1,1,1,1,2,5,1,1,2,1,4,3,3,11,4,9,38,17,1,1,42,10,9,10,11,6,46,23,7,2,2,0,Watch
2023-12-26,None,0,125,91,15,13,6,7,2,1,1,1,1,2,5,1,1,2,1,4,3,3,11,3,7,32,15,1,1,51,11,8,9,11,7,42,14,8,2,2,0,Watch
2023-12-27,None,0,137,102,17,6,12,7,2,1,1,1,1,2,5,1,1,2,1,4,4,3,12,4,8,36,16,1,1,42,12,4,11,11,8,33,22,8,2,2,0,Watch
2023-12-28,None,0,123,86,20,10,7,7,2,1,1,1,1,2,5,1,1,2,1,4,3,3,12,4,9,39,17,1,1,34,11,7,13,12,10,35,16,7,2,2,0,Watch
2023-12-29,None,0,114,86,13,7,8,6,2,1,1,1,1,2,5,1,1,1,1,4,3,2,9,3,6,29,14,1,1,34,13,10,11,10,7,35,17,8,2,0,0,Normal
2023-12-30,None,0,104,72,14,7,11,7,2,1,1,1,1,2,4,1,1,1,1,4,4,3,10,3,7,29,13,1,1,42,11,8,8,12,8,33,16,9,2,1,0,Watch
2023-12-31,None,0,103,70,15,6,12,7,2,1,1,1,1,2,4,1,1,1,1,4,4,3,11,3,7,30,14,1,1,37,15,5,9,12,8,38,16,9,2,1,0,Watch
2024-01-01,None,0,128,99,18,4,7,6,2,1,1,1,1,2,5,1,1,2,1,4,3,3,10,4,9,37,16,1,1,47,14,8,12,12,8,43,22,9,2,1,0,Watch
2024-01-02,None,0,129,90,19,13,7,8,2,1,1,1,1,2,5,1,1,2,1,5,3,3,12,4,9,38,17,1,1,36,10,10,15,13,6,48,15,8,2,2,0,Watch
2024-01-03,None,0,138,102,19,6,11,8,2,1,1,1,1,2,5,1,1,2,1,5,4,3,12,4,9,39,17,1,1,48,9,8,14,11,7,53,23,10,2,1,0,Watch
2024-01-04,None,0,125,93,15,10,7,7,2,1,1,1,1,2,5,1,1,2,1,4,3,3,10,3,7,32,15,1,1,42,11,5,12,11,6,39,12,9,3,2,0,Watch
2024-01-05,None,0,120,87,19,6,8,7,2,1,1,1,1,2,5,1,1,1,1,4,3,3,11,4,9,38,17,1,1,38,9,9,12,13,8,39,22,9,2,1,0,Watch
2024-01-06,None,0,113,75,22,8,8,7,2,1,1,1,1,2,5,1,1,1,1,4,3,3,13,4,10,41,18,1,1,41,9,8,14,11,9,42,22,12,2,1,0,Watch
2024-01-07,None,0,112,77,16,6,13,7,2,1,1,1,1,2,4,1,1,1,1,4,4,3,11,3,8,32,14,1,1,43,11,8,11,11,8,32,16,8,2,0,0,Normal
2024-01-08,None,0,131,94,21,7,9,8,2,1,1,1,1,2,5,1,1,2,1,5,4,3,12,4,10,41,18,1,1,36,10,11,10,11,9,50,14,10,2,3,0,High
2024-01-09,None,0,134,96,19,12,7,6,2,1,1,1,1,2,5,1,1,2,1,4,3,3,12,4,9,39,17,1,1,45,10,8,14,12,11,38,22,8,2,1,0,Watch
2024-01-10,None,0,144,104,19,7,14,9,2,1,1,1,1,2,6,1,1,2,1,5,4,3,13,4,9,39,18,2,1,39,11,9,13,12,10,39,25,8,1,0,0,Normal
2024-01-11,None,0,129,91,21,10,7,6,2,1,1,1,1,2,5,1,1,2,1,4,3,3,12,4,10,41,18,1,1,44,12,8,12,11,7,38,16,11,2,3,0,High
2024-01-12,None,0,120,88,20,7,5,6,2,1,1,1,1,2,5,1,1,1,1,4,3,3,11,4,9,39,17,1,1,36,12,7,14,13,12,37,18,7,2,1,0,Watch
2024-01-13,Respiratory,2,144,89,38,7,10,9,2,2,1,1,1,2,6,1,1,2,1,5,4,5,19,7,33,66,35,8,1,39,7,6,18,18,28,81,34,8,2,3,0,High
2024-01-14,Respiratory,2,132,85,28,7,12,8,2,1,1,1,1,2,5,1,1,2,1,5,4,4,16,6,24,51,27,6,1,39,12,7,21,12,21,52,33,10,2,1,0,Watch
2024-01-15,Respiratory,2,152,105,32,8,7,9,2,1,1,1,1,2,6,1,1,2,1,5,4,5,16,6,28,59,31,7,1,40,10,5,16,14,29,69,37,10,2,0,0,Watch
2024-01-16,Respiratory,2,159,107,33,11,8,9,2,1,1,1,1,2,6,1,1,2,1,5,4,5,17,6,29,61,32,7,1,39,11,9,18,16,28,67,42,7,2,1,0,Watch
2024-01-17,Respiratory,2,162,112,31,7,12,10,3,1,1,1,1,2,6,1,1,2,1,6,4,5,17,6,27,58,30,7,1,32,11,8,22,14,34,75,25,10,2,1,0,Watch
2024-01-18,Respiratory,2,153,101,33,13,6,8,2,1,1,1,1,2,6,1,1,2,1,5,3,5,17,6,29,60,32,7,1,38,11,12,22,15,27,71,40,10,2,1,0,Watch
2024-01-19,Respiratory,2,146,104,29,6,7,8,2,1,1,1,1,2,6,1,1,2,1,5,3,4,14,6,25,54,29,6,1,48,11,8,18,14,32,69,29,10,2,0,0,Watch
2024-01-20,Respiratory,2,143,92,31,8,12,9,2,1,1,1,1,2,6,1,1,2,1,5,4,5,17,6,27,56,30,7,1,51,11,8,22,13,28,71,25,8,2,1,0,Watch
2024-01-21,Respiratory,2,138,88,32,7,11,9,2,1,1,1,1,2,5,1,1,2,1,5,4,5,17,6,28,57,30,7,1,46,11,4,16,14,25,52,40,8,2,4,0,High
2024-01-22,Respiratory,2,157,108,33,7,9,9,2,1,1,1,1,2,6,1,1,2,1,5,4,5,16,6,29,61,32,7,1,44,11,8,18,15,22,61,33,9,2,1,0,Watch
2024-01-23,Respiratory,2,152,104,30,12,6,10,2,1,1,1,1,2,6,1,1,2,1,6,4,5,16,6,26,56,29,6,1,46,12,12,16,16,34,57,35,5,2,1,0,Watch
2024-01-24,Respiratory,2,167,113,30,11,13,10,3,1,1,1,1,2,6,1,1,2,1,6,5,5,18,6,26,57,29,6,1,43,12,7,20,14,29,55,33,11,2,1,0,Watch
2024-01-25,Respiratory,2,158,103,33,12,10,9,2,1,1,1,1,2,6,1,1,2,1,5,4,5,18,6,29,60,32,7,1,45,9,10,19,15,27,65,27,5,2,3,0,High
2024-01-26,Respiratory,2,145,96,32,9,8,7,2,1,1,1,1,2,6,1,1,2,1,4,3,4,16,6,28,58,31,7,1,45,14,8,14,12,35,65,42,7,2,1,0,Watch
2024-01-27,Respiratory,2,138,87,33,8,10,7,2,1,1,1,1,2,5,1,1,2,1,4,3,4,17,6,29,59,31,7,1,44,10,9,21,12,22,68,44,6,2,2,0,Watch
2024-01-28,Respiratory,2,137,87,32,8,10,8,2,1,1,1,1,2,5,1,1,2,1,5,4,5,17,6,28,57,30,7,1,42,11,8,14,16,34,68,25,6,2,3,0,High
2024-01-29,Respiratory,2,156,109,33,9,5,7,2,1,1,1,1,2,6,1,1,2,1,4,3,4,16,6,29,61,32,7,1,36,11,10,16,16,37,55,30,9,2,2,0,Watch
2024-01-30,Respiratory,2,157,103,32,13,9,9,2,1,1,1,1,2,6,1,1,2,1,5,4,5,18,6,28,59,31,7,1,53,11,10,20,16,25,54,38,10,2,2,0,Watch
2024-01-31,Respiratory,2,163,110,31,7,15,9,2,1,1,1,1,2,6,1,1,2,1,5,5,5,18,6,27,58,30,7,1,48,11,9,21,13,24,61,26,9,2,2,0,Watch
2024-02-01,Respiratory,2,159,105,35,12,7,9,2,1,1,1,1,2,6,1,1,2,1,5,4,5,18,7,30,63,33,7,1,48,11,12,20,17,38,66,40,11,2,0,0,Watch
2024-02-02,Respiratory,2,145,103,30,6,6,7,2,1,1,1,1,2,6,1,1,2,1,4,3,4,14,6,26,56,29,6,1,40,11,8,14,14,31,58,29,9,2,0,0,Watch
2024-02-03,Respiratory,2,146,96,32,9,9,9,2,1,1,1,1,2,6,1,1,2,1,5,4,5,17,6,28,58,31,7,1,40,11,8,22,15,22,75,25,9,2,2,0,Watch
2024-02-04,Respiratory,2,140,88,31,8,13,8,2,1,1,1,1,2,5,1,1,2,1,5,4,5,17,6,27,56,29,7,1,45,12,8,18,14,26,72,23,7,2,2,0,Watch
2024-02-05,Respiratory,2,152,105,36,6,5,8,2,2,1,1,1,2,6,1,1,2,1,5,3,5,16,7,31,65,34,7,1,45,13,6,17,17,40,66,37,13,2,0,0,Watch
2024-02-06,Respiratory,2,158,108,30,13,7,9,2,1,1,1,1,2,6,1,1,2,1,5,4,5,16,6,26,56,29,6,1,31,10,10,13,12,33,74,33,9,2,1,0,Watch
2024-02-07,Respiratory,2,172,115,31,11,15,11,3,1,1,1,1,2,7,1,1,2,1,7,5,5,19,6,27,58,31,7,1,39,9,7,19,14,23,73,31,10,2,1,0,Watch
2024-02-08,None,0,125,89,16,12,8,7,2,1,1,1,1,2,5,1,1,2,1,4,3,3,11,3,8,33,15,1,1,39,11,7,12,10,6,31,16,9,3,2,0,Watch
2024-02-09,None,0,126,88,22,6,10,8,2,1,1,1,1,2,5,1,1,2,1,5,4,3,13,4,10,42,18,1,1,43,13,8,14,12,13,47,21,9,2,0,0,Normal
2024-02-10,None,0,113,79,13,7,14,7,2,1,1,1,1,2,5,1,1,1,1,4,4,3,11,3,6,28,14,1,1,43,11,10,14,11,7,25,15,11,2,1,0,Watch
2024-02-11,None,0,116,78,19,8,11,8,2,1,1,1,1,2,5,1,1,1,1,5,4,3,12,4,9,37,17,1,1,38,11,8,12,11,8,34,20,10,2,2,0,Watch
2024-02-12,None,0,130,98,16,9,7,8,2,1,1,1,1,2,5,1,1,2,1,5,3,3,10,3,8,34,15,1,1,46,9,12,12,12,9,41,12,10,2,1,0,Watch
2024-02-13,None,0,131,99,15,11,6,8,2,1,1,1,1,2,5,1,1,2,1,5,3,3,10,3,7,33,15,1,1,40,11,8,9,12,6,32,12,9,1,4,0,High
2024-02-14,None,0,144,107,15,9,13,7,2,1,1,1,1,2,6,1,1,2,1,4,4,3,12,3,7,34,16,1,1,39,12,9,12,10,6,38,18,8,2,1,0,Watch
2024-02-15,None,0,132,97,16,12,7,8,2,1,1,1,1,2,5,1,1,2,1,5,3,3,11,3,8,34,15,1,1,51,10,8,13,11,10,37,13,7,2,1,0,Watch
2024-02-16,None,0,123,96,14,8,5,6,2,1,1,1,1,2,5,1,1,2,1,4,3,2,9,3,7,31,14,1,1,44,12,7,12,12,9,40,15,9,2,0,0,Normal
2024-02-17,None,0,112,84,11,8,9,6,2,1,1,1,1,2,4,1,1,1,1,4,3,2,9,2,5,25,12,1,1,44,13,9,9,9,6,34,12,9,2,0,0,Normal
2024-02-18,None,0,113,77,17,8,11,7,2,1,1,1,1,2,5,1,1,1,1,4,4,3,12,4,8,34,16,1,1,44,10,9,14,12,9,38,15,9,1,1,0,Watch
2024-02-19,None,0,132,103,19,6,4,5,2,1,1,1,1,2,5,1,1,2,1,3,2,2,10,4,9,39,17,1,1,39,13,9,11,11,9,42,21,9,2,0,0,Normal
2024-02-20,None,0,137,97,22,11,7,8,2,1,1,1,1,2,5,1,1,2,1,5,3,3,13,4,10,43,18,1,1,49,12,8,16,13,9,47,14,9,2,2,0,Watch
2024-02-21,None,0,146,107,18,9,12,9,2,1,1,1,1,2,6,1,1,2,1,5,4,3,13,4,9,38,17,1,1,41,11,11,13,11,7,49,20,10,1,1,0,Watch
2024-02-22,None,0,134,92,21,13,8,9,2,1,1,1,1,2,5,1,1,2,1,5,4,3,13,4,10,41,18,1,1,46,13,12,11,12,10,38,24,9,2,2,0,Watch
2024-02-23,None,0,129,91,21,9,8,8,2,1,1,1,1,2,5,1,1,2,1,5,3,3,12,4,10,41,18,1,1,36,12,8,15,12,9,38,25,9,2,2,0,Watch
2024-02-24,None,0,121,82,17,9,13,8,2,1,1,1,1,2,5,1,1,2,1,5,4,3,13,4,8,34,16,1,1,44,11,6,12,13,10,36,15,6,2,2,0,Watch
2024-02-25,None,0,122,79,23,8,12,8,2,1,1,1,1,2,5,1,1,2,1,5,4,3,14,5,11,43,19,2,1,50,10,8,14,12,14,41,20,8,2,1,0,Watch
2024-02-26,None,0,132,99,16,10,7,8,2,1,1,1,1,2,5,1,1,2,1,5,3,3,11,3,8,34,15,1,1,42,7,10,14,10,6,46,18,10,2,1,0,Watch
2024-02-27,None,0,129,97,12,12,8,8,2,1,1,1,1,2,5,1,1,2,1,5,3,3,10,3,6,28,13,1,1,41,15,8,12,11,7,29,11,12,2,1,0,Watch
2024-02-28,None,0,149,105,24,7,13,9,2,1,1,1,1,2,6,1,1,2,1,5,4,3,15,5,11,47,20,2,1,45,9,12,17,14,11,59,19,9,2,1,0,Watch
2024-02-29,None,0,130,96,16,13,5,7,2,1,1,1,1,2,5,1,1,2,1,4,3,3,11,3,8,34,15,1,1,45,12,8,9,10,8,37,20,8,2,1,0,Watch
2024-03-01,None,0,120,90,15,7,8,5,2,1,1,1,1,2,5,1,1,1,1,3,3,2,10,3,7,32,15,1,1,41,11,9,11,10,8,44,19,9,2,0,0,Normal
2024-03-02,None,0,119,82,16,9,12,6,2,1,1,1,1,2,5,1,1,1,1,4,3,2,12,3,8,33,15,1,1,42,9,7,14,10,9,34,12,8,3,1,0,Watch
2024-03-03,None,0,110,77,16,8,9,6,2,1,1,1,1,2,4,1,1,1,1,4,3,2,11,3,8,32,14,1,1,45,11,7,12,10,9,44,15,7,2,0,0,Normal
2024-03-04,None,0,131,97,19,9,6,8,2,1,1,1,1,2,5,1,1,2,1,5,3,3,11,4,9,39,17,1,1,43,11,11,14,11,6,42,15,8,2,2,0,Watch
2024-03-05,None,0,141,101,17,16,7,9,2,1,1,1,1,2,6,2,1,2,1,5,4,3,13,4,8,36,17,1,1,50,10,8,14,13,9,48,22,9,2,0,0,Normal
2024-03-06,None,0,155,110,16,7,22,9,2,1,2,1,1,2,6,1,1,2,1,5,5,3,14,3,8,35,16,2,1,38,11,8,13,10,10,38,14,9,2,2,0,Watch
2024-03-07,None,0,136,95,18,14,9,8,2,1,1,1,1,2,5,1,1,2,1,5,4,3,13,4,9,37,16,1,1,42,16,7,17,11,12,47,21,10,2,0,0,Normal
2024-03-08,None,0,135,93,23,12,7,9,2,1,1,1,1,2,5,1,1,2,1,5,4,3,14,5,11,44,19,1,1,42,11,9,12,12,14,59,22,9,2,1,0,Watch
2024-03-09,None,0,117,80,19,7,11,7,2,1,1,1,1,2,5,1,1,1,1,4,4,3,12,4,9,37,17,1,1,37,10,12,15,11,10,43,19,12,2,0,0,Normal
2024-03-10,None,0,133,86,20,8,19,9,2,1,2,1,1,2,5,1,1,2,1,5,5,3,15,4,9,39,17,2,1,39,12,11,19,11,7,53,14,8,2,2,0,Watch
2024-03-11,None,0,129,100,13,8,8,7,2,1,1,1,1,2,5,1,1,2,1,4,3,3,9,3,6,30,14,1,1,36,11,8,8,11,5,41,16,8,2,2,0,Watch
2024-03-12,None,0,139,98,21,15,5,9,2,1,1,1,1,2,5,1,1,2,1,5,3,3,13,4,10,42,18,1,1,37,13,8,15,12,7,52,22,10,2,1,0,Watch
2024-03-13,None,0,149,112,13,10,14,9,3,1,1,1,1,2,6,1,1,2,1,5,4,3,12,3,6,31,15,1,1,42,8,9,14,11,5,35,14,7,3,2,0,Watch
2024-03-14,None,0,126,90,19,12,5,6,2,1,1,1,1,2,5,1,1,2,1,4,3,3,12,4,9,38,17,1,1,42,12,9,10,12,7,52,19,7,2,2,0,Watch
2024-03-15,None,0,124,93,16,8,7,7,2,1,1,1,1,2,5,1,1,2,1,4,3,3,10,3,8,34,15,1,1,40,13,4,9,11,10,31,16,10,2,2,0,Watch
2024-03-16,None,0,139,91,16,10,22,12,2,1,2,1,1,2,5,1,1,2,1,7,6,4,15,3,8,34,15,2,1,52,12,8,15,12,6,36,19,3,1,1,0,Watch
2024-03-17,None,0,111,77,18,7,9,6,2,1,1,1,1,2,4,1,1,1,1,4,3,3,11,4,9,35,15,1,1,42,11,8,9,13,9,37,16,9,2,1,0,Watch
2024-03-18,None,0,136,99,20,9,8,9,2,1,1,1,1,2,5,1,1,2,1,5,4,3,12,4,9,40,17,1,1,36,12,5,13,12,11,55,24,6,2,0,0,Normal
2024-03-19,None,0,131,96,15,12,8,9,2,1,1,1,1,2,5,1,1,2,1,5,4,3,11,3,7,33,15,1,1,40,13,9,10,10,8,35,19,9,2,1,0,Watch
2024-03-20,None,0,167,116,19,9,23,10,3,1,2,1,1,2,6,1,1,2,1,6,6,3,16,4,9,41,18,2,1,34,9,7,14,12,8,43,25,9,2,2,0,Watch
2024-03-21,None,0,134,97,17,12,8,7,2,1,1,1,1,2,5,1,1,2,1,4,3,3,12,4,8,36,16,1,1,45,14,12,11,13,9,42,22,9,2,1,0,Watch
2024-03-22,None,0,123,91,17,9,6,8,2,1,1,1,1,2,5,1,1,2,1,5,3,3,10,4,8,35,16,1,1,38,7,7,11,13,6,32,16,12,2,2,0,Watch
2024-03-23,None,0,113,82,12,8,11,7,2,1,1,1,1,2,5,1,1,1,1,4,4,2,10,3,6,27,13,1,1,42,14,8,10,10,7,36,16,4,2,0,0,Normal
2024-03-24,None,0,138,90,20,9,19,10,2,1,2,1,1,2,5,1,1,2,1,6,5,3,15,4,9,39,17,2,1,39,11,8,18,12,6,49,20,9,2,1,0,Watch
2024-03-25,None,0,122,97,13,9,3,6,2,1,1,1,1,2,5,1,1,2,1,4,2,2,8,3,6,30,14,1,1,42,10,10,6,12,5,34,19,10,2,2,0,Watch
2024-03-26,None,0,138,100,17,14,7,9,2,1,1,1,1,2,5,1,1,2,1,5,4,3,12,4,8,36,16,1,1,46,11,6,12,12,6,49,22,9,2,1,0,Watch
2024-03-27,None,0,145,109,16,9,11,7,2,1,1,1,1,2,6,1,1,2,1,4,4,3,12,3,8,35,16,1,1,42,11,9,15,11,8,47,13,9,2,1,0,Watch
2024-03-28,None,0,132,100,14,13,5,7,2,1,1,1,1,2,5,1,1,2,1,4,3,3,10,3,7,31,14,1,1,39,14,8,12,10,7,31,18,9,2,0,0,Normal
2024-03-29,None,0,147,106,19,8,14,9,2,1,1,1,1,2,6,1,1,2,1,5,4,3,13,4,9,40,18,2,1,43,8,10,17,13,7,54,15,7,2,2,0,Watch
2024-03-30,None,0,119,81,18,9,11,6,2,1,1,1,1,2,5,1,1,1,1,4,3,3,12,4,9,36,16,1,1,47,11,8,12,12,10,41,18,10,2,0,0,Normal
2024-03-31,None,0,126,82,19,12,13,9,2,1,1,1,1,2,5,1,1,2,1,5,4,3,14,4,9,37,17,1,1,49,11,6,18,12,7,36,18,9,2,2,0,Watch
2024-04-01,None,0,135,106,14,8,7,6,2,1,1,1,1,2,5,1,1,2,1,4,3,2,9,3,7,32,14,1,1,45,14,8,10,10,6,43,18,9,2,1,0,Watch
2024-04-02,None,0,137,100,17,15,5,8,2,1,1,1,1,2,5,1,1,2,1,5,3,3,12,4,8,36,16,1,1,48,10,8,10,13,6,40,15,7,2,3,0,High
2024-04-03,None,0,141,104,18,8,11,7,2,1,1,1,1,2,6,1,1,2,1,4,4,3,12,4,9,38,17,1,1,43,11,8,15,13,10,40,21,8,2,0,0,Normal
2024-04-04,None,0,135,95,17,14,9,9,2,1,1,1,1,2,5,1,1,2,1,5,4,3,13,4,8,35,16,1,1,41,11,6,14,13,8,36,18,9,2,0,0,Normal
2024-04-05,None,0,130,94,20,9,7,7,2,1,1,1,1,2,5,1,1,2,1,4,3,3,12,4,9,40,17,1,1,45,10,8,12,13,7,54,19,9,2,1,0,Watch
2024-04-06,None,0,126,85,18,10,13,9,2,1,1,1,1,2,5,1,1,2,1,5,4,3,13,4,9,36,16,1,1,40,14,9,14,11,11,48,19,7,2,0,0,Normal
2024-04-07,None,0,117,75,20,9,13,9,2,1,1,1,1,2,5,1,1,1,1,5,4,3,14,4,9,38,17,2,1,38,12,9,16,12,7,45,23,11,2,1,0,Watch
2024-04-08,None,0,131,97,18,9,7,6,2,1,1,1,1,2,5,1,1,2,1,4,3,3,11,4,9,37,16,1,1,42,11,8,9,13,6,36,19,9,2,3,0,High
2024-04-09,None,0,137,96,19,12,10,8,2,1,1,1,1,2,5,1,1,2,1,5,4,3,13,4,9,39,17,1,1,41,11,9,15,11,11,46,18,9,2,0,0,Normal
2024-04-10,None,0,145,106,15,10,14,9,2,1,1,1,1,2,6,1,1,2,1,5,4,3,12,3,7,34,16,1,1,44,12,7,14,10,7,41,16,8,2,0,0,Normal
2024-04-11,None,0,134,97,15,15,7,9,2,1,1,1,1,2,5,1,1,2,1,5,4,3,12,3,7,33,15,1,1,42,12,8,15,11,9,32,20,9,2,1,0,Watch
2024-04-12,None,0,130,96,18,10,6,8,2,1,1,1,1,2,5,1,1,2,1,5,3,3,11,4,9,37,16,1,1,42,11,8,13,13,8,51,21,7,2,1,0,Watch
2024-04-13,None,0,119,84,19,8,8,6,2,1,1,1,1,2,5,1,1,1,1,4,3,3,12,4,9,37,17,1,1,35,9,6,12,11,7,40,20,8,2,1,0,Watch
2024-04-14,None,0,117,82,15,9,11,7,2,1,1,1,1,2,5,1,1,1,1,4,4,3,11,3,7,31,15,1,1,41,12,4,13,12,5,32,20,7,2,1,0,Watch
2024-04-15,None,0,139,103,19,7,10,8,2,1,1,1,1,2,5,1,1,2,1,5,4,3,12,4,9,39,17,1,1,53,9,6,14,13,8,46,15,9,1,2,0,Watch
2024-04-16,None,0,138,100,19,13,6,8,2,1,1,1,1,2,5,1,1,2,1,5,3,3,12,4,9,39,17,1,1,47,7,6,11,13,8,39,16,9,2,3,0,High
2024-04-17,None,0,160,114,23,9,14,9,3,1,1,1,1,2,6,1,1,2,1,5,4,3,15,5,11,46,20,2,1,39,12,8,18,12,11,44,16,10,2,2,0,Watch
2024-04-18,None,0,131,97,14,15,5,7,2,1,1,1,1,2,5,1,1,2,1,4,3,3,11,3,7,31,14,1,1,41,13,9,12,10,6,34,13,8,2,2,0,Watch
2024-04-19,None,0,129,97,20,8,4,6,2,1,1,1,1,2,5,1,1,2,1,4,2,3,11,4,9,40,17,1,1,45,12,8,13,12,11,48,21,6,2,0,0,Normal
2024-04-20,None,0,122,87,15,8,12,9,2,1,1,1,1,2,5,1,1,2,1,5,4,3,11,3,7,32,15,1,1,44,14,8,9,11,5,31,16,9,2,3,0,High
2024-04-21,None,0,114,82,16,7,9,6,2,1,1,1,1,2,5,1,1,1,1,4,3,2,11,3,8,33,15,1,1,42,8,10,12,12,8,32,12,9,2,2,0,Watch
2024-04-22,None,0,138,102,19,10,7,7,2,1,1,1,1,2,5,1,1,2,1,4,3,3,12,4,9,39,17,1,1,46,14,6,14,12,8,53,17,9,2,1,0,Watch
2024-04-23,None,0,135,99,16,15,5,9,2,1,1,1,1,2,5,1,1,2,1,5,3,3,11,3,8,34,15,1,1,45,10,7,14,10,10,43,15,13,2,0,0,Normal
2024-04-24,None,0,147,107,16,11,13,8,2,1,1,1,1,2,6,1,1,2,1,5,4,3,13,3,8,35,16,1,1,42,8,7,16,11,9,44,17,7,2,0,0,Normal
2024-04-25,None,0,129,90,18,14,7,8,2,1,1,1,1,2,5,1,1,2,1,5,3,3,12,4,9,36,16,1,1,42,11,8,12,12,6,42,22,12,2,1,0,Watch
2024-04-26,None,0,133,93,22,10,8,8,2,1,1,1,1,2,5,1,1,2,1,5,3,3,13,4,10,43,18,1,1,35,13,10,16,13,10,42,22,12,2,1,0,Watch
2024-04-27,None,0,125,87,19,9,10,9,2,1,1,1,1,2,5,1,1,2,1,5,4,3,12,4,9,38,17,1,1,30,11,7,10,11,10,36,17,9,1,2,0,Watch
2024-04-28,None,0,119,81,20,9,9,9,2,1,1,1,1,2,5,1,1,1,1,5,4,3,12,4,9,39,17,1,1,44,11,6,13,13,6,51,14,7,1,2,0,Watch
2024-04-29,None,0,135,103,15,7,10,8,2,1,1,1,1,2,5,1,1,2,1,5,4,3,10,3,7,33,15,1,1,42,12,8,9,12,5,38,16,8,3,2,0,Watch
2024-04-30,None,0,147,103,19,15,10,9,2,1,1,1,1,2,6,1,1,2,1,5,4,3,14,4,9,39,18,1,1,40,12,8,18,11,10,45,18,9,2,0,0,Normal
2024-05-01,None,0,151,111,19,10,11,8,3,1,1,1,1,2,6,1,1,2,1,5,4,3,13,4,9,40,18,1,1,42,10,8,14,11,10,38,18,9,2,1,0,Watch
2024-05-02,None,0,129,94,16,13,6,9,2,1,1,1,1,2,5,1,1,2,1,5,3,3,11,3,8,34,15,1,1,38,12,9,10,10,7,31,17,10,2,3,0,High
2024-05-03,None,0,126,96,14,9,7,7,2,1,1,1,1,2,5,1,1,2,1,4,3,3,10,3,7,31,14,1,1,43,11,8,11,10,7,41,16,8,2,0,0,Normal
2024-05-04,None,0,125,88,18,8,11,8,2,1,1,1,1,2,5,1,1,2,1,5,4,3,12,4,9,36,16,1,1,43,11,5,10,13,9,49,21,7,2,1,0,Watch
2024-05-05,None,0,118,80,19,7,12,8,2,1,1,1,1,2,5,1,1,1,1,5,4,3,12,4,9,37,17,1,1,42,9,7,13,12,11,50,15,10,2,1,0,Watch
2024-05-06,None,0,131,104,14,9,4,6,2,1,1,1,1,2,5,1,1,2,1,4,2,2,9,3,7,32,14,1,1,46,12,8,9,12,8,36,14,7,3,0,0,Normal
2024-05-07,None,0,144,102,19,14,9,10,2,1,1,1,1,2,6,1,1,2,1,6,4,3,13,4,9,39,18,1,1,44,10,12,17,12,10,53,23,9,2,0,0,Normal
2024-05-08,None,0,139,98,21,8,12,8,2,1,1,1,1,2,5,1,1,2,1,5,4,3,13,4,10,42,18,2,1,46,11,4,16,13,9,50,22,8,2,1,0,Watch
2024-05-09,None,0,134,99,14,13,8,7,2,1,1,1,1,2,5,1,1,2,1,4,3,3,11,3,7,31,14,1,1,34,12,8,12,10,8,41,17,9,3,0,0,Normal
2024-05-10,Diarrheal,2,147,105,30,7,5,8,2,1,1,1,1,2,6,1,1,2,1,5,3,5,14,21,26,56,29,1,1,35,12,8,14,26,30,51,27,11,2,2,0,Watch
2024-05-11,Diarrheal,2,140,93,26,8,13,10,2,1,1,1,1,2,5,1,1,2,1,6,5,5,15,19,23,49,26,2,1,44,10,7,14,23,18,54,27,9,2,2,0,Watch
2024-05-12,Diarrheal,2,128,87,24,7,10,9,2,1,1,1,1,2,5,1,1,2,1,5,4,4,14,17,21,45,24,1,1,43,11,3,14,28,24,46,21,8,2,2,0,Watch
2024-05-13,Diarrheal,2,156,111,28,8,9,8,3,1,1,1,1,2,6,1,1,2,1,5,4,4,15,20,24,54,28,2,1,42,11,8,15,27,31,49,25,9,2,2,0,Watch
2024-05-14,Diarrheal,2,157,114,23,14,6,11,3,1,1,1,1,2,6,1,1,2,1,7,4,5,14,17,20,46,25,1,1,37,12,8,12,22,26,57,30,10,2,1,0,Watch
2024-05-15,Diarrheal,2,162,113,27,9,13,9,3,1,1,1,1,2,6,1,1,2,1,5,4,5,16,19,23,52,27,2,1,43,10,9,18,27,20,69,37,10,2,1,0,Watch
2024-05-16,Diarrheal,2,141,100,21,13,7,7,2,1,1,1,1,2,6,1,1,2,1,4,3,4,13,15,18,42,23,1,1,47,11,6,11,21,14,56,26,11,2,2,0,Watch
2024-05-17,Diarrheal,2,142,100,25,8,9,9,2,1,1,1,1,2,6,1,1,2,1,5,4,4,14,18,22,48,26,1,1,53,11,9,18,28,29,50,31,8,2,0,0,Watch
2024-05-18,Diarrheal,2,144,96,30,8,10,9,2,1,1,1,1,2,6,1,1,2,1,5,4,5,16,21,26,55,29,2,1,44,11,8,19,36,32,61,31,10,1,0,0,Watch
2024-05-19,Diarrheal,2,134,90,24,11,9,7,2,1,1,1,1,2,5,1,1,2,1,4,3,4,14,17,21,45,24,1,1,41,11,9,12,26,24,41,24,9,2,2,0,Watch
2024-05-20,Diarrheal,2,149,103,29,9,8,8,2,1,1,1,1,2,6,1,1,2,1,5,3,4,15,21,25,54,29,2,1,46,13,7,13,24,33,65,31,11,2,1,0,Watch
2024-05-21,Diarrheal,2,152,108,24,14,6,8,2,1,1,1,1,2,6,1,1,2,1,5,3,4,14,17,21,47,25,1,1,54,10,10,13,26,19,61,32,10,2,2,0,Watch
2024-05-22,Diarrheal,2,162,119,26,5,12,8,3,1,1,1,1,2,6,1,1,2,1,5,4,4,14,19,23,51,27,2,1,46,13,10,18,28,24,66,34,9,2,0,0,Watch
2024-05-23,Diarrheal,2,157,109,28,14,6,10,2,1,1,1,1,2,6,1,1,2,1,6,4,5,16,20,24,53,28,1,1,42,11,12,19,25,28,49,35,11,2,1,0,Watch
2024-05-24,Diarrheal,2,147,105,27,7,8,7,2,1,1,1,1,2,6,1,1,2,1,4,3,4,14,19,23,51,27,1,1,42,13,8,14,29,31,49,28,9,2,1,0,Watch
2024-05-25,Diarrheal,2,141,95,25,9,12,10,2,1,1,1,1,2,6,1,1,2,1,6,4,5,15,18,22,47,26,2,1,41,11,6,16,33,17,49,30,8,2,1,0,Watch
2024-05-26,Diarrheal,2,137,90,26,11,10,9,2,1,1,1,1,2,5,1,1,2,1,5,4,5,15,19,23,48,26,2,1,42,11,6,15,23,29,56,30,10,2,0,0,Watch
2024-05-27,Diarrheal,2,149,107,26,10,6,8,2,1,1,1,1,2,6,1,1,2,1,5,3,4,14,19,23,50,27,1,1,47,10,9,17,35,22,67,27,9,2,1,0,Watch
2024-05-28,Diarrheal,2,152,107,24,14,7,8,2,1,1,1,1,2,6,1,1,2,1,5,3,4,14,17,21,47,25,1,1,49,14,9,17,30,28,55,34,9,2,0,0,Watch
2024-05-29,Diarrheal,2,163,118,27,7,11,8,3,1,1,1,1,2,6,1,1,2,1,5,4,4,15,19,23,53,27,2,1,43,10,7,15,23,18,63,23,9,2,2,0,Watch
2024-05-30,Diarrheal,2,151,102,29,13,7,9,2,1,1,1,1,2,6,1,1,2,1,5,4,5,16,21,25,54,29,2,1,24,10,9,16,30,27,59,38,9,2,0,0,Watch
2024-05-31,Diarrheal,2,147,102,28,9,8,7,2,1,1,1,1,2,6,1,1,2,1,4,3,4,15,20,24,53,28,2,1,45,7,7,13,33,23,50,31,9,2,3,0,High
2024-06-01,Diarrheal,2,149,92,35,8,14,10,2,1,1,1,1,2,6,1,1,2,1,6,5,5,19,25,30,62,33,2,1,41,8,8,24,38,39,64,35,8,2,0,0,Watch
2024-06-02,None,0,124,81,26,8,9,9,2,1,1,1,1,2,5,1,1,2,1,5,4,4,14,5,12,48,20,2,1,37,11,7,12,14,13,49,19,8,2,2,0,Watch
2024-06-03,None,0,144,98,31,8,7,8,2,1,1,1,1,2,6,1,1,2,1,5,3,4,15,6,14,57,24,2,1,41,12,8,16,13,16,56,26,9,2,1,0,Watch
2024-06-04,None,0,147,101,24,14,8,11,2,1,1,1,1,2,6,1,1,2,1,7,4,4,15,5,11,47,20,1,1,38,12,7,15,13,11,64,26,7,2,0,0,Normal
2024-06-05,None,0,159,108,29,8,14,11,2,1,1,1,1,2,6,1,1,2,1,7,5,4,17,6,14,55,23,2,1,36,9,11,19,15,10,64,23,9,2,1,0,Watch
2024-06-06,None,0,147,97,27,16,7,9,2,1,1,1,1,2,6,2,1,2,1,5,4,4,16,5,13,51,22,1,1,39,8,7,14,13,11,46,18,6,2,4,0,High
2024-06-07,None,0,133,89,31,8,5,8,2,1,1,1,1,2,5,1,1,2,1,5,3,4,15,6,14,56,23,1,1,45,13,4,18,13,11,66,30,9,2,1,0,Watch
2024-06-08,None,0,132,84,31,6,11,9,2,1,1,1,1,2,5,1,1,2,1,5,4,4,16,6,14,55,23,2,1,50,7,7,14,14,15,55,24,9,2,1,0,Watch
2024-06-09,None,0,130,76,35,8,11,9,2,1,1,1,1,2,5,1,1,2,1,5,4,4,18,7,16,61,25,2,1,34,11,7,18,18,14,70,35,9,3,1,0,Watch
2024-06-10,None,0,136,98,24,7,7,8,2,1,1,1,1,2,5,1,1,2,1,5,3,3,13,5,11,46,19,1,1,42,11,9,12,14,9,57,22,9,2,2,0,Watch
2024-06-11,None,0,148,96,31,14,7,10,2,1,1,1,1,2,6,1,1,2,1,6,4,4,17,6,14,57,24,2,1,46,9,8,22,13,14,77,33,9,2,0,0,Normal
2024-06-12,None,0,156,107,30,8,11,8,2,1,1,1,1,2,6,1,1,2,1,5,4,4,16,6,14,56,23,2,1,53,8,7,15,14,11,62,24,10,2,2,0,Watch
2024-06-13,None,0,146,88,37,14,7,11,2,2,1,1,1,2,6,1,1,2,1,7,4,5,19,7,17,65,27,2,1,44,10,11,20,13,18,68,26,7,2,1,0,Watch
2024-06-14,None,0,138,88,33,7,10,9,2,1,1,1,1,2,5,1,1,2,1,5,4,4,17,6,15,59,24,2,1,39,11,9,15,13,14,56,19,9,1,4,0,High
2024-06-15,None,0,122,80,26,7,9,9,2,1,1,1,1,2,5,1,1,2,1,5,4,4,14,5,12,47,20,2,1,42,10,10,15,12,15,58,22,9,2,0,0,Normal
2024-06-16,None,0,129,80,31,9,9,9,2,1,1,1,1,2,5,1,1,2,1,5,4,4,16,6,14,55,23,2,1,52,10,10,17,13,16,72,27,9,2,0,0,Normal
2024-06-17,None,0,145,97,34,6,8,8,2,1,1,1,1,2,6,1,1,2,1,5,3,4,16,7,16,61,25,2,1,38,11,8,17,17,13,56,29,9,2,2,0,Watch
2024-06-18,None,0,148,97,28,14,9,11,2,1,1,1,1,2,6,1,1,2,1,7,4,4,16,6,13,52,22,2,1,35,10,8,16,14,15,64,29,8,2,0,0,Normal
2024-06-19,None,0,149,104,25,7,13,10,2,1,1,1,1,2,6,1,1,2,1,6,5,4,15,5,12,48,21,2,1,44,11,8,19,13,13,47,24,8,2,1,0,Watch
2024-06-20,None,0,145,88,37,12,8,7,2,2,1,1,1,2,6,1,1,2,1,4,3,4,19,7,17,65,27,2,1,38,9,8,24,17,18,59,38,12,2,1,0,Watch
2024-06-21,None,0,136,94,27,7,8,7,2,1,1,1,1,2,5,1,1,2,1,4,3,3,14,5,13,50,21,1,1,51,11,9,17,13,14,52,25,9,2,0,0,Normal
2024-06-22,None,0,131,86,27,6,12,8,2,1,1,1,1,2,5,1,1,2,1,5,4,3,15,5,13,50,21,2,1,48,10,7,19,14,12,50,25,9,3,1,0,Watch
2024-06-23,None,0,138,83,30,11,14,11,2,1,1,1,1,2,5,1,1,2,1,7,5,4,18,6,14,54,22,2,1,45,14,8,20,12,10,52,23,10,2,2,0,Watch
2024-06-24,None,0,136,97,24,8,7,7,2,1,1,1,1,2,5,1,1,2,1,4,3,3,13,5,11,46,19,1,1,38,9,8,16,13,9,58,24,9,2,1,0,Watch
2024-06-25,None,0,143,98,26,12,7,9,2,1,1,1,1,2,6,1,1,2,1,5,4,4,15,5,12,49,21,1,1,40,14,7,18,12,11,52,18,5,2,2,0,Watch
2024-06-26,None,0,151,104,29,6,12,9,2,1,1,1,1,2,6,1,1,2,1,5,4,4,16,6,14,54,23,2,1,43,12,5,17,14,17,58,26,9,2,0,0,Normal
2024-06-27,None,0,147,98,30,12,7,9,2,1,1,1,1,2,6,1,1,2,1,5,4,4,16,6,14,55,23,2,1,35,11,8,19,15,13,56,20,9,2,2,0,Watch
2024-06-28,None,0,134,84,31,10,9,9,2,1,1,1,1,2,5,1,1,2,1,5,4,4,17,6,14,55,23,2,1,44,9,8,20,14,13,51,32,9,2,2,0,Watch
2024-06-29,None,0,126,77,33,6,10,9,2,1,1,1,1,2,5,1,1,2,1,5,4,4,17,6,15,58,24,2,1,42,11,7,22,13,18,76,27,9,2,0,0,Normal
2024-06-30,None,0,121,75,27,8,11,7,2,1,1,1,1,2,5,1,1,2,1,4,4,3,15,5,13,48,21,2,1,42,11,9,14,13,10,50,21,7,2,2,0,Watch
2024-07-01,None,0,144,98,34,6,6,7,2,1,1,1,1,2,6,1,1,2,1,4,3,4,16,7,16,61,25,2,1,46,11,8,17,14,14,64,20,9,2,2,0,Watch
2024-07-02,None,0,156,102,35,12,7,9,2,1,1,1,1,2,6,1,1,2,1,5,4,4,18,7,16,63,26,2,1,44,12,10,15,16,18,67,24,9,3,2,0,Watch
2024-07-03,None,0,145,102,28,5,10,8,2,1,1,1,1,2,6,1,1,2,1,5,4,3,15,6,13,53,22,2,1,43,11,9,18,16,11,61,22,11,2,1,0,Watch
2024-07-04,None,0,145,89,37,12,7,10,2,2,1,1,1,2,6,1,1,2,1,6,4,4,19,7,17,65,27,2,1,42,11,8,21,17,21,81,22,6,2,1,0,Watch
2024-07-05,None,0,133,91,32,6,4,7,2,1,1,1,1,2,5,1,1,2,1,4,3,3,14,6,15,58,23,1,1,42,11,9,17,16,11,71,30,11,2,1,0,Watch
2024-07-06,None,0,130,82,31,6,11,8,2,1,1,1,1,2,5,1,1,2,1,5,4,4,16,6,14,55,23,2,1,40,10,5,14,16,12,61,26,10,2,2,0,Watch
2024-07-07,None,0,123,75,28,7,13,9,2,1,1,1,1,2,5,1,1,2,1,5,4,4,16,6,13,50,21,2,1,42,14,5,17,14,10,53,17,9,2,2,0,Watch
2024-07-08,None,0,140,99,26,8,7,9,2,1,1,1,1,2,5,1,1,2,1,5,4,4,14,5,12,49,20,1,1,40,11,8,13,14,9,52,21,7,2,2,0,Watch
2024-07-09,None,0,157,98,42,10,7,8,2,2,1,1,1,2,6,1,1,2,1,5,3,4,20,8,19,73,29,2,1,42,10,6,24,15,17,91,31,9,2,1,0,Watch
2024-07-10,None,0,152,98,29,9,16,11,2,1,1,1,1,2,6,1,1,2,1,7,5,4,18,6,14,54,23,2,1,38,11,8,23,15,11,49,29,9,2,2,0,Watch
2024-07-11,None,0,142,93,30,12,7,9,2,1,1,1,1,2,6,1,1,2,1,5,4,4,16,6,14,55,23,2,1,40,11,8,17,14,18,68,31,9,2,0,0,Normal
2024-07-12,None,0,133,90,28,7,8,9,2,1,1,1,1,2,5,1,1,2,1,5,4,4,14,6,13,51,21,2,1,44,12,8,17,13,16,60,22,11,2,0,0,Normal
2024-07-13,None,0,128,81,30,7,10,9,2,1,1,1,1,2,5,1,1,2,1,5,4,4,16,6,14,54,22,2,1,48,11,8,15,14,18,64,23,13,2,1,0,Watch
2024-07-14,None,0,124,76,32,6,10,9,2,1,1,1,1,2,5,1,1,2,1,5,4,4,16,6,15,56,23,2,1,37,10,7,17,16,14,60,21,9,2,2,0,Watch
2024-07-15,None,0,145,93,38,6,8,9,2,2,1,1,1,2,6,1,1,2,1,5,4,4,18,7,18,67,27,2,1,51,11,8,18,15,22,87,33,10,2,0,0,Normal
2024-07-16,None,0,145,100,26,12,7,8,2,1,1,1,1,2,6,1,1,2,1,5,3,3,15,5,12,49,21,1,1,42,12,7,14,15,14,55,17,6,2,2,0,Watch
2024-07-17,None,0,152,102,31,7,12,10,2,1,1,1,1,2,6,1,1,2,1,6,4,4,17,6,14,57,24,2,1,39,12,8,15,13,12,67,33,10,2,2,0,Watch
2024-07-18,None,0,141,89,34,12,6,8,2,1,1,1,1,2,6,1,1,2,1,5,3,4,17,7,16,60,25,2,1,47,8,8,21,17,20,69,30,7,2,0,0,Normal
2024-07-19,None,0,134,91,28,8,7,8,2,1,1,1,1,2,5,1,1,2,1,5,3,3,14,6,13,52,21,1,1,38,9,11,12,14,15,51,21,7,2,2,0,Watch
2024-07-20,None,0,131,82,31,7,11,7,2,1,1,1,1,2,5,1,1,2,1,4,4,3,16,6,14,55,23,2,1,44,11,13,13,16,14,64,28,10,2,1,0,Watch
2024-07-21,None,0,115,77,22,6,10,7,2,1,1,1,1,2,5,1,1,1,1,4,3,3,13,4,10,41,18,1,1,48,10,9,13,12,12,49,25,10,2,0,0,Normal
2024-07-22,None,0,146,103,28,7,8,8,2,1,1,1,1,2,6,1,1,2,1,5,3,3,14,6,13,53,22,2,1,45,13,8,12,15,12,48,28,9,2,3,0,High
2024-07-23,None,0,139,98,25,13,3,9,2,1,1,1,1,2,5,1,1,2,1,5,3,4,13,5,12,48,20,1,1,45,10,10,17,14,15,43,23,9,2,1,0,Watch
2024-07-24,None,0,147,101,29,4,13,8,2,1,1,1,1,2,6,1,1,2,1,5,4,4,16,6,14,54,23,2,1,39,10,6,21,14,18,66,20,9,2,1,0,Watch
2024-07-25,None,0,140,84,37,11,8,9,2,2,1,1,1,2,5,1,1,2,1,5,4,4,19,7,17,64,26,2,1,47,11,9,25,16,14,68,24,7,2,2,0,Watch
2024-07-26,None,0,134,90,30,7,7,8,2,1,1,1,1,2,5,1,1,2,1,5,3,4,15,6,14,54,22,2,1,42,10,6,14,14,15,55,23,10,2,1,0,Watch
2024-07-27,None,0,133,85,28,7,13,8,2,1,1,1,1,2,5,1,1,2,1,5,4,3,16,6,13,51,21,2,1,40,12,6,14,15,14,66,19,8,2,2,0,Watch
2024-07-28,Malaria,4,159,75,66,9,9,11,2,2,1,1,1,2,6,1,2,2,1,7,4,9,29,12,57,107,68,3,1,35,13,8,26,25,56,104,79,9,2,4,0,High
2024-07-29,Malaria,4,167,91,63,5,8,11,2,2,1,1,1,2,6,1,2,2,1,7,4,9,26,12,54,104,65,2,1,41,13,12,28,25,53,143,92,5,2,1,0,High
2024-07-30,Malaria,4,174,95,59,11,9,12,2,2,1,1,1,2,7,1,2,2,1,7,5,9,27,11,51,98,63,2,1,51,13,8,26,23,45,119,86,7,2,3,0,High
2024-07-31,Malaria,4,179,104,57,6,12,12,2,2,1,1,1,2,7,1,2,2,1,7,5,9,26,11,49,96,61,2,1,42,11,9,29,17,38,87,67,8,2,2,0,High
2024-08-01,Malaria,4,172,88,63,15,6,13,2,2,1,1,1,2,7,1,2,2,1,8,4,10,28,12,54,104,66,2,1,46,11,8,25,21,66,138,82,9,3,2,0,High
2024-08-02,Malaria,4,167,91,61,7,8,10,2,2,1,1,1,2,6,1,2,2,1,6,4,9,26,11,52,101,63,2,1,44,11,8,26,18,52,107,65,8,3,1,0,High
2024-08-03,Malaria,4,167,86,63,6,12,11,2,2,1,1,1,2,6,1,2,2,1,7,5,9,28,12,54,104,65,3,1,47,11,7,31,18,60,115,67,9,2,1,0,High
2024-08-04,Malaria,4,159,78,59,10,12,13,2,2,1,1,1,2,6,1,2,2,1,8,5,9,27,11,51,97,62,2,1,42,9,10,32,18,60,90,61,4,2,2,0,High
2024-08-05,Malaria,4,167,93,60,6,8,11,2,2,1,1,1,2,6,1,2,2,1,7,4,9,25,11,51,100,62,2,1,44,10,9,25,21,49,117,79,9,2,1,0,High
2024-08-06,Malaria,4,177,96,60,12,9,12,2,2,1,1,1,2,7,1,2,2,1,7,5,9,27,11,51,100,63,2,1,46,10,8,30,17,49,127,56,9,2,3,0,High
2024-08-07,Malaria,4,184,105,58,7,14,13,2,2,1,1,1,3,7,1,2,2,1,8,5,9,27,11,50,98,63,3,1,40,12,10,36,21,40,135,65,5,2,1,0,High
2024-08-08,Malaria,4,172,92,62,10,8,11,2,2,1,1,1,2,7,1,2,2,1,7,4,9,27,12,53,103,65,2,1,45,12,8,24,22,44,115,78,9,2,3,0,High
2024-08-09,Malaria,4,165,89,60,5,11,11,2,2,1,1,1,2,6,1,2,2,1,7,5,9,26,11,51,99,62,2,1,37,12,8,33,20,68,92,60,9,2,3,0,High
2024-08-10,Malaria,4,161,89,55,7,10,11,2,2,1,1,1,2,6,1,2,2,1,7,4,8,24,10,47,92,58,2,1,52,11,8,22,17,37,91,48,8,2,4,0,High
2024-08-11,Malaria,4,158,80,59,6,13,10,2,2,1,1,1,2,6,1,2,2,1,6,5,8,27,11,51,97,62,2,1,42,10,8,26,23,64,123,73,8,2,1,0,High
2024-08-12,Malaria,4,176,94,66,6,10,11,2,2,1,1,1,2,7,1,2,2,1,7,4,9,28,12,57,109,69,3,1,37,12,11,33,25,43,112,90,11,3,1,0,High
2024-08-13,Malaria,4,166,87,64,10,5,11,2,2,1,1,1,2,6,1,2,2,1,7,4,9,27,12,55,105,66,2,1,35,13,7,31,19,48,128,80,10,2,2,0,High
2024-08-14,Malaria,4,190,100,73,4,13,11,2,3,1,1,1,3,7,1,2,2,1,7,5,10,31,14,63,120,76,3,1,44,13,7,35,25,77,132,98,8,2,1,0,High
2024-08-15,Malaria,4,169,91,58,10,10,12,2,2,1,1,1,2,7,1,2,2,1,7,5,9,26,11,50,97,62,2,1,44,11,9,31,21,49,129,55,8,2,2,0,High
2024-08-16,Malaria,4,157,89,55,7,6,10,2,2,1,1,1,2,6,1,2,2,1,6,4,8,23,10,47,92,58,2,1,42,10,8,22,19,49,94,61,9,2,1,0,High
2024-08-17,Malaria,4,163,75,72,4,12,11,2,3,1,1,1,2,6,1,2,2,1,7,5,10,30,13,62,116,73,3,1,39,12,10,30,22,81,139,103,9,2,0,0,High
2024-08-18,Malaria,4,155,74,56,6,19,11,2,2,2,1,1,2,6,1,2,2,1,7,6,8,27,11,48,92,59,3,1,36,12,4,32,23,56,86,71,11,2,2,0,High
2024-08-19,Malaria,4,167,92,60,6,9,9,2,2,1,1,1,2,6,1,2,2,1,5,4,8,26,11,51,100,62,2,1,45,10,8,22,23,67,108,89,8,2,1,0,High
2024-08-20,Malaria,4,165,89,60,10,6,10,2,2,1,1,1,2,6,1,2,2,1,6,4,8,26,11,51,99,62,2,1,48,11,8,26,18,51,98,50,8,2,2,0,High
2024-08-21,Malaria,4,170,100,55,7,8,10,2,2,1,1,1,2,7,1,2,2,1,6,4,8,24,10,47,93,59,2,1,36,8,5,27,19,62,95,56,9,2,2,0,High
2024-08-22,Malaria,4,170,83,68,10,9,12,2,2,1,1,1,2,7,1,2,2,1,7,5,10,29,13,58,111,71,3,1,47,12,9,24,24,54,113,84,9,2,3,0,High
2024-08-23,Malaria,4,168,93,60,9,6,10,2,2,1,1,1,2,6,1,2,2,1,6,4,8,26,11,51,100,62,2,1,28,14,10,28,20,68,91,56,7,2,2,0,High
2024-08-24,Malaria,4,170,87,58,5,20,11,2,2,2,1,1,2,7,1,2,2,1,7,6,9,28,11,50,96,62,3,1,47,11,5,31,16,64,111,49,6,2,2,0,High
2024-08-25,Malaria,4,157,75,65,5,12,11,2,2,1,1,1,2,6,1,2,2,1,7,5,9,28,12,56,105,67,3,1,45,12,8,36,22,52,99,86,6,2,3,0,High
2024-08-26,Dengue,5,198,109,76,5,8,12,2,3,1,1,1,3,8,1,2,2,1,7,4,11,31,14,65,125,87,3,1,32,11,8,31,28,81,152,97,11,2,1,0,High
2024-08-27,Dengue,5,200,100,82,10,8,13,2,3,1,1,1,3,8,1,2,2,1,8,5,12,34,15,70,133,93,3,1,36,13,10,35,30,59,124,96,11,2,3,0,High
2024-08-28,Dengue,5,212,112,79,7,14,14,3,3,1,1,1,3,8,1,2,2,1,8,6,12,34,15,68,130,90,3,1,45,11,7,34,27,86,160,77,9,2,2,0,High
2024-08-29,Dengue,5,203,96,89,10,8,12,2,3,1,1,1,3,8,1,2,2,1,7,4,12,37,17,76,144,100,3,1,41,13,8,38,23,78,155,144,9,2,1,0,High
2024-08-30,Dengue,5,188,97,79,5,7,11,2,3,1,1,1,3,7,1,2,2,1,7,4,11,31,15,68,129,89,3,1,42,11,3,39,24,74,148,121,8,2,1,0,High
2024-08-31,Dengue,5,188,86,87,4,11,13,2,3,1,1,1,3,7,1,2,2,1,8,5,13,35,16,74,140,97,3,1,43,12,8,34,27,92,164,106,8,2,2,0,High
2024-09-01,Dengue,5,171,80,75,5,11,12,2,3,1,1,1,2,7,1,2,2,1,7,5,11,31,14,64,121,84,3,1,39,11,10,40,22,69,156,68,6,2,2,0,High
2024-09-02,Dengue,5,194,104,78,7,5,11,2,3,1,1,1,3,7,1,2,2,1,7,4,11,31,15,67,128,88,3,1,45,11,6,31,29,70,136,96,9,1,1,0,High
2024-09-03,Dengue,5,206,107,83,11,5,13,2,3,1,1,1,3,8,1,2,2,1,8,4,12,34,15,71,136,94,3,1,42,11,10,35,28,78,136,85,9,2,2,0,High
2024-09-04,Dengue,5,209,109,81,6,13,12,2,3,1,1,1,3,8,1,2,2,1,7,5,12,34,15,69,133,92,3,1,39,13,8,34,26,67,177,133,12,2,2,0,High
2024-09-05,Dengue,5,210,103,86,11,10,14,2,3,1,1,1,3,8,1,2,2,1,8,5,13,36,16,74,140,97,3,1,42,14,6,43,27,79,153,91,10,1,2,0,High
2024-09-06,Dengue,5,184,92,83,5,4,11,2,3,1,1,1,3,7,1,2,2,1,7,4,12,32,15,71,134,93,3,1,56,11,10,34,21,59,126,92,9,2,4,0,High
2024-09-07,Dengue,5,185,87,81,6,11,12,2,3,1,1,1,3,7,1,2,2,1,7,5,12,34,15,69,131,91,3,1,50,11,12,37,29,59,135,92,11,2,1,0,High
2024-09-08,Dengue,5,184,85,81,5,13,14,2,3,1,1,1,3,7,1,2,2,1,8,6,12,34,15,69,130,91,3,1,48,12,7,38,22,76,144,105,9,2,1,0,High
2024-09-09,Dengue,5,197,109,74,6,8,12,2,3,1,1,1,3,8,1,2,2,1,7,4,11,30,14,63,122,85,3,1,47,11,8,27,23,59,142,94,9,2,3,0,High
2024-09-10,Dengue,5,200,108,76,8,8,13,2,3,1,1,1,3,8,1,2,2,1,8,5,12,31,14,65,125,87,3,1,45,11,6,27,27,62,128,82,8,2,4,0,High
2024-09-11,Dengue,5,208,105,86,5,12,13,2,3,1,1,1,3,8,1,2,2,1,8,5,13,35,16,74,140,97,3,1,40,11,8,32,31,75,174,134,8,2,2,0,High
2024-09-12,Dengue,5,191,92,83,10,6,11,2,3,1,1,1,3,7,1,2,2,1,7,4,12,34,15,71,134,93,3,1,42,14,8,37,20,53,147,83,10,2,3,0,High
2024-09-13,Dengue,5,184,95,75,5,9,12,2,3,1,1,1,3,7,1,2,2,1,7,5,11,31,14,64,122,85,3,1,46,13,7,33,20,84,150,83,9,3,2,0,High
2024-09-14,Dengue,5,183,88,77,6,12,12,2,3,1,1,1,3,7,1,2,2,1,7,5,11,33,14,66,125,87,3,1,42,11,6,44,22,71,127,114,6,2,1,0,High
2024-09-15,Dengue,5,186,82,90,3,11,13,2,3,1,1,1,3,7,1,2,2,1,8,5,13,36,17,77,144,100,3,1,42,11,6,41,25,69,168,114,10,2,2,0,High
2024-09-16,Dengue,5,188,99,75,6,8,11,2,3,1,1,1,3,7,1,2,2,1,7,4,11,31,14,64,123,85,3,1,45,12,7,33,23,85,167,71,9,2,2,0,High
2024-09-17,Dengue,5,198,98,84,11,5,12,2,3,1,1,1,3,8,1,2,2,1,7,4,12,34,16,72,136,95,3,1,42,15,7,34,30,66,126,100,8,2,3,0,High
2024-09-18,Dengue,5,221,116,85,4,16,15,3,3,1,1,1,3,8,1,2,2,1,9,6,13,36,16,73,140,96,3,1,49,11,8,37,21,61,176,127,9,2,2,0,High
2024-09-19,Dengue,5,200,99,82,12,7,14,2,3,1,1,1,3,8,1,2,2,1,8,5,13,34,15,70,133,93,3,1,37,11,10,36,24,52,182,84,12,2,3,0,High
2024-09-20,Dengue,5,188,97,78,6,7,10,2,3,1,1,1,3,7,1,2,2,1,6,4,11,31,15,67,127,88,3,1,40,11,8,34,24,51,131,92,7,2,2,0,High
2024-09-21,Dengue,5,183,89,76,5,13,12,2,3,1,1,1,3,7,1,2,2,1,7,5,11,32,14,65,123,86,3,1,40,11,7,42,21,66,155,100,9,2,1,0,High
2024-09-22,Dengue,5,174,85,77,4,8,12,2,3,1,1,1,2,7,1,2,2,1,7,4,11,31,14,66,124,86,3,1,47,11,6,29,19,53,147,85,9,2,4,0,High
2024-09-23,Dengue,5,195,101,80,5,9,11,2,3,1,1,1,3,7,1,2,2,1,7,4,11,32,15,68,131,90,3,1,32,11,9,40,27,71,171,122,9,2,1,0,High
2024-09-24,Dengue,5,197,103,79,10,5,12,2,3,1,1,1,3,8,1,2,2,1,7,4,12,32,15,68,129,90,3,1,34,11,9,27,25,58,150,122,10,2,3,0,High
2024-09-25,None,0,138,96,23,7,12,8,2,1,1,1,1,2,5,1,1,2,1,5,4,3,14,5,11,45,19,2,1,47,10,7,16,15,9,43,17,7,2,3,0,High
2024-09-26,None,0,130,89,23,10,8,8,2,1,1,1,1,2,5,1,1,2,1,5,3,3,13,5,11,44,19,1,1,40,13,7,15,13,9,53,27,9,2,1,0,Watch
2024-09-27,None,0,113,80,21,5,7,7,2,1,1,1,1,2,5,1,1,1,1,4,3,3,11,4,10,40,18,1,1,46,11,8,13,11,13,50,15,9,1,1,0,Watch
2024-09-28,None,0,121,74,32,5,10,8,2,1,1,1,1,2,5,1,1,2,1,5,4,4,16,6,15,56,23,2,1,45,12,8,15,15,12,73,21,5,2,3,0,High
2024-09-29,None,0,117,73,27,4,13,8,2,1,1,1,1,2,5,1,1,1,1,5,4,3,15,5,13,48,21,2,1,44,12,8,16,14,16,51,19,6,2,1,0,Watch
2024-09-30,None,0,124,90,23,6,5,7,2,1,1,1,1,2,5,1,1,2,1,4,3,3,12,5,11,44,19,1,1,45,10,9,15,13,8,40,18,4,2,3,0,High
2024-10-01,None,0,125,95,14,10,6,6,2,1,1,1,1,2,5,1,1,2,1,4,3,2,10,3,7,31,14,1,1,42,10,11,9,12,7,28,16,11,2,2,0,Watch
2024-10-02,None,0,133,102,8,7,16,8,2,1,1,1,1,2,5,1,1,2,1,5,4,2,10,2,4,23,11,1,1,40,14,8,8,10,5,28,14,10,2,1,0,Watch
2024-10-03,None,0,121,88,14,11,8,5,2,1,1,1,1,2,5,1,1,2,1,3,3,2,11,3,7,30,14,1,1,45,11,7,12,10,6,28,13,9,1,3,0,High
2024-10-04,None,0,115,86,15,7,7,7,2,1,1,1,1,2,5,1,1,1,1,4,3,3,10,3,7,32,15,1,1,35,12,5,8,12,8,36,15,10,2,1,0,Watch
2024-10-05,None,0,105,76,12,6,11,6,2,1,1,1,1,2,4,1,1,1,1,4,3,2,9,3,6,26,12,1,1,38,13,8,11,11,6,24,10,9,2,2,0,Watch
2024-10-06,None,0,113,78,11,6,18,7,2,1,1,1,1,2,5,1,1,1,1,4,4,2,11,2,5,25,13,1,1,37,11,8,10,10,5,24,17,9,2,2,0,Watch
2024-10-07,None,0,118,91,15,5,7,6,2,1,1,1,1,2,5,1,1,1,1,4,3,2,9,3,7,32,15,1,1,42,10,8,10,11,5,31,19,9,2,2,0,Watch
2024-10-08,None,0,123,90,16,10,7,7,2,1,1,1,1,2,5,1,1,2,1,4,3,3,11,3,8,33,15,1,1,41,11,2,10,10,6,43,15,9,2,3,0,High
2024-10-09,None,0,146,104,17,6,19,9,2,1,2,1,1,2,6,1,1,2,1,5,5,3,14,4,8,36,17,2,1,48,14,8,13,13,9,47,22,9,1,1,0,Watch
2024-10-10,None,0,111,81,16,11,3,6,2,1,1,1,1,2,4,1,1,1,1,4,2,2,10,3,8,33,14,1,1,47,11,9,10,11,7,44,13,10,2,2,0,Watch
2024-10-11,None,0,115,86,17,5,7,7,2,1,1,1,1,2,5,1,1,1,1,4,3,3,10,4,8,35,16,1,1,39,15,8,11,11,6,38,17,10,2,1,0,Watch
2024-10-12,None,0,123,80,16,7,20,11,2,1,2,1,1,2,5,1,1,2,1,7,6,3,14,3,8,32,15,2,1,34,12,8,13,12,10,44,14,9,2,2,0,Watch
2024-10-13,None,0,97,69,13,5,10,7,2,1,1,1,1,2,4,1,1,1,1,4,3,3,9,3,6,27,13,1,1,40,11,9,10,11,5,32,11,8,2,2,0,Watch
2024-10-14,None,0,120,92,15,5,8,6,2,1,1,1,1,2,5,1,1,1,1,4,3,2,9,3,7,32,15,1,1,42,11,8,11,11,8,29,18,10,2,1,0,Watch
2024-10-15,None,0,121,88,14,12,7,7,2,1,1,1,1,2,5,1,1,2,1,4,3,3,10,3,7,30,14,1,1,42,7,9,12,11,8,38,15,11,2,0,0,Normal
2024-10-16,None,0,132,101,14,5,12,9,2,1,1,1,1,2,5,1,1,2,1,5,4,3,10,3,7,32,14,1,1,49,12,8,8,11,7,41,18,7,2,1,0,Watch
2024-10-17,None,0,118,88,12,10,8,7,2,1,1,1,1,2,5,1,1,1,1,4,3,2,10,3,6,27,13,1,1,38,14,9,12,10,5,28,17,8,2,1,0,Watch
2024-10-18,None,0,112,85,16,5,6,5,2,1,1,1,1,2,4,1,1,1,1,3,2,2,9,3,8,33,14,1,1,41,11,8,11,10,10,42,17,9,2,0,0,Normal
2024-10-19,None,0,106,75,16,6,9,8,2,1,1,1,1,2,4,1,1,1,1,5,4,3,10,3,8,32,14,1,1,43,9,8,11,11,7,31,16,8,2,2,0,Watch
2024-10-20,None,0,97,69,11,5,12,6,2,1,1,1,1,2,4,1,1,1,1,4,3,2,9,2,5,24,12,1,1,47,10,5,10,10,5,24,15,9,2,0,0,Normal
2024-10-21,None,0,120,94,16,4,6,6,2,1,1,1,1,2,5,1,1,1,1,4,3,2,9,3,8,34,15,1,1,41,11,8,8,10,7,40,17,9,2,2,0,Watch
2024-10-22,None,0,123,91,15,9,8,8,2,1,1,1,1,2,5,1,1,2,1,5,3,3,10,3,7,32,15,1,1,41,10,7,11,10,6,38,18,12,2,1,0,Watch
2024-10-23,None,0,150,107,18,5,20,8,2,1,2,1,1,2,6,1,1,2,1,5,5,3,14,4,9,38,17,2,1,38,13,8,16,13,9,52,18,9,2,0,0,Normal
2024-10-24,None,0,133,92,12,11,18,9,2,1,1,1,1,2,5,1,1,2,1,5,5,3,13,3,6,28,13,2,1,39,11,8,14,11,4,34,17,11,2,1,0,Watch
2024-10-25,None,0,120,88,18,7,7,8,2,1,1,1,1,2,5,1,1,1,1,5,3,3,11,4,9,36,16,1,1,38,13,4,9,11,7,40,20,9,2,2,0,Watch
2024-10-26,None,0,98,73,11,5,9,4,2,1,1,1,1,2,4,1,1,1,1,3,3,2,8,2,5,24,12,1,1,39,11,9,9,9,4,25,16,10,2,1,0,Watch
2024-10-27,None,0,98,71,11,5,11,6,2,1,1,1,1,2,4,1,1,1,1,4,3,2,9,2,5,24,12,1,1,38,14,4,9,10,5,33,13,9,2,0,0,Normal
2024-10-28,None,0,128,95,19,7,7,5,2,1,1,1,1,2,5,1,1,2,1,3,3,2,11,4,9,38,17,1,1,34,14,9,12,11,11,45,15,10,2,1,0,Watch
2024-10-29,None,0,116,91,12,9,4,6,2,1,1,1,1,2,5,1,1,1,1,4,2,2,8,3,6,28,13,1,1,37,13,8,9,12,5,30,18,10,2,1,0,Watch
2024-10-30,None,0,132,97,15,6,14,8,2,1,1,1,1,2,5,1,1,2,1,5,4,3,11,3,7,33,15,1,1,42,11,8,13,11,8,29,14,10,2,2,0,Watch
2024-10-31,None,0,119,82,19,11,7,7,2,1,1,1,1,2,5,1,1,1,1,4,3,3,12,4,9,37,17,1,1,47,10,8,16,13,7,42,23,11,1,1,0,Watch
2024-11-01,None,0,110,85,14,4,7,6,2,1,1,1,1,2,4,1,1,1,1,4,3,2,8,3,7,30,13,1,1,42,13,9,8,11,7,39,12,9,2,1,0,Watch
2024-11-02,None,0,106,75,19,4,8,6,2,1,1,1,1,2,4,1,1,1,1,4,3,3,11,4,9,36,16,1,1,44,11,9,14,13,7,33,14,9,2,3,0,High
2024-11-03,None,0,96,71,10,5,10,6,2,1,1,1,1,2,4,1,1,1,1,4,3,2,8,2,5,23,11,1,1,49,9,9,10,10,5,31,9,4,2,1,0,Watch
2024-11-04,None,0,135,96,13,7,19,9,2,1,2,1,1,2,5,1,1,2,1,5,5,3,12,3,6,30,14,2,1,37,11,7,16,10,5,35,19,9,2,1,0,Watch
2024-11-05,None,0,145,98,16,12,19,12,2,1,2,1,1,2,6,1,1,2,1,7,6,4,15,3,8,34,16,2,1,37,13,8,16,10,8,37,18,10,2,0,0,Normal
2024-11-06,None,0,135,100,17,5,13,9,2,1,1,1,1,2,5,1,1,2,1,5,4,3,12,4,8,36,16,1,1,47,14,5,10,12,8,34,21,5,2,2,0,Watch
2024-11-07,None,0,119,91,15,8,5,6,2,1,1,1,1,2,5,1,1,1,1,4,3,2,9,3,7,32,15,1,1,41,11,12,7,10,7,30,15,10,2,2,0,Watch
2024-11-08,None,0,114,84,16,5,9,6,2,1,1,1,1,2,5,1,1,1,1,4,3,2,10,3,8,33,15,1,1,39,11,8,8,10,7,45,18,10,2,2,0,Watch
2024-11-09,None,0,102,70,16,6,10,6,2,1,1,1,1,2,4,1,1,1,1,4,3,2,11,3,8,31,14,1,1,49,12,8,13,11,7,38,14,7,3,1,0,Watch
2024-11-10,None,0,101,71,14,4,12,7,2,1,1,1,1,2,4,1,1,1,1,4,4,3,10,3,7,29,13,1,1,42,13,8,11,11,9,28,13,9,2,1,0,Watch
2024-11-11,None,0,130,94,12,5,19,8,2,1,2,1,1,2,5,1,1,2,1,5,5,3,12,3,6,28,13,2,1,44,11,7,12,11,6,37,15,7,2,0,0,Normal
2024-11-12,None,0,126,95,16,11,4,6,2,1,1,1,1,2,5,1,1,2,1,4,2,2,10,3,8,34,15,1,1,43,12,7,10,11,6,40,18,8,2,1,0,Watch
2024-11-13,None,0,128,100,16,4,8,7,2,1,1,1,1,2,5,1,1,2,1,4,3,3,9,3,8,34,15,1,1,41,10,9,10,11,10,38,12,9,2,1,0,Watch
2024-11-14,None,0,117,89,10,10,8,7,2,1,1,1,1,2,5,1,1,1,1,4,3,2,9,2,5,24,12,1,1,47,9,6,9,10,5,31,11,8,2,1,0,Watch
2024-11-15,None,0,111,80,20,4,7,6,2,1,1,1,1,2,4,1,1,1,1,4,3,3,11,4,9,38,16,1,1,48,11,7,10,12,8,35,20,7,2,3,0,High
2024-11-16,None,0,106,80,10,6,10,7,2,1,1,1,1,2,4,1,1,1,1,4,3,2,8,2,5,23,11,1,1,44,11,4,7,9,5,23,15,10,2,1,0,Watch
2024-11-17,None,0,93,63,15,5,10,5,2,1,1,1,1,2,4,1,1,1,1,3,3,2,10,3,7,29,14,1,1,45,9,8,13,11,8,37,12,10,2,1,0,Watch
2024-11-18,None,0,122,93,15,6,8,7,2,1,1,1,1,2,5,1,1,2,1,4,3,3,10,3,7,32,15,1,1,32,12,11,9,12,8,43,18,11,2,1,0,Watch
2024-11-19,None,0,133,95,20,11,7,9,2,1,1,1,1,2,5,1,1,2,1,5,4,3,12,4,9,40,17,1,1,40,12,8,15,13,6,38,17,8,2,2,0,Watch
2024-11-20,None,0,132,98,16,6,12,8,2,1,1,1,1,2,5,1,1,2,1,5,4,3,11,3,8,34,15,1,1,42,12,8,9,11,9,35,13,8,2,2,0,Watch
2024-11-21,None,0,117,87,13,10,7,7,2,1,1,1,1,2,5,1,1,1,1,4,3,3,10,3,6,29,14,1,1,48,12,10,13,10,6,28,17,11,2,1,0,Watch
2024-11-22,None,0,109,81,16,6,6,7,2,1,1,1,1,2,4,1,1,1,1,4,3,3,9,3,8,33,14,1,1,45,15,5,10,11,10,41,18,9,2,0,0,Normal
2024-11-23,None,0,108,77,17,4,10,6,2,1,1,1,1,2,4,1,1,1,1,4,3,3,10,4,8,34,15,1,1,42,11,8,12,12,10,36,14,12,2,1,0,Watch
2024-11-24,None,0,102,75,10,5,12,5,2,1,1,1,1,2,4,1,1,1,1,3,3,2,9,2,5,23,11,1,1,40,12,10,8,10,5,26,11,10,2,1,0,Watch
2024-11-25,None,0,124,98,14,4,8,6,2,1,1,1,1,2,5,1,1,2,1,4,3,2,9,3,7,31,14,1,1,44,12,8,9,12,8,43,16,9,2,0,0,Normal
2024-11-26,None,0,117,84,16,9,8,7,2,1,1,1,1,2,5,1,1,1,1,4,3,3,11,3,8,33,15,1,1,42,11,12,11,12,6,30,18,9,2,2,0,Watch
2024-11-27,None,0,133,100,13,6,14,9,2,1,1,1,1,2,5,1,1,2,1,5,4,3,11,3,6,30,14,1,1,38,11,6,11,10,7,32,17,8,2,0,0,Normal
2024-11-28,None,0,120,87,18,11,4,6,2,1,1,1,1,2,5,1,1,1,1,4,2,3,11,4,9,36,16,1,1,45,11,7,14,13,10,42,19,12,2,0,0,Normal
2024-11-29,None,0,117,86,17,6,8,8,2,1,1,1,1,2,5,1,1,1,1,5,3,3,10,4,8,35,16,1,1,49,13,10,12,12,7,38,20,9,3,1,0,Watch
2024-11-30,None,0,110,81,16,5,8,7,2,1,1,1,1,2,4,1,1,1,1,4,3,3,10,3,8,33,14,1,1,45,12,6,11,12,8,41,13,11,2,1,0,Watch
2024-12-01,None,0,108,78,17,4,9,6,2,1,1,1,1,2,4,1,1,1,1,4,3,3,10,4,8,34,15,1,1,45,15,11,10,12,8,34,14,9,2,1,0,Watch
2024-12-02,None,0,122,92,15,6,9,6,2,1,1,1,1,2,5,1,1,2,1,4,3,2,10,3,7,32,15,1,1,47,8,10,12,10,7,31,21,9,2,1,0,Watch
2024-12-03,None,0,127,93,20,10,4,7,2,1,1,1,1,2,5,1,1,2,1,4,3,3,11,4,9,40,17,1,1,45,11,5,13,12,7,38,16,8,2,3,0,High
2024-12-04,Mass_Casualty,4,201,106,12,6,77,21,2,1,5,1,1,3,8,1,1,2,4,12,15,8,29,3,6,29,22,4,3,42,9,8,33,11,5,32,26,11,1,3,0,High
2024-12-05,None,0,125,89,14,14,8,8,2,1,1,1,1,2,5,1,1,2,1,5,3,3,11,3,7,30,14,1,1,43,9,10,12,11,5,39,19,5,2,1,0,Watch
2024-12-06,None,0,118,88,17,8,5,6,2,1,1,1,1,2,5,1,1,1,1,4,3,3,10,4,8,35,16,1,1,45,9,9,13,13,8,45,20,4,2,0,0,Normal
2024-12-07,None,0,105,73,15,5,12,7,2,1,1,1,1,2,4,1,1,1,1,4,4,3,11,3,7,30,14,1,1,42,7,9,10,11,6,31,11,9,2,3,0,High
2024-12-08,None,0,103,67,13,7,16,7,2,1,1,1,1,2,4,1,1,1,1,4,4,3,12,3,6,27,13,1,1,46,11,5,12,10,8,32,17,8,2,0,0,Normal
2024-12-09,None,0,121,95,15,5,6,6,2,1,1,1,1,2,5,1,1,2,1,4,3,2,9,3,7,32,15,1,1,43,13,11,11,11,6,31,19,9,2,2,0,Watch
2024-12-10,None,0,121,93,12,10,6,7,2,1,1,1,1,2,5,1,1,2,1,4,3,2,9,3,6,28,13,1,1,37,9,8,10,12,4,26,10,8,2,3,0,High
2024-12-11,None,0,136,98,18,7,13,9,2,1,1,1,1,2,5,1,1,2,1,5,4,3,12,4,9,37,16,1,1,54,11,5,14,12,10,38,17,8,2,0,0,Normal
2024-12-12,None,0,120,87,16,12,5,6,2,1,1,1,1,2,5,1,1,1,1,4,3,2,11,3,8,33,15,1,1,41,10,10,11,11,6,43,19,9,2,1,0,Watch
2024-12-13,None,0,121,88,16,8,9,7,2,1,1,1,1,2,5,1,1,2,1,4,3,3,11,3,8,33,15,1,1,43,14,8,13,10,7,45,21,8,2,1,0,Watch
2024-12-14,None,0,120,79,22,7,12,7,2,1,1,1,1,2,5,1,1,1,1,4,4,3,14,4,10,41,18,2,1,34,12,6,12,13,8,42,16,10,2,3,0,High
2024-12-15,None,0,112,78,17,7,10,7,2,1,1,1,1,2,4,1,1,1,1,4,3,3,11,4,8,34,15,1,1,42,11,8,11,11,8,47,19,8,1,0,0,Normal
2024-12-16,None,0,116,94,11,6,5,5,2,1,1,1,1,2,5,1,1,1,1,3,2,2,7,2,5,26,13,1,1,48,9,8,8,10,4,25,17,8,2,2,0,Watch
2024-12-17,None,0,134,95,19,11,9,9,2,1,1,1,1,2,5,1,1,2,1,5,4,3,13,4,9,38,17,1,1,41,12,8,13,11,7,43,19,3,2,1,0,Watch
2024-12-18,None,0,144,106,20,7,11,7,2,1,1,1,1,2,6,1,1,2,1,4,4,3,13,4,9,41,18,1,1,40,9,8,13,13,9,45,19,9,2,0,0,Normal
2024-12-19,None,0,119,85,19,9,6,6,2,1,1,1,1,2,5,1,1,1,1,4,3,3,11,4,9,37,17,1,1,34,11,8,14,13,8,45,23,12,2,1,0,Watch
2024-12-20,None,0,111,86,15,7,3,6,2,1,1,1,1,2,4,1,1,1,1,4,2,2,8,3,7,32,14,1,1,35,10,9,10,11,7,38,17,8,2,0,0,Normal
2024-12-21,None,0,115,79,17,6,13,8,2,1,1,1,1,2,5,1,1,1,1,5,4,3,12,4,8,34,16,1,1,36,8,14,15,12,8,40,17,7,2,0,0,Normal
2024-12-22,None,0,106,69,19,7,11,9,2,1,1,1,1,2,4,1,1,1,1,5,4,3,12,4,9,36,16,1,1,33,8,7,15,12,9,43,17,9,2,0,0,Normal
2024-12-23,None,0,126,96,17,6,7,6,2,1,1,1,1,2,5,1,1,2,1,4,3,3,10,4,8,36,16,1,1,43,9,9,11,13,8,44,21,9,2,0,0,Normal
2024-12-24,None,0,132,95,20,10,7,7,2,1,1,1,1,2,5,1,1,2,1,4,3,3,12,4,9,40,17,1,1,38,14,8,15,13,8,40,24,10,2,1,0,Watch
2024-12-25,None,0,137,97,18,8,14,7,2,1,1,1,1,2,5,1,1,2,1,4,4,3,13,4,9,37,16,2,1,43,11,7,13,13,10,44,22,6,2,0,0,Normal
2024-12-26,None,0,123,91,15,11,6,8,2,1,1,1,1,2,5,1,1,2,1,5,3,3,10,3,7,32,15,1,1,34,11,6,8,12,8,31,13,8,2,3,0,High
2024-12-27,None,0,117,87,14,9,7,9,2,1,1,1,1,2,5,1,1,1,1,5,4,3,10,3,7,30,14,1,1,43,12,7,10,11,7,31,20,9,2,0,0,Normal
2024-12-28,None,0,106,75,15,7,9,7,2,1,1,1,1,2,4,1,1,1,1,4,3,3,10,3,7,30,14,1,1,41,11,7,10,11,8,39,11,9,3,1,0,Watch
2024-12-29,None,0,113,79,17,7,10,7,2,1,1,1,1,2,5,1,1,1,1,4,3,3,11,4,8,34,16,1,1,35,11,8,11,13,6,32,15,9,2,3,0,High
2024-12-30,None,0,120,93,13,7,7,6,2,1,1,1,1,2,5,1,1,1,1,4,3,2,9,3,6,29,14,1,1,41,11,10,8,11,6,28,14,9,2,2,0,Watch
2024-12-31,None,0,128,94,15,11,8,7,2,1,1,1,1,2,5,1,1,2,1,4,3,3,11,3,7,32,15,1,1,41,14,8,10,12,5,44,14,7,2,3,0,High
2025-01-01,None,0,128,96,14,6,12,7,2,1,1,1,1,2,5,1,1,2,1,4,4,3,10,3,7,31,14,1,1,35,11,8,10,11,7,37,12,8,2,1,0,Watch
2025-01-02,None,0,124,89,17,12,6,6,2,1,1,1,1,2,5,1,1,2,1,4,3,3,11,4,8,35,16,1,1,37,9,8,11,13,9,40,16,8,2,0,0,Normal
2025-01-03,None,0,114,88,14,5,7,6,2,1,1,1,1,2,5,1,1,1,1,4,3,2,9,3,7,30,14,1,1,43,12,8,10,11,5,39,16,8,2,1,0,Watch
2025-01-04,None,0,114,81,14,7,12,8,2,1,1,1,1,2,5,1,1,1,1,5,4,3,11,3,7,30,14,1,1,39,11,8,10,10,6,36,12,9,2,3,0,High
2025-01-05,None,0,113,75,21,6,11,7,2,1,1,1,1,2,5,1,1,1,1,4,4,3,13,4,10,39,18,1,1,40,11,11,16,12,12,44,16,7,2,1,0,Watch
2025-01-06,None,0,135,102,15,11,7,5,2,1,1,1,1,2,5,1,1,2,1,3,3,2,11,3,7,33,15,1,1,40,11,12,13,11,7,31,19,9,2,1,0,Watch
2025-01-07,None,0,126,93,16,11,6,8,2,1,1,1,1,2,5,1,1,2,1,5,3,3,11,3,8,34,15,1,1,37,11,8,13,10,6,44,13,8,2,2,0,Watch
2025-01-08,None,0,146,106,20,8,12,7,2,1,1,1,1,2,6,1,1,2,1,4,4,3,13,4,9,41,18,1,1,40,11,10,13,12,8,53,23,12,2,1,0,Watch
2025-01-09,None,0,120,88,14,13,5,6,2,1,1,1,1,2,5,1,1,1,1,4,3,2,10,3,7,30,14,1,1,45,8,9,10,11,7,30,16,8,2,0,0,Normal
2025-01-10,None,0,110,85,12,7,6,5,2,1,1,1,1,2,4,1,1,1,1,3,2,2,8,3,6,27,12,1,1,42,11,9,7,12,5,37,9,11,2,3,0,High
2025-01-11,None,0,113,82,15,7,9,6,2,1,1,1,1,2,5,1,1,1,1,4,3,2,10,3,7,31,15,1,1,44,11,9,11,11,7,29,20,9,2,1,0,Watch
2025-01-12,None,0,117,78,19,7,13,8,2,1,1,1,1,2,5,1,1,1,1,5,4,3,13,4,9,37,17,1,1,43,11,10,11,13,11,46,23,8,2,1,0,Watch
2025-01-13,None,0,128,100,15,8,5,7,2,1,1,1,1,2,5,1,1,2,1,4,3,3,9,3,7,33,15,1,1,44,11,5,8,11,6,37,14,9,2,3,0,High
2025-01-14,Respiratory,4,179,115,44,13,7,11,3,2,1,1,1,2,7,1,1,2,1,7,4,8,21,8,38,78,49,11,1,36,11,8,27,15,35,101,48,9,2,3,0,High
2025-01-15,Respiratory,4,191,127,45,6,13,11,3,2,1,1,1,3,7,1,1,2,1,7,5,8,22,9,39,81,51,12,1,36,11,8,28,16,42,89,58,9,2,1,0,High
2025-01-16,Respiratory,4,175,109,47,9,10,9,2,2,1,1,1,2,7,1,1,2,1,5,4,7,22,9,40,82,52,12,1,37,11,8,25,16,44,79,67,11,2,2,0,High
2025-01-17,Respiratory,4,165,109,46,6,4,9,2,2,1,1,1,2,6,1,1,2,1,5,3,7,19,9,40,80,50,12,1,39,10,8,24,15,46,88,61,9,2,1,0,High
2025-01-18,Respiratory,4,171,103,47,7,14,11,2,2,1,1,1,2,7,1,1,2,1,7,5,8,23,9,40,81,52,12,1,45,12,8,21,19,47,103,45,11,2,3,0,High
2025-01-19,Respiratory,4,161,96,47,6,12,9,2,2,1,1,1,2,6,1,1,2,1,5,4,7,22,9,40,81,51,12,1,37,11,6,23,20,33,89,49,9,2,4,0,High
2025-01-20,Respiratory,4,176,118,46,5,7,9,3,2,1,1,1,2,7,1,1,2,1,5,4,7,20,9,40,81,51,12,1,48,11,7,21,17,32,96,67,8,2,2,0,High
2025-01-21,Respiratory,4,188,119,46,15,8,11,3,2,1,1,1,3,7,1,1,2,1,7,4,8,23,9,40,81,52,12,1,45,11,9,21,16,52,78,75,8,3,3,0,High
2025-01-22,Respiratory,4,189,125,45,7,12,9,3,2,1,1,1,3,7,1,1,2,1,5,4,7,22,9,39,80,51,12,1,38,8,9,23,15,29,101,47,8,2,3,0,High
2025-01-23,Respiratory,4,172,108,44,12,8,11,2,2,1,1,1,2,7,1,1,2,1,7,4,8,21,8,38,77,49,11,1,47,10,11,26,15,41,101,64,10,2,1,0,High
2025-01-24,Respiratory,4,170,110,47,8,5,8,2,2,1,1,1,2,7,1,1,2,1,5,3,7,20,9,40,82,52,12,1,42,10,8,26,15,49,90,66,8,2,1,0,High
2025-01-25,Respiratory,4,164,103,42,7,12,10,2,2,1,1,1,2,6,1,1,2,1,6,4,7,21,8,36,74,46,11,1,37,8,9,24,19,34,98,40,10,2,3,0,High
2025-01-26,Respiratory,4,161,98,44,7,12,10,2,2,1,1,1,2,6,1,1,2,1,6,4,7,21,8,38,76,48,12,1,46,11,6,27,18,45,89,50,11,2,2,0,High
2025-01-27,Respiratory,4,180,118,47,7,8,11,3,2,1,1,1,2,7,1,1,2,1,7,4,8,21,9,40,83,52,12,1,42,9,7,24,20,39,92,43,8,2,4,0,High
2025-01-28,Respiratory,4,187,122,46,13,6,10,3,2,1,1,1,3,7,1,1,2,1,6,4,7,22,9,40,82,52,12,1,40,11,8,28,15,33,104,42,8,2,3,0,High
2025-01-29,Respiratory,4,197,130,47,9,11,13,3,2,1,1,1,3,8,1,1,2,1,8,5,8,22,9,40,84,54,12,1,42,10,7,29,20,47,83,58,7,2,3,0,High
2025-01-30,Respiratory,4,180,116,47,11,6,9,3,2,1,1,1,2,7,1,1,2,1,5,3,7,21,9,40,83,52,12,1,45,13,8,19,17,40,92,64,8,2,2,0,High
2025-01-31,Respiratory,4,165,108,42,8,7,9,2,2,1,1,1,2,6,1,1,2,1,5,4,7,19,8,36,74,46,11,1,42,11,8,24,14,44,78,58,9,2,1,0,High
2025-02-01,Respiratory,4,166,103,45,7,11,10,2,2,1,1,1,2,6,1,1,2,1,6,4,7,21,9,39,78,49,12,1,46,11,8,21,18,44,73,42,7,2,3,0,High
2025-02-02,Respiratory,4,158,95,42,10,11,11,2,2,1,1,1,2,6,1,1,2,1,7,5,7,21,8,36,73,46,11,1,41,11,6,27,18,44,87,47,12,2,1,0,High
2025-02-03,Respiratory,4,186,123,46,10,7,11,3,2,1,1,1,3,7,1,1,2,1,7,4,8,21,9,40,82,52,12,1,36,11,6,28,20,50,107,56,9,2,2,0,High
2025-02-04,Respiratory,4,186,119,46,11,10,10,3,2,1,1,1,3,7,1,1,2,1,6,4,7,22,9,40,81,52,12,1,45,12,8,28,19,31,99,67,13,2,1,0,High
2025-02-05,Respiratory,4,187,125,42,8,12,9,3,2,1,1,1,3,7,1,1,2,1,5,4,7,21,8,36,76,48,11,1,42,11,10,27,14,33,72,50,9,2,3,0,High
2025-02-06,Respiratory,4,181,114,48,12,7,12,3,2,1,1,1,3,7,1,1,2,1,7,4,8,22,9,41,84,54,12,1,38,11,6,26,17,50,102,50,9,2,3,0,High
2025-02-07,Respiratory,4,171,110,47,8,6,9,2,2,1,1,1,2,7,1,1,2,1,5,3,7,21,9,40,82,52,12,1,44,13,8,27,19,49,84,69,9,2,1,0,High
2025-02-08,None,0,129,87,20,7,15,9,2,1,1,1,1,2,5,1,1,2,1,5,5,3,14,4,9,39,17,2,1,43,12,9,18,11,8,47,13,7,2,2,0,Watch
2025-02-09,None,0,118,82,19,7,10,5,2,1,1,1,1,2,5,1,1,1,1,3,3,2,12,4,9,37,17,1,1,44,8,7,13,12,12,34,22,16,2,1,0,Watch
2025-02-10,None,0,136,100,22,7,7,7,2,1,1,1,1,2,5,1,1,2,1,4,3,3,12,4,10,43,18,1,1,34,9,6,15,11,10,54,19,9,2,0,0,Normal
2025-02-11,None,0,134,100,16,13,5,8,2,1,1,1,1,2,5,1,1,2,1,5,3,3,11,3,8,34,15,1,1,37,10,9,12,10,8,38,17,9,2,0,0,Normal
2025-02-12,None,0,152,108,21,7,16,9,2,1,1,1,1,2,6,1,1,2,1,5,5,3,14,4,10,43,19,2,1,44,10,10,14,12,12,53,15,9,2,1,0,Watch
2025-02-13,None,0,134,95,20,13,6,7,2,1,1,1,1,2,5,1,1,2,1,4,3,3,13,4,9,40,17,1,1,48,14,8,11,12,9,53,19,12,2,1,0,Watch
2025-02-14,None,0,123,95,15,7,6,6,2,1,1,1,1,2,5,1,1,2,1,4,3,2,9,3,7,32,15,1,1,42,11,9,8,10,7,32,21,7,2,1,0,Watch
2025-02-15,None,0,120,86,17,6,11,8,2,1,1,1,1,2,5,1,1,1,1,5,4,3,11,4,8,35,16,1,1,46,11,8,9,12,6,41,18,9,2,2,0,Watch
2025-02-16,None,0,119,79,19,9,12,10,2,1,1,1,1,2,5,1,1,1,1,6,4,3,13,4,9,37,17,1,1,49,8,8,15,11,11,37,15,9,2,1,0,Watch
2025-02-17,None,0,127,95,17,8,7,8,2,1,1,1,1,2,5,1,1,2,1,5,3,3,11,4,8,35,16,1,1,44,11,6,11,11,7,44,20,8,2,1,0,Watch
2025-02-18,None,0,133,98,13,13,9,8,2,1,1,1,1,2,5,1,1,2,1,5,4,3,11,3,6,30,14,1,1,42,13,10,12,10,7,33,12,9,2,1,0,Watch
2025-02-19,None,0,143,107,16,7,13,8,2,1,1,1,1,2,6,1,1,2,1,5,4,3,12,3,8,35,16,1,1,50,11,9,13,12,6,42,18,9,2,1,0,Watch
2025-02-20,None,0,136,96,18,13,9,6,2,1,1,1,1,2,5,1,1,2,1,4,3,3,13,4,9,37,16,1,1,44,11,10,12,13,11,46,21,9,2,1,0,Watch
2025-02-21,None,0,129,94,20,8,7,7,2,1,1,1,1,2,5,1,1,2,1,4,3,3,12,4,9,40,17,1,1,41,11,7,14,13,8,46,23,7,3,1,0,Watch
2025-02-22,None,0,124,89,18,7,10,6,2,1,1,1,1,2,5,1,1,2,1,4,3,3,12,4,9,36,16,1,1,47,13,6,10,13,9,37,13,8,2,2,0,Watch
2025-02-23,None,0,120,83,18,7,12,8,2,1,1,1,1,2,5,1,1,1,1,5,4,3,12,4,9,36,16,1,1,39,11,8,12,11,8,39,20,11,2,1,0,Watch
2025-02-24,None,0,136,101,20,9,6,7,2,1,1,1,1,2,5,1,1,2,1,4,3,3,12,4,9,41,17,1,1,43,11,7,12,11,11,43,18,7,2,0,0,Normal
2025-02-25,None,0,140,96,21,14,9,8,2,1,1,1,1,2,5,1,1,2,1,5,4,3,14,4,10,42,18,1,1,53,14,8,12,13,9,44,19,8,3,2,0,Watch
2025-02-26,None,0,150,112,17,8,13,9,3,1,1,1,1,2,6,1,1,2,1,5,4,3,12,4,8,37,17,1,1,40,13,8,16,13,8,46,21,8,2,0,0,Normal
2025-02-27,None,0,138,100,19,14,5,7,2,1,1,1,1,2,5,1,1,2,1,4,3,3,12,4,9,39,17,1,1,51,11,8,13,12,10,49,20,8,2,0,0,Normal
2025-02-28,None,0,126,94,17,7,8,7,2,1,1,1,1,2,5,1,1,2,1,4,3,3,11,4,8,35,16,1,1,42,10,7,14,11,9,39,14,9,2,1,0,Watch
2025-03-01,None,0,127,84,24,7,12,8,2,1,1,1,1,2,5,1,1,2,1,5,4,3,14,5,11,45,19,2,1,45,11,9,14,13,8,48,20,7,2,1,0,Watch
2025-03-02,None,0,119,83,17,9,10,7,2,1,1,1,1,2,5,1,1,1,1,4,3,3,12,4,8,34,16,1,1,40,13,9,12,12,8,33,16,10,2,1,0,Watch
2025-03-03,None,0,128,100,15,9,4,7,2,1,1,1,1,2,5,1,1,2,1,4,3,3,9,3,7,33,15,1,1,37,10,9,11,12,9,30,20,9,2,1,0,Watch
2025-03-04,None,0,138,99,17,14,8,9,2,1,1,1,1,2,5,1,1,2,1,5,4,3,12,4,8,36,16,1,1,42,11,8,11,13,8,43,18,9,2,1,0,Watch
2025-03-05,None,0,148,109,18,8,13,8,2,1,1,1,1,2,6,1,1,2,1,5,4,3,13,4,9,38,17,1,1,42,10,8,14,12,9,47,20,10,2,0,0,Normal
2025-03-06,None,0,133,94,21,13,5,7,2,1,1,1,1,2,5,1,1,2,1,4,3,3,13,4,10,41,18,1,1,42,12,11,13,12,8,46,24,8,2,1,0,Watch
2025-03-07,None,0,149,106,18,9,16,8,2,1,1,1,1,2,6,1,1,2,1,5,4,3,14,4,9,38,17,2,1,39,11,9,16,13,10,50,20,9,2,0,0,Normal
2025-03-08,None,0,120,86,15,7,12,8,2,1,1,1,1,2,5,1,1,1,1,5,4,3,11,3,7,32,15,1,1,49,8,4,14,10,7,40,12,11,2,1,0,Watch
2025-03-09,None,0,113,82,13,8,10,6,2,1,1,1,1,2,5,1,1,1,1,4,3,2,10,3,6,28,14,1,1,40,10,8,12,10,5,25,15,10,2,2,0,Watch
2025-03-10,None,0,139,100,22,8,9,7,2,1,1,1,1,2,5,1,1,2,1,4,3,3,13,4,10,43,18,1,1,41,10,8,13,12,7,54,20,11,2,1,0,Watch
2025-03-11,None,0,138,100,16,11,11,8,2,1,1,1,1,2,5,1,1,2,1,5,4,3,12,3,8,34,15,1,1,42,12,9,11,12,9,39,18,10,2,1,0,Watch
2025-03-12,None,0,168,115,22,10,21,10,3,1,2,1,1,2,6,1,1,2,1,6,6,4,17,4,10,45,19,2,1,46,11,6,18,12,9,56,16,5,2,2,0,Watch
2025-03-13,None,0,142,98,24,12,8,10,2,1,1,1,1,2,6,1,1,2,1,6,4,4,14,5,11,46,20,1,1,42,11,12,14,12,12,57,18,9,2,1,0,Watch
2025-03-14,None,0,145,104,19,8,14,8,2,1,1,1,1,2,6,1,1,2,1,5,4,3,13,4,9,39,18,2,1,42,10,8,16,13,11,51,23,8,2,0,0,Normal
2025-03-15,None,0,122,83,20,8,11,8,2,1,1,1,1,2,5,1,1,2,1,5,4,3,13,4,9,39,17,1,1,42,9,10,12,11,8,44,20,6,1,2,0,Watch
2025-03-16,None,0,134,84,20,8,22,10,2,1,2,1,1,2,5,1,1,2,1,6,6,3,16,4,9,39,17,2,1,38,10,5,14,12,6,48,22,9,2,2,0,Watch
2025-03-17,None,0,150,106,20,9,15,9,2,1,1,1,1,2,6,1,1,2,1,5,5,3,14,4,9,41,18,2,1,45,13,6,13,11,8,55,17,10,2,3,0,High
2025-03-18,None,0,146,107,17,14,8,8,2,1,1,1,1,2,6,1,1,2,1,5,3,3,12,4,8,37,17,1,1,42,11,8,15,11,7,36,15,9,2,3,0,High
2025-03-19,None,0,146,107,18,8,13,10,2,1,1,1,1,2,6,1,1,2,1,6,5,3,13,4,9,38,17,1,1,46,13,8,13,12,10,34,17,8,2,1,0,Watch
2025-03-20,None,0,131,97,16,13,5,7,2,1,1,1,1,2,5,1,1,2,1,4,3,3,11,3,8,34,15,1,1,44,12,8,13,11,7,31,12,6,2,3,0,High
2025-03-21,None,0,127,94,17,10,6,7,2,1,1,1,1,2,5,1,1,2,1,4,3,3,11,4,8,35,16,1,1,45,11,10,10,12,10,46,18,12,2,1,0,Watch
2025-03-22,None,0,124,87,17,10,10,10,2,1,1,1,1,2,5,1,1,2,1,6,4,3,12,4,8,35,16,1,1,42,11,7,13,13,8,35,21,6,2,0,0,Normal
2025-03-23,None,0,122,83,18,8,13,7,2,1,1,1,1,2,5,1,1,2,1,4,4,3,13,4,9,36,16,1,1,35,8,3,16,12,8,48,16,9,2,1,0,Watch
2025-03-24,None,0,141,105,20,8,8,7,2,1,1,1,1,2,6,1,1,2,1,4,3,3,12,4,9,41,18,1,1,38,10,6,13,12,7,52,15,9,2,2,0,Watch
2025-03-25,None,0,142,100,17,17,8,8,2,1,1,1,1,2,6,2,1,2,1,5,3,3,13,4,8,36,17,1,1,49,11,9,16,13,8,37,24,7,2,0,0,Normal
2025-03-26,None,0,167,116,18,9,24,12,3,1,2,1,1,2,6,1,1,2,1,7,6,4,16,4,9,39,17,2,1,55,10,8,18,13,7,42,17,12,2,1,0,Watch
2025-03-27,None,0,136,95,19,15,7,7,2,1,1,1,1,2,5,1,1,2,1,4,3,3,13,4,9,38,17,1,1,38,11,9,16,13,7,47,18,12,2,1,0,Watch
2025-03-28,None,0,130,94,20,10,6,6,2,1,1,1,1,2,5,1,1,2,1,4,3,3,12,4,9,40,17,1,1,41,11,7,12,12,8,41,16,7,2,2,0,Watch
2025-03-29,None,0,127,87,19,8,13,9,2,1,1,1,1,2,5,1,1,2,1,5,4,3,13,4,9,38,17,1,1,37,11,8,17,12,10,52,22,7,2,0,0,Normal
2025-03-30,None,0,117,80,20,8,9,6,2,1,1,1,1,2,5,1,1,1,1,4,3,3,12,4,9,38,17,1,1,45,10,8,11,12,9,47,16,10,2,2,0,Watch
2025-03-31,None,0,142,104,22,7,9,8,2,1,1,1,1,2,6,1,1,2,1,5,4,3,13,4,10,44,19,1,1,47,11,9,14,13,8,44,26,15,2,1,0,Watch
2025-04-01,None,0,140,100,17,14,9,8,2,1,1,1,1,2,5,1,1,2,1,5,4,3,13,4,8,36,16,1,1,38,8,10,16,11,8,38,18,11,2,0,0,Normal
2025-04-02,None,0,148,108,18,9,13,7,2,1,1,1,1,2,6,1,1,2,1,4,4,3,13,4,9,38,17,1,1,36,13,8,13,13,8,53,20,9,2,1,0,Watch
2025-04-03,None,0,136,96,17,14,9,7,2,1,1,1,1,2,5,1,1,2,1,4,3,3,13,4,8,36,16,1,1,44,12,7,11,13,9,47,22,9,2,1,0,Watch
2025-04-04,None,0,124,92,17,8,7,6,2,1,1,1,1,2,5,1,1,2,1,4,3,3,11,4,8,35,16,1,1,48,11,8,10,13,8,45,17,11,2,1,0,Watch
2025-04-05,None,0,132,93,17,12,10,8,2,1,1,1,1,2,5,1,1,2,1,5,4,3,12,4,8,35,16,1,1,36,9,11,11,12,9,41,17,11,2,1,0,Watch
2025-04-06,None,0,128,84,23,9,12,9,2,1,1,1,1,2,5,1,1,2,1,5,4,3,14,5,11,43,19,2,1,41,11,8,13,12,14,57,26,9,2,1,0,Watch
2025-04-07,None,0,126,99,14,8,5,6,2,1,1,1,1,2,5,1,1,2,1,4,3,2,9,3,7,31,14,1,1,42,11,5,8,10,5,29,17,9,2,3,0,High
2025-04-08,None,0,134,98,16,12,8,8,2,1,1,1,1,2,5,1,1,2,1,5,3,3,11,3,8,34,15,1,1,53,11,10,11,11,6,43,18,13,2,1,0,Watch
2025-04-09,None,0,150,110,17,11,12,9,2,1,1,1,1,2,6,1,1,2,1,5,4,3,13,4,8,37,17,1,1,41,14,8,13,13,7,49,21,8,2,1,0,Watch
2025-04-10,None,0,136,99,14,14,9,8,2,1,1,1,1,2,5,1,1,2,1,5,4,3,12,3,7,31,14,1,1,41,13,10,15,11,7,43,17,3,2,0,0,Normal
2025-04-11,None,0,125,92,17,9,7,6,2,1,1,1,1,2,5,1,1,2,1,4,3,3,11,4,8,35,16,1,1,42,11,9,14,13,10,38,20,9,2,0,0,Normal
2025-04-12,None,0,127,89,18,9,11,7,2,1,1,1,1,2,5,1,1,2,1,4,4,3,12,4,9,36,16,1,1,40,12,8,14,13,8,44,22,11,2,1,0,Watch
2025-04-13,None,0,119,81,18,8,12,8,2,1,1,1,1,2,5,1,1,1,1,5,4,3,12,4,9,36,16,1,1,47,10,7,12,13,9,35,15,8,2,2,0,Watch
2025-04-14,None,0,130,101,15,8,6,6,2,1,1,1,1,2,5,1,1,2,1,4,3,2,10,3,7,33,15,1,1,43,11,7,8,10,6,43,19,10,2,2,0,Watch
2025-04-15,None,0,142,107,16,13,6,7,2,1,1,1,1,2,6,1,1,2,1,4,3,3,11,3,8,35,16,1,1,40,11,8,12,10,9,44,21,10,2,0,0,Normal
2025-04-16,None,0,147,108,18,8,13,9,2,1,1,1,1,2,6,1,1,2,1,5,4,3,13,4,9,38,17,1,1,42,9,7,16,13,8,44,21,12,2,1,0,Watch
2025-04-17,None,0,135,100,17,13,5,8,2,1,1,1,1,2,5,1,1,2,1,5,3,3,11,4,8,36,16,1,1,42,14,11,11,13,9,37,12,9,2,1,0,Watch
2025-04-18,None,0,131,96,18,10,7,7,2,1,1,1,1,2,5,1,1,2,1,4,3,3,11,4,9,37,16,1,1,43,13,7,11,13,11,47,15,9,2,1,0,Watch
2025-04-19,None,0,126,89,15,9,13,8,2,1,1,1,1,2,5,1,1,2,1,5,4,3,12,3,7,32,15,1,1,50,10,9,15,11,9,42,16,11,1,0,0,Normal
2025-04-20,None,0,125,85,18,7,15,7,2,1,1,1,1,2,5,1,1,2,1,4,4,3,13,4,9,36,16,2,1,36,11,7,13,12,8,40,19,8,3,1,0,Watch
2025-04-21,None,0,136,105,17,9,5,8,2,1,1,1,1,2,5,1,1,2,1,5,3,3,10,4,8,36,16,1,1,41,8,8,11,11,9,48,13,11,2,1,0,Watch
2025-04-22,None,0,142,104,15,15,8,8,2,1,1,1,1,2,6,1,1,2,1,5,3,3,12,3,7,33,16,1,1,48,11,6,10,12,6,44,14,6,2,3,0,High
2025-04-23,None,0,149,107,20,9,13,9,2,1,1,1,1,2,6,1,1,2,1,5,4,3,14,4,9,41,18,2,1,39,11,8,16,11,11,37,24,10,2,1,0,Watch
2025-04-24,None,0,148,101,26,14,7,8,2,1,1,1,1,2,6,1,1,2,1,5,3,3,15,5,12,50,21,1,1,46,7,8,18,14,16,56,20,9,2,1,0,Watch
2025-04-25,None,0,134,97,18,10,9,8,2,1,1,1,1,2,5,1,1,2,1,5,4,3,12,4,9,37,16,1,1,47,9,7,13,12,11,34,13,10,2,2,0,Watch
2025-04-26,None,0,125,86,19,8,12,9,2,1,1,1,1,2,5,1,1,2,1,5,4,3,13,4,9,38,17,1,1,42,9,8,17,13,11,50,23,8,2,0,0,Normal
2025-04-27,None,0,121,85,15,9,12,7,2,1,1,1,1,2,5,1,1,2,1,4,4,3,12,3,7,31,15,1,1,40,12,8,13,10,8,42,17,10,2,0,0,Normal
2025-04-28,None,0,137,107,14,9,7,8,2,1,1,1,1,2,5,1,1,2,1,5,3,3,10,3,7,32,14,1,1,41,11,6,10,11,8,42,12,8,2,1,0,Watch
2025-04-29,None,0,142,101,17,15,9,9,2,1,1,1,1,2,6,1,1,2,1,5,4,3,13,4,8,36,17,1,1,47,11,7,15,11,9,42,14,6,3,1,0,Watch
2025-04-30,None,0,158,113,21,9,15,10,3,1,1,1,1,2,6,1,1,2,1,6,5,4,15,4,10,43,19,2,1,38,11,8,13,11,7,54,23,9,2,2,0,Watch
2025-05-01,None,0,138,99,19,13,7,8,2,1,1,1,1,2,5,1,1,2,1,5,3,3,12,4,9,39,17,1,1,40,7,5,14,13,10,47,22,9,2,0,0,Normal
2025-05-02,None,0,135,98,20,9,8,7,2,1,1,1,1,2,5,1,1,2,1,4,3,3,12,4,9,40,17,1,1,42,11,12,12,12,10,46,19,8,2,0,0,Normal
2025-05-03,None,0,125,86,17,10,12,8,2,1,1,1,1,2,5,1,1,2,1,5,4,3,13,4,8,35,16,1,1,51,11,7,14,13,6,36,13,11,2,2,0,Watch
2025-05-04,None,0,117,82,13,10,12,6,2,1,1,1,1,2,5,1,1,1,1,4,3,2,11,3,6,28,14,1,1,46,11,10,11,11,7,32,12,9,2,1,0,Watch
2025-05-05,None,0,141,107,15,9,10,7,2,1,1,1,1,2,6,1,1,2,1,4,3,3,11,3,7,34,16,1,1,42,11,5,10,10,9,37,14,8,2,2,0,Watch
2025-05-06,None,0,139,101,18,13,7,8,2,1,1,1,1,2,5,1,1,2,1,5,3,3,12,4,9,38,16,1,1,49,11,7,14,13,10,45,22,10,3,0,0,Normal
2025-05-07,None,0,149,109,19,9,12,9,2,1,1,1,1,2,6,1,1,2,1,5,4,3,13,4,9,40,18,1,1,36,15,9,14,13,9,44,15,9,2,1,0,Watch
2025-05-08,None,0,131,96,14,13,8,8,2,1,1,1,1,2,5,1,1,2,1,5,3,3,11,3,7,31,14,1,1,45,11,7,9,11,5,42,13,8,2,3,0,High
2025-05-09,None,0,135,100,21,7,7,7,2,1,1,1,1,2,5,1,1,2,1,4,3,3,12,4,10,42,18,1,1,37,11,9,13,13,7,47,17,9,2,2,0,Watch
2025-05-10,None,0,123,83,19,8,13,6,2,1,1,1,1,2,5,1,1,2,1,4,4,3,13,4,9,37,17,1,1,41,11,5,15,12,9,51,14,9,2,1,0,Watch
2025-05-11,None,0,126,85,17,11,13,8,2,1,1,1,1,2,5,1,1,2,1,5,4,3,13,4,8,34,16,1,1,46,12,9,15,11,7,34,19,9,2,1,0,Watch
2025-05-12,None,0,138,103,19,9,7,8,2,1,1,1,1,2,5,1,1,2,1,5,3,3,11,4,9,39,17,1,1,40,12,6,14,13,8,52,22,5,2,1,0,Watch
2025-05-13,None,0,140,103,17,13,7,8,2,1,1,1,1,2,5,1,1,2,1,5,3,3,12,4,8,36,16,1,1,42,10,8,13,12,9,41,17,9,2,0,0,Normal
2025-05-14,None,0,148,111,14,9,14,8,3,1,1,1,1,2,6,1,1,2,1,5,4,3,12,3,7,33,15,1,1,41,11,8,12,11,6,35,20,8,2,1,0,Watch
2025-05-15,None,0,140,98,19,14,9,8,2,1,1,1,1,2,5,1,1,2,1,5,4,3,13,4,9,39,17,1,1,51,11,11,12,12,10,43,21,9,2,1,0,Watch
2025-05-16,None,0,129,99,15,9,6,7,2,1,1,1,1,2,5,1,1,2,1,4,3,3,10,3,7,33,15,1,1,40,12,8,10,10,8,34,21,9,2,0,0,Normal
2025-05-17,None,0,130,93,18,10,9,8,2,1,1,1,1,2,5,1,1,2,1,5,4,3,12,4,9,37,16,1,1,41,11,8,11,11,10,49,17,9,2,1,0,Watch
2025-05-18,None,0,122,83,18,9,12,9,2,1,1,1,1,2,5,1,1,2,1,5,4,3,13,4,9,36,16,1,1,35,9,10,12,11,8,42,21,12,2,2,0,Watch
2025-05-19,None,0,146,108,19,13,6,7,2,1,1,1,1,2,6,1,1,2,1,4,3,3,12,4,9,40,18,1,1,46,13,4,12,11,7,55,20,10,2,1,0,Watch
2025-05-20,None,0,135,99,15,13,8,8,2,1,1,1,1,2,5,1,1,2,1,5,3,3,11,3,7,33,15,1,1,44,8,8,14,10,6,36,19,12,2,1,0,Watch
2025-05-21,None,0,151,111,21,9,10,8,3,1,1,1,1,2,6,1,1,2,1,5,4,3,13,4,10,43,19,1,1,48,13,9,11,13,9,53,17,8,2,3,0,High
2025-05-22,None,0,133,97,17,15,4,8,2,1,1,1,1,2,5,1,1,2,1,5,3,3,11,4,8,36,16,1,1,37,12,11,12,12,9,43,17,9,2,0,0,Normal
2025-05-23,Diarrheal,3,154,110,30,7,7,8,2,1,1,1,1,2,6,1,1,2,1,5,3,5,15,21,26,56,32,2,1,45,8,8,20,29,29,62,33,9,3,0,0,Watch
2025-05-24,Diarrheal,3,157,102,36,10,9,10,2,2,1,1,1,2,6,1,1,2,1,6,4,6,18,26,31,65,37,2,1,39,11,9,20,32,27,77,43,9,2,1,0,Watch
2025-05-25,Diarrheal,3,143,95,33,7,8,8,2,1,1,1,1,2,6,1,1,2,1,5,3,5,16,24,29,59,35,2,1,42,14,7,15,34,25,67,28,12,2,3,0,High
2025-05-26,Diarrheal,3,162,117,32,7,6,8,3,1,1,1,1,2,6,1,1,2,1,5,3,5,15,23,28,60,34,2,1,36,11,10,17,42,24,69,43,11,2,1,0,Watch
2025-05-27,Diarrheal,3,169,112,33,15,9,10,3,1,1,1,1,2,7,1,1,2,1,6,4,6,18,24,29,61,36,2,1,41,7,8,17,27,23,78,40,6,2,2,0,Watch
2025-05-28,Diarrheal,3,175,123,33,8,11,10,3,1,1,1,1,2,7,1,1,2,1,6,4,6,17,24,29,62,36,2,1,37,12,6,20,43,37,59,36,10,2,1,0,Watch
2025-05-29,Diarrheal,3,158,107,28,13,10,9,2,1,1,1,1,2,6,1,1,2,1,5,4,5,17,20,24,53,31,2,1,46,14,8,17,27,30,70,43,8,2,0,0,Watch
2025-05-30,Diarrheal,3,156,108,33,8,7,8,2,1,1,1,1,2,6,1,1,2,1,5,3,5,16,24,29,61,35,2,1,41,12,8,19,29,30,81,45,9,2,0,0,Watch
2025-05-31,Diarrheal,3,155,107,30,8,10,8,2,1,1,1,1,2,6,1,1,2,1,5,4,5,16,21,26,56,32,2,1,43,15,11,17,28,30,61,42,9,2,0,0,Watch
2025-06-01,Diarrheal,3,155,94,41,8,12,10,2,2,1,1,1,2,6,1,1,2,1,6,4,6,20,29,35,71,41,2,1,40,11,4,21,46,29,72,35,9,2,3,0,High
2025-06-02,Diarrheal,3,168,110,41,8,9,9,2,2,1,1,1,2,6,1,1,2,1,5,4,6,20,29,35,73,41,2,1,44,10,10,21,48,41,71,46,7,2,1,0,Watch
2025-06-03,Diarrheal,3,180,109,50,13,8,12,2,2,1,1,1,2,7,1,1,2,1,7,4,8,24,35,43,86,49,2,1,40,11,8,23,42,46,90,63,10,1,1,0,Watch
2025-06-04,Diarrheal,3,184,121,42,8,13,12,3,2,1,1,1,3,7,1,1,2,1,7,5,7,21,30,36,76,44,2,1,41,10,8,21,34,39,92,46,7,2,0,0,Watch
2025-06-05,Diarrheal,3,177,105,52,12,8,11,2,2,1,1,1,2,7,1,2,2,1,7,4,7,24,37,45,89,51,2,1,40,10,5,29,56,43,97,60,9,2,2,0,Watch
2025-06-06,Diarrheal,3,172,111,44,9,8,10,3,2,1,1,1,2,7,1,1,2,1,6,4,7,21,31,38,78,45,2,1,42,12,8,24,44,29,96,37,10,2,2,0,Watch
2025-06-07,Diarrheal,3,166,99,43,10,14,11,2,2,1,1,1,2,6,1,1,2,1,7,5,7,22,31,37,75,43,2,1,45,9,8,27,37,43,95,56,8,2,0,0,Watch
2025-06-08,Diarrheal,3,146,88,41,6,11,10,2,2,1,1,1,2,6,1,1,2,1,6,4,6,20,29,35,71,41,2,1,42,10,8,18,51,46,75,33,9,2,2,0,Watch
2025-06-09,Diarrheal,3,173,114,42,8,9,10,3,2,1,1,1,2,7,1,1,2,1,6,4,6,20,30,36,75,43,2,1,42,13,12,20,32,40,70,59,11,1,1,0,Watch
2025-06-10,Diarrheal,3,172,111,43,12,6,10,3,2,1,1,1,2,7,1,1,2,1,6,4,7,20,31,37,76,44,2,1,42,13,8,26,51,48,94,35,8,2,1,0,Watch
2025-06-11,Diarrheal,3,193,115,56,8,14,12,3,2,1,1,1,3,7,1,2,2,1,7,5,8,26,40,48,96,55,2,1,37,9,9,30,63,62,124,76,7,2,0,0,Watch
2025-06-12,Diarrheal,3,173,110,42,14,7,11,2,2,1,1,1,2,7,1,1,2,1,7,4,7,21,30,36,74,43,2,1,40,11,7,23,40,34,93,59,8,2,1,0,Watch
2025-06-13,Diarrheal,3,159,103,42,8,6,8,2,2,1,1,1,2,6,1,1,2,1,5,3,6,19,30,36,74,42,2,1,40,12,8,24,38,44,99,38,9,2,1,0,Watch
2025-06-14,Diarrheal,3,159,96,46,7,10,11,2,2,1,1,1,2,6,1,1,2,1,7,4,7,21,33,40,79,45,2,1,42,11,8,23,44,34,84,61,4,3,1,0,Watch
2025-06-15,None,0,119,81,21,9,8,7,2,1,1,1,1,2,5,1,1,1,1,4,3,3,12,4,10,40,18,1,1,38,11,5,13,11,8,50,24,9,2,1,0,Watch
2025-06-16,None,0,150,103,32,8,7,8,2,1,1,1,1,2,6,1,1,2,1,5,3,4,16,6,15,59,24,2,1,42,12,8,20,16,12,59,30,9,2,1,0,Watch
2025-06-17,None,0,150,98,33,11,8,9,2,1,1,1,1,2,6,1,1,2,1,5,4,4,17,6,15,60,25,2,1,37,11,8,19,14,18,79,32,11,2,0,0,Normal
2025-06-18,None,0,155,105,29,7,14,9,2,1,1,1,1,2,6,1,1,2,1,5,4,4,17,6,14,54,23,2,1,42,13,11,17,14,11,54,19,11,2,2,0,Watch
2025-06-19,None,0,151,98,30,16,7,10,2,1,1,1,1,2,6,2,1,2,1,6,4,4,17,6,14,55,23,2,1,38,17,6,17,16,16,69,29,6,3,0,0,Normal
2025-06-20,None,0,132,93,28,5,6,7,2,1,1,1,1,2,5,1,1,2,1,4,3,3,13,6,13,52,21,1,1,39,11,8,11,14,15,64,24,13,2,1,0,Watch
2025-06-21,None,0,135,87,27,7,14,8,2,1,1,1,1,2,5,1,1,2,1,5,4,3,16,5,13,50,21,2,1,46,11,6,19,14,11,58,29,11,2,1,0,Watch
2025-06-22,None,0,120,80,24,7,9,8,2,1,1,1,1,2,5,1,1,1,1,5,4,3,13,5,11,44,19,1,1,41,9,8,12,12,9,43,20,9,2,3,0,High
2025-06-23,None,0,142,98,29,7,8,7,2,1,1,1,1,2,6,1,1,2,1,4,3,3,15,6,14,54,23,2,1,42,11,7,19,16,11,67,28,10,2,1,0,Watch
2025-06-24,None,0,147,100,34,9,4,8,2,1,1,1,1,2,6,1,1,2,1,5,3,4,16,7,16,61,25,2,1,47,11,9,16,16,13,59,31,10,2,2,0,Watch
2025-06-25,None,0,158,108,31,8,11,10,2,1,1,1,1,2,6,1,1,2,1,6,4,4,17,6,14,58,24,2,1,43,10,8,20,16,11,68,20,10,2,2,0,Watch
2025-06-26,None,0,140,89,29,13,9,9,2,1,1,1,1,2,5,1,1,2,1,5,4,4,17,6,14,53,22,2,1,32,11,8,17,16,15,62,29,10,2,0,0,Normal
2025-06-27,None,0,138,93,33,6,6,9,2,1,1,1,1,2,5,1,1,2,1,5,3,4,15,6,15,59,24,2,1,36,13,7,16,14,19,70,24,9,2,0,0,Normal
2025-06-28,None,0,134,81,33,6,14,9,2,1,1,1,1,2,5,1,1,2,1,5,4,4,18,6,15,58,24,2,1,48,11,9,18,13,14,56,28,10,2,2,0,Watch
2025-06-29,None,0,128,78,33,7,10,8,2,1,1,1,1,2,5,1,1,2,1,5,4,4,17,6,15,58,24,2,1,46,11,6,20,15,20,71,33,13,2,0,0,Normal
2025-06-30,None,0,137,99,25,7,6,7,2,1,1,1,1,2,5,1,1,2,1,4,3,3,13,5,12,48,20,1,1,47,10,6,17,15,15,53,26,9,2,0,0,Normal
2025-07-01,None,0,158,99,40,11,8,10,2,2,1,1,1,2,6,1,1,2,1,6,4,4,20,8,18,70,28,2,1,41,11,5,20,16,20,70,34,9,2,0,0,Normal
2025-07-02,None,0,156,106,33,6,11,10,2,1,1,1,1,2,6,1,1,2,1,6,4,4,17,6,15,61,25,2,1,43,13,7,20,15,17,75,33,10,2,0,0,Normal
2025-07-03,None,0,142,91,37,11,3,8,2,2,1,1,1,2,6,1,1,2,1,5,3,4,17,7,17,65,27,2,1,51,11,9,22,15,22,60,33,9,2,1,0,Watch
2025-07-04,None,0,134,90,31,7,6,7,2,1,1,1,1,2,5,1,1,2,1,4,3,3,15,6,14,56,23,2,1,44,15,9,16,14,13,68,26,5,2,1,0,Watch
2025-07-05,None,0,133,84,32,7,10,7,2,1,1,1,1,2,5,1,1,2,1,4,3,3,16,6,15,57,23,2,1,42,9,7,17,13,13,74,20,11,2,2,0,Watch
2025-07-06,None,0,134,80,34,7,13,10,2,1,1,1,1,2,5,1,1,2,1,6,5,4,18,7,16,59,24,2,1,38,11,8,23,17,16,61,28,9,2,0,0,Normal
2025-07-07,None,0,141,99,29,5,8,8,2,1,1,1,1,2,6,1,1,2,1,5,3,4,14,6,14,54,23,2,1,36,9,8,15,16,10,65,24,9,2,1,0,Watch
2025-07-08,None,0,144,99,26,12,7,9,2,1,1,1,1,2,6,1,1,2,1,5,4,4,15,5,12,49,21,1,1,39,9,10,18,12,11,47,19,10,2,3,0,High
2025-07-09,None,0,161,110,29,7,15,9,2,1,1,1,1,2,6,1,1,2,1,5,5,4,17,6,14,55,23,2,1,40,14,9,22,16,15,62,32,8,2,0,0,Normal
2025-07-10,None,0,145,96,32,11,6,10,2,1,1,1,1,2,6,1,1,2,1,6,4,4,16,6,15,58,24,2,1,38,11,6,15,13,17,76,33,10,2,1,0,Watch
2025-07-11,None,0,139,95,31,5,8,7,2,1,1,1,1,2,5,1,1,2,1,4,3,3,15,6,14,56,23,2,1,41,10,9,19,16,12,61,32,9,2,1,0,Watch
2025-07-12,None,0,127,80,29,5,13,8,2,1,1,1,1,2,5,1,1,2,1,5,4,4,16,6,14,52,22,2,1,38,11,7,19,14,14,55,22,9,1,0,0,Normal
2025-07-13,None,0,134,83,29,11,11,10,2,1,1,1,1,2,5,1,1,2,1,6,4,4,17,6,14,52,22,2,1,35,12,5,17,15,18,47,19,8,2,2,0,Watch
2025-07-14,None,0,146,101,30,6,9,8,2,1,1,1,1,2,6,1,1,2,1,5,4,4,15,6,14,56,23,2,1,44,12,10,13,15,16,61,22,10,2,2,0,Watch
2025-07-15,None,0,145,98,33,10,4,8,2,1,1,1,1,2,6,1,1,2,1,5,3,4,16,6,15,60,25,1,1,42,11,9,16,13,11,78,33,9,2,1,0,Watch
2025-07-16,None,0,150,109,26,6,9,8,2,1,1,1,1,2,6,1,1,2,1,5,4,3,14,5,12,50,21,2,1,38,12,8,18,12,15,69,20,9,2,1,0,Watch
2025-07-17,None,0,137,91,26,12,8,8,2,1,1,1,1,2,5,1,1,2,1,5,3,3,15,5,12,49,20,1,1,43,17,8,16,12,13,67,16,8,2,1,0,Watch
2025-07-18,None,0,138,94,28,6,10,8,2,1,1,1,1,2,5,1,1,2,1,5,4,3,15,6,13,52,21,2,1,46,15,10,17,13,15,51,29,9,2,1,0,Watch
2025-07-19,None,0,127,83,26,7,11,9,2,1,1,1,1,2,5,1,1,2,1,5,4,4,15,5,12,48,20,2,1,46,11,7,16,13,14,48,24,8,2,0,0,Normal
2025-07-20,None,0,129,81,30,6,12,9,2,1,1,1,1,2,5,1,1,2,1,5,4,4,16,6,14,54,22,2,1,42,10,8,19,15,15,62,19,6,2,1,0,Watch
2025-07-21,None,0,138,93,33,6,6,7,2,1,1,1,1,2,5,1,1,2,1,4,3,4,15,6,15,59,24,2,1,44,13,5,18,14,15,79,27,9,2,0,0,Normal
2025-07-22,None,0,150,103,25,15,7,9,2,1,1,1,1,2,6,1,1,2,1,5,4,4,15,5,12,48,21,1,1,44,11,1,15,12,9,52,20,8,2,3,0,High
2025-07-23,None,0,147,104,25,6,12,8,2,1,1,1,1,2,6,1,1,2,1,5,4,3,14,5,12,48,21,2,1,45,8,10,13,14,11,54,25,9,2,2,0,Watch
2025-07-24,None,0,145,95,26,15,9,10,2,1,1,1,1,2,6,1,1,2,1,6,4,4,16,5,12,49,21,2,1,42,11,8,16,12,9,54,23,6,2,1,0,Watch
2025-07-25,Malaria,4,159,90,58,5,6,8,2,2,1,1,1,2,6,1,2,2,1,5,3,8,24,11,50,96,61,2,1,48,10,7,30,23,67,119,85,8,2,1,0,High
2025-07-26,Malaria,4,160,80,62,6,12,13,2,2,1,1,1,2,6,1,2,2,1,8,5,10,27,12,53,101,64,3,1,43,11,5,30,17,56,135,81,7,2,1,0,High
2025-07-27,Malaria,4,153,79,55,5,14,11,2,2,1,1,1,2,6,1,2,2,1,7,5,8,25,10,47,91,58,2,1,52,11,8,30,22,40,82,49,9,2,3,0,High
2025-07-28,Malaria,4,173,98,60,7,8,11,2,2,1,1,1,2,7,1,2,2,1,7,4,9,26,11,51,100,63,2,1,34,11,8,31,19,63,94,79,9,2,2,0,High
2025-07-29,Malaria,4,176,96,61,13,6,10,2,2,1,1,1,2,7,1,2,2,1,6,4,9,27,11,52,102,64,2,1,38,11,8,30,18,62,120,68,7,2,1,0,High
2025-07-30,Malaria,4,182,99,63,6,14,12,2,2,1,1,1,3,7,1,2,2,1,7,5,9,28,12,54,105,67,3,1,46,11,6,36,20,47,113,70,11,2,2,0,High
2025-07-31,Malaria,4,170,95,56,12,7,11,2,2,1,1,1,2,7,1,2,2,1,7,4,8,25,11,48,94,60,2,1,40,11,7,29,22,41,131,51,11,3,3,0,High
2025-08-01,Malaria,4,165,86,65,4,10,10,2,2,1,1,1,2,6,1,2,2,1,6,4,9,27,12,56,107,67,3,1,42,10,10,30,25,66,146,81,10,2,0,0,High
2025-08-02,Malaria,4,146,76,56,7,7,10,2,2,1,1,1,2,6,1,2,2,1,6,4,8,24,11,48,92,59,2,1,44,11,9,22,24,55,103,84,11,2,1,0,High
2025-08-03,Malaria,4,153,81,54,7,11,11,2,2,1,1,1,2,6,1,2,2,1,7,5,8,24,10,46,90,57,2,1,43,11,8,27,16,60,95,57,9,2,0,0,High
2025-08-04,Malaria,4,167,93,61,5,8,10,2,2,1,1,1,2,6,1,2,2,1,6,4,9,25,11,52,101,63,2,1,49,9,7,23,17,56,96,54,17,2,4,0,High
2025-08-05,Malaria,4,181,98,65,12,6,11,2,2,1,1,1,3,7,1,2,2,1,7,4,9,28,12,56,108,69,2,1,56,13,8,27,21,53,135,76,9,2,3,0,High
2025-08-06,Malaria,4,181,104,57,7,13,12,2,2,1,1,1,3,7,1,2,2,1,7,5,9,26,11,49,96,62,2,1,44,11,7,29,21,63,116,74,11,2,1,0,High
2025-08-07,Malaria,4,165,92,58,10,5,11,2,2,1,1,1,2,6,1,2,2,1,7,4,9,25,11,50,97,61,2,1,44,10,9,29,17,58,101,81,7,2,0,0,High
2025-08-08,Malaria,4,177,89,65,6,17,11,2,2,1,1,1,2,7,1,2,2,1,7,5,9,30,12,56,107,68,3,1,37,12,6,26,17,49,108,79,7,2,3,0,High
2025-08-09,Malaria,4,167,88,55,6,18,12,2,2,1,1,1,2,6,1,2,2,1,7,6,9,27,10,47,92,58,3,1,38,10,12,32,17,45,84,62,9,2,2,0,High
2025-08-10,Malaria,4,154,76,62,5,11,11,2,2,1,1,1,2,6,1,2,2,1,7,5,9,27,12,53,101,64,2,1,42,14,8,30,25,51,116,53,6,2,3,0,High
2025-08-11,Malaria,4,174,92,67,6,9,13,2,2,1,1,1,2,7,1,2,2,1,8,5,10,28,13,57,110,70,3,1,42,12,8,25,20,47,133,68,10,2,4,0,High
2025-08-12,Malaria,4,165,91,55,11,8,11,2,2,1,1,1,2,6,1,2,2,1,7,4,8,25,10,47,92,58,2,1,34,13,8,27,21,49,119,67,10,2,0,0,High
2025-08-13,Malaria,4,180,104,56,6,14,12,2,2,1,1,1,2,7,1,2,2,1,7,5,9,26,11,48,95,60,2,1,44,13,8,31,17,62,101,66,9,2,1,0,High
2025-08-14,Malaria,4,170,92,58,12,8,10,2,2,1,1,1,2,7,1,2,2,1,6,4,8,26,11,50,97,62,2,1,46,15,7,31,19,66,102,72,8,2,1,0,High
2025-08-15,Malaria,4,161,87,59,5,10,8,2,2,1,1,1,2,6,1,2,2,1,5,4,8,25,11,51,98,62,2,1,48,8,6,27,16,61,96,66,9,2,2,0,High
2025-08-16,Malaria,4,166,87,61,6,12,12,2,2,1,1,1,2,6,1,2,2,1,7,5,9,27,11,52,101,63,3,1,43,10,8,31,17,53,133,54,7,2,2,0,High
2025-08-17,None,0,120,72,33,6,9,8,2,1,1,1,1,2,5,1,1,1,1,5,4,4,16,6,15,57,24,2,1,42,10,8,21,15,16,78,23,9,2,1,0,Watch
2025-08-18,None,0,132,94,27,5,6,7,2,1,1,1,1,2,5,1,1,2,1,4,3,3,13,5,13,50,21,1,1,45,10,8,12,13,16,51,27,8,2,1,0,Watch
2025-08-19,None,0,138,89,32,9,8,7,2,1,1,1,1,2,5,1,1,2,1,4,3,3,16,6,15,57,23,2,1,37,8,10,16,12,12,65,30,9,2,1,0,Watch
2025-08-20,Dengue,4,203,111,72,6,14,14,3,3,1,1,1,3,8,1,2,2,1,8,6,11,31,13,62,120,76,3,1,40,10,8,41,22,64,157,75,9,2,2,0,High
2025-08-21,Dengue,4,190,102,68,11,9,12,2,2,1,1,1,3,7,1,2,2,1,7,5,10,30,13,58,113,72,3,1,42,11,8,38,21,62,132,67,11,2,2,0,High
2025-08-22,Dengue,4,181,95,71,7,8,12,2,3,1,1,1,3,7,1,2,2,1,7,4,10,29,13,61,116,74,3,1,34,11,8,29,23,65,147,85,9,2,1,0,High
2025-08-23,Dengue,4,165,89,63,4,9,11,2,2,1,1,1,2,6,1,2,2,1,7,4,9,26,12,54,104,65,2,1,42,13,9,26,18,50,120,91,10,2,1,0,High
2025-08-24,Dengue,4,166,80,71,6,9,11,2,3,1,1,1,2,6,1,2,2,1,7,4,10,30,13,61,115,72,3,1,42,14,6,30,18,79,132,93,9,2,1,0,High
2025-08-25,Dengue,4,197,108,76,9,4,11,2,3,1,1,1,3,8,1,2,2,1,7,4,10,31,14,65,125,80,3,1,39,14,8,28,27,59,137,94,10,2,3,0,High
2025-08-26,Dengue,4,187,100,70,10,7,12,2,2,1,1,1,3,7,1,2,2,1,7,4,10,30,13,60,115,73,3,1,35,10,11,27,26,80,150,72,9,2,2,0,High
2025-08-27,Dengue,4,212,117,68,5,22,15,3,2,2,1,1,3,8,1,2,2,1,9,7,11,32,13,58,114,73,3,1,54,11,8,42,26,57,120,97,11,2,2,0,High
2025-08-28,Dengue,4,182,97,68,10,7,13,2,2,1,1,1,3,7,1,2,2,1,8,5,10,29,13,58,112,72,2,1,35,11,7,27,23,46,121,82,9,2,3,0,High
2025-08-29,Dengue,4,179,93,73,5,8,11,2,3,1,1,1,2,7,1,2,2,1,7,4,10,30,14,63,119,75,3,1,36,8,8,35,23,77,140,78,10,2,1,0,High
2025-08-30,Dengue,4,177,90,69,6,12,13,2,2,1,1,1,2,7,1,2,2,1,8,5,10,30,13,59,113,72,3,1,35,10,8,34,26,44,110,80,8,2,3,0,High
2025-08-31,Dengue,4,173,80,74,6,13,11,2,3,1,1,1,2,7,1,2,2,1,7,5,10,32,14,63,119,76,3,1,41,10,7,33,21,47,124,68,9,2,3,0,High
2025-09-01,Dengue,4,184,105,67,4,8,12,2,2,1,1,1,3,7,1,2,2,1,7,4,10,27,13,57,111,71,2,1,40,11,8,26,20,68,144,82,10,2,2,0,High
2025-09-02,Dengue,4,193,103,75,9,6,12,2,3,1,1,1,3,7,1,2,2,1,7,4,10,31,14,64,123,78,3,1,37,11,8,26,19,53,125,109,11,2,3,0,High
2025-09-03,Dengue,4,192,103,70,5,14,12,2,2,1,1,1,3,7,1,2,2,1,7,5,10,30,13,60,116,73,3,1,43,14,8,37,27,62,114,100,10,2,2,0,High
2025-09-04,Dengue,4,181,93,70,11,7,11,2,2,1,1,1,3,7,1,2,2,1,7,4,10,30,13,60,115,73,3,1,45,6,5,36,20,46,132,60,10,2,3,0,High
2025-09-05,Dengue,4,180,98,70,7,5,9,2,2,1,1,1,2,7,1,2,2,1,5,3,9,28,13,60,115,72,2,1,39,11,9,25,21,48,150,68,11,2,3,0,High
2025-09-06,Dengue,4,175,87,74,5,9,11,2,3,1,1,1,2,7,1,2,2,1,7,4,10,30,14,63,120,76,3,1,42,12,9,27,23,74,110,100,9,2,3,0,High
2025-09-07,Dengue,4,169,85,65,6,13,11,2,2,1,1,1,2,7,1,2,2,1,7,5,9,29,12,56,106,68,3,1,36,11,10,31,19,59,110,61,9,2,1,0,High
2025-09-08,Dengue,4,191,109,72,5,5,10,2,3,1,1,1,3,7,1,2,2,1,6,4,9,28,13,62,119,75,2,1,42,11,8,32,21,57,164,108,9,2,2,0,High
2025-09-09,Dengue,4,183,99,68,9,7,11,2,2,1,1,1,3,7,1,2,2,1,7,4,9,29,13,58,112,72,2,1,41,9,7,36,21,65,129,90,10,3,1,0,High
2025-09-10,Dengue,4,196,106,71,6,13,13,2,3,1,1,1,3,7,1,2,2,1,8,5,10,31,13,61,118,74,3,1,39,14,6,34,25,71,151,66,9,2,2,0,High
2025-09-11,Dengue,4,182,95,71,9,7,13,2,3,1,1,1,3,7,1,2,2,1,8,5,10,30,13,61,116,74,3,1,32,11,6,36,19,74,107,63,12,2,3,0,High
2025-09-12,Dengue,4,184,95,78,3,8,12,2,3,1,1,1,3,7,1,2,2,1,7,4,11,31,15,67,127,81,3,1,33,12,6,27,25,52,154,116,8,2,3,0,High
2025-09-13,Dengue,4,175,86,72,5,12,12,2,3,1,1,1,2,7,1,2,2,1,7,5,10,31,13,62,117,74,3,1,47,12,11,39,21,68,144,69,8,0,2,0,High
2025-09-14,Dengue,4,167,77,72,7,11,12,2,3,1,1,1,2,6,1,2,2,1,7,5,10,31,13,62,116,73,3,1,36,10,9,36,24,69,105,58,8,2,3,0,High
2025-09-15,Dengue,4,186,102,73,5,6,9,2,3,1,1,1,3,7,1,2,2,1,5,3,9,29,14,63,120,76,3,1,48,9,8,38,19,50,145,87,12,2,2,0,High
2025-09-16,Dengue,4,203,108,73,12,10,15,2,3,1,1,1,3,8,1,2,2,1,9,5,11,32,14,63,121,77,3,1,41,14,7,38,24,69,163,66,11,2,2,0,High
2025-09-17,Dengue,4,194,107,72,3,12,11,2,3,1,1,1,3,7,1,2,2,1,7,5,10,30,13,62,119,75,3,1,42,10,8,35,23,53,145,61,10,2,3,0,High
2025-09-18,Dengue,4,184,98,70,8,8,11,2,2,1,1,1,3,7,1,2,2,1,7,4,10,29,13,60,115,73,3,1,36,11,8,35,19,64,125,94,9,2,1,0,High
2025-09-19,Dengue,4,179,99,65,9,6,10,2,2,1,1,1,2,7,1,2,2,1,6,4,9,27,12,56,108,68,2,1,42,11,6,28,17,51,117,79,8,2,2,0,High
2025-09-20,Dengue,4,169,80,71,7,11,12,2,3,1,1,1,2,7,1,2,2,1,7,5,10,30,13,61,115,73,3,1,43,11,8,30,23,61,126,61,9,2,2,0,High
2025-09-21,Dengue,4,180,84,79,4,13,13,2,3,1,1,1,2,7,1,2,2,1,8,5,11,33,15,68,127,81,3,1,43,10,8,38,30,53,161,70,9,2,3,0,High
2025-09-22,Dengue,4,189,110,69,5,5,11,2,2,1,1,1,3,7,1,2,2,1,7,4,10,27,13,59,115,73,2,1,37,11,8,30,18,58,144,85,9,2,2,0,High
2025-09-23,Dengue,4,186,98,71,10,7,12,2,3,1,1,1,3,7,1,2,2,1,7,4,10,30,13,61,117,74,3,1,42,9,8,26,19,64,135,100,8,2,2,0,High
2025-09-24,Dengue,4,204,113,70,8,13,13,3,2,1,1,1,3,8,1,2,2,1,8,5,10,31,13,60,117,74,3,1,50,10,10,40,26,46,150,75,5,2,1,0,High
2025-09-25,Dengue,4,186,98,71,10,7,11,2,3,1,1,1,3,7,1,2,2,1,7,4,10,30,13,61,117,74,3,1,41,11,10,33,22,46,116,60,9,2,3,0,High
2025-09-26,Dengue,4,181,99,67,5,10,11,2,2,1,1,1,3,7,1,2,2,1,7,4,9,28,13,57,111,71,3,1,38,14,7,29,18,74,138,82,10,2,1,0,High
2025-09-27,Dengue,4,167,88,65,6,8,12,2,2,1,1,1,2,6,1,2,2,1,7,4,10,27,12,56,107,67,2,1,38,11,9,23,22,53,102,88,7,2,4,0,High
2025-09-28,Dengue,4,171,82,70,6,13,13,2,2,1,1,1,2,7,1,2,2,1,8,5,10,30,13,60,114,72,3,1,41,14,8,33,23,71,140,89,7,2,1,0,High
2025-09-29,Dengue,4,185,106,69,4,6,12,2,2,1,1,1,3,7,1,2,2,1,7,4,10,27,13,59,115,73,2,1,35,11,8,35,19,78,148,86,9,2,1,0,High
2025-09-30,Dengue,4,191,104,68,10,9,12,2,2,1,1,1,3,7,1,2,2,1,7,5,10,29,13,58,113,72,3,1,36,11,8,30,24,44,132,91,11,2,2,0,High
2025-10-01,None,0,139,101,21,4,13,8,2,1,1,1,1,2,5,1,1,2,1,5,4,3,13,4,10,42,18,2,1,40,12,7,12,12,9,43,19,9,2,2,0,Watch
2025-10-02,None,0,116,84,13,11,8,7,2,1,1,1,1,2,5,1,1,1,1,4,3,3,10,3,6,28,14,1,1,42,11,8,9,12,8,39,16,9,2,1,0,Watch
2025-10-03,None,0,116,87,17,6,6,7,2,1,1,1,1,2,5,1,1,1,1,4,3,3,10,4,8,35,16,1,1,41,10,8,11,11,6,43,23,11,2,1,0,Watch
2025-10-04,None,0,112,81,16,5,10,7,2,1,1,1,1,2,4,1,1,1,1,4,3,3,10,3,8,33,14,1,1,44,11,10,9,10,8,38,17,8,2,1,0,Watch
2025-10-05,None,0,106,78,11,5,12,7,2,1,1,1,1,2,4,1,1,1,1,4,4,2,9,2,5,25,12,1,1,48,12,7,9,10,5,23,10,7,3,2,0,Watch
2025-10-06,None,0,124,94,17,6,7,6,2,1,1,1,1,2,5,1,1,2,1,4,3,3,10,4,8,35,16,1,1,36,11,10,13,11,6,38,15,9,2,2,0,Watch
2025-10-07,None,0,125,93,14,11,7,8,2,1,1,1,1,2,5,1,1,2,1,5,3,3,10,3,7,31,14,1,1,43,14,7,9,12,9,36,19,7,2,1,0,Watch
2025-10-08,None,0,150,109,12,6,23,9,2,1,2,1,1,2,6,1,1,2,1,5,6,3,13,3,6,29,14,2,1,38,12,8,13,10,4,27,14,10,2,2,0,Watch
2025-10-09,None,0,135,97,12,14,12,9,2,1,1,1,1,2,5,1,1,2,1,5,4,3,12,3,6,28,13,1,1,50,9,9,11,11,6,39,16,10,2,1,0,Watch
2025-10-10,None,0,115,83,17,6,9,7,2,1,1,1,1,2,5,1,1,1,1,4,3,3,11,4,8,34,16,1,1,44,11,8,10,11,9,33,17,9,2,2,0,Watch
2025-10-11,None,0,104,75,13,4,12,6,2,1,1,1,1,2,4,1,1,1,1,4,3,2,10,3,6,27,13,1,1,44,9,8,9,11,6,28,15,9,2,1,0,Watch
2025-10-12,None,0,104,75,17,3,9,6,2,1,1,1,1,2,4,1,1,1,1,4,3,3,10,4,8,33,15,1,1,45,11,6,12,12,6,29,12,12,2,3,0,High
2025-10-13,None,0,127,96,14,7,10,6,2,1,1,1,1,2,5,1,1,2,1,4,3,2,10,3,7,31,14,1,1,42,12,6,13,11,8,34,13,6,2,1,0,Watch
2025-10-14,None,0,135,95,16,9,15,9,2,1,1,1,1,2,5,1,1,2,1,5,5,3,13,3,8,34,15,1,1,35,12,9,11,12,9,44,12,8,2,2,0,Watch
2025-10-15,None,0,135,104,14,4,13,7,2,1,1,1,1,2,5,1,1,2,1,4,4,3,10,3,7,32,14,1,1,43,12,7,10,10,7,34,15,9,3,0,0,Normal
2025-10-16,None,0,137,95,16,11,15,8,2,1,1,1,1,2,5,1,1,2,1,5,4,3,13,3,8,34,15,1,1,38,11,12,15,11,7,35,19,10,2,1,0,Watch
2025-10-17,None,0,110,89,11,4,6,5,2,1,1,1,1,2,4,1,1,1,1,3,2,2,7,2,5,26,12,1,1,38,11,7,7,10,5,26,11,8,2,1,0,Watch
2025-10-18,None,0,108,79,15,4,10,7,2,1,1,1,1,2,4,1,1,1,1,4,3,3,10,3,7,31,14,1,1,34,10,4,12,11,8,34,16,9,2,0,0,Normal
2025-10-19,Mass_Casualty,4,184,82,12,4,86,23,2,1,5,1,1,3,7,1,1,2,4,13,17,9,31,3,6,27,21,4,3,52,9,10,40,12,5,34,24,8,2,3,0,High
2025-10-20,None,0,126,97,14,5,10,7,2,1,1,1,1,2,5,1,1,2,1,4,3,3,10,3,7,31,14,1,1,39,11,6,12,11,7,29,12,9,2,2,0,Watch
2025-10-21,None,0,120,91,12,10,7,7,2,1,1,1,1,2,5,1,1,1,1,4,3,2,9,3,6,28,13,1,1,44,13,7,10,11,7,34,12,8,2,1,0,Watch
2025-10-22,None,0,150,107,15,6,22,10,2,1,2,1,1,2,6,1,1,2,1,6,6,3,14,3,7,34,16,2,1,43,13,5,16,11,6,37,14,11,2,2,0,Watch
2025-10-23,None,0,122,93,11,11,7,5,2,1,1,1,1,2,5,1,1,2,1,3,3,2,9,2,5,26,13,1,1,42,10,9,9,9,5,25,13,8,2,1,0,Watch
2025-10-24,None,0,131,91,19,5,16,9,2,1,1,1,1,2,5,1,1,2,1,5,5,3,13,4,9,38,17,2,1,39,8,8,12,12,10,50,21,9,3,1,0,Watch
2025-10-25,None,0,106,80,11,4,11,8,2,1,1,1,1,2,4,1,1,1,1,5,4,3,9,2,5,25,12,1,1,46,13,6,11,9,5,26,9,5,2,1,0,Watch
2025-10-26,None,0,111,76,13,9,13,6,2,1,1,1,1,2,4,1,1,1,1,4,4,2,11,3,6,28,13,1,1,45,11,8,12,12,7,33,13,11,2,0,0,Normal
2025-10-27,None,0,127,97,15,9,6,6,2,1,1,1,1,2,5,1,1,2,1,4,3,2,10,3,7,33,15,1,1,43,12,8,11,10,7,34,21,9,2,0,0,Normal
2025-10-28,None,0,133,92,20,12,9,8,2,1,1,1,1,2,5,1,1,2,1,5,4,3,13,4,9,40,17,1,1,40,7,8,13,12,7,42,19,9,2,1,0,Watch
2025-10-29,None,0,147,106,13,4,24,10,2,1,2,1,1,2,6,1,1,2,1,6,6,3,13,3,6,31,15,2,1,35,11,7,11,10,5,28,12,9,2,4,0,High
2025-10-30,None,0,122,86,17,11,8,7,2,1,1,1,1,2,5,1,1,2,1,4,3,3,12,4,8,35,16,1,1,37,10,8,15,13,7,37,17,11,3,1,0,Watch
2025-10-31,None,0,107,82,15,4,6,7,2,1,1,1,1,2,4,1,1,1,1,4,3,3,9,3,7,31,14,1,1,34,11,7,10,11,8,40,16,9,2,0,0,Normal
2025-11-01,None,0,109,76,15,6,12,7,2,1,1,1,1,2,4,1,1,1,1,4,4,3,11,3,7,31,14,1,1,41,12,6,12,11,6,37,12,11,1,2,0,Watch
2025-11-02,None,0,104,71,15,5,13,9,2,1,1,1,1,2,4,1,1,1,1,5,4,3,11,3,7,30,14,1,1,44,10,6,10,11,8,31,11,9,3,2,0,Watch
2025-11-03,None,0,126,95,18,6,7,6,2,1,1,1,1,2,5,1,1,2,1,4,3,3,10,4,9,37,16,1,1,41,13,7,11,13,8,45,17,8,2,1,0,Watch
2025-11-04,None,0,119,91,13,10,5,6,2,1,1,1,1,2,5,1,1,1,1,4,3,2,9,3,6,29,14,1,1,39,11,8,10,11,6,37,20,8,2,0,0,Normal
2025-11-05,None,0,134,104,13,5,12,7,2,1,1,1,1,2,5,1,1,2,1,4,4,3,10,3,6,30,14,1,1,43,9,8,13,12,6,32,15,9,2,0,0,Normal
2025-11-06,None,0,122,93,13,11,5,7,2,1,1,1,1,2,5,1,1,2,1,4,3,3,9,3,6,29,14,1,1,38,12,7,10,12,6,35,11,9,2,1,0,Watch
2025-11-07,None,0,113,87,15,5,6,6,2,1,1,1,1,2,5,1,1,1,1,4,3,2,9,3,7,32,15,1,1,48,8,8,8,12,8,44,13,8,2,2,0,Watch
2025-11-08,None,0,106,77,13,7,9,7,2,1,1,1,1,2,4,1,1,1,1,4,3,3,9,3,6,28,13,1,1,38,10,8,11,10,6,30,14,10,2,0,0,Normal
2025-11-09,None,0,120,79,15,7,19,11,2,1,2,1,1,2,5,1,1,1,1,7,6,3,13,3,7,31,15,2,1,41,8,6,12,11,8,34,21,8,2,1,0,Watch
2025-11-10,None,0,113,91,12,6,4,6,2,1,1,1,1,2,5,1,1,1,1,4,2,2,7,3,6,28,13,1,1,46,13,7,6,10,7,39,11,8,2,2,0,Watch
2025-11-11,None,0,138,95,15,10,18,9,2,1,1,1,1,2,5,1,1,2,1,5,5,3,14,3,7,32,15,2,1,40,10,8,14,11,7,41,12,10,2,1,0,Watch
2025-11-12,None,0,139,103,15,6,15,8,2,1,1,1,1,2,5,1,1,2,1,5,4,3,12,3,7,33,15,1,1,38,12,7,14,11,7,30,14,9,2,2,0,Watch
2025-11-13,None,0,120,89,13,10,8,7,2,1,1,1,1,2,5,1,1,1,1,4,3,3,10,3,6,29,14,1,1,45,11,8,10,10,6,38,12,12,1,1,0,Watch
2025-11-14,None,0,123,93,17,5,8,6,2,1,1,1,1,2,5,1,1,2,1,4,3,3,10,4,8,35,16,1,1,37,12,9,9,13,9,37,13,9,2,2,0,Watch
2025-11-15,None,0,111,80,16,5,10,7,2,1,1,1,1,2,4,1,1,1,1,4,3,3,10,3,8,32,14,1,1,41,13,7,12,11,7,44,11,10,2,2,0,Watch
2025-11-16,None,0,110,77,15,7,11,7,2,1,1,1,1,2,4,1,1,1,1,4,4,3,11,3,7,31,14,1,1,43,9,9,12,11,7,28,13,8,2,2,0,Watch
2025-11-17,None,0,120,93,16,4,7,7,2,1,1,1,1,2,5,1,1,1,1,4,3,3,9,3,8,34,15,1,1,51,12,8,10,11,9,39,21,7,2,0,0,Normal
2025-11-18,None,0,126,93,16,10,7,7,2,1,1,1,1,2,5,1,1,2,1,4,3,3,11,3,8,34,15,1,1,36,12,8,12,12,10,38,17,9,2,0,0,Normal
2025-11-19,None,0,136,101,15,6,14,7,2,1,1,1,1,2,5,1,1,2,1,4,4,3,11,3,7,33,15,1,1,35,12,6,13,10,7,35,16,10,2,0,0,Normal
2025-11-20,None,0,125,88,19,9,9,7,2,1,1,1,1,2,5,1,1,2,1,4,3,3,12,4,9,38,17,1,1,45,12,8,14,11,8,40,15,8,2,2,0,Watch
2025-11-21,None,0,109,87,8,5,9,6,2,1,1,1,1,2,4,1,1,1,1,4,3,2,7,2,4,21,10,1,1,44,9,8,8,10,4,23,9,12,2,1,0,Watch
2025-11-22,None,0,113,79,19,6,9,6,2,1,1,1,1,2,5,1,1,1,1,4,3,3,11,4,9,37,17,1,1,35,9,9,12,12,10,36,24,8,2,1,0,Watch
2025-11-23,None,0,107,76,15,5,11,7,2,1,1,1,1,2,4,1,1,1,1,4,4,3,10,3,7,31,14,1,1,37,12,6,12,11,5,31,20,11,2,1,0,Watch
2025-11-24,None,0,124,91,17,5,11,8,2,1,1,1,1,2,5,1,1,2,1,5,4,3,11,4,8,35,16,1,1,39,12,10,14,12,7,42,13,10,2,2,0,Watch
2025-11-25,None,0,126,97,14,10,5,7,2,1,1,1,1,2,5,1,1,2,1,4,3,3,9,3,7,31,14,1,1,42,11,8,11,12,8,34,17,7,2,0,0,Normal
2025-11-26,None,0,131,98,14,6,13,8,2,1,1,1,1,2,5,1,1,2,1,5,4,3,11,3,7,31,14,1,1,49,16,8,14,12,8,38,16,9,2,0,0,Normal
2025-11-27,None,0,125,95,12,11,7,7,2,1,1,1,1,2,5,1,1,2,1,4,3,2,10,3,6,28,13,1,1,45,12,8,10,11,8,28,14,8,2,0,0,Normal
2025-11-28,None,0,119,90,17,6,6,8,2,1,1,1,1,2,5,1,1,1,1,5,3,3,10,4,8,35,16,1,1,41,11,9,12,13,9,33,19,10,2,1,0,Watch
2025-11-29,None,0,119,79,19,9,12,7,2,1,1,1,1,2,5,1,1,1,1,4,4,3,13,4,9,37,17,1,1,45,11,10,16,12,7,48,20,9,2,1,0,Watch
2025-11-30,None,0,108,74,17,7,10,6,2,1,1,1,1,2,4,1,1,1,1,4,3,3,11,4,8,33,15,1,1,44,10,8,11,12,6,39,13,6,3,2,0,Watch
2025-12-01,None,0,125,95,16,6,8,6,2,1,1,1,1,2,5,1,1,2,1,4,3,2,10,3,8,34,15,1,1,38,13,9,12,10,7,35,12,9,2,2,0,Watch
2025-12-02,None,0,129,93,20,13,3,7,2,1,1,1,1,2,5,1,1,2,1,4,3,3,12,4,9,40,17,1,1,47,11,7,15,13,7,45,13,9,2,2,0,Watch
2025-12-03,None,0,138,101,16,7,14,8,2,1,1,1,1,2,5,1,1,2,1,5,4,3,12,3,8,35,15,1,1,39,9,7,10,12,8,39,17,10,2,1,0,Watch
2025-12-04,None,0,126,90,18,11,7,8,2,1,1,1,1,2,5,1,1,2,1,5,3,3,12,4,9,36,16,1,1,36,15,7,11,13,9,42,13,9,2,2,0,Watch
2025-12-05,None,0,117,88,19,6,4,6,2,1,1,1,1,2,5,1,1,1,1,4,2,3,10,4,9,38,17,1,1,48,13,7,10,13,8,49,21,8,2,1,0,Watch
2025-12-06,None,0,110,79,14,5,12,8,2,1,1,1,1,2,4,1,1,1,1,5,4,3,10,3,7,29,13,1,1,36,12,8,12,11,9,35,14,8,2,0,0,Normal
2025-12-07,None,0,112,78,19,6,9,7,2,1,1,1,1,2,4,1,1,1,1,4,3,3,11,4,9,37,16,1,1,30,10,8,9,12,8,41,14,8,2,3,0,High
2025-12-08,None,0,120,93,14,5,8,5,2,1,1,1,1,2,5,1,1,1,1,3,3,2,9,3,7,31,14,1,1,47,10,8,10,12,6,40,11,8,2,2,0,Watch
2025-12-09,None,0,133,98,17,12,6,7,2,1,1,1,1,2,5,1,1,2,1,4,3,3,11,4,8,36,16,1,1,46,13,7,10,13,7,36,17,10,2,2,0,Watch
2025-12-10,None,0,147,104,21,7,15,9,2,1,1,1,1,2,6,1,1,2,1,5,5,3,14,4,10,42,19,2,1,39,11,8,18,12,9,45,22,11,2,1,0,Watch
2025-12-11,None,0,120,86,16,11,7,7,2,1,1,1,1,2,5,1,1,1,1,4,3,3,11,3,8,33,15,1,1,41,13,9,14,12,8,39,18,8,1,0,0,Normal
2025-12-12,None,0,122,87,19,7,9,6,2,1,1,1,1,2,5,1,1,2,1,4,3,3,12,4,9,38,17,1,1,46,12,10,14,11,9,40,15,9,2,1,0,Watch
2025-12-13,None,0,118,82,18,8,10,6,2,1,1,1,1,2,5,1,1,1,1,4,3,3,12,4,9,36,16,1,1,38,9,8,11,11,12,39,16,7,2,1,0,Watch
2025-12-14,None,0,115,78,17,6,14,8,2,1,1,1,1,2,5,1,1,1,1,5,4,3,12,4,8,34,16,1,1,40,11,11,12,11,7,35,16,9,2,1,0,Watch
2025-12-15,None,0,129,100,16,7,6,7,2,1,1,1,1,2,5,1,1,2,1,4,3,3,10,3,8,34,15,1,1,52,13,8,10,11,6,39,18,9,2,1,0,Watch
2025-12-16,None,0,130,91,20,12,7,7,2,1,1,1,1,2,5,1,1,2,1,4,3,3,13,4,9,40,17,1,1,42,8,6,16,13,10,52,17,9,2,0,0,Normal
2025-12-17,None,0,139,105,16,5,13,8,2,1,1,1,1,2,5,1,1,2,1,5,4,3,11,3,8,35,15,1,1,46,11,8,11,11,8,38,20,10,2,0,0,Normal
2025-12-18,None,0,121,87,19,10,5,5,2,1,1,1,1,2,5,1,1,2,1,3,2,2,11,4,9,38,17,1,1,52,9,8,10,12,11,35,14,7,1,3,0,High
2025-12-19,None,0,117,86,19,7,5,7,2,1,1,1,1,2,5,1,1,1,1,4,3,3,10,4,9,38,17,1,1,40,10,9,8,12,10,50,19,9,2,1,0,Watch
2025-12-20,None,0,118,81,17,7,13,8,2,1,1,1,1,2,5,1,1,1,1,5,4,3,12,4,8,34,16,1,1,42,8,8,12,11,10,36,13,10,1,1,0,Watch
2025-12-21,None,0,112,76,19,7,10,7,2,1,1,1,1,2,4,1,1,1,1,4,3,3,12,4,9,37,16,1,1,45,9,7,15,13,10,33,18,10,2,1,0,Watch
2025-12-22,None,0,125,95,17,6,7,7,2,1,1,1,1,2,5,1,1,2,1,4,3,3,10,4,8,35,16,1,1,42,11,5,13,12,6,31,20,8,2,2,0,Watch
2025-12-23,None,0,128,88,22,10,8,7,2,1,1,1,1,2,5,1,1,2,1,4,3,3,13,4,10,42,18,1,1,40,10,9,11,13,10,54,25,11,2,1,0,Watch
2025-12-24,None,0,137,102,12,6,17,7,2,1,1,1,1,2,5,1,1,2,1,4,4,2,11,3,6,29,13,1,1,44,11,8,10,11,7,31,16,9,2,1,0,Watch
2025-12-25,None,0,124,90,15,11,8,7,2,1,1,1,1,2,5,1,1,2,1,4,3,3,11,3,7,32,15,1,1,40,13,8,9,10,8,34,19,8,2,1,0,Watch
2025-12-26,None,0,116,88,19,5,4,7,2,1,1,1,1,2,5,1,1,1,1,4,3,3,10,4,9,38,17,1,1,40,14,10,10,11,12,50,21,9,2,0,0,Normal
2025-12-27,None,0,112,78,15,6,13,8,2,1,1,1,1,2,4,1,1,1,1,5,4,3,11,3,7,31,14,1,1,33,13,10,13,11,6,32,18,9,2,1,0,Watch
2025-12-28,None,0,112,74,18,9,11,7,2,1,1,1,1,2,4,1,1,1,1,4,4,3,12,4,9,35,15,1,1,41,13,9,11,12,9,43,16,9,2,1,0,Watch
2025-12-29,None,0,127,97,16,7,7,7,2,1,1,1,1,2,5,1,1,2,1,4,3,3,10,3,8,34,15,1,1,44,11,9,9,11,8,42,20,12,2,1,0,Watch
2025-12-30,None,0,143,105,17,14,7,9,2,1,1,1,1,2,6,1,1,2,1,5,4,3,12,4,8,36,17,1,1,42,11,8,11,13,8,49,16,5,2,2,0,Watch
2025-12-31,None,0,130,101,9,7,13,8,2,1,1,1,1,2,5,1,1,2,1,5,4,3,9,2,5,24,12,1,1,49,9,10,10,10,6,31,10,9,2,1,0,Watch
